candidate,run,mode,fold,field_rms,frequency_error_pct
current_pca48_rbf,692,1,0,0.0008445425303534239,0.5496616514416015
current_pca48_rbf,692,2,0,0.0017470874091473172,2.138040842411719
current_pca48_rbf,692,3,0,0.0012600677530284629,0.0433794502886804
current_pca48_rbf,692,4,0,0.0026689835626932286,0.7494903083724436
current_pca48_rbf,692,5,0,0.006053949742857576,2.7446628525354906
current_pca48_rbf,692,6,0,0.006514755380871356,0.05304761263800414
current_pca48_rbf,692,7,0,0.00555684810972063,1.0770901002930329
current_pca48_rbf,692,8,0,0.004189961286664273,0.09165122205037149
current_pca48_rbf,692,9,0,0.011077872139853423,0.5175668469203657
current_pca48_rbf,818,1,0,0.0021520829616662146,2.37058003645034
current_pca48_rbf,818,4,0,0.002631319024000186,2.205020484413826
current_pca48_rbf,818,5,0,0.10146500652420527,1.6732534546690236
current_pca48_rbf,818,6,0,0.09786283075145284,3.521541870246629
current_pca48_rbf,818,9,0,0.006141729365405348,0.6587486994984952
current_pca48_rbf,818,10,0,0.00424240316241635,2.7813517750893526
current_pca48_rbf,1793,1,0,0.024430249301823914,4.1322410476930465
current_pca48_rbf,1793,2,0,0.03326675814967408,11.392304594706394
current_pca48_rbf,1793,3,0,0.021326020960522662,0.5534737812338439
current_pca48_rbf,1793,4,0,0.026479080960148615,6.167341560391751
current_pca48_rbf,1793,5,0,0.049332066210478434,17.496984357830783
current_pca48_rbf,1793,6,0,0.02089396199581479,1.3838326169913706
current_pca48_rbf,1793,7,0,0.03938345499791634,11.54250505881865
current_pca48_rbf,1793,8,0,0.020178652579026138,4.373887965228704
current_pca48_rbf,1793,9,0,0.05739693618007016,16.66750506979314
current_pca48_rbf,1793,10,0,0.024511287041345264,8.262930867393647
current_pca48_rbf,3144,1,0,0.010095940021578874,3.3685718212936213
current_pca48_rbf,3144,2,0,0.023111895651773483,7.829192008589457
current_pca48_rbf,3144,3,0,0.02232817182907096,4.603046009073187
current_pca48_rbf,3144,4,0,0.024363548357911755,6.555909881114254
current_pca48_rbf,3144,5,0,0.03153870278239599,10.462154622661778
current_pca48_rbf,3144,6,0,0.03442555067921407,6.121862555114409
current_pca48_rbf,3144,7,0,0.03301731658508216,9.035539943121856
current_pca48_rbf,3144,10,0,0.04009839281305889,10.4135039088984
current_pca48_rbf,3455,1,0,0.0022476354618787384,1.0952081120985953
current_pca48_rbf,3455,2,0,0.0025636111158106427,2.339253967404632
current_pca48_rbf,3455,3,0,0.0014001921049124895,0.8104547699245666
current_pca48_rbf,3455,4,0,0.002924616211753216,0.8881890854023373
current_pca48_rbf,3455,5,0,0.006923048791018358,2.7932678963117246
current_pca48_rbf,3455,6,0,0.007501037227195673,0.2729343471495074
current_pca48_rbf,3455,7,0,0.004935298007005485,0.8364876181628602
current_pca48_rbf,3455,8,0,0.006273592253218458,0.18337640252038437
current_pca48_rbf,3455,9,0,0.011379215046653854,0.7467042373721631
current_pca48_rbf,4067,1,0,0.0059124155152172125,1.8407621648913215
current_pca48_rbf,4067,2,0,0.01261231735268863,1.861968574158844
current_pca48_rbf,4067,3,0,0.007248963577176307,1.310174316602424
current_pca48_rbf,4067,4,0,0.008931104122207,1.83419608326806
current_pca48_rbf,4067,5,0,0.02534446796078005,1.86696346006505
current_pca48_rbf,4067,6,0,0.019887584955520485,0.02965461344903873
current_pca48_rbf,4067,7,0,0.017799387774812953,0.5493120250880473
current_pca48_rbf,4067,8,0,0.05304804136001213,1.694284870265753
current_pca48_rbf,4067,9,0,0.03537171629208998,2.177917676305044
current_pca48_rbf,4067,10,0,0.033221203753956374,0.6094576210333518
current_pca48_rbf,4365,1,0,0.00343891868807133,0.5935716349023147
current_pca48_rbf,4365,2,0,0.00586666134898369,0.21017238411792577
current_pca48_rbf,4365,3,0,0.004500429900571705,0.708504610559446
current_pca48_rbf,4365,4,0,0.005669768303978133,0.6516623449797216
current_pca48_rbf,4365,5,0,0.00811961524569746,0.14547885819069126
current_pca48_rbf,4365,6,0,0.00924096312058713,0.21208609054917504
current_pca48_rbf,4365,7,0,0.007742454223562262,1.7739302341604386
current_pca48_rbf,4367,1,0,0.0004084166985440809,1.223490907923187
current_pca48_rbf,4367,2,0,0.0015071190278555012,0.20179718539016606
current_pca48_rbf,4367,3,0,0.0016179678463193658,0.14633318190065142
current_pca48_rbf,4367,4,0,0.0017232525166884932,1.2379875633204598
current_pca48_rbf,4367,5,0,0.039070969002027715,0.24871741612649229
current_pca48_rbf,4367,6,0,0.02419832384133892,1.5728110210185524
current_pca48_rbf,4367,7,0,0.004091739225737384,1.2065155267515837
current_pca48_rbf,4367,10,0,0.007252030031387553,2.6728835301555574
current_pca48_rbf,6667,1,0,0.000573148750753326,2.0683386391683367
current_pca48_rbf,6667,2,0,0.0026252943846046474,2.197648491894299
current_pca48_rbf,6667,3,0,0.0013373998826459385,0.8013828684360921
current_pca48_rbf,6667,4,0,0.0018970440724052806,2.2900918831025416
current_pca48_rbf,6667,5,0,0.00844424448358739,2.451802079127656
current_pca48_rbf,6667,6,0,0.007910046934686292,2.4011445585480917
current_pca48_rbf,6667,7,0,0.008215977142327616,3.8642907301007163
current_pca48_rbf,6667,8,0,0.011818734418308727,2.17842444511243
current_pca48_rbf,6667,9,0,0.01627646050885531,0.29138884648292057
current_pca48_rbf,6667,10,0,0.011011809972574048,1.725868012982309
current_pca48_rbf,6999,1,0,0.007061875735832116,2.1534324060035
current_pca48_rbf,6999,2,0,0.015242773102365303,2.2967161316925924
current_pca48_rbf,6999,3,0,0.010472400782628821,0.3848062520801489
current_pca48_rbf,6999,4,0,0.018119584055738002,3.169217584640504
current_pca48_rbf,6999,5,0,0.02770060326921912,2.2613257222235026
current_pca48_rbf,6999,6,0,0.021924357424066034,0.4788747193840949
current_pca48_rbf,6999,7,0,0.02833156315683258,4.789374854786324
current_pca48_rbf,6999,8,0,0.022644610913845693,3.0016368931335444
current_pca48_rbf,6999,9,0,0.03520882524032105,4.900842104709082
current_pca48_rbf,6999,10,0,0.0327171677650215,3.577121216547748
current_pca48_rbf,7267,1,0,0.002247453637177958,0.9868532945858672
current_pca48_rbf,7267,2,0,0.0047691933398705325,0.39624163470814083
current_pca48_rbf,7267,3,0,0.004519037515768325,1.274034648462281
current_pca48_rbf,7267,4,0,0.00695696073241666,0.8331556700257904
current_pca48_rbf,7267,5,0,0.012745420554981035,0.5296716401577399
current_pca48_rbf,7267,8,0,0.029006883668607118,1.5661872249847244
current_pca48_rbf,7267,9,0,0.03082917265839009,2.0326716168165206
current_pca48_rbf,7267,10,0,0.021584467914474364,1.7384376121822687
current_pca48_rbf,9828,1,0,0.0010094132921422184,1.3964306119152494
current_pca48_rbf,9828,2,0,0.0021774817294236345,1.7678492403877528
current_pca48_rbf,9828,3,0,0.0013145151838041581,1.8800065843273457
current_pca48_rbf,9828,4,0,0.001993462241856762,1.5345758505803784
current_pca48_rbf,9828,5,0,0.04400424379992581,1.614151503053771
current_pca48_rbf,9828,6,0,0.0320758237550665,1.7606972175140625
current_pca48_rbf,9828,7,0,0.002327766204926968,1.1103375864445806
current_pca48_rbf,9828,8,0,0.0065771760612510334,0.4865468816390877
current_pca48_rbf,9828,9,0,0.0050440636219375974,0.579020180578139
current_pca48_rbf,9828,10,0,0.014096334793735954,2.719783285448181
current_pca48_rbf,871,1,1,0.02192547944938524,3.454861557843447
current_pca48_rbf,871,2,1,0.02970350041249387,8.639612966987773
current_pca48_rbf,871,3,1,0.023157968736338196,3.0637965676055683
current_pca48_rbf,871,4,1,0.027227216726529356,6.061171240103678
current_pca48_rbf,871,5,1,0.037714956650337805,13.32447778833555
current_pca48_rbf,871,6,1,0.01507620792906588,3.87075672553783
current_pca48_rbf,871,7,1,0.031441449585936615,9.516038388834954
current_pca48_rbf,871,8,1,0.021598009856216654,2.8177973197978394
current_pca48_rbf,871,9,1,0.037994094350145835,3.8274218758878114
current_pca48_rbf,2304,1,1,0.01850519834947234,4.988872189684246
current_pca48_rbf,2304,2,1,0.025700596824944577,12.978155849922645
current_pca48_rbf,2304,3,1,0.01737824159163258,2.6191083009166953
current_pca48_rbf,2304,4,1,0.022140907406158577,6.711743258222985
current_pca48_rbf,2304,5,1,0.035343397105972285,19.120762257633068
current_pca48_rbf,2304,6,1,0.026244743543061336,2.730020560667242
current_pca48_rbf,2304,7,1,0.029600117250111427,10.781869342494037
current_pca48_rbf,2304,8,1,0.022942533982320778,4.232059937407624
current_pca48_rbf,2304,9,1,0.03691270550013295,23.27944463447129
current_pca48_rbf,2304,10,1,0.022492357207725727,6.9889254060794785
current_pca48_rbf,2776,1,1,0.0011198190780203935,2.1629537569149577
current_pca48_rbf,2776,2,1,0.0017491842237542933,1.7840494183960263
current_pca48_rbf,2776,3,1,0.0031473827629478614,2.779883012060629
current_pca48_rbf,2776,4,1,0.002706992722681564,2.6628275155152745
current_pca48_rbf,2776,5,1,0.004401873031249208,1.1740878867917695
current_pca48_rbf,2776,7,1,0.005404009688076712,1.5968053218074767
current_pca48_rbf,2776,8,1,0.010940611857811162,0.4037303893465549
current_pca48_rbf,2776,9,1,0.018249816761870295,4.810635645309327
current_pca48_rbf,2776,10,1,0.018389367540473253,2.73855288850505
current_pca48_rbf,3283,1,1,0.0020971087097649125,1.6615155845394076
current_pca48_rbf,3283,4,1,0.004560118920786858,1.1940858072912002
current_pca48_rbf,3283,10,1,0.025908352078216894,3.1794768650913
current_pca48_rbf,3565,1,1,0.0006685509281444033,1.3514891449780013
current_pca48_rbf,3565,2,1,0.0011584349608425514,0.8857857999158336
current_pca48_rbf,3565,3,1,0.000920457586802202,2.025799117969602
current_pca48_rbf,3565,4,1,0.002269609198125774,1.9180518680955683
current_pca48_rbf,3565,5,1,0.03238231793447716,1.2879247634329014
current_pca48_rbf,3565,6,1,0.01985275581046501,2.2785526982453614
current_pca48_rbf,3565,7,1,0.007887380145540612,1.956376774097079
current_pca48_rbf,3565,8,1,0.03751636444226602,1.8686330282218706
current_pca48_rbf,3565,9,1,0.021242620229619116,0.681588335051636
current_pca48_rbf,3565,10,1,0.023013240553149336,2.591158476421975
current_pca48_rbf,3964,1,1,0.0013016788489938701,0.3958348740308104
current_pca48_rbf,3964,2,1,0.002058208146922873,0.6075321083867187
current_pca48_rbf,3964,3,1,0.0017653281819474149,0.6114875624585265
current_pca48_rbf,3964,4,1,0.0029922124106704353,0.3609293705076679
current_pca48_rbf,3964,5,1,0.0962611834579016,0.11639360151590987
current_pca48_rbf,3964,6,1,0.02111686157076144,1.5086116930719478
current_pca48_rbf,3964,7,1,0.011613700188081744,0.7049666992271528
current_pca48_rbf,3964,8,1,0.01297628389899678,0.6453687868350488
current_pca48_rbf,3964,9,1,0.013128328907256518,3.9784376066316227
current_pca48_rbf,3964,10,1,0.020227662203965588,0.5549969912989037
current_pca48_rbf,4919,1,1,0.0011081866880082321,0.8504864342647379
current_pca48_rbf,4919,2,1,0.0020467286504622633,0.5075880697427528
current_pca48_rbf,4919,3,1,0.004058002737753121,0.9421207547725718
current_pca48_rbf,4919,4,1,0.004475952964506494,0.5550939043778085
current_pca48_rbf,4919,5,1,0.032807626867468596,0.9316449229699119
current_pca48_rbf,4919,6,1,0.025546526439667348,1.6568168998933526
current_pca48_rbf,4919,7,1,0.007880689490713877,0.13787399152450225
current_pca48_rbf,4919,8,1,0.014032135496203158,2.720501394142011
current_pca48_rbf,4919,9,1,0.01621450029724,4.466613456059376
current_pca48_rbf,5674,1,1,0.0036917955375571666,1.3036409317745075
current_pca48_rbf,5674,2,1,0.002618407151117575,2.3311905649703553
current_pca48_rbf,5674,3,1,0.004451244839804335,0.30191665898228115
current_pca48_rbf,5674,4,1,0.005434158030944955,1.6431425236809687
current_pca48_rbf,5674,5,1,0.028341308346287248,2.8906280782636133
current_pca48_rbf,5674,6,1,0.019807616004181374,0.7322213093732558
current_pca48_rbf,5674,7,1,0.01200668204745307,1.9088949424921482
current_pca48_rbf,5674,8,1,0.016575951220823767,1.9530041053024179
current_pca48_rbf,5674,9,1,0.02093211055813315,0.4472155687515331
current_pca48_rbf,5674,10,1,0.019534746186225957,1.0407153042981605
current_pca48_rbf,6065,1,1,0.0010808599072201738,0.05351381663184625
current_pca48_rbf,6065,2,1,0.00211511710458308,0.5708376445188227
current_pca48_rbf,6065,3,1,0.002916709039380858,0.592003091875253
current_pca48_rbf,6065,4,1,0.002450266789367755,0.04840001910432353
current_pca48_rbf,6065,5,1,0.008041602989713728,0.557248243500086
current_pca48_rbf,6065,6,1,0.01013201707898105,0.039626344707900225
current_pca48_rbf,6065,7,1,0.0032261019576910934,0.4259350873603297
current_pca48_rbf,6065,8,1,0.010276163962283666,0.07109377016440108
current_pca48_rbf,6065,9,1,0.010359960250904443,1.9708764600439546
current_pca48_rbf,8110,1,1,0.00194263598131294,1.512702770263865
current_pca48_rbf,8110,2,1,0.003962264603872897,2.840505845962312
current_pca48_rbf,8110,3,1,0.002733964708110285,0.07149776564679017
current_pca48_rbf,8110,4,1,0.005744521171585623,0.9199229459292785
current_pca48_rbf,8110,5,1,0.00703798491132071,3.3146995402645705
current_pca48_rbf,8110,6,1,0.0076790922757115024,0.26294257973967733
current_pca48_rbf,8110,7,1,0.008926521182638557,2.121211790224542
current_pca48_rbf,8110,8,1,0.025181265798818048,2.847151170683406
current_pca48_rbf,8110,9,1,0.014459539086254195,9.875766428795698
current_pca48_rbf,9167,1,1,0.005545993981361551,3.7648825103187784
current_pca48_rbf,9167,2,1,0.007984224845843754,4.202798104670302
current_pca48_rbf,9167,3,1,0.005298465152525792,4.018446512540373
current_pca48_rbf,9167,4,1,0.008447133006940291,3.9840564185305953
current_pca48_rbf,9167,5,1,0.013921781382890245,4.660611245218624
current_pca48_rbf,9167,6,1,0.06521264027067539,2.8959883822884036
current_pca48_rbf,9167,7,1,0.00851716991924638,5.087414221043953
current_pca48_rbf,9167,8,1,0.021906636872961092,1.1056981574025595
current_pca48_rbf,9167,9,1,0.025130733053541614,11.991668702329312
current_pca48_rbf,9183,1,1,0.0012522177832378757,2.0986153231302147
current_pca48_rbf,9183,2,1,0.001999410358572785,2.21991488315652
current_pca48_rbf,9183,3,1,0.0017998605751148545,2.929341550453928
current_pca48_rbf,9183,4,1,0.003734389100110493,2.0508360805046384
current_pca48_rbf,9183,5,1,0.01248597422875259,1.8545803598118948
current_pca48_rbf,9183,6,1,0.049818322803305747,2.7949910753130696
current_pca48_rbf,9183,7,1,0.01107383964312217,2.0498492074972536
current_pca48_rbf,9183,8,1,0.007525256479211455,2.150821339664045
current_pca48_rbf,9183,9,1,0.010512538014312671,3.4431946741381303
current_pca48_rbf,970,1,2,0.00711558450517295,0.7971805618992224
current_pca48_rbf,970,2,2,0.008647360004813797,0.1376653787584662
current_pca48_rbf,970,3,2,0.005807224871624285,1.9362673103349464
current_pca48_rbf,970,4,2,0.01106252764590974,1.1247287098409509
current_pca48_rbf,970,5,2,0.020098089773398064,4.073344628309938
current_pca48_rbf,970,6,2,0.0175998598551719,0.5110234505760639
current_pca48_rbf,970,7,2,0.010958932178856082,1.1880636789750634
current_pca48_rbf,970,8,2,0.010583409278641641,0.4576646685641599
current_pca48_rbf,970,9,2,0.019513998122688545,2.3864440825171878
current_pca48_rbf,970,10,2,0.008204162824778483,0.4091481664288529
current_pca48_rbf,1063,1,2,0.00612634332398711,4.1609839827496895
current_pca48_rbf,1063,2,2,0.009678124110083976,9.202127736226096
current_pca48_rbf,1063,3,2,0.006968761723851772,2.720651748424
current_pca48_rbf,1063,4,2,0.009572524354224817,6.7116123758395325
current_pca48_rbf,1063,5,2,0.008251111219318609,5.0072537253004015
current_pca48_rbf,1063,6,2,0.007574541633386175,1.6436583404698901
current_pca48_rbf,1063,7,2,0.009325445927939368,10.106349750368897
current_pca48_rbf,1063,8,2,0.00954765422606558,4.038671080122561
current_pca48_rbf,1063,9,2,0.022681350626008512,2.7122990014112665
current_pca48_rbf,1063,10,2,0.017626108068226044,8.638645839556034
current_pca48_rbf,1356,1,2,0.007034375087737981,1.0612172175389343
current_pca48_rbf,1356,2,2,0.009363578224606608,1.6949105483846736
current_pca48_rbf,1356,3,2,0.006242403830428503,0.8396814981418159
current_pca48_rbf,1356,4,2,0.010209513835715734,1.820506737461905
current_pca48_rbf,1356,5,2,0.016520858533947483,2.9279411227068746
current_pca48_rbf,1356,6,2,0.007774326109995221,3.280167730349235
current_pca48_rbf,1356,7,2,0.010198179375460048,1.2808802389581844
current_pca48_rbf,1356,8,2,0.011300662427719486,0.542002592923843
current_pca48_rbf,1356,9,2,0.020342383353337597,4.312640586483911
current_pca48_rbf,2612,1,2,0.005272197102400836,2.1689100708754876
current_pca48_rbf,2612,4,2,0.014132701705855658,2.4507733657745505
current_pca48_rbf,2612,5,2,0.0490630899503522,2.8819841657493463
current_pca48_rbf,2612,6,2,0.048694505337106904,2.0946948142860324
current_pca48_rbf,2612,7,2,0.018248691621057463,3.6078945602031327
current_pca48_rbf,2612,8,2,0.03274660215170796,2.4139710730310253
current_pca48_rbf,2612,9,2,0.03556211516840848,3.667456247239447
current_pca48_rbf,2612,10,2,0.030018927606854436,0.31562780422941894
current_pca48_rbf,2889,1,2,0.0048643848772534325,1.6514863787630731
current_pca48_rbf,2889,2,2,0.00573200662565901,1.091701133425807
current_pca48_rbf,2889,3,2,0.0043305792533877355,1.265926868412114
current_pca48_rbf,2889,4,2,0.007557585723350566,1.1058666288105425
current_pca48_rbf,2889,5,2,0.008058924198667633,4.97073869677993
current_pca48_rbf,2889,8,2,0.022049315344448726,1.4101532083506378
current_pca48_rbf,2889,9,2,0.02716886498881404,0.7214211032319519
current_pca48_rbf,2889,10,2,0.02008552423328045,1.332726654767422
current_pca48_rbf,3927,1,2,0.002856347071834805,1.5520456821720874
current_pca48_rbf,3927,2,2,0.003807079138289323,4.504943865212701
current_pca48_rbf,3927,3,2,0.00213410881105589,0.010121871075869565
current_pca48_rbf,3927,4,2,0.0014486280263246972,2.971792889612089
current_pca48_rbf,3927,5,2,0.009292635913418903,0.9893475995950701
current_pca48_rbf,3927,6,2,0.036434712699386265,0.7473857761751134
current_pca48_rbf,3927,7,2,0.0046916210138239125,5.515321022247832
current_pca48_rbf,3927,8,2,0.03526824818479193,1.325258224388814
current_pca48_rbf,3927,9,2,0.05973899478389567,3.089338833171942
current_pca48_rbf,3927,10,2,0.06894333624304158,1.1254641500170448
current_pca48_rbf,4391,1,2,0.0008480776486461453,0.22173593034091563
current_pca48_rbf,4391,4,2,0.0016488083393985434,0.31435174813417704
current_pca48_rbf,4391,5,2,0.041619484969558404,1.8955755229057545
current_pca48_rbf,4391,6,2,0.03021063061265642,0.34780260133931207
current_pca48_rbf,4391,9,2,0.01233632342648922,0.07339092645864206
current_pca48_rbf,4391,10,2,0.0083367681407255,0.053806502115852195
current_pca48_rbf,5683,1,2,0.00041111438310035257,3.5327935997775723
current_pca48_rbf,5683,2,2,0.0009313871348026032,5.980518428354117
current_pca48_rbf,5683,3,2,0.0008967574172306952,2.231982940973611
current_pca48_rbf,5683,4,2,0.0008768744014596671,3.4135129966797058
current_pca48_rbf,5683,5,2,0.006962485900294267,2.6711813489679384
current_pca48_rbf,5683,6,2,0.01637988612134714,1.5642513182146944
current_pca48_rbf,5683,8,2,0.011965620038450536,1.809993640169748
current_pca48_rbf,5683,10,2,0.014089718528653256,1.383214983085358
current_pca48_rbf,6742,1,2,0.003858353567054068,0.01995372352182083
current_pca48_rbf,6742,2,2,0.012832693854356784,0.8305813192401049
current_pca48_rbf,6742,3,2,0.01023419087589657,1.8288328766637993
current_pca48_rbf,6742,4,2,0.015552726070265033,0.5619268643495099
current_pca48_rbf,6742,5,2,0.018502650554124464,0.16610619201594756
current_pca48_rbf,6742,6,2,0.012642949306875522,1.763717629861483
current_pca48_rbf,6742,7,2,0.0197829666598277,0.1579790462878497
current_pca48_rbf,6742,8,2,0.02313940011395118,1.3842590518884794
current_pca48_rbf,6742,9,2,0.024339820830969073,1.0833395994816426
current_pca48_rbf,6742,10,2,0.02738080550363522,7.278548624856307
current_pca48_rbf,8792,1,2,0.00893330962132415,3.351892517690258
current_pca48_rbf,8792,2,2,0.011859712524869493,7.660414372420292
current_pca48_rbf,8792,3,2,0.00810085564523358,1.6403948375932087
current_pca48_rbf,8792,4,2,0.011470956221304158,3.7302653496535094
current_pca48_rbf,8792,5,2,0.004139512326741916,10.496663396880193
current_pca48_rbf,8792,6,2,0.008802397892492177,1.821600246175725
current_pca48_rbf,8792,7,2,0.00995955552548254,6.024824565316802
current_pca48_rbf,8792,8,2,0.018402894465251774,1.9349434070174631
current_pca48_rbf,8792,9,2,0.035811338143001324,3.5329007389988414
current_pca48_rbf,8792,10,2,0.011871791805189656,3.6708884654938494
current_pca48_rbf,9436,1,2,0.0009283426583397604,0.35399041382650726
current_pca48_rbf,9436,2,2,0.0014047611080217303,0.6503411865068516
current_pca48_rbf,9436,3,2,0.0017386013438500983,0.3664224914894972
current_pca48_rbf,9436,4,2,0.001398097609251371,0.6783496042887969
current_pca48_rbf,9436,5,2,0.11507870003355682,1.1097443803006621
current_pca48_rbf,9436,6,2,0.10431463969218778,1.1418109744081806
current_pca48_rbf,9436,7,2,0.005458362209406321,0.22774203334043408
current_pca48_rbf,9436,8,2,0.009423959839565645,0.9762993210466806
current_pca48_rbf,9436,9,2,0.003121277935613849,0.7746805988941463
current_pca48_rbf,9436,10,2,0.0075749657612321705,0.238454441108072
current_pca48_rbf,9627,1,2,0.00876524325039237,1.0242133706794236
current_pca48_rbf,9627,2,2,0.00790789058461658,0.4229099841606796
current_pca48_rbf,9627,3,2,0.004392453166180216,0.9501653455929451
current_pca48_rbf,9627,4,2,0.00953741444470053,0.10452443122357043
current_pca48_rbf,9627,5,2,0.020058221884438024,5.004446917369765
current_pca48_rbf,9627,6,2,0.012857469899479891,0.5935650648675582
current_pca48_rbf,9627,7,2,0.009852051573256445,1.033963496975423
current_pca48_rbf,9627,8,2,0.016896023635423196,1.2026097857718494
current_pca48_rbf,9627,9,2,0.022382971305608932,0.18218817729412679
current_pca48_rbf,9627,10,2,0.021477895579564477,3.3271955341182893
current_pca48_rbf,1039,1,3,0.005484630591924063,1.2531458637957937
current_pca48_rbf,1039,2,3,0.011280848053684827,2.466392561964657
current_pca48_rbf,1039,3,3,0.009739379502082982,0.12200707831904874
current_pca48_rbf,1039,4,3,0.010541306580167168,1.7742544282938373
current_pca48_rbf,1039,5,3,0.02535860733197162,4.690546349841283
current_pca48_rbf,1039,6,3,0.017841508252920888,0.31185397626148864
current_pca48_rbf,1039,7,3,0.017375585758717157,3.1206805889106133
current_pca48_rbf,1039,8,3,0.02520640947129032,1.9680452029487476
current_pca48_rbf,1039,9,3,0.029412160925452246,4.654557578032283
current_pca48_rbf,1062,1,3,0.0011295673879374924,0.4543569291199559
current_pca48_rbf,1062,2,3,0.005662450466672249,4.066225761323246
current_pca48_rbf,1062,3,3,0.004817801520449571,1.9608256305656098
current_pca48_rbf,1062,4,3,0.003956494601944597,1.5949219602589484
current_pca48_rbf,1062,5,3,0.029430159241030256,1.4763009015232096
current_pca48_rbf,1062,6,3,0.0258771230855607,3.4301919156583964
current_pca48_rbf,1062,7,3,0.003475390892926529,2.8498905264179997
current_pca48_rbf,1062,8,3,0.010028466399853084,2.4245994731751908
current_pca48_rbf,1062,9,3,0.009824356438876497,0.883653998120958
current_pca48_rbf,1062,10,3,0.012689237146737017,1.3336753599121758
current_pca48_rbf,2892,1,3,0.0018665687313302623,0.8757817402424377
current_pca48_rbf,2892,2,3,0.0022481781663458208,4.493173584489217
current_pca48_rbf,2892,3,3,0.002043120912245353,1.4880251529962858
current_pca48_rbf,2892,4,3,0.002740594072534483,1.7385542783455301
current_pca48_rbf,2892,5,3,0.006273676501376341,3.3619640030814115
current_pca48_rbf,2892,6,3,0.005560849769874673,0.4533297116516974
current_pca48_rbf,2892,7,3,0.0028739789352692684,3.7078588502423355
current_pca48_rbf,2892,8,3,0.010590285255926129,1.039485867957156
current_pca48_rbf,2892,9,3,0.007222266307890241,1.5130511238716648
current_pca48_rbf,2892,10,3,0.007604284722003184,3.547939325417618
current_pca48_rbf,3261,1,3,0.0006662574856477245,1.9172165047008987
current_pca48_rbf,3261,2,3,0.0032906496795901724,3.630471460292449
current_pca48_rbf,3261,3,3,0.002268323090206843,1.1317281924569276
current_pca48_rbf,3261,4,3,0.0031745937397770303,2.0499082214378186
current_pca48_rbf,3261,5,3,0.00744034920886795,2.0417131489020646
current_pca48_rbf,3261,6,3,0.010789695415017437,2.145425493916118
current_pca48_rbf,3261,7,3,0.009920976561472967,1.0555307091014419
current_pca48_rbf,3261,8,3,0.016218702556347293,2.503574737382484
current_pca48_rbf,3261,9,3,0.021787216640520687,0.05814311853176651
current_pca48_rbf,3721,1,3,0.009430981914152025,2.4257058977267576
current_pca48_rbf,3721,2,3,0.016280869954485126,4.763836459994386
current_pca48_rbf,3721,3,3,0.014726297335518376,2.423621063113469
current_pca48_rbf,3721,4,3,0.017269129143054,3.818794011585664
current_pca48_rbf,3721,5,3,0.027215639939467,7.295325409141896
current_pca48_rbf,3721,6,3,0.020506549903039167,1.1374015967244606
current_pca48_rbf,3721,7,3,0.027823796517912287,4.086283290914775
current_pca48_rbf,3721,8,3,0.05359590973589471,2.898877076862432
current_pca48_rbf,3721,9,3,0.05882272371005386,8.442025569907596
current_pca48_rbf,3721,10,3,0.02576358434152828,7.593505589281619
current_pca48_rbf,4387,1,3,0.0009249726704572676,2.8188828068298752
current_pca48_rbf,4387,2,3,0.001148633147522868,4.302080751253653
current_pca48_rbf,4387,3,3,0.0024570536201902375,2.116104447090688
current_pca48_rbf,4387,4,3,0.0017344300115235145,3.7557110106612424
current_pca48_rbf,4387,5,3,0.0039306525953148146,3.6121217116313837
current_pca48_rbf,4387,6,3,0.009691554246528488,3.0434239153202567
current_pca48_rbf,4387,7,3,0.00828710013279118,2.8960951260231864
current_pca48_rbf,4387,8,3,0.009055995621178944,3.0628313279111534
current_pca48_rbf,4387,9,3,0.003779971371467339,2.630584841760303
current_pca48_rbf,4387,10,3,0.011043218569959953,3.578699602216556
current_pca48_rbf,4588,1,3,0.0009535571823401938,1.5119359654787923
current_pca48_rbf,4588,2,3,0.004133460093415268,2.3576561697553964
current_pca48_rbf,4588,3,3,0.003466627955324323,2.4849761056995474
current_pca48_rbf,4588,4,3,0.002520449258643491,0.7477373186509622
current_pca48_rbf,4588,5,3,0.01403868489537566,0.7653689909220744
current_pca48_rbf,4588,6,3,0.010354792074423315,2.9314038408214445
current_pca48_rbf,4588,7,3,0.01087409673701512,0.23383824680368973
current_pca48_rbf,4588,8,3,0.012999329092199318,1.7260814085016793
current_pca48_rbf,4723,1,3,0.0005234557963123457,1.6027027621928667
current_pca48_rbf,4723,2,3,0.0010926231330404752,0.3363630249330724
current_pca48_rbf,4723,3,3,0.0005201382164577404,0.8200495395819027
current_pca48_rbf,4723,4,3,0.0011084939071090596,1.3460666139706379
current_pca48_rbf,4723,5,3,0.004121295612108899,0.6438199512824471
current_pca48_rbf,4723,6,3,0.010449692343246398,0.5311401350205086
current_pca48_rbf,4723,7,3,0.008316889579112563,1.6465561262459998
current_pca48_rbf,4723,8,3,0.05173800405765584,1.2629601114894984
current_pca48_rbf,4723,9,3,0.06231572789605696,1.069991764534128
current_pca48_rbf,7846,1,3,0.003796503500441592,3.75961351604805
current_pca48_rbf,7846,2,3,0.005754163588286743,6.414897400460889
current_pca48_rbf,7846,3,3,0.0058343804951566484,3.824448206192697
current_pca48_rbf,7846,4,3,0.005474374017042359,3.901409827248762
current_pca48_rbf,7846,5,3,0.00575515298469161,4.397870051809421
current_pca48_rbf,7846,7,3,0.0028531749444486356,4.351887087515448
current_pca48_rbf,7846,8,3,0.020907562333800242,4.637470988980777
current_pca48_rbf,7846,10,3,0.020227774686367873,1.450957903632155
current_pca48_rbf,7876,1,3,0.008965299501736296,1.8600545007694442
current_pca48_rbf,7876,2,3,0.008091592302334707,4.359383336670165
current_pca48_rbf,7876,3,3,0.00439894740247001,1.816221524763512
current_pca48_rbf,7876,4,3,0.006618662350559326,3.284726238898181
current_pca48_rbf,7876,5,3,0.005694606694302425,10.287106904993724
current_pca48_rbf,7876,6,3,0.012728345981950825,3.566402495116742
current_pca48_rbf,7876,7,3,0.010331587611136589,7.577318923587563
current_pca48_rbf,7876,8,3,0.0377870046643957,3.1116322590381733
current_pca48_rbf,7876,9,3,0.018138264404240708,15.919733630077351
current_pca48_rbf,7876,10,3,0.020323546887302715,1.3189394445274687
current_pca48_rbf,8705,1,3,0.0010113212376462112,3.188649162318928
current_pca48_rbf,8705,2,3,0.002139390422289219,1.2203506171655778
current_pca48_rbf,8705,3,3,0.0018414813918336856,6.075341932264521
current_pca48_rbf,8705,4,3,0.002713314222641369,2.684943728013556
current_pca48_rbf,8705,5,3,0.18948907601187362,0.796696225888965
current_pca48_rbf,8705,6,3,0.17310782499934946,6.134346822021127
current_pca48_rbf,8705,9,3,0.008944819163871133,1.0338980321217432
current_pca48_rbf,8705,10,3,0.010438827367398415,2.0814773248986413
current_pca48_rbf,9064,1,3,0.0007203661148890931,2.3799272533491584
current_pca48_rbf,9064,2,3,0.001559891476278562,3.041183831863505
current_pca48_rbf,9064,3,3,0.0008114513021212867,1.7208319123191482
current_pca48_rbf,9064,4,3,0.0009145528108791017,2.9632023073295763
current_pca48_rbf,9064,5,3,0.036160112775878696,2.569380103331844
current_pca48_rbf,9064,6,3,0.027481626917599977,2.238726743028819
current_pca48_rbf,9064,7,3,0.006348025395127614,2.1958598716146773
current_pca48_rbf,9064,8,3,0.009084102474603626,0.9999184118348049
current_pca48_rbf,9064,9,3,0.005830594678432094,0.7369742693229078
current_pca48_rbf,9064,10,3,0.009540977501161485,1.0861869585946602
output_pca_rbf,692,1,0,0.0008345019374731028,0.5496616514416015
output_pca_rbf,692,2,0,0.0017002638504023688,2.138040842411719
output_pca_rbf,692,3,0,0.000930648707709264,0.0433794502886804
output_pca_rbf,692,4,0,0.0021772609583062133,0.7494903083724436
output_pca_rbf,692,5,0,0.006309388016604138,2.7446628525354906
output_pca_rbf,692,6,0,0.006602042573751283,0.05304761263800414
output_pca_rbf,692,7,0,0.005121839159510061,1.0770901002930329
output_pca_rbf,692,8,0,0.00454556102431731,0.09165122205037149
output_pca_rbf,692,9,0,0.018882783018280006,0.5175668469203657
output_pca_rbf,818,1,0,0.001968982438315692,2.37058003645034
output_pca_rbf,818,4,0,0.0033695816364865956,2.205020484413826
output_pca_rbf,818,5,0,0.10030956241155582,1.6732534546690236
output_pca_rbf,818,6,0,0.09561056591352945,3.521541870246629
output_pca_rbf,818,9,0,0.02386349666534895,0.6587486994984952
output_pca_rbf,818,10,0,0.00469157237896352,2.7813517750893526
output_pca_rbf,1793,1,0,0.025634517472931207,4.1322410476930465
output_pca_rbf,1793,2,0,0.03442696655829681,11.392304594706394
output_pca_rbf,1793,3,0,0.019985718712891537,0.5534737812338439
output_pca_rbf,1793,4,0,0.025376877761889703,6.167341560391751
output_pca_rbf,1793,5,0,0.04971699724575946,17.496984357830783
output_pca_rbf,1793,6,0,0.02044006404516914,1.3838326169913706
output_pca_rbf,1793,7,0,0.03998118266650543,11.54250505881865
output_pca_rbf,1793,8,0,0.022095036469098075,4.373887965228704
output_pca_rbf,1793,9,0,0.06944824860342444,16.66750506979314
output_pca_rbf,1793,10,0,0.026969488155072482,8.262930867393647
output_pca_rbf,3144,1,0,0.010633758097650393,3.3685718212936213
output_pca_rbf,3144,2,0,0.023089711912994797,7.829192008589457
output_pca_rbf,3144,3,0,0.02136227175233367,4.603046009073187
output_pca_rbf,3144,4,0,0.024106681520160284,6.555909881114254
output_pca_rbf,3144,5,0,0.032316589236876685,10.462154622661778
output_pca_rbf,3144,6,0,0.0358309999828308,6.121862555114409
output_pca_rbf,3144,7,0,0.03647147163708645,9.035539943121856
output_pca_rbf,3144,10,0,0.04269455562159751,10.4135039088984
output_pca_rbf,3455,1,0,0.001974042828519867,1.0952081120985953
output_pca_rbf,3455,2,0,0.0025926055548080745,2.339253967404632
output_pca_rbf,3455,3,0,0.0015155214972721123,0.8104547699245666
output_pca_rbf,3455,4,0,0.0021893330460912934,0.8881890854023373
output_pca_rbf,3455,5,0,0.007298264449272963,2.7932678963117246
output_pca_rbf,3455,6,0,0.006879542810093251,0.2729343471495074
output_pca_rbf,3455,7,0,0.004501010744547419,0.8364876181628602
output_pca_rbf,3455,8,0,0.006210526295793984,0.18337640252038437
output_pca_rbf,3455,9,0,0.01000112024064522,0.7467042373721631
output_pca_rbf,4067,1,0,0.007430908064797522,1.8407621648913215
output_pca_rbf,4067,2,0,0.014401737198150789,1.861968574158844
output_pca_rbf,4067,3,0,0.0050207995045986826,1.310174316602424
output_pca_rbf,4067,4,0,0.008016135006942541,1.83419608326806
output_pca_rbf,4067,5,0,0.02726520237184487,1.86696346006505
output_pca_rbf,4067,6,0,0.0219263133545416,0.02965461344903873
output_pca_rbf,4067,7,0,0.01782533652904997,0.5493120250880473
output_pca_rbf,4067,8,0,0.052332871075977665,1.694284870265753
output_pca_rbf,4067,9,0,0.04317809953269673,2.177917676305044
output_pca_rbf,4067,10,0,0.03752588992891139,0.6094576210333518
output_pca_rbf,4365,1,0,0.003133394692718893,0.5935716349023147
output_pca_rbf,4365,2,0,0.0039091580654882115,0.21017238411792577
output_pca_rbf,4365,3,0,0.005068884757171075,0.708504610559446
output_pca_rbf,4365,4,0,0.00503464950957665,0.6516623449797216
output_pca_rbf,4365,5,0,0.007264359615680979,0.14547885819069126
output_pca_rbf,4365,6,0,0.012822995883133896,0.21208609054917504
output_pca_rbf,4365,7,0,0.00919073657732906,1.7739302341604386
output_pca_rbf,4367,1,0,0.0003669834550025622,1.223490907923187
output_pca_rbf,4367,2,0,0.0013056400740127567,0.20179718539016606
output_pca_rbf,4367,3,0,0.0007716206994232776,0.14633318190065142
output_pca_rbf,4367,4,0,0.001472477507568771,1.2379875633204598
output_pca_rbf,4367,5,0,0.03432799118391797,0.24871741612649229
output_pca_rbf,4367,6,0,0.030029416697284487,1.5728110210185524
output_pca_rbf,4367,7,0,0.005367500676685826,1.2065155267515837
output_pca_rbf,4367,10,0,0.006850170826730025,2.6728835301555574
output_pca_rbf,6667,1,0,0.0005799964799017477,2.0683386391683367
output_pca_rbf,6667,2,0,0.001327193767194998,2.197648491894299
output_pca_rbf,6667,3,0,0.001177547722634171,0.8013828684360921
output_pca_rbf,6667,4,0,0.0017818964349835971,2.2900918831025416
output_pca_rbf,6667,5,0,0.006490158949970447,2.451802079127656
output_pca_rbf,6667,6,0,0.013131246748574545,2.4011445585480917
output_pca_rbf,6667,7,0,0.010701117472164413,3.8642907301007163
output_pca_rbf,6667,8,0,0.01260609244205647,2.17842444511243
output_pca_rbf,6667,9,0,0.03353299616593484,0.29138884648292057
output_pca_rbf,6667,10,0,0.010152399730269874,1.725868012982309
output_pca_rbf,6999,1,0,0.007802032658914974,2.1534324060035
output_pca_rbf,6999,2,0,0.017444824112572657,2.2967161316925924
output_pca_rbf,6999,3,0,0.00978738026071934,0.3848062520801489
output_pca_rbf,6999,4,0,0.01689835564284752,3.169217584640504
output_pca_rbf,6999,5,0,0.02790640031030829,2.2613257222235026
output_pca_rbf,6999,6,0,0.027140410625661332,0.4788747193840949
output_pca_rbf,6999,7,0,0.027377844163402842,4.789374854786324
output_pca_rbf,6999,8,0,0.02380074839631633,3.0016368931335444
output_pca_rbf,6999,9,0,0.039269980972518714,4.900842104709082
output_pca_rbf,6999,10,0,0.03295024073104899,3.577121216547748
output_pca_rbf,7267,1,0,0.0022623389978780046,0.9868532945858672
output_pca_rbf,7267,2,0,0.004397056582262913,0.39624163470814083
output_pca_rbf,7267,3,0,0.004271000279532414,1.274034648462281
output_pca_rbf,7267,4,0,0.006595451271469239,0.8331556700257904
output_pca_rbf,7267,5,0,0.012643420351674177,0.5296716401577399
output_pca_rbf,7267,8,0,0.029220422071664916,1.5661872249847244
output_pca_rbf,7267,9,0,0.04471676103098423,2.0326716168165206
output_pca_rbf,7267,10,0,0.022678925366475346,1.7384376121822687
output_pca_rbf,9828,1,0,0.0009004804302853053,1.3964306119152494
output_pca_rbf,9828,2,0,0.001475493964537319,1.7678492403877528
output_pca_rbf,9828,3,0,0.001225501952327329,1.8800065843273457
output_pca_rbf,9828,4,0,0.001815437417290214,1.5345758505803784
output_pca_rbf,9828,5,0,0.044535069627155185,1.614151503053771
output_pca_rbf,9828,6,0,0.04866512581883693,1.7606972175140625
output_pca_rbf,9828,7,0,0.004061916705532685,1.1103375864445806
output_pca_rbf,9828,8,0,0.007123276052397827,0.4865468816390877
output_pca_rbf,9828,9,0,0.00986626224790807,0.579020180578139
output_pca_rbf,9828,10,0,0.012061589123432633,2.719783285448181
output_pca_rbf,871,1,1,0.021617985922516327,3.454861557843447
output_pca_rbf,871,2,1,0.029522843826610107,8.639612966987773
output_pca_rbf,871,3,1,0.02138925983595857,3.0637965676055683
output_pca_rbf,871,4,1,0.027223665310496734,6.061171240103678
output_pca_rbf,871,5,1,0.03559833414953633,13.32447778833555
output_pca_rbf,871,6,1,0.015422392321866651,3.87075672553783
output_pca_rbf,871,7,1,0.028710367575947113,9.516038388834954
output_pca_rbf,871,8,1,0.013299487890290123,2.8177973197978394
output_pca_rbf,871,9,1,0.033014694132646634,3.8274218758878114
output_pca_rbf,2304,1,1,0.017971869111191793,4.988872189684246
output_pca_rbf,2304,2,1,0.025179138334437065,12.978155849922645
output_pca_rbf,2304,3,1,0.0160720856095099,2.6191083009166953
output_pca_rbf,2304,4,1,0.022509735744235877,6.711743258222985
output_pca_rbf,2304,5,1,0.03465987509529955,19.120762257633068
output_pca_rbf,2304,6,1,0.02871791914384993,2.730020560667242
output_pca_rbf,2304,7,1,0.026629285053652224,10.781869342494037
output_pca_rbf,2304,8,1,0.014864176421948674,4.232059937407624
output_pca_rbf,2304,9,1,0.03743001806611195,23.27944463447129
output_pca_rbf,2304,10,1,0.020503793857748354,6.9889254060794785
output_pca_rbf,2776,1,1,0.0011406232608770078,2.1629537569149577
output_pca_rbf,2776,2,1,0.001681499227478016,1.7840494183960263
output_pca_rbf,2776,3,1,0.002982913920777531,2.779883012060629
output_pca_rbf,2776,4,1,0.002528859299869379,2.6628275155152745
output_pca_rbf,2776,5,1,0.0053128291766910175,1.1740878867917695
output_pca_rbf,2776,7,1,0.005460697126844354,1.5968053218074767
output_pca_rbf,2776,8,1,0.01856683830035603,0.4037303893465549
output_pca_rbf,2776,9,1,0.018130379470693354,4.810635645309327
output_pca_rbf,2776,10,1,0.01997130383449003,2.73855288850505
output_pca_rbf,3283,1,1,0.0022990664638303042,1.6615155845394076
output_pca_rbf,3283,4,1,0.006101895427503756,1.1940858072912002
output_pca_rbf,3283,10,1,0.02639837750556579,3.1794768650913
output_pca_rbf,3565,1,1,0.00047283555385073877,1.3514891449780013
output_pca_rbf,3565,2,1,0.0009246719251624467,0.8857857999158336
output_pca_rbf,3565,3,1,0.0011451138250542882,2.025799117969602
output_pca_rbf,3565,4,1,0.002040627806380063,1.9180518680955683
output_pca_rbf,3565,5,1,0.03191775747246284,1.2879247634329014
output_pca_rbf,3565,6,1,0.019281533123875202,2.2785526982453614
output_pca_rbf,3565,7,1,0.009428856695608489,1.956376774097079
output_pca_rbf,3565,8,1,0.023566217031766198,1.8686330282218706
output_pca_rbf,3565,9,1,0.018289369623457622,0.681588335051636
output_pca_rbf,3565,10,1,0.026324068338636514,2.591158476421975
output_pca_rbf,3964,1,1,0.0010909791439676483,0.3958348740308104
output_pca_rbf,3964,2,1,0.001990733046666526,0.6075321083867187
output_pca_rbf,3964,3,1,0.0017462991672678061,0.6114875624585265
output_pca_rbf,3964,4,1,0.0030320651223503187,0.3609293705076679
output_pca_rbf,3964,5,1,0.08739956420175732,0.11639360151590987
output_pca_rbf,3964,6,1,0.019215376207151552,1.5086116930719478
output_pca_rbf,3964,7,1,0.012057462712268726,0.7049666992271528
output_pca_rbf,3964,8,1,0.014596920125555501,0.6453687868350488
output_pca_rbf,3964,9,1,0.01676892114400692,3.9784376066316227
output_pca_rbf,3964,10,1,0.023657975747599827,0.5549969912989037
output_pca_rbf,4919,1,1,0.0009435851486916654,0.8504864342647379
output_pca_rbf,4919,2,1,0.002316499168881511,0.5075880697427528
output_pca_rbf,4919,3,1,0.0034821840800836725,0.9421207547725718
output_pca_rbf,4919,4,1,0.004096551533628506,0.5550939043778085
output_pca_rbf,4919,5,1,0.0354053654228569,0.9316449229699119
output_pca_rbf,4919,6,1,0.023172080834872294,1.6568168998933526
output_pca_rbf,4919,7,1,0.010682791545624383,0.13787399152450225
output_pca_rbf,4919,8,1,0.016139018663323828,2.720501394142011
output_pca_rbf,4919,9,1,0.020727200483920093,4.466613456059376
output_pca_rbf,5674,1,1,0.002988030972415437,1.3036409317745075
output_pca_rbf,5674,2,1,0.0024529756963027663,2.3311905649703553
output_pca_rbf,5674,3,1,0.0034787231609765858,0.30191665898228115
output_pca_rbf,5674,4,1,0.0045876621002854485,1.6431425236809687
output_pca_rbf,5674,5,1,0.026687862582087867,2.8906280782636133
output_pca_rbf,5674,6,1,0.01692707452429922,0.7322213093732558
output_pca_rbf,5674,7,1,0.01227912596248167,1.9088949424921482
output_pca_rbf,5674,8,1,0.01502087564683789,1.9530041053024179
output_pca_rbf,5674,9,1,0.024480463045054007,0.4472155687515331
output_pca_rbf,5674,10,1,0.021328798145766353,1.0407153042981605
output_pca_rbf,6065,1,1,0.0008482468304041381,0.05351381663184625
output_pca_rbf,6065,2,1,0.0017665722166597417,0.5708376445188227
output_pca_rbf,6065,3,1,0.002333322638986252,0.592003091875253
output_pca_rbf,6065,4,1,0.0023182580140908,0.04840001910432353
output_pca_rbf,6065,5,1,0.009314653277450681,0.557248243500086
output_pca_rbf,6065,6,1,0.010509344346122412,0.039626344707900225
output_pca_rbf,6065,7,1,0.003735448705407629,0.4259350873603297
output_pca_rbf,6065,8,1,0.009570428625059415,0.07109377016440108
output_pca_rbf,6065,9,1,0.016238367722157438,1.9708764600439546
output_pca_rbf,8110,1,1,0.0018063428013642463,1.512702770263865
output_pca_rbf,8110,2,1,0.0037386362486632567,2.840505845962312
output_pca_rbf,8110,3,1,0.003568745654632552,0.07149776564679017
output_pca_rbf,8110,4,1,0.006366968256885277,0.9199229459292785
output_pca_rbf,8110,5,1,0.005240372357531415,3.3146995402645705
output_pca_rbf,8110,6,1,0.008048882644516434,0.26294257973967733
output_pca_rbf,8110,7,1,0.00791395050280603,2.121211790224542
output_pca_rbf,8110,8,1,0.017452030227479293,2.847151170683406
output_pca_rbf,8110,9,1,0.011383165325694002,9.875766428795698
output_pca_rbf,9167,1,1,0.005710260761727695,3.7648825103187784
output_pca_rbf,9167,2,1,0.008142185511482271,4.202798104670302
output_pca_rbf,9167,3,1,0.00570753774679225,4.018446512540373
output_pca_rbf,9167,4,1,0.008337406782437232,3.9840564185305953
output_pca_rbf,9167,5,1,0.012641787799290411,4.660611245218624
output_pca_rbf,9167,6,1,0.06473577118282102,2.8959883822884036
output_pca_rbf,9167,7,1,0.011046726323484376,5.087414221043953
output_pca_rbf,9167,8,1,0.01951175515968196,1.1056981574025595
output_pca_rbf,9167,9,1,0.019004318749393248,11.991668702329312
output_pca_rbf,9183,1,1,0.0010853477323016468,2.0986153231302147
output_pca_rbf,9183,2,1,0.0020806408913280985,2.21991488315652
output_pca_rbf,9183,3,1,0.002177451861105977,2.929341550453928
output_pca_rbf,9183,4,1,0.003644358308709628,2.0508360805046384
output_pca_rbf,9183,5,1,0.014419500777889224,1.8545803598118948
output_pca_rbf,9183,6,1,0.02035510804747194,2.7949910753130696
output_pca_rbf,9183,7,1,0.009961298638083229,2.0498492074972536
output_pca_rbf,9183,8,1,0.007730474446959144,2.150821339664045
output_pca_rbf,9183,9,1,0.008535074080121989,3.4431946741381303
output_pca_rbf,970,1,2,0.008961247229529798,0.7971805618992224
output_pca_rbf,970,2,2,0.011500781590359731,0.1376653787584662
output_pca_rbf,970,3,2,0.009379008046356451,1.9362673103349464
output_pca_rbf,970,4,2,0.0069156996096741774,1.1247287098409509
output_pca_rbf,970,5,2,0.018961882505096412,4.073344628309938
output_pca_rbf,970,6,2,0.01558695781974685,0.5110234505760639
output_pca_rbf,970,7,2,0.005356312747054196,1.1880636789750634
output_pca_rbf,970,8,2,0.011419747833531052,0.4576646685641599
output_pca_rbf,970,9,2,0.014598074121403425,2.3864440825171878
output_pca_rbf,970,10,2,0.008282244673674128,0.4091481664288529
output_pca_rbf,1063,1,2,0.007663458814234763,4.1609839827496895
output_pca_rbf,1063,2,2,0.007448700303234351,9.202127736226096
output_pca_rbf,1063,3,2,0.007849524838424443,2.720651748424
output_pca_rbf,1063,4,2,0.009842925023385747,6.7116123758395325
output_pca_rbf,1063,5,2,0.008896675020425992,5.0072537253004015
output_pca_rbf,1063,6,2,0.004805064793243583,1.6436583404698901
output_pca_rbf,1063,7,2,0.007164636112101072,10.106349750368897
output_pca_rbf,1063,8,2,0.025698131238981403,4.038671080122561
output_pca_rbf,1063,9,2,0.021412819692751366,2.7122990014112665
output_pca_rbf,1063,10,2,0.016371657401236125,8.638645839556034
output_pca_rbf,1356,1,2,0.008472634024598146,1.0612172175389343
output_pca_rbf,1356,2,2,0.008485682034186105,1.6949105483846736
output_pca_rbf,1356,3,2,0.006643640768231098,0.8396814981418159
output_pca_rbf,1356,4,2,0.010045472499455924,1.820506737461905
output_pca_rbf,1356,5,2,0.016679731063048882,2.9279411227068746
output_pca_rbf,1356,6,2,0.005415097139969106,3.280167730349235
output_pca_rbf,1356,7,2,0.00685567004603207,1.2808802389581844
output_pca_rbf,1356,8,2,0.010426755059801222,0.542002592923843
output_pca_rbf,1356,9,2,0.027141217625563253,4.312640586483911
output_pca_rbf,2612,1,2,0.004656870777469049,2.1689100708754876
output_pca_rbf,2612,4,2,0.00895213862864614,2.4507733657745505
output_pca_rbf,2612,5,2,0.05089350392623859,2.8819841657493463
output_pca_rbf,2612,6,2,0.05139674366816363,2.0946948142860324
output_pca_rbf,2612,7,2,0.018561105383457364,3.6078945602031327
output_pca_rbf,2612,8,2,0.03242139683466379,2.4139710730310253
output_pca_rbf,2612,9,2,0.032610851066610706,3.667456247239447
output_pca_rbf,2612,10,2,0.032404903778411445,0.31562780422941894
output_pca_rbf,2889,1,2,0.004918840129058875,1.6514863787630731
output_pca_rbf,2889,2,2,0.007351490112534636,1.091701133425807
output_pca_rbf,2889,3,2,0.006068562408072117,1.265926868412114
output_pca_rbf,2889,4,2,0.0045301373230711,1.1058666288105425
output_pca_rbf,2889,5,2,0.009116924704831211,4.97073869677993
output_pca_rbf,2889,8,2,0.019557440487014733,1.4101532083506378
output_pca_rbf,2889,9,2,0.022721535743139,0.7214211032319519
output_pca_rbf,2889,10,2,0.021393071717490834,1.332726654767422
output_pca_rbf,3927,1,2,0.0034170852102444345,1.5520456821720874
output_pca_rbf,3927,2,2,0.002169528466732391,4.504943865212701
output_pca_rbf,3927,3,2,0.001651134525803558,0.010121871075869565
output_pca_rbf,3927,4,2,0.002015417343466133,2.971792889612089
output_pca_rbf,3927,5,2,0.010751888227755645,0.9893475995950701
output_pca_rbf,3927,6,2,0.04230377850235058,0.7473857761751134
output_pca_rbf,3927,7,2,0.02256268737216573,5.515321022247832
output_pca_rbf,3927,8,2,0.022897005984055162,1.325258224388814
output_pca_rbf,3927,9,2,0.07391223481525572,3.089338833171942
output_pca_rbf,3927,10,2,0.06891343251487013,1.1254641500170448
output_pca_rbf,4391,1,2,0.0005614705534541188,0.22173593034091563
output_pca_rbf,4391,4,2,0.0014473083104633165,0.31435174813417704
output_pca_rbf,4391,5,2,0.046888713460426765,1.8955755229057545
output_pca_rbf,4391,6,2,0.024947776882105813,0.34780260133931207
output_pca_rbf,4391,9,2,0.031022744883908333,0.07339092645864206
output_pca_rbf,4391,10,2,0.012379777047930805,0.053806502115852195
output_pca_rbf,5683,1,2,0.0011365491836016145,3.5327935997775723
output_pca_rbf,5683,2,2,0.0013922399928376046,5.980518428354117
output_pca_rbf,5683,3,2,0.0006214215331909859,2.231982940973611
output_pca_rbf,5683,4,2,0.0009737859571060455,3.4135129966797058
output_pca_rbf,5683,5,2,0.005673958143477159,2.6711813489679384
output_pca_rbf,5683,6,2,0.015307235599258588,1.5642513182146944
output_pca_rbf,5683,8,2,0.012859346848154136,1.809993640169748
output_pca_rbf,5683,10,2,0.015833176604298005,1.383214983085358
output_pca_rbf,6742,1,2,0.004825930289244309,0.01995372352182083
output_pca_rbf,6742,2,2,0.017054640352326574,0.8305813192401049
output_pca_rbf,6742,3,2,0.010800629604579764,1.8288328766637993
output_pca_rbf,6742,4,2,0.015006476637308204,0.5619268643495099
output_pca_rbf,6742,5,2,0.019396062161815626,0.16610619201594756
output_pca_rbf,6742,6,2,0.018203422726824334,1.763717629861483
output_pca_rbf,6742,7,2,0.020263941818976564,0.1579790462878497
output_pca_rbf,6742,8,2,0.01805532315054319,1.3842590518884794
output_pca_rbf,6742,9,2,0.016084728182485693,1.0833395994816426
output_pca_rbf,6742,10,2,0.02544589523886853,7.278548624856307
output_pca_rbf,8792,1,2,0.009303232554162254,3.351892517690258
output_pca_rbf,8792,2,2,0.014125868565604013,7.660414372420292
output_pca_rbf,8792,3,2,0.011917917040039635,1.6403948375932087
output_pca_rbf,8792,4,2,0.0071265616222387545,3.7302653496535094
output_pca_rbf,8792,5,2,0.008735222333380376,10.496663396880193
output_pca_rbf,8792,6,2,0.009984699035345776,1.821600246175725
output_pca_rbf,8792,7,2,0.005531835420893355,6.024824565316802
output_pca_rbf,8792,8,2,0.02404952537225681,1.9349434070174631
output_pca_rbf,8792,9,2,0.021170418991344652,3.5329007389988414
output_pca_rbf,8792,10,2,0.01212780068382401,3.6708884654938494
output_pca_rbf,9436,1,2,0.0009894285902810566,0.35399041382650726
output_pca_rbf,9436,2,2,0.0018486748059080701,0.6503411865068516
output_pca_rbf,9436,3,2,0.0021931428080470498,0.3664224914894972
output_pca_rbf,9436,4,2,0.0015989804167664354,0.6783496042887969
output_pca_rbf,9436,5,2,0.09297153462727413,1.1097443803006621
output_pca_rbf,9436,6,2,0.13352880126951652,1.1418109744081806
output_pca_rbf,9436,7,2,0.01134369892145063,0.22774203334043408
output_pca_rbf,9436,8,2,0.011066583713898506,0.9762993210466806
output_pca_rbf,9436,9,2,0.008140277045665768,0.7746805988941463
output_pca_rbf,9436,10,2,0.008687252521603555,0.238454441108072
output_pca_rbf,9627,1,2,0.011318256202688165,1.0242133706794236
output_pca_rbf,9627,2,2,0.007657852539797676,0.4229099841606796
output_pca_rbf,9627,3,2,0.005049058947005216,0.9501653455929451
output_pca_rbf,9627,4,2,0.007719771772671088,0.10452443122357043
output_pca_rbf,9627,5,2,0.01960387309846078,5.004446917369765
output_pca_rbf,9627,6,2,0.013347296242908816,0.5935650648675582
output_pca_rbf,9627,7,2,0.012484753142193808,1.033963496975423
output_pca_rbf,9627,8,2,0.013076981899794556,1.2026097857718494
output_pca_rbf,9627,9,2,0.025155206640540547,0.18218817729412679
output_pca_rbf,9627,10,2,0.02301111157333099,3.3271955341182893
output_pca_rbf,1039,1,3,0.006297311130605785,1.2531458637957937
output_pca_rbf,1039,2,3,0.016218772311128917,2.466392561964657
output_pca_rbf,1039,3,3,0.007555616276300207,0.12200707831904874
output_pca_rbf,1039,4,3,0.010722967837696067,1.7742544282938373
output_pca_rbf,1039,5,3,0.025199489424864958,4.690546349841283
output_pca_rbf,1039,6,3,0.020093536356799238,0.31185397626148864
output_pca_rbf,1039,7,3,0.02136388055677683,3.1206805889106133
output_pca_rbf,1039,8,3,0.02612488663863857,1.9680452029487476
output_pca_rbf,1039,9,3,0.03356597616562893,4.654557578032283
output_pca_rbf,1062,1,3,0.0017128739156239837,0.4543569291199559
output_pca_rbf,1062,2,3,0.009138768269740142,4.066225761323246
output_pca_rbf,1062,3,3,0.003989273962528466,1.9608256305656098
output_pca_rbf,1062,4,3,0.0036648092128617788,1.5949219602589484
output_pca_rbf,1062,5,3,0.02856222918774029,1.4763009015232096
output_pca_rbf,1062,6,3,0.010154945230527734,3.4301919156583964
output_pca_rbf,1062,7,3,0.00393163695465634,2.8498905264179997
output_pca_rbf,1062,8,3,0.011727692972976296,2.4245994731751908
output_pca_rbf,1062,9,3,0.01090889712872711,0.883653998120958
output_pca_rbf,1062,10,3,0.004984041737801193,1.3336753599121758
output_pca_rbf,2892,1,3,0.0006028772910077156,0.8757817402424377
output_pca_rbf,2892,2,3,0.0023758200074695973,4.493173584489217
output_pca_rbf,2892,3,3,0.001348568316192417,1.4880251529962858
output_pca_rbf,2892,4,3,0.001091330745847481,1.7385542783455301
output_pca_rbf,2892,5,3,0.004751221850438411,3.3619640030814115
output_pca_rbf,2892,6,3,0.0073551825701969,0.4533297116516974
output_pca_rbf,2892,7,3,0.007794669053735824,3.7078588502423355
output_pca_rbf,2892,8,3,0.010343694245512996,1.039485867957156
output_pca_rbf,2892,9,3,0.009079235810741543,1.5130511238716648
output_pca_rbf,2892,10,3,0.0120670878736215,3.547939325417618
output_pca_rbf,3261,1,3,0.0008535397573802328,1.9172165047008987
output_pca_rbf,3261,2,3,0.003960752046030125,3.630471460292449
output_pca_rbf,3261,3,3,0.002144487585942135,1.1317281924569276
output_pca_rbf,3261,4,3,0.0030217998695585154,2.0499082214378186
output_pca_rbf,3261,5,3,0.007297533814415967,2.0417131489020646
output_pca_rbf,3261,6,3,0.01799944428115433,2.145425493916118
output_pca_rbf,3261,7,3,0.009785250960920523,1.0555307091014419
output_pca_rbf,3261,8,3,0.017180108689909396,2.503574737382484
output_pca_rbf,3261,9,3,0.02329366465489277,0.05814311853176651
output_pca_rbf,3721,1,3,0.010264564957486419,2.4257058977267576
output_pca_rbf,3721,2,3,0.01980407385081236,4.763836459994386
output_pca_rbf,3721,3,3,0.015026156124091696,2.423621063113469
output_pca_rbf,3721,4,3,0.019080074221180535,3.818794011585664
output_pca_rbf,3721,5,3,0.024344465319829138,7.295325409141896
output_pca_rbf,3721,6,3,0.014690270831303458,1.1374015967244606
output_pca_rbf,3721,7,3,0.028503082578514537,4.086283290914775
output_pca_rbf,3721,8,3,0.05491058101862342,2.898877076862432
output_pca_rbf,3721,9,3,0.05934906692941535,8.442025569907596
output_pca_rbf,3721,10,3,0.029600880227492878,7.593505589281619
output_pca_rbf,4387,1,3,0.0009681919601879634,2.8188828068298752
output_pca_rbf,4387,2,3,0.001978489779920266,4.302080751253653
output_pca_rbf,4387,3,3,0.0017129846026363148,2.116104447090688
output_pca_rbf,4387,4,3,0.0015390005933334674,3.7557110106612424
output_pca_rbf,4387,5,3,0.0037601422290214396,3.6121217116313837
output_pca_rbf,4387,6,3,0.016226408906837898,3.0434239153202567
output_pca_rbf,4387,7,3,0.007589847343182248,2.8960951260231864
output_pca_rbf,4387,8,3,0.010507888078964165,3.0628313279111534
output_pca_rbf,4387,9,3,0.004859266330905651,2.630584841760303
output_pca_rbf,4387,10,3,0.004484252334666057,3.578699602216556
output_pca_rbf,4588,1,3,0.0009729050561495409,1.5119359654787923
output_pca_rbf,4588,2,3,0.004252433001127425,2.3576561697553964
output_pca_rbf,4588,3,3,0.0038940710640380286,2.4849761056995474
output_pca_rbf,4588,4,3,0.0030369367754375103,0.7477373186509622
output_pca_rbf,4588,5,3,0.016430865457714612,0.7653689909220744
output_pca_rbf,4588,6,3,0.010738627836307716,2.9314038408214445
output_pca_rbf,4588,7,3,0.01064092813287255,0.23383824680368973
output_pca_rbf,4588,8,3,0.01329569302407933,1.7260814085016793
output_pca_rbf,4723,1,3,0.0005228613905387619,1.6027027621928667
output_pca_rbf,4723,2,3,0.0014426981539274032,0.3363630249330724
output_pca_rbf,4723,3,3,0.000977057698018351,0.8200495395819027
output_pca_rbf,4723,4,3,0.0011589626301042365,1.3460666139706379
output_pca_rbf,4723,5,3,0.0031964317395067107,0.6438199512824471
output_pca_rbf,4723,6,3,0.005404851524676723,0.5311401350205086
output_pca_rbf,4723,7,3,0.009320717179630478,1.6465561262459998
output_pca_rbf,4723,8,3,0.050971461888225135,1.2629601114894984
output_pca_rbf,4723,9,3,0.061700218000779364,1.069991764534128
output_pca_rbf,7846,1,3,0.0036428953204240633,3.75961351604805
output_pca_rbf,7846,2,3,0.0067037889332753975,6.414897400460889
output_pca_rbf,7846,3,3,0.004225939222840409,3.824448206192697
output_pca_rbf,7846,4,3,0.0039705894445419354,3.901409827248762
output_pca_rbf,7846,5,3,0.007957564812252169,4.397870051809421
output_pca_rbf,7846,7,3,0.002423987012741386,4.351887087515448
output_pca_rbf,7846,8,3,0.021316754574229206,4.637470988980777
output_pca_rbf,7846,10,3,0.013599951222369911,1.450957903632155
output_pca_rbf,7876,1,3,0.00818772821968886,1.8600545007694442
output_pca_rbf,7876,2,3,0.004477329377327959,4.359383336670165
output_pca_rbf,7876,3,3,0.004969407994684936,1.816221524763512
output_pca_rbf,7876,4,3,0.0059204456659896765,3.284726238898181
output_pca_rbf,7876,5,3,0.0073959385831861265,10.287106904993724
output_pca_rbf,7876,6,3,0.01442273430899817,3.566402495116742
output_pca_rbf,7876,7,3,0.010963379048372463,7.577318923587563
output_pca_rbf,7876,8,3,0.0394958206298082,3.1116322590381733
output_pca_rbf,7876,9,3,0.016382486770746305,15.919733630077351
output_pca_rbf,7876,10,3,0.049953392485991566,1.3189394445274687
output_pca_rbf,8705,1,3,0.0010032535757054113,3.188649162318928
output_pca_rbf,8705,2,3,0.0022073446401613887,1.2203506171655778
output_pca_rbf,8705,3,3,0.0019175699190860291,6.075341932264521
output_pca_rbf,8705,4,3,0.002546951948005207,2.684943728013556
output_pca_rbf,8705,5,3,0.19662499875440168,0.796696225888965
output_pca_rbf,8705,6,3,0.16327488007995264,6.134346822021127
output_pca_rbf,8705,9,3,0.008755077654647947,1.0338980321217432
output_pca_rbf,8705,10,3,0.0070546126573414235,2.0814773248986413
output_pca_rbf,9064,1,3,0.0005703560719824112,2.3799272533491584
output_pca_rbf,9064,2,3,0.0020318324566601965,3.041183831863505
output_pca_rbf,9064,3,3,0.0012428893937925388,1.7208319123191482
output_pca_rbf,9064,4,3,0.0017383625719811218,2.9632023073295763
output_pca_rbf,9064,5,3,0.02960740795560284,2.569380103331844
output_pca_rbf,9064,6,3,0.015681055774457376,2.238726743028819
output_pca_rbf,9064,7,3,0.0067507734359461,2.1958598716146773
output_pca_rbf,9064,8,3,0.010128578893058215,0.9999184118348049
output_pca_rbf,9064,9,3,0.006442687628008257,0.7369742693229078
output_pca_rbf,9064,10,3,0.004136279237528542,1.0861869585946602
output_pca_matern32,692,1,0,0.0006697566411095786,0.8064595352547645
output_pca_matern32,692,2,0,0.0015483449171619266,1.8040132760262517
output_pca_matern32,692,3,0,0.0009202167972385001,0.13839201627360492
output_pca_matern32,692,4,0,0.0018902117647311084,1.0028108184973994
output_pca_matern32,692,5,0,0.0047750255340583934,2.3560865751805755
output_pca_matern32,692,6,0,0.006138763795028137,0.45675147593593496
output_pca_matern32,692,7,0,0.004879366816299832,1.2801652305668754
output_pca_matern32,692,8,0,0.0038911900186836316,0.12326453465801718
output_pca_matern32,692,9,0,0.009605537356587679,1.4706706147047186
output_pca_matern32,818,1,0,0.002231987157208393,2.7667096976986603
output_pca_matern32,818,4,0,0.0038358586725817517,2.633227203832751
output_pca_matern32,818,5,0,0.0997561710868538,2.413995626846997
output_pca_matern32,818,6,0,0.07882398483200165,2.096828827473777
output_pca_matern32,818,9,0,0.012883475111529765,1.3928803314319265
output_pca_matern32,818,10,0,0.0042578397678440716,2.6016305411896417
output_pca_matern32,1793,1,0,0.026274763545362574,3.787969733480558
output_pca_matern32,1793,2,0,0.0349420527139982,11.916294581413952
output_pca_matern32,1793,3,0,0.020720715308952156,1.4853511415054896
output_pca_matern32,1793,4,0,0.026217741431322057,5.999794736921478
output_pca_matern32,1793,5,0,0.05091696579586735,18.32977360649027
output_pca_matern32,1793,6,0,0.021231358825135625,1.4870452838791635
output_pca_matern32,1793,7,0,0.04186627445412407,11.962237450372513
output_pca_matern32,1793,8,0,0.023038307326877585,4.5338042719465905
output_pca_matern32,1793,9,0,0.07195703789347396,21.782748108155417
output_pca_matern32,1793,10,0,0.03383229452275208,8.281161780895824
output_pca_matern32,3144,1,0,0.01159645031666914,3.3531376189536064
output_pca_matern32,3144,2,0,0.024187185583226845,7.264728040572456
output_pca_matern32,3144,3,0,0.02224969282603766,4.78609251259158
output_pca_matern32,3144,4,0,0.02598963356647298,6.817342260135032
output_pca_matern32,3144,5,0,0.03479783520351943,9.718642080085337
output_pca_matern32,3144,6,0,0.0425495659351624,5.704381994216376
output_pca_matern32,3144,7,0,0.03965868957603027,9.386555050061373
output_pca_matern32,3144,10,0,0.04807797262862948,10.375994635883089
output_pca_matern32,3455,1,0,0.0018693309566222077,0.8647388449948417
output_pca_matern32,3455,2,0,0.0031679031251222226,1.5153253681564316
output_pca_matern32,3455,3,0,0.0014212564646918391,0.5047920159200133
output_pca_matern32,3455,4,0,0.002545724129011874,0.7382379101696597
output_pca_matern32,3455,5,0,0.007648946507685665,1.5777872231340722
output_pca_matern32,3455,6,0,0.012743383243931029,0.4020135847657418
output_pca_matern32,3455,7,0,0.004352287154697219,0.6490374975559384
output_pca_matern32,3455,8,0,0.005876664758505832,0.5013631009378431
output_pca_matern32,3455,9,0,0.01345378462696569,0.4663074458730177
output_pca_matern32,4067,1,0,0.009051882350084582,0.944408059335838
output_pca_matern32,4067,2,0,0.01657794706398807,2.6255794586886325
output_pca_matern32,4067,3,0,0.006758696710993187,0.07319905753222337
output_pca_matern32,4067,4,0,0.01062086775078674,0.7931445519065556
output_pca_matern32,4067,5,0,0.02873937569947744,3.499371684408442
output_pca_matern32,4067,6,0,0.018462530517909664,0.7048536308013946
output_pca_matern32,4067,7,0,0.01874033577484137,1.9758497983659171
output_pca_matern32,4067,8,0,0.051906622905757274,1.710031796484354
output_pca_matern32,4067,9,0,0.04995242196317234,3.3558703963785463
output_pca_matern32,4067,10,0,0.04895763719563717,1.1260322053896374
output_pca_matern32,4365,1,0,0.002485001727066464,0.568549622699683
output_pca_matern32,4365,2,0,0.0024448550988593943,0.06439839356123243
output_pca_matern32,4365,3,0,0.004632619265382981,0.4077330733927095
output_pca_matern32,4365,4,0,0.003541712897786919,0.3287773147666174
output_pca_matern32,4365,5,0,0.005621476096271494,0.1992468043479894
output_pca_matern32,4365,6,0,0.0057951599914416235,0.34281423638351655
output_pca_matern32,4365,7,0,0.008160398116153192,1.0266477034321673
output_pca_matern32,4367,1,0,0.00033261968797054455,0.334832152459619
output_pca_matern32,4367,2,0,0.001295684228443036,0.11873346505038102
output_pca_matern32,4367,3,0,0.0006960404233592394,0.5149156567656303
output_pca_matern32,4367,4,0,0.0014901652466876177,0.4729966011810488
output_pca_matern32,4367,5,0,0.029495861589670623,0.14854730130708033
output_pca_matern32,4367,6,0,0.007038713241358931,3.993359883452126
output_pca_matern32,4367,7,0,0.006807793767970873,0.45132726652565147
output_pca_matern32,4367,10,0,0.005880625046683036,2.137268311140286
output_pca_matern32,6667,1,0,0.0005619775462490411,1.5178951424478004
output_pca_matern32,6667,2,0,0.0012689937737119395,2.2372750090379494
output_pca_matern32,6667,3,0,0.001189791254666135,1.3779877047818923
output_pca_matern32,6667,4,0,0.0019212587957793423,1.9074245122959779
output_pca_matern32,6667,5,0,0.0076965135177572705,2.7609530338467807
output_pca_matern32,6667,6,0,0.00884703499392772,1.8142290500957101
output_pca_matern32,6667,7,0,0.012042875057954162,3.952115180105994
output_pca_matern32,6667,8,0,0.015925341453070327,2.01241688294266
output_pca_matern32,6667,9,0,0.024134790771853414,1.9429149388024956
output_pca_matern32,6667,10,0,0.009390182693895298,1.56520476701725
output_pca_matern32,6999,1,0,0.008427661200630127,1.6278869397121802
output_pca_matern32,6999,2,0,0.018165230807280372,3.4197563002406137
output_pca_matern32,6999,3,0,0.010684882063307838,0.48977009144859496
output_pca_matern32,6999,4,0,0.01799833290404995,2.612751756172386
output_pca_matern32,6999,5,0,0.02941614587902385,5.009074998126927
output_pca_matern32,6999,6,0,0.03182798710976485,0.5055398279819441
output_pca_matern32,6999,7,0,0.02777619800299392,5.218194890549021
output_pca_matern32,6999,8,0,0.024965190835986886,2.9893536411837514
output_pca_matern32,6999,9,0,0.04639837227583481,4.047795580238977
output_pca_matern32,6999,10,0,0.033307714370073835,3.8806877316126376
output_pca_matern32,7267,1,0,0.0022801118748953,1.2697110180534128
output_pca_matern32,7267,2,0,0.004879854051438003,0.8700132361786351
output_pca_matern32,7267,3,0,0.004937527619741477,1.4297465305827335
output_pca_matern32,7267,4,0,0.00681488492286344,1.0119645033558642
output_pca_matern32,7267,5,0,0.011847784431615369,1.3446094992399635
output_pca_matern32,7267,8,0,0.02942822131511127,1.591439090160832
output_pca_matern32,7267,9,0,0.04044282504851991,1.1818334839032387
output_pca_matern32,7267,10,0,0.023336660733409974,1.895764629297898
output_pca_matern32,9828,1,0,0.0009824623846704985,1.3354696207523944
output_pca_matern32,9828,2,0,0.001474071132125418,1.6698307704295594
output_pca_matern32,9828,3,0,0.0014155852298999615,1.465120325307085
output_pca_matern32,9828,4,0,0.002020501877006514,1.5303892761693274
output_pca_matern32,9828,5,0,0.046913623593791046,1.6267700468738087
output_pca_matern32,9828,6,0,0.022299679467652794,1.8714980939235384
output_pca_matern32,9828,7,0,0.004878702483927907,1.1195191647618872
output_pca_matern32,9828,8,0,0.006434911651410206,0.382562162050385
output_pca_matern32,9828,9,0,0.005963351981468122,1.4205224480558019
output_pca_matern32,9828,10,0,0.00826510255243936,2.4197935920714007
output_pca_matern32,871,1,1,0.021885006235376425,3.1493692956526025
output_pca_matern32,871,2,1,0.030258145451339112,8.057056944437138
output_pca_matern32,871,3,1,0.021507563415771692,2.8938930664541664
output_pca_matern32,871,4,1,0.02797604745058556,5.7237039335907145
output_pca_matern32,871,5,1,0.03412809356159537,10.968142315864794
output_pca_matern32,871,6,1,0.016427679796114578,3.623953084131879
output_pca_matern32,871,7,1,0.03028652052048047,8.943541506402036
output_pca_matern32,871,8,1,0.02389767670055428,2.321708776191792
output_pca_matern32,871,9,1,0.02653560642014163,3.4688661151574265
output_pca_matern32,2304,1,1,0.018705275526465025,4.847447297888622
output_pca_matern32,2304,2,1,0.02761890600217171,11.858686615212164
output_pca_matern32,2304,3,1,0.01790754385444598,2.769096231119517
output_pca_matern32,2304,4,1,0.024237428043267714,6.7153400420057086
output_pca_matern32,2304,5,1,0.03411999698709632,16.781404477350605
output_pca_matern32,2304,6,1,0.0277841123018784,2.648145265727528
output_pca_matern32,2304,7,1,0.028859799909215937,10.729335431391855
output_pca_matern32,2304,8,1,0.01937321837662983,3.515955014084593
output_pca_matern32,2304,9,1,0.034161318743397714,25.652738072540583
output_pca_matern32,2304,10,1,0.022897027820177596,7.1317572912472205
output_pca_matern32,2776,1,1,0.001393664776937772,2.386930755898376
output_pca_matern32,2776,2,1,0.0020295446957388336,1.8979616430913653
output_pca_matern32,2776,3,1,0.0033500868779118512,1.8006457934851334
output_pca_matern32,2776,4,1,0.0026991109693793778,2.5866528088606344
output_pca_matern32,2776,5,1,0.005468755306162985,2.6705645908152285
output_pca_matern32,2776,7,1,0.005722864778623687,1.527665526466889
output_pca_matern32,2776,8,1,0.006011119623548721,0.7643268711182973
output_pca_matern32,2776,9,1,0.017460576634284283,5.405070085780067
output_pca_matern32,2776,10,1,0.018646444510362778,2.7685202803298536
output_pca_matern32,3283,1,1,0.0017330204708339283,1.5489967599735457
output_pca_matern32,3283,4,1,0.00581342886726727,1.0912806331758227
output_pca_matern32,3283,10,1,0.025384167447069485,3.1460492675410863
output_pca_matern32,3565,1,1,0.0007415766793511783,1.2195020030279626
output_pca_matern32,3565,2,1,0.0025532681359699766,0.47369593727177634
output_pca_matern32,3565,3,1,0.000990085109583543,0.9214992033761149
output_pca_matern32,3565,4,1,0.0013394397822433634,1.5680273518403554
output_pca_matern32,3565,5,1,0.030651923228237832,0.888202531006638
output_pca_matern32,3565,6,1,0.018755303673416497,1.4003343737458334
output_pca_matern32,3565,7,1,0.006212106141552113,1.5446660535034873
output_pca_matern32,3565,8,1,0.007490288065760457,1.797283368264323
output_pca_matern32,3565,9,1,0.01962595572165473,0.8830851824404528
output_pca_matern32,3565,10,1,0.02139547168817535,2.3172456070906455
output_pca_matern32,3964,1,1,0.001237048243612701,0.12887922192912793
output_pca_matern32,3964,2,1,0.002693160077946557,1.4878945846318778
output_pca_matern32,3964,3,1,0.001681590630802064,1.7820471755828915
output_pca_matern32,3964,4,1,0.0029838799991533465,0.0403052834780401
output_pca_matern32,3964,5,1,0.11264898299120901,0.5177581299039838
output_pca_matern32,3964,6,1,0.020710983200290523,1.7066217482863402
output_pca_matern32,3964,7,1,0.009869139160394178,1.200962318728278
output_pca_matern32,3964,8,1,0.012308999718947174,0.7688723281497726
output_pca_matern32,3964,9,1,0.015898075865787717,2.0423359731181234
output_pca_matern32,3964,10,1,0.01993000039545489,0.6619871332834447
output_pca_matern32,4919,1,1,0.0009684136520160756,0.3711351790467866
output_pca_matern32,4919,2,1,0.002747860455639578,0.5485980820893739
output_pca_matern32,4919,3,1,0.0024669799821175867,1.4429204978946757
output_pca_matern32,4919,4,1,0.004399640080218795,0.14553192768333273
output_pca_matern32,4919,5,1,0.02496755793819071,0.2886013145312678
output_pca_matern32,4919,6,1,0.02535735290997329,1.5329497019856824
output_pca_matern32,4919,7,1,0.011422144265653609,0.47487786164972434
output_pca_matern32,4919,8,1,0.024174290554354577,2.254293342410729
output_pca_matern32,4919,9,1,0.022444398667379798,3.0961291681701217
output_pca_matern32,5674,1,1,0.0032808513604026444,0.7434850449183573
output_pca_matern32,5674,2,1,0.0021918734206875933,1.1936001931174514
output_pca_matern32,5674,3,1,0.0026426562385964366,0.164494913367018
output_pca_matern32,5674,4,1,0.0048060351402314135,0.8924176872639754
output_pca_matern32,5674,5,1,0.02784408514592204,0.9538933148646948
output_pca_matern32,5674,6,1,0.016927449903892625,0.45645357762764116
output_pca_matern32,5674,7,1,0.012953189799840755,0.7720386085166868
output_pca_matern32,5674,8,1,0.019732977118619,1.4481556820030195
output_pca_matern32,5674,9,1,0.02696719397103667,1.3206602125588844
output_pca_matern32,5674,10,1,0.02150498958979315,0.09453113732763539
output_pca_matern32,6065,1,1,0.000911719671473064,0.04937775751546459
output_pca_matern32,6065,2,1,0.0019591107829044804,0.7249535077556225
output_pca_matern32,6065,3,1,0.0013241149915395978,0.2275360911332474
output_pca_matern32,6065,4,1,0.0031374799409366896,0.2769198173776611
output_pca_matern32,6065,5,1,0.006388417942579391,0.49182615026896637
output_pca_matern32,6065,6,1,0.009950799103350701,0.15243956487446833
output_pca_matern32,6065,7,1,0.003040171912877098,0.7594670549293274
output_pca_matern32,6065,8,1,0.008672885435554343,0.03375139683093456
output_pca_matern32,6065,9,1,0.013739925773981325,1.410681207959281
output_pca_matern32,8110,1,1,0.0026049531562153325,1.8195345349102723
output_pca_matern32,8110,2,1,0.005117858671909593,3.5071996078180647
output_pca_matern32,8110,3,1,0.004068190065557894,0.46818118211262333
output_pca_matern32,8110,4,1,0.007146418653558811,1.5244397370657565
output_pca_matern32,8110,5,1,0.007524537891537414,6.025707044504389
output_pca_matern32,8110,6,1,0.007866864288082061,0.10686623373277333
output_pca_matern32,8110,7,1,0.007818725001050762,2.8360415149428015
output_pca_matern32,8110,8,1,0.012568838363756807,3.0568301736798724
output_pca_matern32,8110,9,1,0.010216117047461287,11.881886400014858
output_pca_matern32,9167,1,1,0.0056133539206185065,3.6612977413030627
output_pca_matern32,9167,2,1,0.007980966808752887,4.1766037297963035
output_pca_matern32,9167,3,1,0.005958539696484438,3.3976137964215214
output_pca_matern32,9167,4,1,0.008535274353814255,3.8706620133853553
output_pca_matern32,9167,5,1,0.012742605723550677,2.643911285819172
output_pca_matern32,9167,6,1,0.06477286527486273,2.601681700359627
output_pca_matern32,9167,7,1,0.010726622511768225,4.864960727603444
output_pca_matern32,9167,8,1,0.02076662949433391,1.0921958793380202
output_pca_matern32,9167,9,1,0.019742860200613013,9.92536893081047
output_pca_matern32,9183,1,1,0.0012156014753859988,2.2966821760904383
output_pca_matern32,9183,2,1,0.002141581702122055,2.8403512749531616
output_pca_matern32,9183,3,1,0.002005263820064373,2.4446652558905937
output_pca_matern32,9183,4,1,0.00375521804477353,2.2738757127938474
output_pca_matern32,9183,5,1,0.006736570564778769,3.7042469832266263
output_pca_matern32,9183,6,1,0.022482121253199996,2.6268873007397753
output_pca_matern32,9183,7,1,0.010171573449883743,2.4673181519268486
output_pca_matern32,9183,8,1,0.015614556435411629,2.3107043679097554
output_pca_matern32,9183,9,1,0.008397103994206245,3.5755334338982254
output_pca_matern32,970,1,2,0.006406067923208113,0.24586296073217634
output_pca_matern32,970,2,2,0.008734094950964244,0.8055779098095522
output_pca_matern32,970,3,2,0.007613152354377006,0.13992340086612204
output_pca_matern32,970,4,2,0.005231763343079291,0.253545364397997
output_pca_matern32,970,5,2,0.018463696449297573,1.8507665791156471
output_pca_matern32,970,6,2,0.01631943781059733,0.34152078678136577
output_pca_matern32,970,7,2,0.005862548226490618,4.426640612353462
output_pca_matern32,970,8,2,0.017614887536819352,1.0353101465675856
output_pca_matern32,970,9,2,0.01615873457982168,1.7680620616394183
output_pca_matern32,970,10,2,0.008803847579576356,5.786533657259652
output_pca_matern32,1063,1,2,0.007965824238603763,4.037856937223394
output_pca_matern32,1063,2,2,0.008991142372209904,4.818556930061146
output_pca_matern32,1063,3,2,0.0081531818110491,2.2010728104550568
output_pca_matern32,1063,4,2,0.010700833540360813,4.709847497736412
output_pca_matern32,1063,5,2,0.009390622701972998,5.039444901063651
output_pca_matern32,1063,6,2,0.005173749438244592,1.2660014552174954
output_pca_matern32,1063,7,2,0.009240884327092675,2.8851325123937746
output_pca_matern32,1063,8,2,0.014836493184486472,3.985751900875898
output_pca_matern32,1063,9,2,0.02155754352397252,1.3398571953365586
output_pca_matern32,1063,10,2,0.014274837571281472,9.961206294981672
output_pca_matern32,1356,1,2,0.006789278552916595,1.11779095938087
output_pca_matern32,1356,2,2,0.007744201401220216,0.9929240452034789
output_pca_matern32,1356,3,2,0.0064336869455114245,2.5055692261924554
output_pca_matern32,1356,4,2,0.009130072850439657,2.416581448947298
output_pca_matern32,1356,5,2,0.015071247971660507,1.1586117394352449
output_pca_matern32,1356,6,2,0.005297538440400567,3.0556886016595612
output_pca_matern32,1356,7,2,0.009287045135897077,2.014378511247171
output_pca_matern32,1356,8,2,0.012302047094003869,1.3536516800212224
output_pca_matern32,1356,9,2,0.019072453853424716,4.088547556389017
output_pca_matern32,2612,1,2,0.002591998108824561,1.5136446123687597
output_pca_matern32,2612,4,2,0.009665963460994756,0.3646157432821662
output_pca_matern32,2612,5,2,0.051661687989639805,1.3563306161663735
output_pca_matern32,2612,6,2,0.05031907738405671,2.4858149520966837
output_pca_matern32,2612,7,2,0.016309157316959942,2.280600122747207
output_pca_matern32,2612,8,2,0.03258738798512085,2.032182947928855
output_pca_matern32,2612,9,2,0.035505526983487155,3.922147905346529
output_pca_matern32,2612,10,2,0.032831783895466655,0.4704330354955415
output_pca_matern32,2889,1,2,0.005582051888570668,2.0310883363320347
output_pca_matern32,2889,2,2,0.008986008029483102,3.176371789928353
output_pca_matern32,2889,3,2,0.0065994450217640565,1.6025142931562928
output_pca_matern32,2889,4,2,0.006321542671722134,2.3549303883598087
output_pca_matern32,2889,5,2,0.010423542507999478,4.0742107013286
output_pca_matern32,2889,8,2,0.01863766426329406,1.261238979574177
output_pca_matern32,2889,9,2,0.024792615264097585,1.8503751050872483
output_pca_matern32,2889,10,2,0.021881940394404366,0.013915704174097996
output_pca_matern32,3927,1,2,0.0010800530949486638,1.0126089862652286
output_pca_matern32,3927,2,2,0.0035621910306275306,0.30292182058451494
output_pca_matern32,3927,3,2,0.004092910966455864,0.399747420230351
output_pca_matern32,3927,4,2,0.002503673415473807,0.02994860530672989
output_pca_matern32,3927,5,2,0.015720223123049513,1.4057485472093747
output_pca_matern32,3927,6,2,0.04154355648445898,0.6948867960188971
output_pca_matern32,3927,7,2,0.017772959444349912,0.5504730784006424
output_pca_matern32,3927,8,2,0.029158881811402745,0.759441318855526
output_pca_matern32,3927,9,2,0.06879574081545592,2.4590579105514476
output_pca_matern32,3927,10,2,0.07568013338726182,2.776505802575866
output_pca_matern32,4391,1,2,0.0006677477967389708,0.15812242816283856
output_pca_matern32,4391,4,2,0.0014426725016657056,0.5840854062544514
output_pca_matern32,4391,5,2,0.04619588373944219,1.2366420562733031
output_pca_matern32,4391,6,2,0.033072782564721924,0.5813447625739232
output_pca_matern32,4391,9,2,0.019279533111589472,0.14084348015518866
output_pca_matern32,4391,10,2,0.010381012999296604,0.6293689694599244
output_pca_matern32,5683,1,2,0.0009575232846832346,2.4406257779489935
output_pca_matern32,5683,2,2,0.0011757176778863343,2.6744465451055985
output_pca_matern32,5683,3,2,0.0007733391671236925,1.2536707234941669
output_pca_matern32,5683,4,2,0.0010267321787814005,1.586123515135914
output_pca_matern32,5683,5,2,0.0026955852605910734,3.0091824072773945
output_pca_matern32,5683,6,2,0.014211383487702069,1.0816651360111027
output_pca_matern32,5683,8,2,0.014960067412006514,0.7965092822975252
output_pca_matern32,5683,10,2,0.016005390111821026,2.6786515358447534
output_pca_matern32,6742,1,2,0.007013212641087893,0.42723412560596974
output_pca_matern32,6742,2,2,0.019697046087536172,1.0161649258326693
output_pca_matern32,6742,3,2,0.013064516125236606,1.5239961162024114
output_pca_matern32,6742,4,2,0.01635028541764437,1.6382290580966468
output_pca_matern32,6742,5,2,0.021875332001241844,0.9705327456326779
output_pca_matern32,6742,6,2,0.017347793524803763,1.4930054589224
output_pca_matern32,6742,7,2,0.018142621581357855,0.39532834769276226
output_pca_matern32,6742,8,2,0.020644528294110273,0.8124209302829349
output_pca_matern32,6742,9,2,0.019944009812738257,0.8323819032098243
output_pca_matern32,6742,10,2,0.026676540033313066,7.956254246961834
output_pca_matern32,8792,1,2,0.008445223652560055,3.206665599781188
output_pca_matern32,8792,2,2,0.013911274986107499,5.120907322494445
output_pca_matern32,8792,3,2,0.0110686740228989,1.7305185285086195
output_pca_matern32,8792,4,2,0.007553034067372389,2.83781277066203
output_pca_matern32,8792,5,2,0.007684140736529599,6.467399006701009
output_pca_matern32,8792,6,2,0.009366741670891446,1.325544857989812
output_pca_matern32,8792,7,2,0.004647386000934359,4.242079891700415
output_pca_matern32,8792,8,2,0.028077130965445687,1.2547389516536658
output_pca_matern32,8792,9,2,0.022840449657232836,0.19666091688361076
output_pca_matern32,8792,10,2,0.013524215125278825,2.7714136296391643
output_pca_matern32,9436,1,2,0.0007399523874872848,0.11715589449882069
output_pca_matern32,9436,2,2,0.0015784488940029115,1.2243245039710458
output_pca_matern32,9436,3,2,0.0017155810884123832,0.4202438148306639
output_pca_matern32,9436,4,2,0.0018677928099957554,0.8139510378291084
output_pca_matern32,9436,5,2,0.11317649973151449,1.4852587963741082
output_pca_matern32,9436,6,2,0.12972077518314132,1.2647825929555356
output_pca_matern32,9436,7,2,0.008832758242259216,0.13828918012799682
output_pca_matern32,9436,8,2,0.009332018269882626,0.7389208698530162
output_pca_matern32,9436,9,2,0.005338056051585017,1.0020308350508051
output_pca_matern32,9436,10,2,0.009161902217074544,0.8175024629398071
output_pca_matern32,9627,1,2,0.007824872828075171,0.5089105613633803
output_pca_matern32,9627,2,2,0.007834282055317887,1.5794763599562085
output_pca_matern32,9627,3,2,0.004855062899001807,0.22632899496106984
output_pca_matern32,9627,4,2,0.0069955460592213276,1.2697375295453832
output_pca_matern32,9627,5,2,0.019858622644180833,3.0420582464216372
output_pca_matern32,9627,6,2,0.012235304092623883,0.1511532602415684
output_pca_matern32,9627,7,2,0.01254485267174446,0.1104680222659157
output_pca_matern32,9627,8,2,0.014679895906312242,1.7705025513684185
output_pca_matern32,9627,9,2,0.02315666856461804,0.6885725260528064
output_pca_matern32,9627,10,2,0.022471417957913638,9.444628777980666
output_pca_matern32,1039,1,3,0.006970392319997293,0.6633572495022126
output_pca_matern32,1039,2,3,0.019893673304504093,1.0639743575644194
output_pca_matern32,1039,3,3,0.008237498676014504,0.32847548392904835
output_pca_matern32,1039,4,3,0.011239643664990584,0.9852543746946133
output_pca_matern32,1039,5,3,0.02168608518511957,2.207813288749818
output_pca_matern32,1039,6,3,0.01924919975534813,0.4230816562984227
output_pca_matern32,1039,7,3,0.025414791102924276,2.5994286966890656
output_pca_matern32,1039,8,3,0.026370357332461958,1.4139186567961997
output_pca_matern32,1039,9,3,0.033085925240623495,3.706848496448041
output_pca_matern32,1062,1,3,0.0012402406431828582,1.1248168687432754
output_pca_matern32,1062,2,3,0.005451844764996054,2.1774109956694137
output_pca_matern32,1062,3,3,0.002682545608301116,1.809187218080527
output_pca_matern32,1062,4,3,0.0028438690005054834,1.6850799518664945
output_pca_matern32,1062,5,3,0.02817156701591897,1.1111811750822091
output_pca_matern32,1062,6,3,0.011426332316547367,2.840543087432297
output_pca_matern32,1062,7,3,0.003957174798214481,2.143456484959196
output_pca_matern32,1062,8,3,0.011185202158099278,2.959418107311859
output_pca_matern32,1062,9,3,0.010695437510686868,1.1499336372399103
output_pca_matern32,1062,10,3,0.006685568733930548,2.197014699871262
output_pca_matern32,2892,1,3,0.002825816958995037,0.5596235665396393
output_pca_matern32,2892,2,3,0.008697627067602813,1.0082701381092178
output_pca_matern32,2892,3,3,0.003221333361983791,0.7684572244471809
output_pca_matern32,2892,4,3,0.0029561788392347514,1.6350289667938789
output_pca_matern32,2892,5,3,0.007483652377794234,0.7044176062810383
output_pca_matern32,2892,6,3,0.006417274662176648,0.49183662554863
output_pca_matern32,2892,7,3,0.010891260145581016,1.1429556438187747
output_pca_matern32,2892,8,3,0.010552962293002352,1.3549026407172
output_pca_matern32,2892,9,3,0.008411925115027741,1.3317366905507206
output_pca_matern32,2892,10,3,0.016268293274140387,3.3983222692881725
output_pca_matern32,3261,1,3,0.0010310844107134021,1.826370971314369
output_pca_matern32,3261,2,3,0.004694030935396866,1.7849212750852257
output_pca_matern32,3261,3,3,0.0020789092272197407,0.43071669487939496
output_pca_matern32,3261,4,3,0.003325062827677356,1.8233191848388033
output_pca_matern32,3261,5,3,0.006853037871801017,1.3272075118899198
output_pca_matern32,3261,6,3,0.015416531953282873,1.2182665895996396
output_pca_matern32,3261,7,3,0.009303140739699073,1.5266495399103799
output_pca_matern32,3261,8,3,0.017554811984684088,2.4863627881584835
output_pca_matern32,3261,9,3,0.023824453439256463,1.1698739873334774
output_pca_matern32,3721,1,3,0.009568500619123831,2.679342470270977
output_pca_matern32,3721,2,3,0.016139498126675447,6.49171635056907
output_pca_matern32,3721,3,3,0.012980315122186082,2.660432518621347
output_pca_matern32,3721,4,3,0.01584467640502841,4.190474465860622
output_pca_matern32,3721,5,3,0.018662547151094735,8.667278141989929
output_pca_matern32,3721,6,3,0.01371997337931421,1.1796862652750766
output_pca_matern32,3721,7,3,0.023125166247682245,7.167729350672911
output_pca_matern32,3721,8,3,0.054165850734588926,2.483628591943635
output_pca_matern32,3721,9,3,0.061333220038235624,9.278854591378446
output_pca_matern32,3721,10,3,0.03083091139832205,8.709296237262691
output_pca_matern32,4387,1,3,0.000953696075518496,2.6361023123599368
output_pca_matern32,4387,2,3,0.0012442495951749065,2.617568115867574
output_pca_matern32,4387,3,3,0.0016177072027805327,1.6054588894922994
output_pca_matern32,4387,4,3,0.0014588296070914112,3.0162795217262732
output_pca_matern32,4387,5,3,0.0014574175108719538,1.9715202383030501
output_pca_matern32,4387,6,3,0.01510852056220975,2.3103347826785883
output_pca_matern32,4387,7,3,0.004728304468441729,2.391280282369727
output_pca_matern32,4387,8,3,0.010251959977268982,3.096059020585693
output_pca_matern32,4387,9,3,0.004509404900458434,2.2796963159880614
output_pca_matern32,4387,10,3,0.004070977169751006,3.7613640257932426
output_pca_matern32,4588,1,3,0.0009310282190995328,1.5856590835097353
output_pca_matern32,4588,2,3,0.00407641454284711,0.3981347556802588
output_pca_matern32,4588,3,3,0.003569858071013132,2.5173584485269953
output_pca_matern32,4588,4,3,0.0032803808085489074,1.0664164913242122
output_pca_matern32,4588,5,3,0.014015009289977993,0.14903815616162533
output_pca_matern32,4588,6,3,0.009773416030191565,3.0249158226199286
output_pca_matern32,4588,7,3,0.010438789510984196,0.7169498310754446
output_pca_matern32,4588,8,3,0.013251076794767978,2.1862447853018474
output_pca_matern32,4723,1,3,0.0005117503536884923,1.4451456283848898
output_pca_matern32,4723,2,3,0.0012122554742207098,0.5869542450846652
output_pca_matern32,4723,3,3,0.0005785483869236778,1.3839551749407388
output_pca_matern32,4723,4,3,0.0009033724275199927,1.2262991095795301
output_pca_matern32,4723,5,3,0.00403392536226866,0.2866221240950851
output_pca_matern32,4723,6,3,0.005365566383605745,0.6019164220286509
output_pca_matern32,4723,7,3,0.003830306229115194,1.318866396451447
output_pca_matern32,4723,8,3,0.052801121716043196,1.1488102744503308
output_pca_matern32,4723,9,3,0.06106403862461565,1.4200722100152192
output_pca_matern32,7846,1,3,0.0033630163291904574,3.5255865932830903
output_pca_matern32,7846,2,3,0.004743364986167225,3.651635957812995
output_pca_matern32,7846,3,3,0.0035815535688275262,3.390831398562171
output_pca_matern32,7846,4,3,0.0036540999593640887,3.853722283603971
output_pca_matern32,7846,5,3,0.00474038562726999,2.659512930089319
output_pca_matern32,7846,7,3,0.0028095055675392915,3.0304653373757358
output_pca_matern32,7846,8,3,0.020597415685381336,4.820383241766753
output_pca_matern32,7846,10,3,0.015083144441074359,1.391811710362876
output_pca_matern32,7876,1,3,0.006529275260150331,1.8546643471786584
output_pca_matern32,7876,2,3,0.006336842451484363,5.321233440380164
output_pca_matern32,7876,3,3,0.005331774296327361,1.4124027635321186
output_pca_matern32,7876,4,3,0.005372827269636083,3.4024167871715503
output_pca_matern32,7876,5,3,0.0056600830934249256,8.83724597407801
output_pca_matern32,7876,6,3,0.01620339734048374,2.228279220050266
output_pca_matern32,7876,7,3,0.004291717253369414,6.694321254541559
output_pca_matern32,7876,8,3,0.036852454735584274,2.6019689406083324
output_pca_matern32,7876,9,3,0.02108188769979012,14.154106964083038
output_pca_matern32,7876,10,3,0.04754970655528249,0.6214180903451854
output_pca_matern32,8705,1,3,0.0010188798607600282,3.19736479130793
output_pca_matern32,8705,2,3,0.002087676070298525,1.3873624362790555
output_pca_matern32,8705,3,3,0.001954374171441785,6.959253841282414
output_pca_matern32,8705,4,3,0.0021667144725396287,2.728933750751653
output_pca_matern32,8705,5,3,0.18957061112383405,1.1096630234012956
output_pca_matern32,8705,6,3,0.15872525417615768,5.703968970522759
output_pca_matern32,8705,9,3,0.008215999686636003,0.8397746070804606
output_pca_matern32,8705,10,3,0.007331104499861784,1.6166500217108315
output_pca_matern32,9064,1,3,0.00037590484850111603,1.8104785261189864
output_pca_matern32,9064,2,3,0.0006745392901061978,1.69388477766569
output_pca_matern32,9064,3,3,0.0007038785105190809,2.214495743158624
output_pca_matern32,9064,4,3,0.0013322209799144814,2.046315475790727
output_pca_matern32,9064,5,3,0.03582610261321212,0.9295614771423519
output_pca_matern32,9064,6,3,0.01745187926221227,2.181189562139717
output_pca_matern32,9064,7,3,0.002830496380950851,1.2224871983043766
output_pca_matern32,9064,8,3,0.007896936039311561,0.8949739642951586
output_pca_matern32,9064,9,3,0.007321611769266993,0.6008625461653295
output_pca_matern32,9064,10,3,0.004002279844978244,1.8554534666741391
direct_hf_rbf,692,1,0,0.004851166415566377,6.679656470813765
direct_hf_rbf,692,2,0,0.006135726942855866,3.8692917696110376
direct_hf_rbf,692,3,0,0.004300319222484771,9.598475333641924
direct_hf_rbf,692,4,0,0.0043044026187018586,4.501299997376126
direct_hf_rbf,692,5,0,0.005083413403269986,2.7140802561112634
direct_hf_rbf,692,6,0,0.021705810992917955,4.468078828001296
direct_hf_rbf,692,7,0,0.009955757686111863,6.525791079487812
direct_hf_rbf,692,8,0,0.015919227466756336,4.324815352571339
direct_hf_rbf,692,9,0,0.010087764038634942,9.412825153295207
direct_hf_rbf,818,1,0,0.006178176469779996,4.661056424576884
direct_hf_rbf,818,4,0,0.005633468774162102,5.808135151584014
direct_hf_rbf,818,5,0,0.13630227074464155,8.633130929356476
direct_hf_rbf,818,6,0,0.2107301522430788,5.997285472029482
direct_hf_rbf,818,9,0,0.015383673302295559,14.254359207126967
direct_hf_rbf,818,10,0,0.01519890484617329,1.7414667190596156
direct_hf_rbf,1793,1,0,0.005158851196836855,4.131709377633048
direct_hf_rbf,1793,2,0,0.006249337903369102,4.496123598996937
direct_hf_rbf,1793,3,0,0.008112934698466525,0.9801716506799762
direct_hf_rbf,1793,4,0,0.00799334028571933,2.576988137908173
direct_hf_rbf,1793,5,0,0.029251350209680477,1.2930720811143812
direct_hf_rbf,1793,6,0,0.014758198545358418,0.983649519842362
direct_hf_rbf,1793,7,0,0.007599401263163302,4.423015521191951
direct_hf_rbf,1793,8,0,0.01590406713077875,0.9989027348401754
direct_hf_rbf,1793,9,0,0.014463849949872735,2.1257303707152455
direct_hf_rbf,1793,10,0,0.013447467947850796,0.4625516026159207
direct_hf_rbf,3144,1,0,0.004942778733369723,5.726386001446089
direct_hf_rbf,3144,2,0,0.005966964075940645,5.33889161943101
direct_hf_rbf,3144,3,0,0.0030557913058851306,11.647740613630704
direct_hf_rbf,3144,4,0,0.004681861245077409,7.406385184376137
direct_hf_rbf,3144,5,0,0.04584107963048152,5.5855238515326
direct_hf_rbf,3144,6,0,0.024700755235445283,10.765218669113109
direct_hf_rbf,3144,7,0,0.007128270494624054,11.078521473956425
direct_hf_rbf,3144,10,0,0.01641315337384109,7.827184348935586
direct_hf_rbf,3455,1,0,0.0013091996358976091,4.809094637455857
direct_hf_rbf,3455,2,0,0.002416285656744509,3.854040810059677
direct_hf_rbf,3455,3,0,0.0016048801695714324,2.417862561751579
direct_hf_rbf,3455,4,0,0.0035284274244006594,5.014255203443715
direct_hf_rbf,3455,5,0,0.017787007416830203,2.6461851991781837
direct_hf_rbf,3455,6,0,0.026407608197410178,5.465835163934982
direct_hf_rbf,3455,7,0,0.004708119397179359,5.323401040122762
direct_hf_rbf,3455,8,0,0.00834833635266106,4.937019865283969
direct_hf_rbf,3455,9,0,0.010395715131173667,4.2389491644625705
direct_hf_rbf,4067,1,0,0.0037310137498868354,0.40393660783421265
direct_hf_rbf,4067,2,0,0.004268573924415625,1.4539481917267194
direct_hf_rbf,4067,3,0,0.006050588556755055,1.8796712161142426
direct_hf_rbf,4067,4,0,0.005826449438005043,0.6275783576704613
direct_hf_rbf,4067,5,0,0.042147516935270066,2.1964907999410914
direct_hf_rbf,4067,6,0,0.012710207543194213,3.1568245135155526
direct_hf_rbf,4067,7,0,0.00792741318542815,1.0404621369397393
direct_hf_rbf,4067,8,0,0.014861599150433913,2.588293878640246
direct_hf_rbf,4067,9,0,0.04006712379710699,2.640371469542474
direct_hf_rbf,4067,10,0,0.0323647556466192,1.8439167485834607
direct_hf_rbf,4365,1,0,0.0013015974461283491,1.7196662293741074
direct_hf_rbf,4365,2,0,0.002174662791785211,2.3203963467929034
direct_hf_rbf,4365,3,0,0.0017093702182696426,1.2955401110603688
direct_hf_rbf,4365,4,0,0.0031532947628982707,0.22661230920231598
direct_hf_rbf,4365,5,0,0.008269796242589344,3.4683441988460815
direct_hf_rbf,4365,6,0,0.016067713745217326,3.4967024318168898
direct_hf_rbf,4365,7,0,0.004323761917911335,2.221378908538896
direct_hf_rbf,4367,1,0,0.001528349581942158,4.440133570116704
direct_hf_rbf,4367,2,0,0.0029279512675321577,5.07499088028914
direct_hf_rbf,4367,3,0,0.0028377836643684747,4.6054806967530375
direct_hf_rbf,4367,4,0,0.004146599867747718,4.026316593119685
direct_hf_rbf,4367,5,0,0.022093508623962397,3.1534804825423897
direct_hf_rbf,4367,6,0,0.013427821137767141,3.0186309462270127
direct_hf_rbf,4367,7,0,0.004210675073856226,2.313673964676005
direct_hf_rbf,4367,10,0,0.011476902806076293,1.3603382562852835
direct_hf_rbf,6667,1,0,0.003395646163808306,5.950875469532341
direct_hf_rbf,6667,2,0,0.002543386007592778,0.5936992922616943
direct_hf_rbf,6667,3,0,0.001686417393926429,1.7696911787241534
direct_hf_rbf,6667,4,0,0.0025941957057432842,2.8716147016089453
direct_hf_rbf,6667,5,0,0.022475218041574267,0.8075523904347264
direct_hf_rbf,6667,6,0,0.017849591413495715,3.3931871678624934
direct_hf_rbf,6667,7,0,0.004789934308181165,2.4716718691128414
direct_hf_rbf,6667,8,0,0.01714432709528497,2.4873449988006966
direct_hf_rbf,6667,9,0,0.036127085915207545,4.394527295788074
direct_hf_rbf,6667,10,0,0.00952056587144109,3.425567170225476
direct_hf_rbf,6999,1,0,0.002080823216265905,1.7481782467048084
direct_hf_rbf,6999,2,0,0.0028887246416330415,0.3509221209111182
direct_hf_rbf,6999,3,0,0.0032014525448477564,3.6416120117342956
direct_hf_rbf,6999,4,0,0.003913392923402597,0.863928631565545
direct_hf_rbf,6999,5,0,0.018369165800188735,0.5381531407501667
direct_hf_rbf,6999,6,0,0.019225412675117917,1.8840845040195984
direct_hf_rbf,6999,7,0,0.006447819232559581,3.2952495520794827
direct_hf_rbf,6999,8,0,0.006270592029198611,2.0248133455638113
direct_hf_rbf,6999,9,0,0.011218283186979025,0.5170010025497026
direct_hf_rbf,6999,10,0,0.03223780954872244,0.5157884807871775
direct_hf_rbf,7267,1,0,0.011300036623867873,13.418368519302367
direct_hf_rbf,7267,2,0,0.015682792522494302,13.43196387289155
direct_hf_rbf,7267,3,0,0.019475918178195675,27.443349454725755
direct_hf_rbf,7267,4,0,0.01574716690484633,20.02075303840292
direct_hf_rbf,7267,5,0,0.05372607292726864,12.67053869356052
direct_hf_rbf,7267,8,0,0.07702393247498832,25.679028093409414
direct_hf_rbf,7267,9,0,0.07618664583177277,16.601767496967263
direct_hf_rbf,7267,10,0,0.02041498482118918,32.4281782321451
direct_hf_rbf,9828,1,0,0.002323729869479871,8.118468112887678
direct_hf_rbf,9828,2,0,0.004252629883904415,4.21144355351084
direct_hf_rbf,9828,3,0,0.004087366115927182,4.89633208074585
direct_hf_rbf,9828,4,0,0.006881009300441766,5.820980629403504
direct_hf_rbf,9828,5,0,0.011672181064713745,3.3586570270269225
direct_hf_rbf,9828,6,0,0.04262474197446805,8.155792642482727
direct_hf_rbf,9828,7,0,0.006083326431638712,9.556325737963983
direct_hf_rbf,9828,8,0,0.013386330463377023,7.064750859565695
direct_hf_rbf,9828,9,0,0.011304362942641755,6.864782137065721
direct_hf_rbf,9828,10,0,0.02344793345521297,5.825803101069285
direct_hf_rbf,871,1,1,0.0036330063379072523,6.047762191392778
direct_hf_rbf,871,2,1,0.004052122229390017,12.85564870405358
direct_hf_rbf,871,3,1,0.003241819204117004,9.951524618542956
direct_hf_rbf,871,4,1,0.004426617765639819,10.302370110899716
direct_hf_rbf,871,5,1,0.022749244480138237,11.205963460927746
direct_hf_rbf,871,6,1,0.022548078772846907,7.566488309382554
direct_hf_rbf,871,7,1,0.008531991604082391,13.523680653203796
direct_hf_rbf,871,8,1,0.012444682121953586,8.663874295352548
direct_hf_rbf,871,9,1,0.021760570620257415,13.853111858904747
direct_hf_rbf,2304,1,1,0.001028521660944484,1.9131586750704535
direct_hf_rbf,2304,2,1,0.003890030557284147,9.585490795778885
direct_hf_rbf,2304,3,1,0.0030174197419793555,2.3214490896664524
direct_hf_rbf,2304,4,1,0.003918433364686202,7.0802952064180475
direct_hf_rbf,2304,5,1,0.03956994937866683,14.210240252478993
direct_hf_rbf,2304,6,1,0.040902040064224605,0.13408246967089915
direct_hf_rbf,2304,7,1,0.0059119368670333145,8.412171348475066
direct_hf_rbf,2304,8,1,0.01947461706208264,7.525632974308459
direct_hf_rbf,2304,9,1,0.0354776966170813,15.736202060031625
direct_hf_rbf,2304,10,1,0.011336590423550893,15.383362839248617
direct_hf_rbf,2776,1,1,0.002170182326678874,15.037506598537004
direct_hf_rbf,2776,2,1,0.006132540367829819,23.291251742308855
direct_hf_rbf,2776,3,1,0.005644737798882791,5.197222660836804
direct_hf_rbf,2776,4,1,0.004354120297517573,14.762690320776096
direct_hf_rbf,2776,5,1,0.010293689473384538,25.210306250376245
direct_hf_rbf,2776,7,1,0.007900318373752975,14.71192227945646
direct_hf_rbf,2776,8,1,0.019778850232531568,14.56204501870027
direct_hf_rbf,2776,9,1,0.02965046445202507,29.306755846320225
direct_hf_rbf,2776,10,1,0.01549595590461917,7.674790780126742
direct_hf_rbf,3283,1,1,0.004723358792038181,9.946381446665395
direct_hf_rbf,3283,4,1,0.008216659045151349,12.596529991885513
direct_hf_rbf,3283,10,1,0.019989693474074165,23.229406118491074
direct_hf_rbf,3565,1,1,0.0036026055901889485,1.4866074996975698
direct_hf_rbf,3565,2,1,0.0032348304673791538,0.9254306209403503
direct_hf_rbf,3565,3,1,0.004408473938294877,3.327477001707265
direct_hf_rbf,3565,4,1,0.0023662961143775937,1.711360205822683
direct_hf_rbf,3565,5,1,0.0459101208592257,5.583872528317317
direct_hf_rbf,3565,6,1,0.030197329404772735,1.9606142988017383
direct_hf_rbf,3565,7,1,0.007655512435172084,3.705310711481378
direct_hf_rbf,3565,8,1,0.01245136860094169,7.250932101572821
direct_hf_rbf,3565,9,1,0.03174282556470006,3.5402537628267123
direct_hf_rbf,3565,10,1,0.014769757380060963,4.81558220239193
direct_hf_rbf,3964,1,1,0.0019500695585749602,4.743891126191553
direct_hf_rbf,3964,2,1,0.003983517078195215,6.301928849099377
direct_hf_rbf,3964,3,1,0.00475135465545584,0.3984425343493999
direct_hf_rbf,3964,4,1,0.00659158794373511,2.8930777451349416
direct_hf_rbf,3964,5,1,0.016727539310646033,6.870364388525542
direct_hf_rbf,3964,6,1,0.026637764603284635,1.9657786817641338
direct_hf_rbf,3964,7,1,0.01709814800717043,4.578863657183569
direct_hf_rbf,3964,8,1,0.02131607565341714,6.9376636651055055
direct_hf_rbf,3964,9,1,0.02281558338685647,5.291831678063899
direct_hf_rbf,3964,10,1,0.018101036874102132,4.015835176954958
direct_hf_rbf,4919,1,1,0.002694463405673097,0.4279225377723652
direct_hf_rbf,4919,2,1,0.0071024761845897,1.7654081785697342
direct_hf_rbf,4919,3,1,0.00485622739829807,3.566256105829684
direct_hf_rbf,4919,4,1,0.008118870711390787,0.15963477290389008
direct_hf_rbf,4919,5,1,0.057269581144569606,6.133610304142123
direct_hf_rbf,4919,6,1,0.048640552093402234,5.481333213244986
direct_hf_rbf,4919,7,1,0.016252817203028003,0.6542082042851726
direct_hf_rbf,4919,8,1,0.021311625562752436,1.9460251502667034
direct_hf_rbf,4919,9,1,0.023012551798822632,1.3141903334789133
direct_hf_rbf,5674,1,1,0.002025323340389228,3.848786243855895
direct_hf_rbf,5674,2,1,0.0019158663346630017,10.127863243575167
direct_hf_rbf,5674,3,1,0.0016774234652080615,6.9688787915040695
direct_hf_rbf,5674,4,1,0.003212952319586847,3.69661403652444
direct_hf_rbf,5674,5,1,0.008766478589141638,6.3783956520085034
direct_hf_rbf,5674,6,1,0.022067393928716133,5.254615852642345
direct_hf_rbf,5674,7,1,0.006670041274803932,9.661283753803122
direct_hf_rbf,5674,8,1,0.01669302940423284,0.019502761276242946
direct_hf_rbf,5674,9,1,0.012448394219250961,3.763974039038999
direct_hf_rbf,5674,10,1,0.008016656378318091,4.495601507219217
direct_hf_rbf,6065,1,1,0.0019582281972159894,1.7312384770370144
direct_hf_rbf,6065,2,1,0.0032290747935741645,1.5786708432488112
direct_hf_rbf,6065,3,1,0.003727186601861108,1.106920816331459
direct_hf_rbf,6065,4,1,0.0033217649542173233,0.43900357380616645
direct_hf_rbf,6065,5,1,0.02443969923937814,3.109173108342581
direct_hf_rbf,6065,6,1,0.02891161644344361,1.10431512483752
direct_hf_rbf,6065,7,1,0.003924014112959605,1.0128321336162813
direct_hf_rbf,6065,8,1,0.009713432634588475,1.1424287834006464
direct_hf_rbf,6065,9,1,0.00785316001996693,3.6179526444718895
direct_hf_rbf,8110,1,1,0.013867078797068094,9.60907481381362
direct_hf_rbf,8110,2,1,0.015598336884126231,8.011398196082432
direct_hf_rbf,8110,3,1,0.010779382312957247,13.819293818559924
direct_hf_rbf,8110,4,1,0.010234342247120389,8.178617463259565
direct_hf_rbf,8110,5,1,0.044444357094797285,0.06112103590417209
direct_hf_rbf,8110,6,1,0.02749373300548387,4.854748314698248
direct_hf_rbf,8110,7,1,0.027594837316231694,1.248126887145762
direct_hf_rbf,8110,8,1,0.03589235846004083,10.881947241023244
direct_hf_rbf,8110,9,1,0.04408836580340315,7.268799376529682
direct_hf_rbf,9167,1,1,0.004852734831728912,0.6636841915503201
direct_hf_rbf,9167,2,1,0.007209323919870318,3.1411715504413147
direct_hf_rbf,9167,3,1,0.005557213045438416,0.3093595901356783
direct_hf_rbf,9167,4,1,0.006261562241551807,0.6906130802707164
direct_hf_rbf,9167,5,1,0.015536146776081285,0.1511503339574017
direct_hf_rbf,9167,6,1,0.023703222214824304,3.4572160525821793
direct_hf_rbf,9167,7,1,0.008633238967611662,0.5096767880037021
direct_hf_rbf,9167,8,1,0.04370400393974189,2.3209151455261248
direct_hf_rbf,9167,9,1,0.01947931637056839,11.739580605189275
direct_hf_rbf,9183,1,1,0.004153467643773456,10.879713979106798
direct_hf_rbf,9183,2,1,0.006746837765306887,14.202288122698524
direct_hf_rbf,9183,3,1,0.006141656954466267,8.930709518503194
direct_hf_rbf,9183,4,1,0.009646023648648106,12.362750630863573
direct_hf_rbf,9183,5,1,0.013935704341112088,13.551374583748997
direct_hf_rbf,9183,6,1,0.021212249289732442,7.103066888139804
direct_hf_rbf,9183,7,1,0.018237040620508807,13.322721965068673
direct_hf_rbf,9183,8,1,0.02186488511544506,9.927224899865106
direct_hf_rbf,9183,9,1,0.017893068991109835,21.284455201876558
direct_hf_rbf,970,1,2,0.001374529637088666,1.4653397582717433
direct_hf_rbf,970,2,2,0.0027386233498126853,3.626102216704972
direct_hf_rbf,970,3,2,0.0019169331735275107,3.1083560826602237
direct_hf_rbf,970,4,2,0.002861687172111701,0.8206277115315231
direct_hf_rbf,970,5,2,0.05062406824552224,3.872151253904666
direct_hf_rbf,970,6,2,0.052386493724179556,5.163158344440263
direct_hf_rbf,970,7,2,0.003964556210213951,5.09176889863729
direct_hf_rbf,970,8,2,0.006630954011979563,0.16126579714044112
direct_hf_rbf,970,9,2,0.009432573976346836,0.5230914774162227
direct_hf_rbf,970,10,2,0.009816920645612523,4.347836569732461
direct_hf_rbf,1063,1,2,0.0012657942908683756,2.832954717669184
direct_hf_rbf,1063,2,2,0.0008816886894905874,3.200815138081446
direct_hf_rbf,1063,3,2,0.0009675880351931776,0.008228907371995109
direct_hf_rbf,1063,4,2,0.002047104973905528,2.918822093200775
direct_hf_rbf,1063,5,2,0.010677976694806217,6.22685070596649
direct_hf_rbf,1063,6,2,0.020892364649261204,1.6392709251445765
direct_hf_rbf,1063,7,2,0.002607541740477652,2.727915154159843
direct_hf_rbf,1063,8,2,0.036164484009555666,7.007991861215121
direct_hf_rbf,1063,9,2,0.04397234062879068,1.625197120731171
direct_hf_rbf,1063,10,2,0.007633150270111262,0.6455230498799847
direct_hf_rbf,1356,1,2,0.0038559347826159353,1.3692716225477453
direct_hf_rbf,1356,2,2,0.005330864398979367,2.7155120665959034
direct_hf_rbf,1356,3,2,0.00484296754338629,9.88084110168825
direct_hf_rbf,1356,4,2,0.004473180579410012,4.105576948713784
direct_hf_rbf,1356,5,2,0.018851344744775546,0.2003497009656049
direct_hf_rbf,1356,6,2,0.01037746168137796,7.257375959995361
direct_hf_rbf,1356,7,2,0.007485233538359267,0.10059049182501643
direct_hf_rbf,1356,8,2,0.016727885971051026,14.942933572187842
direct_hf_rbf,1356,9,2,0.020287117443242013,5.805451154784556
direct_hf_rbf,2612,1,2,0.007218609788273276,3.1168533370343647
direct_hf_rbf,2612,4,2,0.0031830297798190175,2.2667513824071857
direct_hf_rbf,2612,5,2,0.12155460033561663,1.7359271016754587
direct_hf_rbf,2612,6,2,0.12793138419268174,4.128657279314462
direct_hf_rbf,2612,7,2,0.00499694093669691,5.848695559554967
direct_hf_rbf,2612,8,2,0.011977775475532842,4.026153032913207
direct_hf_rbf,2612,9,2,0.015359227734402731,14.458678989820003
direct_hf_rbf,2612,10,2,0.00996982370341346,5.575614239557381
direct_hf_rbf,2889,1,2,0.0035287703003644157,5.357521309033795
direct_hf_rbf,2889,2,2,0.0018148358612247186,3.4094853243870586
direct_hf_rbf,2889,3,2,0.0022257840068501495,2.2432663792626846
direct_hf_rbf,2889,4,2,0.0016006891587150532,5.0549218243114
direct_hf_rbf,2889,5,2,0.008270854627997346,3.178929992400805
direct_hf_rbf,2889,8,2,0.053903165211122595,3.285030709317424
direct_hf_rbf,2889,9,2,0.05629136821230068,4.978913270634881
direct_hf_rbf,2889,10,2,0.020627915314770873,5.587101924027832
direct_hf_rbf,3927,1,2,0.001875680539896667,1.620922412171829
direct_hf_rbf,3927,2,2,0.011632902105281461,2.418795181298641
direct_hf_rbf,3927,3,2,0.0052650992410241725,1.887774384484234
direct_hf_rbf,3927,4,2,0.010622264897542612,0.7529298030913704
direct_hf_rbf,3927,5,2,0.027676305873464552,6.2574972376881695
direct_hf_rbf,3927,6,2,0.012473872880391059,2.9623048823255447
direct_hf_rbf,3927,7,2,0.01518899391103294,4.909560039467351
direct_hf_rbf,3927,8,2,0.007220826179946466,2.752985767551424
direct_hf_rbf,3927,9,2,0.010279075158145752,0.34051667758512966
direct_hf_rbf,3927,10,2,0.05777133719392047,6.932569642742225
direct_hf_rbf,4391,1,2,0.0032257650518561923,0.6276057354184263
direct_hf_rbf,4391,4,2,0.0011157633234119898,0.1445651843455782
direct_hf_rbf,4391,5,2,0.036155646442782054,2.365624499901719
direct_hf_rbf,4391,6,2,0.03954070983918896,0.16753025737379587
direct_hf_rbf,4391,9,2,0.008516078584002891,2.1152390339243192
direct_hf_rbf,4391,10,2,0.005307376187845621,0.1744993996185263
direct_hf_rbf,5683,1,2,0.0036747867822362955,27.52333230384967
direct_hf_rbf,5683,2,2,0.002122167007532207,16.082509664502204
direct_hf_rbf,5683,3,2,0.003017857089219334,5.011036525344125
direct_hf_rbf,5683,4,2,0.005864174001494115,29.786558253230453
direct_hf_rbf,5683,5,2,0.01588511082862993,16.218840035581117
direct_hf_rbf,5683,6,2,0.01645940984722948,5.072292444024201
direct_hf_rbf,5683,8,2,0.03515191552934626,9.432170383572592
direct_hf_rbf,5683,10,2,0.03499751843866987,21.781009132212482
direct_hf_rbf,6742,1,2,0.004364574890999443,6.6222196016364085
direct_hf_rbf,6742,2,2,0.004412607711702612,3.0388549713554407
direct_hf_rbf,6742,3,2,0.005972235291450537,1.2485355850067146
direct_hf_rbf,6742,4,2,0.004497657943951166,8.7324568876749
direct_hf_rbf,6742,5,2,0.03274819825519639,2.405597170458713
direct_hf_rbf,6742,6,2,0.035589440467335746,0.5254945157887871
direct_hf_rbf,6742,7,2,0.0060037185992249725,3.5335276883725473
direct_hf_rbf,6742,8,2,0.013605603080227706,3.343145593568508
direct_hf_rbf,6742,9,2,0.01538453962939661,1.3379924374456145
direct_hf_rbf,6742,10,2,0.01711278376252825,17.258726296400713
direct_hf_rbf,8792,1,2,0.0035554285210641855,1.723346593425383
direct_hf_rbf,8792,2,2,0.0036396474120161154,1.6965779592184234
direct_hf_rbf,8792,3,2,0.0035136160916489877,2.1837887338977127
direct_hf_rbf,8792,4,2,0.005356100066828275,5.468293349213873
direct_hf_rbf,8792,5,2,0.018290607182747762,3.8338446065972644
direct_hf_rbf,8792,6,2,0.01010149206922331,1.1892073389738183
direct_hf_rbf,8792,7,2,0.005769805796829679,1.7763852314062216
direct_hf_rbf,8792,8,2,0.06639683243252853,0.8325351285236797
direct_hf_rbf,8792,9,2,0.07085034756255867,1.595271674331711
direct_hf_rbf,8792,10,2,0.00555909024168166,4.608571264460803
direct_hf_rbf,9436,1,2,0.00379344265681565,0.5089939632772783
direct_hf_rbf,9436,2,2,0.007861767451857106,1.0573720974455294
direct_hf_rbf,9436,3,2,0.006262292606320519,7.706363187662543
direct_hf_rbf,9436,4,2,0.006790724420663055,2.122733760781644
direct_hf_rbf,9436,5,2,0.24618944691599043,3.0189978101379786
direct_hf_rbf,9436,6,2,0.22082773340351788,6.9756818304812125
direct_hf_rbf,9436,7,2,0.011433161173288778,0.9036067997769949
direct_hf_rbf,9436,8,2,0.01893486213101754,7.005218120375293
direct_hf_rbf,9436,9,2,0.02578691068048964,3.059075057044457
direct_hf_rbf,9436,10,2,0.006544983604295238,1.8159600551086437
direct_hf_rbf,9627,1,2,0.004573094729064773,2.2865923027769925
direct_hf_rbf,9627,2,2,0.0071030777636127964,3.1917685228081503
direct_hf_rbf,9627,3,2,0.00495923685948208,2.019422962662945
direct_hf_rbf,9627,4,2,0.006672382634163274,1.9712816537502353
direct_hf_rbf,9627,5,2,0.03448969042870432,1.7479058362831934
direct_hf_rbf,9627,6,2,0.04289497205129996,8.402324035365282
direct_hf_rbf,9627,7,2,0.010259953914055974,5.301126423820335
direct_hf_rbf,9627,8,2,0.022149260537112848,2.791696546776927
direct_hf_rbf,9627,9,2,0.03093653708856282,3.2983053234836626
direct_hf_rbf,9627,10,2,0.027006695471366218,3.3768084202953816
direct_hf_rbf,1039,1,3,0.002634647990511662,8.444223728538736
direct_hf_rbf,1039,2,3,0.004734700079440669,5.574059392767126
direct_hf_rbf,1039,3,3,0.004886284867851773,1.0952702295955943
direct_hf_rbf,1039,4,3,0.005640684646817977,18.607276210538426
direct_hf_rbf,1039,5,3,0.025153947744079107,8.662406019982805
direct_hf_rbf,1039,6,3,0.019247432054340638,3.947280090333799
direct_hf_rbf,1039,7,3,0.007479451861800663,10.176740089177589
direct_hf_rbf,1039,8,3,0.018424403863279176,0.759242210524522
direct_hf_rbf,1039,9,3,0.02253801652800617,7.189055656022163
direct_hf_rbf,1062,1,3,0.009774546148636145,2.1661919606450875
direct_hf_rbf,1062,2,3,0.01570459167664581,9.106220220070478
direct_hf_rbf,1062,3,3,0.012527678362106614,2.370500379503395
direct_hf_rbf,1062,4,3,0.010971318803478985,8.664068929536498
direct_hf_rbf,1062,5,3,0.026442155933983556,13.040043391520134
direct_hf_rbf,1062,6,3,0.0366822883954711,0.4263568452125543
direct_hf_rbf,1062,7,3,0.01586629816567447,5.196672243226448
direct_hf_rbf,1062,8,3,0.024251011806372142,6.733021647308692
direct_hf_rbf,1062,9,3,0.022523855988357495,16.080974636604196
direct_hf_rbf,1062,10,3,0.01353120125457902,9.241217627825561
direct_hf_rbf,2892,1,3,0.0045867886874503975,0.8244656372256302
direct_hf_rbf,2892,2,3,0.0042027386751565116,3.9475750185980187
direct_hf_rbf,2892,3,3,0.006686391851404031,0.24368959023410094
direct_hf_rbf,2892,4,3,0.0046293280367451705,1.3295189533747798
direct_hf_rbf,2892,5,3,0.01368992709446306,1.531145905512035
direct_hf_rbf,2892,6,3,0.007611184519743016,1.7362251484801492
direct_hf_rbf,2892,7,3,0.00499781992095268,1.1492313778069458
direct_hf_rbf,2892,8,3,0.006334976249079332,1.1331233890089818
direct_hf_rbf,2892,9,3,0.009558105437659259,0.6328570310497369
direct_hf_rbf,2892,10,3,0.011322397950809996,1.8016215453811564
direct_hf_rbf,3261,1,3,0.0027908552609741543,13.269041408769638
direct_hf_rbf,3261,2,3,0.0078098228728250944,19.25382865594458
direct_hf_rbf,3261,3,3,0.004678795326184272,9.951980841441761
direct_hf_rbf,3261,4,3,0.0033841889016849036,21.617450941983055
direct_hf_rbf,3261,5,3,0.018724087116871235,23.928221903604268
direct_hf_rbf,3261,6,3,0.026705877927535343,12.96653930852285
direct_hf_rbf,3261,7,3,0.008810226792165662,21.32327235112145
direct_hf_rbf,3261,8,3,0.030250373051293366,13.031043172515707
direct_hf_rbf,3261,9,3,0.03536878964670973,29.225528511754057
direct_hf_rbf,3721,1,3,0.0014713516566560658,1.2624212824137293
direct_hf_rbf,3721,2,3,0.0014960063084030286,2.8152325435883623
direct_hf_rbf,3721,3,3,0.0025821017453844714,2.045883785503832
direct_hf_rbf,3721,4,3,0.0014712047341353123,1.9564975947862535
direct_hf_rbf,3721,5,3,0.005404673325922807,3.8061160856306824
direct_hf_rbf,3721,6,3,0.0073185130702936715,1.2654042948210786
direct_hf_rbf,3721,7,3,0.0028673524812551205,1.3512258127319516
direct_hf_rbf,3721,8,3,0.07791806891523355,2.368892535269044
direct_hf_rbf,3721,9,3,0.08629610573454202,4.3975382221119474
direct_hf_rbf,3721,10,3,0.011340080015940945,1.3941714433933807
direct_hf_rbf,4387,1,3,0.0023323323380691737,5.993087275793455
direct_hf_rbf,4387,2,3,0.0033520401741125743,6.280026569298061
direct_hf_rbf,4387,3,3,0.001367361341199026,8.599922667364917
direct_hf_rbf,4387,4,3,0.0028244343075536174,4.344844223390825
direct_hf_rbf,4387,5,3,0.024092290927926863,10.895214191607199
direct_hf_rbf,4387,6,3,0.024310835245821852,0.7849665682873133
direct_hf_rbf,4387,7,3,0.006712055914484276,3.025141881334774
direct_hf_rbf,4387,8,3,0.016429093656629448,4.361694672122157
direct_hf_rbf,4387,9,3,0.013118267664624593,9.492879082800027
direct_hf_rbf,4387,10,3,0.032142647850219475,8.493670211998962
direct_hf_rbf,4588,1,3,0.0021927569254768797,2.213916674799781
direct_hf_rbf,4588,2,3,0.010049186199346775,6.063760594018473
direct_hf_rbf,4588,3,3,0.009020658896499873,1.810490885886276
direct_hf_rbf,4588,4,3,0.008436079969312473,10.282877655500911
direct_hf_rbf,4588,5,3,0.08147356922773126,10.503974180960814
direct_hf_rbf,4588,6,3,0.07944451219142568,0.0253572580651263
direct_hf_rbf,4588,7,3,0.01367382361536041,4.247000900292976
direct_hf_rbf,4588,8,3,0.01411520310756694,4.767030829162821
direct_hf_rbf,4723,1,3,0.003766004453912227,8.800352150923544
direct_hf_rbf,4723,2,3,0.011805282660282976,3.5309829539068174
direct_hf_rbf,4723,3,3,0.010028027396728199,6.105604037664853
direct_hf_rbf,4723,4,3,0.010475524807729984,5.7191332578582665
direct_hf_rbf,4723,5,3,0.040098643922924296,10.514164745195053
direct_hf_rbf,4723,6,3,0.028323596057297167,2.9080115259263746
direct_hf_rbf,4723,7,3,0.015832481216021235,7.317907584107167
direct_hf_rbf,4723,8,3,0.032858063822781114,1.3142527436617244
direct_hf_rbf,4723,9,3,0.027598033924278356,3.1201906494921707
direct_hf_rbf,7846,1,3,0.0060197059535291725,3.037211984975804
direct_hf_rbf,7846,2,3,0.005379131136905652,0.5614275069187009
direct_hf_rbf,7846,3,3,0.006410641749711706,0.061848777364059304
direct_hf_rbf,7846,4,3,0.004679629022836762,7.80986890945584
direct_hf_rbf,7846,5,3,0.016043104669732685,2.0666030367869026
direct_hf_rbf,7846,7,3,0.0055194255368714975,0.4005367295500163
direct_hf_rbf,7846,8,3,0.03575594393096379,0.8357122515906099
direct_hf_rbf,7846,10,3,0.013803927080829573,2.2733523707208865
direct_hf_rbf,7876,1,3,0.0036261364680767066,0.2391229894907082
direct_hf_rbf,7876,2,3,0.004757046245747299,0.31331765315784343
direct_hf_rbf,7876,3,3,0.0067212879736728735,2.36862138761823
direct_hf_rbf,7876,4,3,0.005157817389634412,6.549515097333697
direct_hf_rbf,7876,5,3,0.02097581085384338,5.438549050122972
direct_hf_rbf,7876,6,3,0.029078840913848682,0.004648827462701501
direct_hf_rbf,7876,7,3,0.008880153141205112,1.040961411597786
direct_hf_rbf,7876,8,3,0.020374829680691695,3.432656713407603
direct_hf_rbf,7876,9,3,0.027721495596930667,13.214968342678235
direct_hf_rbf,7876,10,3,0.01748553387926063,5.045490698163254
direct_hf_rbf,8705,1,3,0.001925485789691537,6.338405350252649
direct_hf_rbf,8705,2,3,0.0031829955233631598,7.6909310931609784
direct_hf_rbf,8705,3,3,0.004453605669079652,3.1616081607571713
direct_hf_rbf,8705,4,3,0.007293268956491911,13.017746304404595
direct_hf_rbf,8705,5,3,0.22583933161573197,8.088987978544386
direct_hf_rbf,8705,6,3,0.23647280091736297,4.3824897432269
direct_hf_rbf,8705,9,3,0.0204410550221064,10.774199178094042
direct_hf_rbf,8705,10,3,0.029083266693941935,16.260570716653753
direct_hf_rbf,9064,1,3,0.0031629609502075756,3.924130924093038
direct_hf_rbf,9064,2,3,0.007214172775221391,1.5946077960176628
direct_hf_rbf,9064,3,3,0.006561207549678447,6.097210990702996
direct_hf_rbf,9064,4,3,0.006583596867688969,0.9624301601836122
direct_hf_rbf,9064,5,3,0.0030360525005127285,6.240808073847595
direct_hf_rbf,9064,6,3,0.003640109466289041,2.4542179431633238
direct_hf_rbf,9064,7,3,0.010018490005851007,4.2931887484071085
direct_hf_rbf,9064,8,3,0.0016478791897784934,4.381637602374042
direct_hf_rbf,9064,9,3,0.003785011229646767,3.6081765810604183
direct_hf_rbf,9064,10,3,0.0067563812638975545,4.524756281252658
direct_hf_matern32,692,1,0,0.0030952170367408546,5.776534348615843
direct_hf_matern32,692,2,0,0.004251607993151037,2.2718865264419796
direct_hf_matern32,692,3,0,0.0027779567920041886,7.006720714862014
direct_hf_matern32,692,4,0,0.003275073324420756,3.7280620734697028
direct_hf_matern32,692,5,0,0.004203242486805843,0.10958763036554382
direct_hf_matern32,692,6,0,0.007217298516410888,5.021918542984712
direct_hf_matern32,692,7,0,0.006614662614656883,4.726105829120916
direct_hf_matern32,692,8,0,0.009787521076862852,15.755971655906876
direct_hf_matern32,692,9,0,0.010142049704112638,7.27872838959384
direct_hf_matern32,818,1,0,0.003703402535121726,5.425631255208418
direct_hf_matern32,818,4,0,0.005408042319976388,6.346063691907032
direct_hf_matern32,818,5,0,0.14405399519054343,9.193845869476927
direct_hf_matern32,818,6,0,0.15301235589438375,4.95892825208165
direct_hf_matern32,818,9,0,0.016970479709353597,10.318716976500752
direct_hf_matern32,818,10,0,0.018722093634300205,0.23696049645772913
direct_hf_matern32,1793,1,0,0.006394448130771737,3.690970250090311
direct_hf_matern32,1793,2,0,0.008920014688462307,4.56679658220088
direct_hf_matern32,1793,3,0,0.008051895164927606,1.6867003296049743
direct_hf_matern32,1793,4,0,0.008174596470601987,2.8104867989158806
direct_hf_matern32,1793,5,0,0.030596982341473587,1.3562587319865202
direct_hf_matern32,1793,6,0,0.02791706808798183,0.6907647492718997
direct_hf_matern32,1793,7,0,0.00964780777768231,3.1339324441379617
direct_hf_matern32,1793,8,0,0.015283031610489052,0.9434050933336623
direct_hf_matern32,1793,9,0,0.01407606445861115,2.7392181021379276
direct_hf_matern32,1793,10,0,0.014520154821623294,0.044548360261919114
direct_hf_matern32,3144,1,0,0.00397693646401308,5.960288032080389
direct_hf_matern32,3144,2,0,0.004866221271185193,7.202500823641746
direct_hf_matern32,3144,3,0,0.0029027223908081553,12.432898534224044
direct_hf_matern32,3144,4,0,0.00426421643177427,9.64123209981103
direct_hf_matern32,3144,5,0,0.04315912167825706,8.657336293533618
direct_hf_matern32,3144,6,0,0.0332556039875147,12.477883193670884
direct_hf_matern32,3144,7,0,0.005747225691294899,10.627675030642669
direct_hf_matern32,3144,10,0,0.017238969380270648,10.227544321062572
direct_hf_matern32,3455,1,0,0.001396826722007996,4.599350744131124
direct_hf_matern32,3455,2,0,0.0024637700906930617,6.426147995517799
direct_hf_matern32,3455,3,0,0.0012815978377416159,2.343526130130833
direct_hf_matern32,3455,4,0,0.0029173023818831957,5.723157817946152
direct_hf_matern32,3455,5,0,0.017105932076358635,6.384392286876114
direct_hf_matern32,3455,6,0,0.016410592103957004,4.06918154467898
direct_hf_matern32,3455,7,0,0.005038491512398558,6.147283928160324
direct_hf_matern32,3455,8,0,0.013520197198652184,2.3753314509732824
direct_hf_matern32,3455,9,0,0.0114037867293851,5.771092160470664
direct_hf_matern32,4067,1,0,0.0043319728680526965,0.3317579616932879
direct_hf_matern32,4067,2,0,0.00437775299523971,1.20282933652186
direct_hf_matern32,4067,3,0,0.006746892250740671,0.24707841315691775
direct_hf_matern32,4067,4,0,0.006433714716860626,0.6416424800472628
direct_hf_matern32,4067,5,0,0.03619121952545287,2.450839800649277
direct_hf_matern32,4067,6,0,0.02255652635298871,3.1830118552223343
direct_hf_matern32,4067,7,0,0.007080001774351379,1.422216420041326
direct_hf_matern32,4067,8,0,0.03622154519492115,3.5241902262065072
direct_hf_matern32,4067,9,0,0.035114162716958,2.780771270194752
direct_hf_matern32,4067,10,0,0.03783040742591524,1.0957532508126422
direct_hf_matern32,4365,1,0,0.0013649592491750667,1.6531405349212716
direct_hf_matern32,4365,2,0,0.0026083482900529616,0.4279922242559519
direct_hf_matern32,4365,3,0,0.0017339635885886935,2.9694484807777313
direct_hf_matern32,4365,4,0,0.0025583448095618565,1.4186612151342641
direct_hf_matern32,4365,5,0,0.008475137884016909,0.7241178095023122
direct_hf_matern32,4365,6,0,0.009984933696034285,3.863281959077869
direct_hf_matern32,4365,7,0,0.004576439349508379,0.503371858760593
direct_hf_matern32,4367,1,0,0.0009026338326861795,4.463867753317549
direct_hf_matern32,4367,2,0,0.0019188570123951636,4.9558172108233425
direct_hf_matern32,4367,3,0,0.0028446880428619156,4.751164428974029
direct_hf_matern32,4367,4,0,0.003488402953655854,4.023804563979742
direct_hf_matern32,4367,5,0,0.016738793727370978,3.024683216228704
direct_hf_matern32,4367,6,0,0.01494716787230529,4.166384117856114
direct_hf_matern32,4367,7,0,0.003858154125384205,3.761407822982514
direct_hf_matern32,4367,10,0,0.009694163578606224,0.7847058120845631
direct_hf_matern32,6667,1,0,0.0038350462582759635,5.5915266288174745
direct_hf_matern32,6667,2,0,0.0033839102501394837,1.2514025454658755
direct_hf_matern32,6667,3,0,0.003930764344197938,3.6929240174669204
direct_hf_matern32,6667,4,0,0.004130272607770166,3.2815100972362448
direct_hf_matern32,6667,5,0,0.023565795013365677,0.7190146146132044
direct_hf_matern32,6667,6,0,0.023021309377794917,4.01789995176364
direct_hf_matern32,6667,7,0,0.005297272129727812,1.685642744107543
direct_hf_matern32,6667,8,0,0.023282383111219752,4.32578220978159
direct_hf_matern32,6667,9,0,0.030951111641141685,3.607650356315601
direct_hf_matern32,6667,10,0,0.009146266109573219,3.6869456340503564
direct_hf_matern32,6999,1,0,0.0025145198850656868,2.16991705915951
direct_hf_matern32,6999,2,0,0.0033710075566206767,2.3290968462439556
direct_hf_matern32,6999,3,0,0.0036039681785674507,2.774311122862063
direct_hf_matern32,6999,4,0,0.004460510855427153,2.062981231120558
direct_hf_matern32,6999,5,0,0.01788456248222177,2.9298475559342285
direct_hf_matern32,6999,6,0,0.020190753266038412,2.78598720803182
direct_hf_matern32,6999,7,0,0.0053678879625419194,1.222888335782889
direct_hf_matern32,6999,8,0,0.012263354992761289,2.6583099655461453
direct_hf_matern32,6999,9,0,0.008450169857244899,3.705683682878306
direct_hf_matern32,6999,10,0,0.026751206375622564,1.1019230502596526
direct_hf_matern32,7267,1,0,0.013053253185554288,14.984544125503794
direct_hf_matern32,7267,2,0,0.016575028441816655,16.57759266300056
direct_hf_matern32,7267,3,0,0.02040730793155006,24.214758679544875
direct_hf_matern32,7267,4,0,0.016612482510076413,22.040157810497774
direct_hf_matern32,7267,5,0,0.05333447130029803,18.44550564389596
direct_hf_matern32,7267,8,0,0.0782983560293759,29.180054687832204
direct_hf_matern32,7267,9,0,0.07622779592289915,18.673989519367122
direct_hf_matern32,7267,10,0,0.022680632232165984,30.597741361412883
direct_hf_matern32,9828,1,0,0.00185060668735539,6.476520995702063
direct_hf_matern32,9828,2,0,0.004586905410999884,5.966055906966018
direct_hf_matern32,9828,3,0,0.004082884135891493,5.94761899384002
direct_hf_matern32,9828,4,0,0.0063829175086780755,6.354081421343011
direct_hf_matern32,9828,5,0,0.013685007597287044,5.018962144089998
direct_hf_matern32,9828,6,0,0.011339924464070292,6.65197098852066
direct_hf_matern32,9828,7,0,0.0067299071039554565,6.692167507818975
direct_hf_matern32,9828,8,0,0.007126066214614744,5.13183417845957
direct_hf_matern32,9828,9,0,0.012653950008716545,5.4571455516205996
direct_hf_matern32,9828,10,0,0.021586238504056787,6.017820269187481
direct_hf_matern32,871,1,1,0.0015386856948136193,5.925816020321361
direct_hf_matern32,871,2,1,0.0036917211783967243,11.960532840196313
direct_hf_matern32,871,3,1,0.002841430944843753,6.480536084458141
direct_hf_matern32,871,4,1,0.004284844590138583,10.575942294048518
direct_hf_matern32,871,5,1,0.021545551630009964,13.051014966095796
direct_hf_matern32,871,6,1,0.026218956895988566,6.45930259586193
direct_hf_matern32,871,7,1,0.00811101107173375,13.685486956118957
direct_hf_matern32,871,8,1,0.023584145035048135,7.600676582761792
direct_hf_matern32,871,9,1,0.03616735812296058,17.032330309791917
direct_hf_matern32,2304,1,1,0.0025161127929879666,4.687000630864783
direct_hf_matern32,2304,2,1,0.003948521515631866,11.96108903380908
direct_hf_matern32,2304,3,1,0.003080489341868238,3.565893086307394
direct_hf_matern32,2304,4,1,0.004421763150201203,8.792147230056168
direct_hf_matern32,2304,5,1,0.03322049129546808,14.500968042951273
direct_hf_matern32,2304,6,1,0.039320541798317156,1.7122515731743302
direct_hf_matern32,2304,7,1,0.007841783141988624,12.417869008290893
direct_hf_matern32,2304,8,1,0.05651835174194907,6.268204920320835
direct_hf_matern32,2304,9,1,0.036616715904968414,18.882390711007687
direct_hf_matern32,2304,10,1,0.01112004794669091,14.940639701444153
direct_hf_matern32,2776,1,1,0.0015381433462081228,13.009581600763378
direct_hf_matern32,2776,2,1,0.0051806284948701965,22.091524856292903
direct_hf_matern32,2776,3,1,0.004578324754030825,4.87276307703637
direct_hf_matern32,2776,4,1,0.0031340585069516247,13.598655752721983
direct_hf_matern32,2776,5,1,0.010838298899635966,25.119684233999223
direct_hf_matern32,2776,7,1,0.006986017310342823,15.451005068588406
direct_hf_matern32,2776,8,1,0.027721023979625625,10.46562665314895
direct_hf_matern32,2776,9,1,0.032608343775704145,34.470293625528555
direct_hf_matern32,2776,10,1,0.01822518042065984,8.821220519961225
direct_hf_matern32,3283,1,1,0.0034353780787194426,10.66710043355847
direct_hf_matern32,3283,4,1,0.007531442123354442,13.605443351029905
direct_hf_matern32,3283,10,1,0.022179542731458033,22.079368145011735
direct_hf_matern32,3565,1,1,0.0022927361598247616,1.0370447439437327
direct_hf_matern32,3565,2,1,0.0031713322325123095,0.7377522597154234
direct_hf_matern32,3565,3,1,0.003179949292229182,3.639222327567909
direct_hf_matern32,3565,4,1,0.0020640156292799187,2.1505792089114206
direct_hf_matern32,3565,5,1,0.04390868406359278,0.5352491740775273
direct_hf_matern32,3565,6,1,0.03401131082738999,3.0836754063761553
direct_hf_matern32,3565,7,1,0.009858169206783195,0.06570335572605955
direct_hf_matern32,3565,8,1,0.027919216709041062,7.136269444174378
direct_hf_matern32,3565,9,1,0.03380744795455682,6.166394659846237
direct_hf_matern32,3565,10,1,0.014392194546278084,4.804199592948573
direct_hf_matern32,3964,1,1,0.002124821017841397,4.168377271078706
direct_hf_matern32,3964,2,1,0.004094444190234775,2.96326862938801
direct_hf_matern32,3964,3,1,0.0051234024331541774,1.5471738042851244
direct_hf_matern32,3964,4,1,0.0061768630357806045,2.8895858974323723
direct_hf_matern32,3964,5,1,0.03883311787307168,4.166782583092324
direct_hf_matern32,3964,6,1,0.02925462835235892,2.553764242482733
direct_hf_matern32,3964,7,1,0.01751372922179753,4.684191729397841
direct_hf_matern32,3964,8,1,0.031530811349945856,12.955902438185436
direct_hf_matern32,3964,9,1,0.023554152658392516,3.7290849456905577
direct_hf_matern32,3964,10,1,0.017728695376691916,1.585160611717882
direct_hf_matern32,4919,1,1,0.003124340835006664,0.4298638031936207
direct_hf_matern32,4919,2,1,0.006925423152941059,0.06979545326654937
direct_hf_matern32,4919,3,1,0.005336328842931795,3.718966203279856
direct_hf_matern32,4919,4,1,0.007410357899302461,0.07904489690415588
direct_hf_matern32,4919,5,1,0.09484144264685805,1.9999849488669068
direct_hf_matern32,4919,6,1,0.057356013647117676,4.639687128187652
direct_hf_matern32,4919,7,1,0.017776731792645693,0.24925287504115237
direct_hf_matern32,4919,8,1,0.028174235377420184,1.4107824976775434
direct_hf_matern32,4919,9,1,0.02965151181728462,2.6071273679262745
direct_hf_matern32,5674,1,1,0.0009312844996092271,3.400536852501978
direct_hf_matern32,5674,2,1,0.0014840576489790504,9.192434770163425
direct_hf_matern32,5674,3,1,0.0020853490657932357,4.459607376992415
direct_hf_matern32,5674,4,1,0.002425205611907408,2.914030456649524
direct_hf_matern32,5674,5,1,0.009781717721545423,8.373667274042784
direct_hf_matern32,5674,6,1,0.02462032191364507,1.945892304016771
direct_hf_matern32,5674,7,1,0.006212263301145966,6.143735469803255
direct_hf_matern32,5674,8,1,0.010158249772708294,1.262354106800344
direct_hf_matern32,5674,9,1,0.013697443077973109,4.838814911433499
direct_hf_matern32,5674,10,1,0.006574274458256619,0.6962277671515231
direct_hf_matern32,6065,1,1,0.0012559880275735704,1.631553848145803
direct_hf_matern32,6065,2,1,0.0020853911441766695,0.5143290760908289
direct_hf_matern32,6065,3,1,0.0023061778767722364,1.0637092512348216
direct_hf_matern32,6065,4,1,0.0022622948087889076,2.2054274999984664
direct_hf_matern32,6065,5,1,0.02569985526119718,0.7103318820811906
direct_hf_matern32,6065,6,1,0.0312188546674708,1.5063335894525263
direct_hf_matern32,6065,7,1,0.002878192282137148,1.0080848121966224
direct_hf_matern32,6065,8,1,0.017766273241756884,2.468191272014982
direct_hf_matern32,6065,9,1,0.02664192528041223,0.6278454558903551
direct_hf_matern32,8110,1,1,0.014777042514503763,8.197857801395728
direct_hf_matern32,8110,2,1,0.015084905547953319,5.976087490404507
direct_hf_matern32,8110,3,1,0.010787700615979761,12.293245171161127
direct_hf_matern32,8110,4,1,0.009772712360222055,7.725011914341072
direct_hf_matern32,8110,5,1,0.04519020343815183,1.8690229397592188
direct_hf_matern32,8110,6,1,0.02866106068394286,4.877280634367502
direct_hf_matern32,8110,7,1,0.023888461619886017,2.756630464732218
direct_hf_matern32,8110,8,1,0.031688442641224494,10.586934660268891
direct_hf_matern32,8110,9,1,0.045729724731617134,6.05764441056959
direct_hf_matern32,9167,1,1,0.006115584707783989,0.3484564017566337
direct_hf_matern32,9167,2,1,0.0069490162564417,2.375845455815946
direct_hf_matern32,9167,3,1,0.005937574773348686,0.7486626005897514
direct_hf_matern32,9167,4,1,0.006033942461390429,1.8673660167212636
direct_hf_matern32,9167,5,1,0.01646247885987144,4.495385195798677
direct_hf_matern32,9167,6,1,0.023572450985956228,2.463077111365938
direct_hf_matern32,9167,7,1,0.010524040170350855,0.2659478624646931
direct_hf_matern32,9167,8,1,0.038587857569722495,0.11176103981837708
direct_hf_matern32,9167,9,1,0.020563622457585785,14.459378314405352
direct_hf_matern32,9183,1,1,0.003930770838098161,9.93652326463843
direct_hf_matern32,9183,2,1,0.007321087907120002,10.39999842790735
direct_hf_matern32,9183,3,1,0.006754316671133638,7.591985688474737
direct_hf_matern32,9183,4,1,0.009966884439430007,11.95269997102459
direct_hf_matern32,9183,5,1,0.03158001481790155,11.69407769641662
direct_hf_matern32,9183,6,1,0.02437784911416477,7.817567951239455
direct_hf_matern32,9183,7,1,0.01637456764438824,12.371420366796421
direct_hf_matern32,9183,8,1,0.024173152372667487,8.414188021971247
direct_hf_matern32,9183,9,1,0.022346242524100397,11.785273001165546
direct_hf_matern32,970,1,2,0.0005541718830599787,1.6842377798302068
direct_hf_matern32,970,2,2,0.0008300171460677992,4.627461116393226
direct_hf_matern32,970,3,2,0.0013519506578016725,3.63138791824186
direct_hf_matern32,970,4,2,0.0016895470823765867,0.6554597782816127
direct_hf_matern32,970,5,2,0.0623520467901352,4.088392535580302
direct_hf_matern32,970,6,2,0.06445735649913382,5.027028040092405
direct_hf_matern32,970,7,2,0.002924239825657806,4.790042542702442
direct_hf_matern32,970,8,2,0.006919358412460102,0.4322479072133488
direct_hf_matern32,970,9,2,0.008212097605871028,1.4025301998746311
direct_hf_matern32,970,10,2,0.007180486572567237,2.793057017266222
direct_hf_matern32,1063,1,2,0.0012405834025312529,2.1123787251977837
direct_hf_matern32,1063,2,2,0.0016757996678261815,0.13806327682845368
direct_hf_matern32,1063,3,2,0.0012142839135509589,1.1753792212880685
direct_hf_matern32,1063,4,2,0.0016325285469810278,2.157887623810691
direct_hf_matern32,1063,5,2,0.012914306392086912,0.6057065517879755
direct_hf_matern32,1063,6,2,0.010618590836077023,2.030163672656371
direct_hf_matern32,1063,7,2,0.0018512117172890484,0.7294998527506921
direct_hf_matern32,1063,8,2,0.0454026564646186,5.808438307060756
direct_hf_matern32,1063,9,2,0.04527880633355147,3.2546321987261315
direct_hf_matern32,1063,10,2,0.006966826100851039,1.1838530850651103
direct_hf_matern32,1356,1,2,0.004295946772702204,0.12686631408235208
direct_hf_matern32,1356,2,2,0.006612801510260576,3.3337794498904243
direct_hf_matern32,1356,3,2,0.005644253427612238,8.938290721259866
direct_hf_matern32,1356,4,2,0.005259522752815703,1.208997692722385
direct_hf_matern32,1356,5,2,0.018279542006716762,1.8238453489553879
direct_hf_matern32,1356,6,2,0.01286406477853297,6.679464704905982
direct_hf_matern32,1356,7,2,0.008143473877079694,1.0504527473515082
direct_hf_matern32,1356,8,2,0.013183163747026742,13.29247027683506
direct_hf_matern32,1356,9,2,0.018070216767194107,5.344571053762686
direct_hf_matern32,2612,1,2,0.006897375002232341,1.6303203156245045
direct_hf_matern32,2612,4,2,0.002488308465878209,2.9956717456025626
direct_hf_matern32,2612,5,2,0.11023227188893847,7.525133410489017
direct_hf_matern32,2612,6,2,0.1133438237453483,1.0490308614336048
direct_hf_matern32,2612,7,2,0.004624189169968678,6.921363568442261
direct_hf_matern32,2612,8,2,0.008895881317272005,3.034255878950674
direct_hf_matern32,2612,9,2,0.01156259484370534,9.9057417749924
direct_hf_matern32,2612,10,2,0.008395267074895435,3.6600601938075488
direct_hf_matern32,2889,1,2,0.004018385672123053,6.235211500124677
direct_hf_matern32,2889,2,2,0.0030639646092844065,3.234416737114633
direct_hf_matern32,2889,3,2,0.00387227200701159,2.3297226586502573
direct_hf_matern32,2889,4,2,0.0023506986377012443,5.737900798938836
direct_hf_matern32,2889,5,2,0.011961200960542411,4.256978066589046
direct_hf_matern32,2889,8,2,0.05223069699523185,3.3530766944773633
direct_hf_matern32,2889,9,2,0.05377053865372814,5.713007703452965
direct_hf_matern32,2889,10,2,0.01936553415692394,7.181666173693014
direct_hf_matern32,3927,1,2,0.0016928614529193942,1.0424263952277422
direct_hf_matern32,3927,2,2,0.007881830968631815,0.822865627973063
direct_hf_matern32,3927,3,2,0.0040020705235333295,1.0573360817679183
direct_hf_matern32,3927,4,2,0.00890826242455411,1.248221535977296
direct_hf_matern32,3927,5,2,0.022585251701993624,1.9773869396569683
direct_hf_matern32,3927,6,2,0.012032697566950112,1.201067252648064
direct_hf_matern32,3927,7,2,0.01362259276679507,1.893478871957127
direct_hf_matern32,3927,8,2,0.00997540541628801,4.904414726168684
direct_hf_matern32,3927,9,2,0.011064735080335661,1.4194624108309972
direct_hf_matern32,3927,10,2,0.061350658051632104,5.585318480846048
direct_hf_matern32,4391,1,2,0.0015965644146399749,0.5207717967417058
direct_hf_matern32,4391,4,2,0.0010998726920028754,0.18655119047665236
direct_hf_matern32,4391,5,2,0.043323660098561964,0.4719988796226924
direct_hf_matern32,4391,6,2,0.05001414713327683,0.861539682175901
direct_hf_matern32,4391,9,2,0.008322498632118652,2.0529918802587006
direct_hf_matern32,4391,10,2,0.006138258105325655,0.9943432737671044
direct_hf_matern32,5683,1,2,0.0024292877064688127,25.627213727663847
direct_hf_matern32,5683,2,2,0.001369978263339824,15.705439400497603
direct_hf_matern32,5683,3,2,0.002415722452279594,8.560580609782562
direct_hf_matern32,5683,4,2,0.004844575801448769,26.179376156865825
direct_hf_matern32,5683,5,2,0.012207688596535055,17.03264153139307
direct_hf_matern32,5683,6,2,0.01201832891812965,6.821359590223742
direct_hf_matern32,5683,8,2,0.03737960114401438,9.157193281286979
direct_hf_matern32,5683,10,2,0.03408926976028746,23.849140372955247
direct_hf_matern32,6742,1,2,0.005485007263381852,6.277780548708433
direct_hf_matern32,6742,2,2,0.005072054598620459,4.737823746094363
direct_hf_matern32,6742,3,2,0.006263600207537871,2.032913432505501
direct_hf_matern32,6742,4,2,0.004925724385248389,8.39981539037103
direct_hf_matern32,6742,5,2,0.03506446271686892,5.589607090362504
direct_hf_matern32,6742,6,2,0.025040626304003763,1.5391754132070423
direct_hf_matern32,6742,7,2,0.006447050839410945,5.255700562649878
direct_hf_matern32,6742,8,2,0.011395836121466232,0.5180841961155924
direct_hf_matern32,6742,9,2,0.015110611367445377,2.156451445250804
direct_hf_matern32,6742,10,2,0.014570826555245022,16.622914531067554
direct_hf_matern32,8792,1,2,0.0019053121591965376,2.006700690518701
direct_hf_matern32,8792,2,2,0.0023475299262766722,2.844717477764751
direct_hf_matern32,8792,3,2,0.0028256837048740734,0.6357182215750513
direct_hf_matern32,8792,4,2,0.0032185386492539596,3.330328037191815
direct_hf_matern32,8792,5,2,0.014779574872261756,3.382743184482116
direct_hf_matern32,8792,6,2,0.009949702346147555,0.7943154100167313
direct_hf_matern32,8792,7,2,0.003757992640736008,2.474551483527029
direct_hf_matern32,8792,8,2,0.060749299742440505,0.3892579700892713
direct_hf_matern32,8792,9,2,0.064600637547376,0.42389731069661996
direct_hf_matern32,8792,10,2,0.006759541828839246,3.7816165086362448
direct_hf_matern32,9436,1,2,0.004095851839207476,1.3227156320766655
direct_hf_matern32,9436,2,2,0.006760224955352229,0.7813479418792384
direct_hf_matern32,9436,3,2,0.005700985483200285,6.248515645905606
direct_hf_matern32,9436,4,2,0.006689388742491532,1.4743284120446754
direct_hf_matern32,9436,5,2,0.22676230571902625,2.969394319748493
direct_hf_matern32,9436,6,2,0.2117018227427898,6.559512765258928
direct_hf_matern32,9436,7,2,0.011161689963230236,0.14297706943220426
direct_hf_matern32,9436,8,2,0.014946418408723577,6.873913912131388
direct_hf_matern32,9436,9,2,0.023298477991103204,3.6129155733034466
direct_hf_matern32,9436,10,2,0.008779241720908664,0.7702580092132219
direct_hf_matern32,9627,1,2,0.00428267937709359,2.5738290262791983
direct_hf_matern32,9627,2,2,0.006916926131650608,4.042024526063326
direct_hf_matern32,9627,3,2,0.005119170952696245,4.679931455956802
direct_hf_matern32,9627,4,2,0.006550571738208299,2.293066316235436
direct_hf_matern32,9627,5,2,0.03581041419962951,2.0985824466537153
direct_hf_matern32,9627,6,2,0.03251254565561936,7.605590009276871
direct_hf_matern32,9627,7,2,0.009971022472724935,6.819288532375687
direct_hf_matern32,9627,8,2,0.018119550873861898,4.36347721736092
direct_hf_matern32,9627,9,2,0.026391673874955675,1.725809983716089
direct_hf_matern32,9627,10,2,0.023351150863208457,4.494197442944669
direct_hf_matern32,1039,1,3,0.00303159977487103,7.72753572840319
direct_hf_matern32,1039,2,3,0.0046659603159466085,6.262236493571692
direct_hf_matern32,1039,3,3,0.0037501095254615126,0.3864437546195416
direct_hf_matern32,1039,4,3,0.004976845894275248,11.401872394707015
direct_hf_matern32,1039,5,3,0.02779277048721132,8.73358501785113
direct_hf_matern32,1039,6,3,0.025328846041054582,4.137966547925809
direct_hf_matern32,1039,7,3,0.007604097764631383,9.617485585244362
direct_hf_matern32,1039,8,3,0.016908496201810255,3.086286107646705
direct_hf_matern32,1039,9,3,0.022664740101653286,9.351442175726387
direct_hf_matern32,1062,1,3,0.009966545897497046,4.127664749807236
direct_hf_matern32,1062,2,3,0.01575258976864444,7.4477322507427095
direct_hf_matern32,1062,3,3,0.014321265473689752,3.9776227663793464
direct_hf_matern32,1062,4,3,0.010262861769131977,6.207420610839016
direct_hf_matern32,1062,5,3,0.02401806471717416,11.710247342899716
direct_hf_matern32,1062,6,3,0.03539721885073528,2.0522101156777817
direct_hf_matern32,1062,7,3,0.014421343515847599,6.192987358639706
direct_hf_matern32,1062,8,3,0.022979972028730925,7.561549943408932
direct_hf_matern32,1062,9,3,0.02027346841589647,14.209926819487471
direct_hf_matern32,1062,10,3,0.011873190346737615,10.913032732363048
direct_hf_matern32,2892,1,3,0.0016991975488399856,2.3112015801808465
direct_hf_matern32,2892,2,3,0.0006750536953663522,1.4934377384325652
direct_hf_matern32,2892,3,3,0.0014182711299036215,0.9834110927230105
direct_hf_matern32,2892,4,3,0.0011636013025338682,3.446556245962287
direct_hf_matern32,2892,5,3,0.013314036438539553,3.4202250897167583
direct_hf_matern32,2892,6,3,0.006135752526239784,2.9995766855377037
direct_hf_matern32,2892,7,3,0.0020716320166306733,2.133523608513175
direct_hf_matern32,2892,8,3,0.00615983366992154,1.5888316456390752
direct_hf_matern32,2892,9,3,0.009349338365209403,1.3412348085058912
direct_hf_matern32,2892,10,3,0.01102659725490124,1.256939058111689
direct_hf_matern32,3261,1,3,0.0032886529930611294,14.268460084499802
direct_hf_matern32,3261,2,3,0.006158583763195068,19.03107295130646
direct_hf_matern32,3261,3,3,0.004261592598044822,12.470986636384625
direct_hf_matern32,3261,4,3,0.003398590367989268,16.811844146034804
direct_hf_matern32,3261,5,3,0.015462163795526757,21.50388762650551
direct_hf_matern32,3261,6,3,0.019152394941485244,13.665187519998945
direct_hf_matern32,3261,7,3,0.006689114060935733,20.693964260111596
direct_hf_matern32,3261,8,3,0.030476573493601417,16.006072166615482
direct_hf_matern32,3261,9,3,0.03426634821846101,24.15634759558226
direct_hf_matern32,3721,1,3,0.002001919735475325,0.6390692127828351
direct_hf_matern32,3721,2,3,0.0010647906131647637,2.7852552086137767
direct_hf_matern32,3721,3,3,0.0016301631503995626,1.017704848689904
direct_hf_matern32,3721,4,3,0.0014799115657016077,0.08411703740110836
direct_hf_matern32,3721,5,3,0.004217834592001043,4.003125779509662
direct_hf_matern32,3721,6,3,0.003246939801572024,0.8647865641867314
direct_hf_matern32,3721,7,3,0.001733411310737588,0.7083447046117183
direct_hf_matern32,3721,8,3,0.07797491673858713,0.8092093280444189
direct_hf_matern32,3721,9,3,0.08644302689348836,3.953736474289227
direct_hf_matern32,3721,10,3,0.013508168893194393,1.10866380826502
direct_hf_matern32,4387,1,3,0.0019592113533983186,4.186547172628458
direct_hf_matern32,4387,2,3,0.0019058489822552686,5.897426291841163
direct_hf_matern32,4387,3,3,0.002903943541778784,4.597752082667365
direct_hf_matern32,4387,4,3,0.004309856599254026,0.9869845337058604
direct_hf_matern32,4387,5,3,0.026352128791175156,8.901330792607078
direct_hf_matern32,4387,6,3,0.025016162098176177,0.8610881962000784
direct_hf_matern32,4387,7,3,0.008918685085569474,2.320199901458281
direct_hf_matern32,4387,8,3,0.017364483478047643,1.1084943805350014
direct_hf_matern32,4387,9,3,0.013482249649733071,6.799098606728818
direct_hf_matern32,4387,10,3,0.03159355383957363,9.72247182677248
direct_hf_matern32,4588,1,3,0.0021129864999048283,1.7045303192164052
direct_hf_matern32,4588,2,3,0.007406158885359303,4.191363142537107
direct_hf_matern32,4588,3,3,0.007239471144866724,0.1751990566997038
direct_hf_matern32,4588,4,3,0.007645350103217567,1.3009895363892119
direct_hf_matern32,4588,5,3,0.08699789839367195,5.700160810407286
direct_hf_matern32,4588,6,3,0.0779450368439644,0.5408601624989667
direct_hf_matern32,4588,7,3,0.011257549230941322,4.7736964195540645
direct_hf_matern32,4588,8,3,0.014180204553165402,2.136483249198635
direct_hf_matern32,4723,1,3,0.004069893229937626,8.058015027591017
direct_hf_matern32,4723,2,3,0.00996803998926185,3.5028561754370333
direct_hf_matern32,4723,3,3,0.007853769906098845,3.955648123138658
direct_hf_matern32,4723,4,3,0.010522121888547366,3.595254523984746
direct_hf_matern32,4723,5,3,0.023785637705172464,7.039969722887713
direct_hf_matern32,4723,6,3,0.014547427377688129,1.6846941145708034
direct_hf_matern32,4723,7,3,0.013697027056830154,4.564665777194715
direct_hf_matern32,4723,8,3,0.03344347952272558,1.1612861955913096
direct_hf_matern32,4723,9,3,0.02678969829054813,2.203615242241051
direct_hf_matern32,7846,1,3,0.003870837862402494,3.5737019675147152
direct_hf_matern32,7846,2,3,0.0028582439205832887,2.4862389186608778
direct_hf_matern32,7846,3,3,0.0034967431526997522,2.689216770760429
direct_hf_matern32,7846,4,3,0.002870572890003932,3.8300086309214647
direct_hf_matern32,7846,5,3,0.012397189582417834,2.401968166180865
direct_hf_matern32,7846,7,3,0.0035666253871033606,3.0582788706238695
direct_hf_matern32,7846,8,3,0.03847937684847177,4.39164035073943
direct_hf_matern32,7846,10,3,0.01656435943688631,5.822128239478084
direct_hf_matern32,7876,1,3,0.004266148920458774,1.9370502949097859
direct_hf_matern32,7876,2,3,0.0050614753801671575,1.4173149820050759
direct_hf_matern32,7876,3,3,0.005340136676198845,0.9674700757185076
direct_hf_matern32,7876,4,3,0.0048081008410573315,0.5910439916541366
direct_hf_matern32,7876,5,3,0.019440292198013884,5.12488090112703
direct_hf_matern32,7876,6,3,0.028323011397567845,0.42922098882487997
direct_hf_matern32,7876,7,3,0.007202600961480451,4.197371607360046
direct_hf_matern32,7876,8,3,0.01762098019779809,2.5141847573164555
direct_hf_matern32,7876,9,3,0.02603842125160752,9.901330088024709
direct_hf_matern32,7876,10,3,0.018602085260718597,2.0675636781188294
direct_hf_matern32,8705,1,3,0.002177026922726261,6.037069302132431
direct_hf_matern32,8705,2,3,0.004157582914219878,7.724257520958436
direct_hf_matern32,8705,3,3,0.005330474056563631,3.4226439453952056
direct_hf_matern32,8705,4,3,0.007381714695225474,6.073121204489063
direct_hf_matern32,8705,5,3,0.22224430058143896,10.163456722420975
direct_hf_matern32,8705,6,3,0.23215120032373376,3.243249444395988
direct_hf_matern32,8705,9,3,0.020064361145240284,9.797818783826632
direct_hf_matern32,8705,10,3,0.02773051294020011,15.896719842906467
direct_hf_matern32,9064,1,3,0.0021148251941729593,1.9673655396428877
direct_hf_matern32,9064,2,3,0.003992038814389416,1.3113853638452886
direct_hf_matern32,9064,3,3,0.004030432461449818,1.9511943683302444
direct_hf_matern32,9064,4,3,0.004506831492144756,1.3899720725969722
direct_hf_matern32,9064,5,3,0.0025605677750520357,5.054383493899125
direct_hf_matern32,9064,6,3,0.0025851212269973893,0.02234979741247918
direct_hf_matern32,9064,7,3,0.007160688334489033,0.8819731766049528
direct_hf_matern32,9064,8,3,0.002247432398259337,1.3354010899285136
direct_hf_matern32,9064,9,3,0.003845945935209927,3.8995778541917785
direct_hf_matern32,9064,10,3,0.00818594369989407,6.9108903470577605
cokriging_rbf,692,1,0,0.0005656110192193878,0.5496616514416015
cokriging_rbf,692,2,0,0.0015708820232550357,2.138040842411719
cokriging_rbf,692,3,0,0.0010657273108613157,0.0433794502886804
cokriging_rbf,692,4,0,0.0016434825128479101,0.7494903083724436
cokriging_rbf,692,5,0,0.010570703810199637,2.7446628525354906
cokriging_rbf,692,6,0,0.01202680906230272,0.05304761263800414
cokriging_rbf,692,7,0,0.002764234243781495,1.0770901002930329
cokriging_rbf,692,8,0,0.01746754074913278,0.09165122205037149
cokriging_rbf,692,9,0,0.006520791326338724,0.5175668469203657
cokriging_rbf,818,1,0,0.002070651622524729,2.37058003645034
cokriging_rbf,818,4,0,0.00456979852264663,2.205020484413826
cokriging_rbf,818,5,0,0.09991216511641836,1.6732534546690236
cokriging_rbf,818,6,0,0.11297886113879713,3.521541870246629
cokriging_rbf,818,9,0,0.01494294580422667,0.6587486994984952
cokriging_rbf,818,10,0,0.004464653835941919,2.7813517750893526
cokriging_rbf,1793,1,0,0.021140494374183555,4.1322410476930465
cokriging_rbf,1793,2,0,0.022889952727664992,11.392304594706394
cokriging_rbf,1793,3,0,0.020134959704318892,0.5534737812338439
cokriging_rbf,1793,4,0,0.020572432265829062,6.167341560391751
cokriging_rbf,1793,5,0,0.05783333349664647,17.496984357830783
cokriging_rbf,1793,6,0,0.02807628866989635,1.3838326169913706
cokriging_rbf,1793,7,0,0.027650008461483015,11.54250505881865
cokriging_rbf,1793,8,0,0.01649452058058941,4.373887965228704
cokriging_rbf,1793,9,0,0.09604625742176777,16.66750506979314
cokriging_rbf,1793,10,0,0.01583468935612025,8.262930867393647
cokriging_rbf,3144,1,0,0.009333664833274908,3.3685718212936213
cokriging_rbf,3144,2,0,0.01978328764430573,7.829192008589457
cokriging_rbf,3144,3,0,0.022138589403322074,4.603046009073187
cokriging_rbf,3144,4,0,0.022501272245068957,6.555909881114254
cokriging_rbf,3144,5,0,0.038048231634005565,10.462154622661778
cokriging_rbf,3144,6,0,0.04908614557702825,6.121862555114409
cokriging_rbf,3144,7,0,0.030481448170098388,9.035539943121856
cokriging_rbf,3144,10,0,0.038802637129514275,10.4135039088984
cokriging_rbf,3455,1,0,0.0028127589534552625,1.0952081120985953
cokriging_rbf,3455,2,0,0.002654867167663529,2.339253967404632
cokriging_rbf,3455,3,0,0.0016980839472418828,0.8104547699245666
cokriging_rbf,3455,4,0,0.00266886694308865,0.8881890854023373
cokriging_rbf,3455,5,0,0.010866669268176508,2.7932678963117246
cokriging_rbf,3455,6,0,0.017958963303241437,0.2729343471495074
cokriging_rbf,3455,7,0,0.0034022076157173356,0.8364876181628602
cokriging_rbf,3455,8,0,0.00616305809575764,0.18337640252038437
cokriging_rbf,3455,9,0,0.015943944397303376,0.7467042373721631
cokriging_rbf,4067,1,0,0.0020980112342432644,1.8407621648913215
cokriging_rbf,4067,2,0,0.0015492879662326387,1.861968574158844
cokriging_rbf,4067,3,0,0.0075376105986927925,1.310174316602424
cokriging_rbf,4067,4,0,0.0042981142514594275,1.83419608326806
cokriging_rbf,4067,5,0,0.035345110618645724,1.86696346006505
cokriging_rbf,4067,6,0,0.02600962888098709,0.02965461344903873
cokriging_rbf,4067,7,0,0.0070160660396991125,0.5493120250880473
cokriging_rbf,4067,8,0,0.062032750584147825,1.694284870265753
cokriging_rbf,4067,9,0,0.059130382954018734,2.177917676305044
cokriging_rbf,4067,10,0,0.03466964993347692,0.6094576210333518
cokriging_rbf,4365,1,0,0.003941119461874383,0.5935716349023147
cokriging_rbf,4365,2,0,0.0067123317763112195,0.21017238411792577
cokriging_rbf,4365,3,0,0.0038380634196464726,0.708504610559446
cokriging_rbf,4365,4,0,0.0048135711922317245,0.6516623449797216
cokriging_rbf,4365,5,0,0.004181543769201572,0.14547885819069126
cokriging_rbf,4365,6,0,0.01144707643082797,0.21208609054917504
cokriging_rbf,4365,7,0,0.007164290916558329,1.7739302341604386
cokriging_rbf,4367,1,0,0.00041663359406169336,1.223490907923187
cokriging_rbf,4367,2,0,0.0026402979097977283,0.20179718539016606
cokriging_rbf,4367,3,0,0.0009234749874446851,0.14633318190065142
cokriging_rbf,4367,4,0,0.00179567435111206,1.2379875633204598
cokriging_rbf,4367,5,0,0.02621987963455177,0.24871741612649229
cokriging_rbf,4367,6,0,0.015102809474976988,1.5728110210185524
cokriging_rbf,4367,7,0,0.0044069894329799835,1.2065155267515837
cokriging_rbf,4367,10,0,0.004839335562475708,2.6728835301555574
cokriging_rbf,6667,1,0,0.000942490237453131,2.0683386391683367
cokriging_rbf,6667,2,0,0.003979664706098787,2.197648491894299
cokriging_rbf,6667,3,0,0.0018540054714334538,0.8013828684360921
cokriging_rbf,6667,4,0,0.0013775528858393062,2.2900918831025416
cokriging_rbf,6667,5,0,0.009403428802215941,2.451802079127656
cokriging_rbf,6667,6,0,0.015562484925230572,2.4011445585480917
cokriging_rbf,6667,7,0,0.00810735257137661,3.8642907301007163
cokriging_rbf,6667,8,0,0.03271002737783071,2.17842444511243
cokriging_rbf,6667,9,0,0.02093722306910731,0.29138884648292057
cokriging_rbf,6667,10,0,0.008037371281889947,1.725868012982309
cokriging_rbf,6999,1,0,0.004450417864604557,2.1534324060035
cokriging_rbf,6999,2,0,0.007594784592400712,2.2967161316925924
cokriging_rbf,6999,3,0,0.009259828646300629,0.3848062520801489
cokriging_rbf,6999,4,0,0.013119539795264548,3.169217584640504
cokriging_rbf,6999,5,0,0.03151651356374041,2.2613257222235026
cokriging_rbf,6999,6,0,0.03821802973430207,0.4788747193840949
cokriging_rbf,6999,7,0,0.016671636003153308,4.789374854786324
cokriging_rbf,6999,8,0,0.016792101817964977,3.0016368931335444
cokriging_rbf,6999,9,0,0.06345858574201142,4.900842104709082
cokriging_rbf,6999,10,0,0.02768285734883256,3.577121216547748
cokriging_rbf,7267,1,0,0.0017379107431748984,0.9868532945858672
cokriging_rbf,7267,2,0,0.004800468486485271,0.39624163470814083
cokriging_rbf,7267,3,0,0.004178097504718141,1.274034648462281
cokriging_rbf,7267,4,0,0.006029801073089923,0.8331556700257904
cokriging_rbf,7267,5,0,0.012901121789215002,0.5296716401577399
cokriging_rbf,7267,8,0,0.03161738254267606,1.5661872249847244
cokriging_rbf,7267,9,0,0.03543120528853875,2.0326716168165206
cokriging_rbf,7267,10,0,0.02813358159216994,1.7384376121822687
cokriging_rbf,9828,1,0,0.0009184410487529044,1.3964306119152494
cokriging_rbf,9828,2,0,0.002340219948166043,1.7678492403877528
cokriging_rbf,9828,3,0,0.0011010366709971972,1.8800065843273457
cokriging_rbf,9828,4,0,0.00272240008645499,1.5345758505803784
cokriging_rbf,9828,5,0,0.02869022100415248,1.614151503053771
cokriging_rbf,9828,6,0,0.004090831403875349,1.7606972175140625
cokriging_rbf,9828,7,0,0.00426969582610247,1.1103375864445806
cokriging_rbf,9828,8,0,0.007087492079071937,0.4865468816390877
cokriging_rbf,9828,9,0,0.004468413498174137,0.579020180578139
cokriging_rbf,9828,10,0,0.012631923651720278,2.719783285448181
cokriging_rbf,871,1,1,0.022176701039694317,3.454861557843447
cokriging_rbf,871,2,1,0.03146063245500704,8.639612966987773
cokriging_rbf,871,3,1,0.024167541690562813,3.0637965676055683
cokriging_rbf,871,4,1,0.030333507482630147,6.061171240103678
cokriging_rbf,871,5,1,0.03430722792654384,13.32447778833555
cokriging_rbf,871,6,1,0.014770530526918903,3.87075672553783
cokriging_rbf,871,7,1,0.03641530225052626,9.516038388834954
cokriging_rbf,871,8,1,0.021118083835250177,2.8177973197978394
cokriging_rbf,871,9,1,0.049837229788170685,3.8274218758878114
cokriging_rbf,2304,1,1,0.02114710228340958,4.988872189684246
cokriging_rbf,2304,2,1,0.03172523963845836,12.978155849922645
cokriging_rbf,2304,3,1,0.022712673048173867,2.6191083009166953
cokriging_rbf,2304,4,1,0.028977131335329476,6.711743258222985
cokriging_rbf,2304,5,1,0.037945220061100154,19.120762257633068
cokriging_rbf,2304,6,1,0.02650284745146118,2.730020560667242
cokriging_rbf,2304,7,1,0.03771839315568204,10.781869342494037
cokriging_rbf,2304,8,1,0.020461766767413257,4.232059937407624
cokriging_rbf,2304,9,1,0.05005046917895876,23.27944463447129
cokriging_rbf,2304,10,1,0.029243166739695788,6.9889254060794785
cokriging_rbf,2776,1,1,0.001440012124581084,2.1629537569149577
cokriging_rbf,2776,2,1,0.0023606042589005543,1.7840494183960263
cokriging_rbf,2776,3,1,0.003532643794366227,2.779883012060629
cokriging_rbf,2776,4,1,0.0023348752385606284,2.6628275155152745
cokriging_rbf,2776,5,1,0.013088475227471474,1.1740878867917695
cokriging_rbf,2776,7,1,0.0033677482768457567,1.5968053218074767
cokriging_rbf,2776,8,1,0.017859205830065356,0.4037303893465549
cokriging_rbf,2776,9,1,0.0167996246315189,4.810635645309327
cokriging_rbf,2776,10,1,0.008952223337042613,2.73855288850505
cokriging_rbf,3283,1,1,0.0016536756982782396,1.6615155845394076
cokriging_rbf,3283,4,1,0.003980759569198126,1.1940858072912002
cokriging_rbf,3283,10,1,0.015949797593655977,3.1794768650913
cokriging_rbf,3565,1,1,0.0013174960755682932,1.3514891449780013
cokriging_rbf,3565,2,1,0.005110952466465452,0.8857857999158336
cokriging_rbf,3565,3,1,0.003216923993503626,2.025799117969602
cokriging_rbf,3565,4,1,0.003763344753235548,1.9180518680955683
cokriging_rbf,3565,5,1,0.026355713985237155,1.2879247634329014
cokriging_rbf,3565,6,1,0.02020424654195104,2.2785526982453614
cokriging_rbf,3565,7,1,0.010350580412077249,1.956376774097079
cokriging_rbf,3565,8,1,0.021917069864399712,1.8686330282218706
cokriging_rbf,3565,9,1,0.016712982112763407,0.681588335051636
cokriging_rbf,3565,10,1,0.0068371874926231365,2.591158476421975
cokriging_rbf,3964,1,1,0.0013199023611551387,0.3958348740308104
cokriging_rbf,3964,2,1,0.005682327305552636,0.6075321083867187
cokriging_rbf,3964,3,1,0.003400161388434965,0.6114875624585265
cokriging_rbf,3964,4,1,0.004261685931666007,0.3609293705076679
cokriging_rbf,3964,5,1,0.11416985802722884,0.11639360151590987
cokriging_rbf,3964,6,1,0.02066166992075705,1.5086116930719478
cokriging_rbf,3964,7,1,0.010674668177842793,0.7049666992271528
cokriging_rbf,3964,8,1,0.010210407513261669,0.6453687868350488
cokriging_rbf,3964,9,1,0.008739213106503635,3.9784376066316227
cokriging_rbf,3964,10,1,0.008385545334843121,0.5549969912989037
cokriging_rbf,4919,1,1,0.0013400194955836013,0.8504864342647379
cokriging_rbf,4919,2,1,0.0037701913430027534,0.5075880697427528
cokriging_rbf,4919,3,1,0.004197609669784237,0.9421207547725718
cokriging_rbf,4919,4,1,0.003909583681531142,0.5550939043778085
cokriging_rbf,4919,5,1,0.017968568036236015,0.9316449229699119
cokriging_rbf,4919,6,1,0.027431420238995963,1.6568168998933526
cokriging_rbf,4919,7,1,0.0076022589927576345,0.13787399152450225
cokriging_rbf,4919,8,1,0.01026843071587783,2.720501394142011
cokriging_rbf,4919,9,1,0.011178241317511746,4.466613456059376
cokriging_rbf,5674,1,1,0.00280876154702037,1.3036409317745075
cokriging_rbf,5674,2,1,0.0065670833404882795,2.3311905649703553
cokriging_rbf,5674,3,1,0.00700274920842949,0.30191665898228115
cokriging_rbf,5674,4,1,0.008143036207306806,1.6431425236809687
cokriging_rbf,5674,5,1,0.024011821303806073,2.8906280782636133
cokriging_rbf,5674,6,1,0.01840699199029124,0.7322213093732558
cokriging_rbf,5674,7,1,0.01007531097720147,1.9088949424921482
cokriging_rbf,5674,8,1,0.012962432987891447,1.9530041053024179
cokriging_rbf,5674,9,1,0.014358581084355887,0.4472155687515331
cokriging_rbf,5674,10,1,0.018224181546544177,1.0407153042981605
cokriging_rbf,6065,1,1,0.0013357290423611438,0.05351381663184625
cokriging_rbf,6065,2,1,0.004173771621744115,0.5708376445188227
cokriging_rbf,6065,3,1,0.00238085110339707,0.592003091875253
cokriging_rbf,6065,4,1,0.0033375542366145257,0.04840001910432353
cokriging_rbf,6065,5,1,0.011993135000740429,0.557248243500086
cokriging_rbf,6065,6,1,0.011771240936396964,0.039626344707900225
cokriging_rbf,6065,7,1,0.0060176492660605424,0.4259350873603297
cokriging_rbf,6065,8,1,0.012405259108397137,0.07109377016440108
cokriging_rbf,6065,9,1,0.012019864764374326,1.9708764600439546
cokriging_rbf,8110,1,1,0.002430957653851135,1.512702770263865
cokriging_rbf,8110,2,1,0.006692078413357972,2.840505845962312
cokriging_rbf,8110,3,1,0.004871060243156692,0.07149776564679017
cokriging_rbf,8110,4,1,0.006797943703790554,0.9199229459292785
cokriging_rbf,8110,5,1,0.01749454276442552,3.3146995402645705
cokriging_rbf,8110,6,1,0.007124047020416312,0.26294257973967733
cokriging_rbf,8110,7,1,0.012333687330051189,2.121211790224542
cokriging_rbf,8110,8,1,0.02247452022132937,2.847151170683406
cokriging_rbf,8110,9,1,0.019526158685826998,9.875766428795698
cokriging_rbf,9167,1,1,0.005205704824887745,3.7648825103187784
cokriging_rbf,9167,2,1,0.006869273310204465,4.202798104670302
cokriging_rbf,9167,3,1,0.004538241126942499,4.018446512540373
cokriging_rbf,9167,4,1,0.006050264673600447,3.9840564185305953
cokriging_rbf,9167,5,1,0.008293714694743916,4.660611245218624
cokriging_rbf,9167,6,1,0.06376832994043172,2.8959883822884036
cokriging_rbf,9167,7,1,0.008368318787435441,5.087414221043953
cokriging_rbf,9167,8,1,0.021182790358021196,1.1056981574025595
cokriging_rbf,9167,9,1,0.026298014243646754,11.991668702329312
cokriging_rbf,9183,1,1,0.002109849012874654,2.0986153231302147
cokriging_rbf,9183,2,1,0.004828013002769827,2.21991488315652
cokriging_rbf,9183,3,1,0.003129642350481748,2.929341550453928
cokriging_rbf,9183,4,1,0.0038346621589821694,2.0508360805046384
cokriging_rbf,9183,5,1,0.005010056270290483,1.8545803598118948
cokriging_rbf,9183,6,1,0.05316764270526393,2.7949910753130696
cokriging_rbf,9183,7,1,0.010321324219889726,2.0498492074972536
cokriging_rbf,9183,8,1,0.007192626110812969,2.150821339664045
cokriging_rbf,9183,9,1,0.014538538366709155,3.4431946741381303
cokriging_rbf,970,1,2,0.008252376906036588,0.7971805618992224
cokriging_rbf,970,2,2,0.014797131339161135,0.1376653787584662
cokriging_rbf,970,3,2,0.010856477223174036,1.9362673103349464
cokriging_rbf,970,4,2,0.009677328710924386,1.1247287098409509
cokriging_rbf,970,5,2,0.02032169847219259,4.073344628309938
cokriging_rbf,970,6,2,0.01723423552013995,0.5110234505760639
cokriging_rbf,970,7,2,0.00657160845029352,1.1880636789750634
cokriging_rbf,970,8,2,0.010646739146914986,0.4576646685641599
cokriging_rbf,970,9,2,0.02156587897919392,2.3864440825171878
cokriging_rbf,970,10,2,0.015043957823286916,0.4091481664288529
cokriging_rbf,1063,1,2,0.001163845312496272,4.1609839827496895
cokriging_rbf,1063,2,2,0.0030915845111198995,9.202127736226096
cokriging_rbf,1063,3,2,0.002145450717748142,2.720651748424
cokriging_rbf,1063,4,2,0.008296095236559933,6.7116123758395325
cokriging_rbf,1063,5,2,0.01209831825164299,5.0072537253004015
cokriging_rbf,1063,6,2,0.013177452333324173,1.6436583404698901
cokriging_rbf,1063,7,2,0.006824264961765158,10.106349750368897
cokriging_rbf,1063,8,2,0.009796252372349707,4.038671080122561
cokriging_rbf,1063,9,2,0.019936427074146435,2.7122990014112665
cokriging_rbf,1063,10,2,0.016114452411462143,8.638645839556034
cokriging_rbf,1356,1,2,0.005483402695589498,1.0612172175389343
cokriging_rbf,1356,2,2,0.009222934565472359,1.6949105483846736
cokriging_rbf,1356,3,2,0.006449423562537135,0.8396814981418159
cokriging_rbf,1356,4,2,0.008103749092314438,1.820506737461905
cokriging_rbf,1356,5,2,0.015760105909344107,2.9279411227068746
cokriging_rbf,1356,6,2,0.01155009093588703,3.280167730349235
cokriging_rbf,1356,7,2,0.011820766060690997,1.2808802389581844
cokriging_rbf,1356,8,2,0.010830493178610998,0.542002592923843
cokriging_rbf,1356,9,2,0.020420151215594016,4.312640586483911
cokriging_rbf,2612,1,2,0.006873910677361863,2.1689100708754876
cokriging_rbf,2612,4,2,0.0038256029630388167,2.4507733657745505
cokriging_rbf,2612,5,2,0.0508088042939184,2.8819841657493463
cokriging_rbf,2612,6,2,0.04866276414786795,2.0946948142860324
cokriging_rbf,2612,7,2,0.009344055918702302,3.6078945602031327
cokriging_rbf,2612,8,2,0.032128210636186816,2.4139710730310253
cokriging_rbf,2612,9,2,0.03710855062141702,3.667456247239447
cokriging_rbf,2612,10,2,0.03002443549995969,0.31562780422941894
cokriging_rbf,2889,1,2,0.0060280231391706155,1.6514863787630731
cokriging_rbf,2889,2,2,0.00665835746722454,1.091701133425807
cokriging_rbf,2889,3,2,0.006712954654219698,1.265926868412114
cokriging_rbf,2889,4,2,0.004353421057258979,1.1058666288105425
cokriging_rbf,2889,5,2,0.007872094477717263,4.97073869677993
cokriging_rbf,2889,8,2,0.021750099037171827,1.4101532083506378
cokriging_rbf,2889,9,2,0.028956137960252884,0.7214211032319519
cokriging_rbf,2889,10,2,0.013121836023404413,1.332726654767422
cokriging_rbf,3927,1,2,0.00324947332265446,1.5520456821720874
cokriging_rbf,3927,2,2,0.002662166317172838,4.504943865212701
cokriging_rbf,3927,3,2,0.003437844432054777,0.010121871075869565
cokriging_rbf,3927,4,2,0.004309891495841486,2.971792889612089
cokriging_rbf,3927,5,2,0.03313771433665866,0.9893475995950701
cokriging_rbf,3927,6,2,0.03732320237729361,0.7473857761751134
cokriging_rbf,3927,7,2,0.003975272213849205,5.515321022247832
cokriging_rbf,3927,8,2,0.03518625496720186,1.325258224388814
cokriging_rbf,3927,9,2,0.048737821834398745,3.089338833171942
cokriging_rbf,3927,10,2,0.08991615368881255,1.1254641500170448
cokriging_rbf,4391,1,2,0.0006734209143913811,0.22173593034091563
cokriging_rbf,4391,4,2,0.0010715165560081965,0.31435174813417704
cokriging_rbf,4391,5,2,0.006122592673371146,1.8955755229057545
cokriging_rbf,4391,6,2,0.017882786933488378,0.34780260133931207
cokriging_rbf,4391,9,2,0.009434039892194487,0.07339092645864206
cokriging_rbf,4391,10,2,0.0054365892430226544,0.053806502115852195
cokriging_rbf,5683,1,2,0.0007377477954639261,3.5327935997775723
cokriging_rbf,5683,2,2,0.00295187762429658,5.980518428354117
cokriging_rbf,5683,3,2,0.0015925353615933086,2.231982940973611
cokriging_rbf,5683,4,2,0.0008212380910148499,3.4135129966797058
cokriging_rbf,5683,5,2,0.005000222058816521,2.6711813489679384
cokriging_rbf,5683,6,2,0.019946528992971693,1.5642513182146944
cokriging_rbf,5683,8,2,0.011718775725019824,1.809993640169748
cokriging_rbf,5683,10,2,0.012385167041451279,1.383214983085358
cokriging_rbf,6742,1,2,0.007492048692926945,0.01995372352182083
cokriging_rbf,6742,2,2,0.018611210537486423,0.8305813192401049
cokriging_rbf,6742,3,2,0.012084328782600236,1.8288328766637993
cokriging_rbf,6742,4,2,0.014696934690348743,0.5619268643495099
cokriging_rbf,6742,5,2,0.024991622547510042,0.16610619201594756
cokriging_rbf,6742,6,2,0.013489373483787013,1.763717629861483
cokriging_rbf,6742,7,2,0.017959400569881375,0.1579790462878497
cokriging_rbf,6742,8,2,0.02270768375333438,1.3842590518884794
cokriging_rbf,6742,9,2,0.03280379170427045,1.0833395994816426
cokriging_rbf,6742,10,2,0.04343707723698868,7.278548624856307
cokriging_rbf,8792,1,2,0.00972484229262738,3.351892517690258
cokriging_rbf,8792,2,2,0.013519357068101133,7.660414372420292
cokriging_rbf,8792,3,2,0.011664072490491654,1.6403948375932087
cokriging_rbf,8792,4,2,0.009333069619757144,3.7302653496535094
cokriging_rbf,8792,5,2,0.03352785958365678,10.496663396880193
cokriging_rbf,8792,6,2,0.012737158292236053,1.821600246175725
cokriging_rbf,8792,7,2,0.004511128705036945,6.024824565316802
cokriging_rbf,8792,8,2,0.019625376123409838,1.9349434070174631
cokriging_rbf,8792,9,2,0.04263518181214015,3.5329007389988414
cokriging_rbf,8792,10,2,0.029501723939259265,3.6708884654938494
cokriging_rbf,9436,1,2,0.0008861758964306954,0.35399041382650726
cokriging_rbf,9436,2,2,0.003562729608481397,0.6503411865068516
cokriging_rbf,9436,3,2,0.0012340157168187781,0.3664224914894972
cokriging_rbf,9436,4,2,0.0011180796614624704,0.6783496042887969
cokriging_rbf,9436,5,2,0.18012736353055878,1.1097443803006621
cokriging_rbf,9436,6,2,0.14988368188100407,1.1418109744081806
cokriging_rbf,9436,7,2,0.0026381786847346532,0.22774203334043408
cokriging_rbf,9436,8,2,0.010225807950599991,0.9762993210466806
cokriging_rbf,9436,9,2,0.005280746174768385,0.7746805988941463
cokriging_rbf,9436,10,2,0.004083651784707948,0.238454441108072
cokriging_rbf,9627,1,2,0.006171564715971838,1.0242133706794236
cokriging_rbf,9627,2,2,0.006711475031689475,0.4229099841606796
cokriging_rbf,9627,3,2,0.005009816891824849,0.9501653455929451
cokriging_rbf,9627,4,2,0.007932322083381441,0.10452443122357043
cokriging_rbf,9627,5,2,0.02870457257737799,5.004446917369765
cokriging_rbf,9627,6,2,0.01736809654684655,0.5935650648675582
cokriging_rbf,9627,7,2,0.010806783063097812,1.033963496975423
cokriging_rbf,9627,8,2,0.016472622475822513,1.2026097857718494
cokriging_rbf,9627,9,2,0.021596661039421795,0.18218817729412679
cokriging_rbf,9627,10,2,0.017809272798624737,3.3271955341182893
cokriging_rbf,1039,1,3,0.005522363408331236,1.2531458637957937
cokriging_rbf,1039,2,3,0.007450669939612644,2.466392561964657
cokriging_rbf,1039,3,3,0.005209936026925253,0.12200707831904874
cokriging_rbf,1039,4,3,0.0075996756076658475,1.7742544282938373
cokriging_rbf,1039,5,3,0.04010570094944859,4.690546349841283
cokriging_rbf,1039,6,3,0.020840333761521293,0.31185397626148864
cokriging_rbf,1039,7,3,0.015172125161291551,3.1206805889106133
cokriging_rbf,1039,8,3,0.022638633022014083,1.9680452029487476
cokriging_rbf,1039,9,3,0.02621714302328117,4.654557578032283
cokriging_rbf,1062,1,3,0.000786454790194826,0.4543569291199559
cokriging_rbf,1062,2,3,0.0013037039751323013,4.066225761323246
cokriging_rbf,1062,3,3,0.0012660226239269178,1.9608256305656098
cokriging_rbf,1062,4,3,0.0017735828998054698,1.5949219602589484
cokriging_rbf,1062,5,3,0.022571911581785793,1.4763009015232096
cokriging_rbf,1062,6,3,0.03404290660385547,3.4301919156583964
cokriging_rbf,1062,7,3,0.0026003642954141367,2.8498905264179997
cokriging_rbf,1062,8,3,0.011370701184608313,2.4245994731751908
cokriging_rbf,1062,9,3,0.0076069941339914965,0.883653998120958
cokriging_rbf,1062,10,3,0.017992992194455392,1.3336753599121758
cokriging_rbf,2892,1,3,0.0027307214774943103,0.8757817402424377
cokriging_rbf,2892,2,3,0.006239129161206231,4.493173584489217
cokriging_rbf,2892,3,3,0.0031583032770210236,1.4880251529962858
cokriging_rbf,2892,4,3,0.001611588006313832,1.7385542783455301
cokriging_rbf,2892,5,3,0.02105828612825679,3.3619640030814115
cokriging_rbf,2892,6,3,0.006866835957376869,0.4533297116516974
cokriging_rbf,2892,7,3,0.0076472400400773325,3.7078588502423355
cokriging_rbf,2892,8,3,0.009999252539826699,1.039485867957156
cokriging_rbf,2892,9,3,0.009360853597743956,1.5130511238716648
cokriging_rbf,2892,10,3,0.009406669701049065,3.547939325417618
cokriging_rbf,3261,1,3,0.0009848908751749809,1.9172165047008987
cokriging_rbf,3261,2,3,0.002006514572888261,3.630471460292449
cokriging_rbf,3261,3,3,0.0014383900157546544,1.1317281924569276
cokriging_rbf,3261,4,3,0.002000414395073566,2.0499082214378186
cokriging_rbf,3261,5,3,0.011863914963649838,2.0417131489020646
cokriging_rbf,3261,6,3,0.05285571644600531,2.145425493916118
cokriging_rbf,3261,7,3,0.009944943160546293,1.0555307091014419
cokriging_rbf,3261,8,3,0.01928881696108202,2.503574737382484
cokriging_rbf,3261,9,3,0.02112092286381906,0.05814311853176651
cokriging_rbf,3721,1,3,0.0058912506687484175,2.4257058977267576
cokriging_rbf,3721,2,3,0.006905117466055018,4.763836459994386
cokriging_rbf,3721,3,3,0.007369440115034516,2.423621063113469
cokriging_rbf,3721,4,3,0.013116247250444975,3.818794011585664
cokriging_rbf,3721,5,3,0.024702217525532626,7.295325409141896
cokriging_rbf,3721,6,3,0.019709074863075535,1.1374015967244606
cokriging_rbf,3721,7,3,0.024240210953243864,4.086283290914775
cokriging_rbf,3721,8,3,0.0574357872209966,2.898877076862432
cokriging_rbf,3721,9,3,0.05578080957366272,8.442025569907596
cokriging_rbf,3721,10,3,0.019855802830030158,7.593505589281619
cokriging_rbf,4387,1,3,0.0015564568977832218,2.8188828068298752
cokriging_rbf,4387,2,3,0.0016906624095147482,4.302080751253653
cokriging_rbf,4387,3,3,0.002540179580555352,2.116104447090688
cokriging_rbf,4387,4,3,0.0016810323651216881,3.7557110106612424
cokriging_rbf,4387,5,3,0.003768916902569701,3.6121217116313837
cokriging_rbf,4387,6,3,0.025914239940926325,3.0434239153202567
cokriging_rbf,4387,7,3,0.007736468217028863,2.8960951260231864
cokriging_rbf,4387,8,3,0.011035337692388656,3.0628313279111534
cokriging_rbf,4387,9,3,0.003730158915901615,2.630584841760303
cokriging_rbf,4387,10,3,0.016972882351649222,3.578699602216556
cokriging_rbf,4588,1,3,0.001109628008581658,1.5119359654787923
cokriging_rbf,4588,2,3,0.003493175560020929,2.3576561697553964
cokriging_rbf,4588,3,3,0.003926969216278779,2.4849761056995474
cokriging_rbf,4588,4,3,0.003102091773730357,0.7477373186509622
cokriging_rbf,4588,5,3,0.013443914745087734,0.7653689909220744
cokriging_rbf,4588,6,3,0.053880106346137976,2.9314038408214445
cokriging_rbf,4588,7,3,0.010726194852394046,0.23383824680368973
cokriging_rbf,4588,8,3,0.012059409360388466,1.7260814085016793
cokriging_rbf,4723,1,3,0.0004570002389597253,1.6027027621928667
cokriging_rbf,4723,2,3,0.0009641078404376935,0.3363630249330724
cokriging_rbf,4723,3,3,0.00044925544443439973,0.8200495395819027
cokriging_rbf,4723,4,3,0.001040507270096704,1.3460666139706379
cokriging_rbf,4723,5,3,0.007399877365362644,0.6438199512824471
cokriging_rbf,4723,6,3,0.07034675985290915,0.5311401350205086
cokriging_rbf,4723,7,3,0.007012230614135735,1.6465561262459998
cokriging_rbf,4723,8,3,0.0490998760401738,1.2629601114894984
cokriging_rbf,4723,9,3,0.0601617574197447,1.069991764534128
cokriging_rbf,7846,1,3,0.004633237619798271,3.75961351604805
cokriging_rbf,7846,2,3,0.006245268665966783,6.414897400460889
cokriging_rbf,7846,3,3,0.004264928861629193,3.824448206192697
cokriging_rbf,7846,4,3,0.004353866222282176,3.901409827248762
cokriging_rbf,7846,5,3,0.006537271952558663,4.397870051809421
cokriging_rbf,7846,7,3,0.003319447304151618,4.351887087515448
cokriging_rbf,7846,8,3,0.023660527416537794,4.637470988980777
cokriging_rbf,7846,10,3,0.016609117055708295,1.450957903632155
cokriging_rbf,7876,1,3,0.012536232040670127,1.8600545007694442
cokriging_rbf,7876,2,3,0.01218824399675863,4.359383336670165
cokriging_rbf,7876,3,3,0.010038277563567554,1.816221524763512
cokriging_rbf,7876,4,3,0.00840268958106941,3.284726238898181
cokriging_rbf,7876,5,3,0.007056281851362446,10.287106904993724
cokriging_rbf,7876,6,3,0.019899680172597,3.566402495116742
cokriging_rbf,7876,7,3,0.012600652496372608,7.577318923587563
cokriging_rbf,7876,8,3,0.038555438193018904,3.1116322590381733
cokriging_rbf,7876,9,3,0.015110212118492398,15.919733630077351
cokriging_rbf,7876,10,3,0.011636888236254752,1.3189394445274687
cokriging_rbf,8705,1,3,0.0016064181463085834,3.188649162318928
cokriging_rbf,8705,2,3,0.0021890022740726944,1.2203506171655778
cokriging_rbf,8705,3,3,0.0017290727508637491,6.075341932264521
cokriging_rbf,8705,4,3,0.002218821053611347,2.684943728013556
cokriging_rbf,8705,5,3,0.1807191530986632,0.796696225888965
cokriging_rbf,8705,6,3,0.1582373230930904,6.134346822021127
cokriging_rbf,8705,9,3,0.007498854983212709,1.0338980321217432
cokriging_rbf,8705,10,3,0.007461329034186978,2.0814773248986413
cokriging_rbf,9064,1,3,0.00047266052905330173,2.3799272533491584
cokriging_rbf,9064,2,3,0.0007091136340860005,3.041183831863505
cokriging_rbf,9064,3,3,0.0007722392153079868,1.7208319123191482
cokriging_rbf,9064,4,3,0.0016018325464303863,2.9632023073295763
cokriging_rbf,9064,5,3,0.032764839411852216,2.569380103331844
cokriging_rbf,9064,6,3,0.0042682464651533115,2.238726743028819
cokriging_rbf,9064,7,3,0.003529448706761298,2.1958598716146773
cokriging_rbf,9064,8,3,0.007297012063916276,0.9999184118348049
cokriging_rbf,9064,9,3,0.005221587665616212,0.7369742693229078
cokriging_rbf,9064,10,3,0.0054273519798335584,1.0861869585946602
cokriging_matern32,692,1,0,0.00040958804067438596,0.8064595352547645
cokriging_matern32,692,2,0,0.0006655357541408656,1.8040132760262517
cokriging_matern32,692,3,0,0.0009822707216905248,0.13839201627360492
cokriging_matern32,692,4,0,0.0013374109348107373,1.0028108184973994
cokriging_matern32,692,5,0,0.007279503779821409,2.3560865751805755
cokriging_matern32,692,6,0,0.01203266586678176,0.45675147593593496
cokriging_matern32,692,7,0,0.0032838802239152183,1.2801652305668754
cokriging_matern32,692,8,0,0.006448695157482162,0.12326453465801718
cokriging_matern32,692,9,0,0.0063345407922192854,1.4706706147047186
cokriging_matern32,818,1,0,0.0025642237320850163,2.7667096976986603
cokriging_matern32,818,4,0,0.004921284486300624,2.633227203832751
cokriging_matern32,818,5,0,0.10291462978190542,2.413995626846997
cokriging_matern32,818,6,0,0.11233234296318904,2.096828827473777
cokriging_matern32,818,9,0,0.015247078369987361,1.3928803314319265
cokriging_matern32,818,10,0,0.005460105079629831,2.6016305411896417
cokriging_matern32,1793,1,0,0.02307736818572214,3.787969733480558
cokriging_matern32,1793,2,0,0.026610763729755335,11.916294581413952
cokriging_matern32,1793,3,0,0.020729850842463676,1.4853511415054896
cokriging_matern32,1793,4,0,0.0225831940419966,5.999794736921478
cokriging_matern32,1793,5,0,0.05588502558749514,18.32977360649027
cokriging_matern32,1793,6,0,0.027977924012352606,1.4870452838791635
cokriging_matern32,1793,7,0,0.029422713027819906,11.962237450372513
cokriging_matern32,1793,8,0,0.03876158369054391,4.5338042719465905
cokriging_matern32,1793,9,0,0.08624882309991541,21.782748108155417
cokriging_matern32,1793,10,0,0.017284341860037675,8.281161780895824
cokriging_matern32,3144,1,0,0.011694416209450482,3.3531376189536064
cokriging_matern32,3144,2,0,0.023734965312954253,7.264728040572456
cokriging_matern32,3144,3,0,0.022711041453914668,4.78609251259158
cokriging_matern32,3144,4,0,0.025345736032329223,6.817342260135032
cokriging_matern32,3144,5,0,0.03290847520364729,9.718642080085337
cokriging_matern32,3144,6,0,0.04886223917874402,5.704381994216376
cokriging_matern32,3144,7,0,0.032968736565530135,9.386555050061373
cokriging_matern32,3144,10,0,0.04014222112797115,10.375994635883089
cokriging_matern32,3455,1,0,0.0020062945588132084,0.8647388449948417
cokriging_matern32,3455,2,0,0.002668183561413329,1.5153253681564316
cokriging_matern32,3455,3,0,0.0015144004427046173,0.5047920159200133
cokriging_matern32,3455,4,0,0.0023092318673110595,0.7382379101696597
cokriging_matern32,3455,5,0,0.006789448748504933,1.5777872231340722
cokriging_matern32,3455,6,0,0.017841634150212886,0.4020135847657418
cokriging_matern32,3455,7,0,0.003601677749107579,0.6490374975559384
cokriging_matern32,3455,8,0,0.009521843516698075,0.5013631009378431
cokriging_matern32,3455,9,0,0.01649133473052535,0.4663074458730177
cokriging_matern32,4067,1,0,0.006101372165553265,0.944408059335838
cokriging_matern32,4067,2,0,0.008267095253158252,2.6255794586886325
cokriging_matern32,4067,3,0,0.007598563184000706,0.07319905753222337
cokriging_matern32,4067,4,0,0.0066140810995096765,0.7931445519065556
cokriging_matern32,4067,5,0,0.032327206733508904,3.499371684408442
cokriging_matern32,4067,6,0,0.025582401993138153,0.7048536308013946
cokriging_matern32,4067,7,0,0.009339704981387214,1.9758497983659171
cokriging_matern32,4067,8,0,0.06161566537912614,1.710031796484354
cokriging_matern32,4067,9,0,0.058233456571619914,3.3558703963785463
cokriging_matern32,4067,10,0,0.03699768536341074,1.1260322053896374
cokriging_matern32,4365,1,0,0.003484334025281052,0.568549622699683
cokriging_matern32,4365,2,0,0.005187545014448483,0.06439839356123243
cokriging_matern32,4365,3,0,0.0036955178957157205,0.4077330733927095
cokriging_matern32,4365,4,0,0.0051152739808353375,0.3287773147666174
cokriging_matern32,4365,5,0,0.005122621160776878,0.1992468043479894
cokriging_matern32,4365,6,0,0.011191335423925643,0.34281423638351655
cokriging_matern32,4365,7,0,0.006756663438153801,1.0266477034321673
cokriging_matern32,4367,1,0,0.0004144072824014911,0.334832152459619
cokriging_matern32,4367,2,0,0.0019902201954036026,0.11873346505038102
cokriging_matern32,4367,3,0,0.0007692841233772529,0.5149156567656303
cokriging_matern32,4367,4,0,0.0018663313094182633,0.4729966011810488
cokriging_matern32,4367,5,0,0.04040540097697115,0.14854730130708033
cokriging_matern32,4367,6,0,0.018033531041104105,3.993359883452126
cokriging_matern32,4367,7,0,0.004590351743919482,0.45132726652565147
cokriging_matern32,4367,10,0,0.004673580874778176,2.137268311140286
cokriging_matern32,6667,1,0,0.0004743758973498721,1.5178951424478004
cokriging_matern32,6667,2,0,0.0008545215613698505,2.2372750090379494
cokriging_matern32,6667,3,0,0.0010904796685656428,1.3779877047818923
cokriging_matern32,6667,4,0,0.0018047188610246796,1.9074245122959779
cokriging_matern32,6667,5,0,0.010984343661197254,2.7609530338467807
cokriging_matern32,6667,6,0,0.01595647777875297,1.8142290500957101
cokriging_matern32,6667,7,0,0.009000517009597298,3.952115180105994
cokriging_matern32,6667,8,0,0.015730088670376265,2.01241688294266
cokriging_matern32,6667,9,0,0.01877280813629171,1.9429149388024956
cokriging_matern32,6667,10,0,0.009077956298850904,1.56520476701725
cokriging_matern32,6999,1,0,0.004815146112590004,1.6278869397121802
cokriging_matern32,6999,2,0,0.008040273789237263,3.4197563002406137
cokriging_matern32,6999,3,0,0.01009968313707085,0.48977009144859496
cokriging_matern32,6999,4,0,0.014186244549016139,2.612751756172386
cokriging_matern32,6999,5,0,0.035637066715858555,5.009074998126927
cokriging_matern32,6999,6,0,0.038410280740371956,0.5055398279819441
cokriging_matern32,6999,7,0,0.018214191949296153,5.218194890549021
cokriging_matern32,6999,8,0,0.033041939513619376,2.9893536411837514
cokriging_matern32,6999,9,0,0.0529455710529399,4.047795580238977
cokriging_matern32,6999,10,0,0.024715910342944094,3.8806877316126376
cokriging_matern32,7267,1,0,0.0019944955992230295,1.2697110180534128
cokriging_matern32,7267,2,0,0.005087531702018982,0.8700132361786351
cokriging_matern32,7267,3,0,0.004810156197240428,1.4297465305827335
cokriging_matern32,7267,4,0,0.006553435314392688,1.0119645033558642
cokriging_matern32,7267,5,0,0.010137642910961904,1.3446094992399635
cokriging_matern32,7267,8,0,0.029188224620945627,1.591439090160832
cokriging_matern32,7267,9,0,0.03745071215884006,1.1818334839032387
cokriging_matern32,7267,10,0,0.025067753149765934,1.895764629297898
cokriging_matern32,9828,1,0,0.0010853101955919362,1.3354696207523944
cokriging_matern32,9828,2,0,0.002186195814325538,1.6698307704295594
cokriging_matern32,9828,3,0,0.0010885670596451316,1.465120325307085
cokriging_matern32,9828,4,0,0.0029423571342578132,1.5303892761693274
cokriging_matern32,9828,5,0,0.0537289384561717,1.6267700468738087
cokriging_matern32,9828,6,0,0.007248877778433324,1.8714980939235384
cokriging_matern32,9828,7,0,0.004177481913384297,1.1195191647618872
cokriging_matern32,9828,8,0,0.008716672932173684,0.382562162050385
cokriging_matern32,9828,9,0,0.004954181160098369,1.4205224480558019
cokriging_matern32,9828,10,0,0.010407986540329995,2.4197935920714007
cokriging_matern32,871,1,1,0.022239579473700363,3.1493692956526025
cokriging_matern32,871,2,1,0.03199868200698825,8.057056944437138
cokriging_matern32,871,3,1,0.024877103976762387,2.8938930664541664
cokriging_matern32,871,4,1,0.03129076389456331,5.7237039335907145
cokriging_matern32,871,5,1,0.035485049469226065,10.968142315864794
cokriging_matern32,871,6,1,0.0218305384356152,3.623953084131879
cokriging_matern32,871,7,1,0.036068993861652375,8.943541506402036
cokriging_matern32,871,8,1,0.02180136579828606,2.321708776191792
cokriging_matern32,871,9,1,0.04202577645730981,3.4688661151574265
cokriging_matern32,2304,1,1,0.021253901387284183,4.847447297888622
cokriging_matern32,2304,2,1,0.03291127129155704,11.858686615212164
cokriging_matern32,2304,3,1,0.02370548085070968,2.769096231119517
cokriging_matern32,2304,4,1,0.03129036981499174,6.7153400420057086
cokriging_matern32,2304,5,1,0.03906826886197553,16.781404477350605
cokriging_matern32,2304,6,1,0.02747358598102876,2.648145265727528
cokriging_matern32,2304,7,1,0.036871210672997715,10.729335431391855
cokriging_matern32,2304,8,1,0.022023829393415014,3.515955014084593
cokriging_matern32,2304,9,1,0.045933339969206115,25.652738072540583
cokriging_matern32,2304,10,1,0.031898273636499275,7.1317572912472205
cokriging_matern32,2776,1,1,0.001675292304706807,2.386930755898376
cokriging_matern32,2776,2,1,0.0021407242848268133,1.8979616430913653
cokriging_matern32,2776,3,1,0.003769938870420185,1.8006457934851334
cokriging_matern32,2776,4,1,0.0028190576184092867,2.5866528088606344
cokriging_matern32,2776,5,1,0.009908997029300983,2.6705645908152285
cokriging_matern32,2776,7,1,0.0036200792877720597,1.527665526466889
cokriging_matern32,2776,8,1,0.016704181390323918,0.7643268711182973
cokriging_matern32,2776,9,1,0.01685777457920125,5.405070085780067
cokriging_matern32,2776,10,1,0.008299430619728205,2.7685202803298536
cokriging_matern32,3283,1,1,0.0010562413833481257,1.5489967599735457
cokriging_matern32,3283,4,1,0.0035274032968945932,1.0912806331758227
cokriging_matern32,3283,10,1,0.019259293725797794,3.1460492675410863
cokriging_matern32,3565,1,1,0.0012895050084229965,1.2195020030279626
cokriging_matern32,3565,2,1,0.006799474805050402,0.47369593727177634
cokriging_matern32,3565,3,1,0.003921844870433519,0.9214992033761149
cokriging_matern32,3565,4,1,0.0038297369682700768,1.5680273518403554
cokriging_matern32,3565,5,1,0.0303593299496034,0.888202531006638
cokriging_matern32,3565,6,1,0.022171440653358354,1.4003343737458334
cokriging_matern32,3565,7,1,0.008889856813459864,1.5446660535034873
cokriging_matern32,3565,8,1,0.021184066738186423,1.797283368264323
cokriging_matern32,3565,9,1,0.026465902922789972,0.8830851824404528
cokriging_matern32,3565,10,1,0.006902025741526073,2.3172456070906455
cokriging_matern32,3964,1,1,0.0017108774750325673,0.12887922192912793
cokriging_matern32,3964,2,1,0.007321154537098452,1.4878945846318778
cokriging_matern32,3964,3,1,0.004205744298290601,1.7820471755828915
cokriging_matern32,3964,4,1,0.004877554421068228,0.0403052834780401
cokriging_matern32,3964,5,1,0.09825222884123154,0.5177581299039838
cokriging_matern32,3964,6,1,0.06246089988210741,1.7066217482863402
cokriging_matern32,3964,7,1,0.011478610651552154,1.200962318728278
cokriging_matern32,3964,8,1,0.01005371394158655,0.7688723281497726
cokriging_matern32,3964,9,1,0.00818262284491789,2.0423359731181234
cokriging_matern32,3964,10,1,0.006761964770732423,0.6619871332834447
cokriging_matern32,4919,1,1,0.0016754633384800822,0.3711351790467866
cokriging_matern32,4919,2,1,0.004529877863768662,0.5485980820893739
cokriging_matern32,4919,3,1,0.004359778012589628,1.4429204978946757
cokriging_matern32,4919,4,1,0.004313572702872867,0.14553192768333273
cokriging_matern32,4919,5,1,0.03175694991866286,0.2886013145312678
cokriging_matern32,4919,6,1,0.02491842229509232,1.5329497019856824
cokriging_matern32,4919,7,1,0.008218750656757975,0.47487786164972434
cokriging_matern32,4919,8,1,0.010387408838639476,2.254293342410729
cokriging_matern32,4919,9,1,0.010382888142843725,3.0961291681701217
cokriging_matern32,5674,1,1,0.00340836998007711,0.7434850449183573
cokriging_matern32,5674,2,1,0.006954328146417298,1.1936001931174514
cokriging_matern32,5674,3,1,0.005536480901538795,0.164494913367018
cokriging_matern32,5674,4,1,0.006557915557835329,0.8924176872639754
cokriging_matern32,5674,5,1,0.0237340726528947,0.9538933148646948
cokriging_matern32,5674,6,1,0.01992046949630832,0.45645357762764116
cokriging_matern32,5674,7,1,0.008695884584877292,0.7720386085166868
cokriging_matern32,5674,8,1,0.014141535905581868,1.4481556820030195
cokriging_matern32,5674,9,1,0.01783677431375135,1.3206602125588844
cokriging_matern32,5674,10,1,0.015401552502375182,0.09453113732763539
cokriging_matern32,6065,1,1,0.001638936593312898,0.04937775751546459
cokriging_matern32,6065,2,1,0.004228068104135509,0.7249535077556225
cokriging_matern32,6065,3,1,0.002607890552048981,0.2275360911332474
cokriging_matern32,6065,4,1,0.00360887303636444,0.2769198173776611
cokriging_matern32,6065,5,1,0.0059596206497671295,0.49182615026896637
cokriging_matern32,6065,6,1,0.004241385313480107,0.15243956487446833
cokriging_matern32,6065,7,1,0.008738386296366548,0.7594670549293274
cokriging_matern32,6065,8,1,0.01161078522332942,0.03375139683093456
cokriging_matern32,6065,9,1,0.0069254403897111684,1.410681207959281
cokriging_matern32,8110,1,1,0.004322239455762807,1.8195345349102723
cokriging_matern32,8110,2,1,0.010050924458561943,3.5071996078180647
cokriging_matern32,8110,3,1,0.0062188686668754,0.46818118211262333
cokriging_matern32,8110,4,1,0.009079925533724737,1.5244397370657565
cokriging_matern32,8110,5,1,0.01612179435786551,6.025707044504389
cokriging_matern32,8110,6,1,0.013244276630450344,0.10686623373277333
cokriging_matern32,8110,7,1,0.013302367985157814,2.8360415149428015
cokriging_matern32,8110,8,1,0.023090356805503396,3.0568301736798724
cokriging_matern32,8110,9,1,0.02115803482835503,11.881886400014858
cokriging_matern32,9167,1,1,0.004891356506317041,3.6612977413030627
cokriging_matern32,9167,2,1,0.006396896785391456,4.1766037297963035
cokriging_matern32,9167,3,1,0.0041425113093774175,3.3976137964215214
cokriging_matern32,9167,4,1,0.005512628680687346,3.8706620133853553
cokriging_matern32,9167,5,1,0.010159997360807815,2.643911285819172
cokriging_matern32,9167,6,1,0.056460390192867506,2.601681700359627
cokriging_matern32,9167,7,1,0.0075529687305887425,4.864960727603444
cokriging_matern32,9167,8,1,0.021949832793639996,1.0921958793380202
cokriging_matern32,9167,9,1,0.029041248690698077,9.92536893081047
cokriging_matern32,9183,1,1,0.0027697908964029374,2.2966821760904383
cokriging_matern32,9183,2,1,0.006108689372237497,2.8403512749531616
cokriging_matern32,9183,3,1,0.00340651115031129,2.4446652558905937
cokriging_matern32,9183,4,1,0.004508921390447042,2.2738757127938474
cokriging_matern32,9183,5,1,0.010127756340119089,3.7042469832266263
cokriging_matern32,9183,6,1,0.011772665575426505,2.6268873007397753
cokriging_matern32,9183,7,1,0.010574058454458976,2.4673181519268486
cokriging_matern32,9183,8,1,0.007306888837283921,2.3107043679097554
cokriging_matern32,9183,9,1,0.01603333465200105,3.5755334338982254
cokriging_matern32,970,1,2,0.0057512772311763775,0.24586296073217634
cokriging_matern32,970,2,2,0.009370103322960016,0.8055779098095522
cokriging_matern32,970,3,2,0.0073350188444766444,0.13992340086612204
cokriging_matern32,970,4,2,0.01117211682948866,0.253545364397997
cokriging_matern32,970,5,2,0.0187960427242864,1.8507665791156471
cokriging_matern32,970,6,2,0.018350536724811645,0.34152078678136577
cokriging_matern32,970,7,2,0.008253884043075891,4.426640612353462
cokriging_matern32,970,8,2,0.01012070314048708,1.0353101465675856
cokriging_matern32,970,9,2,0.020147657633065162,1.7680620616394183
cokriging_matern32,970,10,2,0.014467755185927068,5.786533657259652
cokriging_matern32,1063,1,2,0.0026168664885060033,4.037856937223394
cokriging_matern32,1063,2,2,0.0030683747867122583,4.818556930061146
cokriging_matern32,1063,3,2,0.003030451788471126,2.2010728104550568
cokriging_matern32,1063,4,2,0.007288187928952953,4.709847497736412
cokriging_matern32,1063,5,2,0.011097561677021799,5.039444901063651
cokriging_matern32,1063,6,2,0.01054652840512205,1.2660014552174954
cokriging_matern32,1063,7,2,0.005973626643677449,2.8851325123937746
cokriging_matern32,1063,8,2,0.007650387406312986,3.985751900875898
cokriging_matern32,1063,9,2,0.01371362585276259,1.3398571953365586
cokriging_matern32,1063,10,2,0.013878328600086899,9.961206294981672
cokriging_matern32,1356,1,2,0.0049238553841309055,1.11779095938087
cokriging_matern32,1356,2,2,0.007688950499643063,0.9929240452034789
cokriging_matern32,1356,3,2,0.005975669780200415,2.5055692261924554
cokriging_matern32,1356,4,2,0.007638522689521948,2.416581448947298
cokriging_matern32,1356,5,2,0.012444396454274797,1.1586117394352449
cokriging_matern32,1356,6,2,0.008887864820200304,3.0556886016595612
cokriging_matern32,1356,7,2,0.008562139157002158,2.014378511247171
cokriging_matern32,1356,8,2,0.009252966147348234,1.3536516800212224
cokriging_matern32,1356,9,2,0.01471697242403855,4.088547556389017
cokriging_matern32,2612,1,2,0.004567929340294548,1.5136446123687597
cokriging_matern32,2612,4,2,0.007079380027678409,0.3646157432821662
cokriging_matern32,2612,5,2,0.05063582188524868,1.3563306161663735
cokriging_matern32,2612,6,2,0.04712251419880702,2.4858149520966837
cokriging_matern32,2612,7,2,0.012519922259448413,2.280600122747207
cokriging_matern32,2612,8,2,0.03200787090793198,2.032182947928855
cokriging_matern32,2612,9,2,0.03705577153780578,3.922147905346529
cokriging_matern32,2612,10,2,0.03625927182542814,0.4704330354955415
cokriging_matern32,2889,1,2,0.005461515775536219,2.0310883363320347
cokriging_matern32,2889,2,2,0.007423274466144725,3.176371789928353
cokriging_matern32,2889,3,2,0.006065836699482748,1.6025142931562928
cokriging_matern32,2889,4,2,0.007078094039945096,2.3549303883598087
cokriging_matern32,2889,5,2,0.007260115121287398,4.0742107013286
cokriging_matern32,2889,8,2,0.01948978425192866,1.261238979574177
cokriging_matern32,2889,9,2,0.027935729977053056,1.8503751050872483
cokriging_matern32,2889,10,2,0.011362553345797796,0.013915704174097996
cokriging_matern32,3927,1,2,0.003839152590807022,1.0126089862652286
cokriging_matern32,3927,2,2,0.004259586152019655,0.30292182058451494
cokriging_matern32,3927,3,2,0.005394905802017091,0.399747420230351
cokriging_matern32,3927,4,2,0.002980403818758639,0.02994860530672989
cokriging_matern32,3927,5,2,0.023588931936199754,1.4057485472093747
cokriging_matern32,3927,6,2,0.03528686920048525,0.6948867960188971
cokriging_matern32,3927,7,2,0.003258514116458576,0.5504730784006424
cokriging_matern32,3927,8,2,0.03287556953378534,0.759441318855526
cokriging_matern32,3927,9,2,0.041994072604352534,2.4590579105514476
cokriging_matern32,3927,10,2,0.08505028145312728,2.776505802575866
cokriging_matern32,4391,1,2,0.0005966540750772136,0.15812242816283856
cokriging_matern32,4391,4,2,0.0011066058764491033,0.5840854062544514
cokriging_matern32,4391,5,2,0.011769888141365988,1.2366420562733031
cokriging_matern32,4391,6,2,0.021643402143799333,0.5813447625739232
cokriging_matern32,4391,9,2,0.008448409401189133,0.14084348015518866
cokriging_matern32,4391,10,2,0.004856560645972594,0.6293689694599244
cokriging_matern32,5683,1,2,0.0005964857389706384,2.4406257779489935
cokriging_matern32,5683,2,2,0.0008198982309545813,2.6744465451055985
cokriging_matern32,5683,3,2,0.0006989703020976142,1.2536707234941669
cokriging_matern32,5683,4,2,0.0009816786690732117,1.586123515135914
cokriging_matern32,5683,5,2,0.004210775732412661,3.0091824072773945
cokriging_matern32,5683,6,2,0.01955918570251644,1.0816651360111027
cokriging_matern32,5683,8,2,0.010203067185240345,0.7965092822975252
cokriging_matern32,5683,10,2,0.012513163240229266,2.6786515358447534
cokriging_matern32,6742,1,2,0.00750532723743381,0.42723412560596974
cokriging_matern32,6742,2,2,0.017945840746289896,1.0161649258326693
cokriging_matern32,6742,3,2,0.012914198001225034,1.5239961162024114
cokriging_matern32,6742,4,2,0.019540668319430615,1.6382290580966468
cokriging_matern32,6742,5,2,0.01749230552602729,0.9705327456326779
cokriging_matern32,6742,6,2,0.011668489414652245,1.4930054589224
cokriging_matern32,6742,7,2,0.02189028162851428,0.39532834769276226
cokriging_matern32,6742,8,2,0.022367395365421747,0.8124209302829349
cokriging_matern32,6742,9,2,0.030587577929046764,0.8323819032098243
cokriging_matern32,6742,10,2,0.04031293415585532,7.956254246961834
cokriging_matern32,8792,1,2,0.007050329957979198,3.206665599781188
cokriging_matern32,8792,2,2,0.009835426494527948,5.120907322494445
cokriging_matern32,8792,3,2,0.00898959572783109,1.7305185285086195
cokriging_matern32,8792,4,2,0.011464517689945261,2.83781277066203
cokriging_matern32,8792,5,2,0.02078283084691778,6.467399006701009
cokriging_matern32,8792,6,2,0.010233547937903991,1.325544857989812
cokriging_matern32,8792,7,2,0.005321489130391924,4.242079891700415
cokriging_matern32,8792,8,2,0.01622176001336782,1.2547389516536658
cokriging_matern32,8792,9,2,0.040291552661937444,0.19666091688361076
cokriging_matern32,8792,10,2,0.02235111868026676,2.7714136296391643
cokriging_matern32,9436,1,2,0.00089830722943031,0.11715589449882069
cokriging_matern32,9436,2,2,0.0015265331152945294,1.2243245039710458
cokriging_matern32,9436,3,2,0.0008261879411329146,0.4202438148306639
cokriging_matern32,9436,4,2,0.0015757627846343704,0.8139510378291084
cokriging_matern32,9436,5,2,0.1710400940627422,1.4852587963741082
cokriging_matern32,9436,6,2,0.14263367161815194,1.2647825929555356
cokriging_matern32,9436,7,2,0.002998894875607775,0.13828918012799682
cokriging_matern32,9436,8,2,0.009383370247062784,0.7389208698530162
cokriging_matern32,9436,9,2,0.0034368858808989213,1.0020308350508051
cokriging_matern32,9436,10,2,0.004515927656550571,0.8175024629398071
cokriging_matern32,9627,1,2,0.005974797074309285,0.5089105613633803
cokriging_matern32,9627,2,2,0.007051612184335858,1.5794763599562085
cokriging_matern32,9627,3,2,0.00514969280786723,0.22632899496106984
cokriging_matern32,9627,4,2,0.0072290556155217,1.2697375295453832
cokriging_matern32,9627,5,2,0.024329885315962634,3.0420582464216372
cokriging_matern32,9627,6,2,0.014561658176596614,0.1511532602415684
cokriging_matern32,9627,7,2,0.009868349587408877,0.1104680222659157
cokriging_matern32,9627,8,2,0.015817338459037836,1.7705025513684185
cokriging_matern32,9627,9,2,0.020400936818707895,0.6885725260528064
cokriging_matern32,9627,10,2,0.017691617300702615,9.444628777980666
cokriging_matern32,1039,1,3,0.005733234809054856,0.6633572495022126
cokriging_matern32,1039,2,3,0.010752416735441842,1.0639743575644194
cokriging_matern32,1039,3,3,0.009152682395932305,0.32847548392904835
cokriging_matern32,1039,4,3,0.010203192125981609,0.9852543746946133
cokriging_matern32,1039,5,3,0.03381595685730042,2.207813288749818
cokriging_matern32,1039,6,3,0.023031597271659654,0.4230816562984227
cokriging_matern32,1039,7,3,0.016563299068694706,2.5994286966890656
cokriging_matern32,1039,8,3,0.02215382370876128,1.4139186567961997
cokriging_matern32,1039,9,3,0.026131021861136014,3.706848496448041
cokriging_matern32,1062,1,3,0.0005089031631341313,1.1248168687432754
cokriging_matern32,1062,2,3,0.0016400578328580715,2.1774109956694137
cokriging_matern32,1062,3,3,0.0014123315776024316,1.809187218080527
cokriging_matern32,1062,4,3,0.0020935446083993514,1.6850799518664945
cokriging_matern32,1062,5,3,0.024810585739168146,1.1111811750822091
cokriging_matern32,1062,6,3,0.005179036663850032,2.840543087432297
cokriging_matern32,1062,7,3,0.0028499081427893133,2.143456484959196
cokriging_matern32,1062,8,3,0.010623726941973822,2.959418107311859
cokriging_matern32,1062,9,3,0.007511651239253649,1.1499336372399103
cokriging_matern32,1062,10,3,0.011416102686150256,2.197014699871262
cokriging_matern32,2892,1,3,0.0006810803272616016,0.5596235665396393
cokriging_matern32,2892,2,3,0.0012110724292346356,1.0082701381092178
cokriging_matern32,2892,3,3,0.002836326781114141,0.7684572244471809
cokriging_matern32,2892,4,3,0.0024239379610477385,1.6350289667938789
cokriging_matern32,2892,5,3,0.01662592754785186,0.7044176062810383
cokriging_matern32,2892,6,3,0.006216540559290963,0.49183662554863
cokriging_matern32,2892,7,3,0.004908002190256898,1.1429556438187747
cokriging_matern32,2892,8,3,0.008638479374320765,1.3549026407172
cokriging_matern32,2892,9,3,0.007791155798442428,1.3317366905507206
cokriging_matern32,2892,10,3,0.009991762685440225,3.3983222692881725
cokriging_matern32,3261,1,3,0.0009428883724818873,1.826370971314369
cokriging_matern32,3261,2,3,0.0021907788969364825,1.7849212750852257
cokriging_matern32,3261,3,3,0.001845203907797545,0.43071669487939496
cokriging_matern32,3261,4,3,0.0025044343739643988,1.8233191848388033
cokriging_matern32,3261,5,3,0.009801344744584854,1.3272075118899198
cokriging_matern32,3261,6,3,0.008507643299825724,1.2182665895996396
cokriging_matern32,3261,7,3,0.006543668019957381,1.5266495399103799
cokriging_matern32,3261,8,3,0.017792427272244227,2.4863627881584835
cokriging_matern32,3261,9,3,0.02143208458301407,1.1698739873334774
cokriging_matern32,3721,1,3,0.006638576309549479,2.679342470270977
cokriging_matern32,3721,2,3,0.007948358956160865,6.49171635056907
cokriging_matern32,3721,3,3,0.008624424666846466,2.660432518621347
cokriging_matern32,3721,4,3,0.012125609426826103,4.190474465860622
cokriging_matern32,3721,5,3,0.01991603454120931,8.667278141989929
cokriging_matern32,3721,6,3,0.014891620722922825,1.1796862652750766
cokriging_matern32,3721,7,3,0.01078715316097461,7.167729350672911
cokriging_matern32,3721,8,3,0.05597609166176599,2.483628591943635
cokriging_matern32,3721,9,3,0.058946545458830726,9.278854591378446
cokriging_matern32,3721,10,3,0.016234535065977027,8.709296237262691
cokriging_matern32,4387,1,3,0.00115960211759201,2.6361023123599368
cokriging_matern32,4387,2,3,0.0015386290505886129,2.617568115867574
cokriging_matern32,4387,3,3,0.0022241793295422235,1.6054588894922994
cokriging_matern32,4387,4,3,0.0019923659811248934,3.0162795217262732
cokriging_matern32,4387,5,3,0.0017888800033730424,1.9715202383030501
cokriging_matern32,4387,6,3,0.014616599857798299,2.3103347826785883
cokriging_matern32,4387,7,3,0.0033064543338643176,2.391280282369727
cokriging_matern32,4387,8,3,0.010100846598340105,3.096059020585693
cokriging_matern32,4387,9,3,0.002898540516641261,2.2796963159880614
cokriging_matern32,4387,10,3,0.013457759027865562,3.7613640257932426
cokriging_matern32,4588,1,3,0.000796026792989006,1.5856590835097353
cokriging_matern32,4588,2,3,0.002851382825983884,0.3981347556802588
cokriging_matern32,4588,3,3,0.0033162038260321504,2.5173584485269953
cokriging_matern32,4588,4,3,0.0028247413507210537,1.0664164913242122
cokriging_matern32,4588,5,3,0.013801548617516667,0.14903815616162533
cokriging_matern32,4588,6,3,0.01878468347601572,3.0249158226199286
cokriging_matern32,4588,7,3,0.010211415669754908,0.7169498310754446
cokriging_matern32,4588,8,3,0.012050481480698006,2.1862447853018474
cokriging_matern32,4723,1,3,0.0002605292148293355,1.4451456283848898
cokriging_matern32,4723,2,3,0.0006915406237019915,0.5869542450846652
cokriging_matern32,4723,3,3,0.0005860800957065775,1.3839551749407388
cokriging_matern32,4723,4,3,0.0009131812918223326,1.2262991095795301
cokriging_matern32,4723,5,3,0.004912719720776065,0.2866221240950851
cokriging_matern32,4723,6,3,0.005944557809467932,0.6019164220286509
cokriging_matern32,4723,7,3,0.0011554265638395612,1.318866396451447
cokriging_matern32,4723,8,3,0.05175597849992266,1.1488102744503308
cokriging_matern32,4723,9,3,0.0592814778764218,1.4200722100152192
cokriging_matern32,7846,1,3,0.00398988738224705,3.5255865932830903
cokriging_matern32,7846,2,3,0.005031911698378199,3.651635957812995
cokriging_matern32,7846,3,3,0.0035851397965975737,3.390831398562171
cokriging_matern32,7846,4,3,0.0037888901989498697,3.853722283603971
cokriging_matern32,7846,5,3,0.002649353338080151,2.659512930089319
cokriging_matern32,7846,7,3,0.003931820679800847,3.0304653373757358
cokriging_matern32,7846,8,3,0.0217560131682289,4.820383241766753
cokriging_matern32,7846,10,3,0.01618706802279012,1.391811710362876
cokriging_matern32,7876,1,3,0.010464987619614733,1.8546643471786584
cokriging_matern32,7876,2,3,0.012028891224938982,5.321233440380164
cokriging_matern32,7876,3,3,0.01018964752255924,1.4124027635321186
cokriging_matern32,7876,4,3,0.007562139903332077,3.4024167871715503
cokriging_matern32,7876,5,3,0.007221388536781493,8.83724597407801
cokriging_matern32,7876,6,3,0.026069944302791852,2.228279220050266
cokriging_matern32,7876,7,3,0.010671485414036003,6.694321254541559
cokriging_matern32,7876,8,3,0.035901049295559484,2.6019689406083324
cokriging_matern32,7876,9,3,0.01907079545242198,14.154106964083038
cokriging_matern32,7876,10,3,0.011750882911382226,0.6214180903451854
cokriging_matern32,8705,1,3,0.0012084439260744157,3.19736479130793
cokriging_matern32,8705,2,3,0.0020574129444022363,1.3873624362790555
cokriging_matern32,8705,3,3,0.0016586831000377164,6.959253841282414
cokriging_matern32,8705,4,3,0.002185333247901443,2.728933750751653
cokriging_matern32,8705,5,3,0.18247254370221183,1.1096630234012956
cokriging_matern32,8705,6,3,0.14022464067227036,5.703968970522759
cokriging_matern32,8705,9,3,0.006865932946784883,0.8397746070804606
cokriging_matern32,8705,10,3,0.0068988905821467965,1.6166500217108315
cokriging_matern32,9064,1,3,0.0005548669428895619,1.8104785261189864
cokriging_matern32,9064,2,3,0.001107722187683109,1.69388477766569
cokriging_matern32,9064,3,3,0.0007674110802829496,2.214495743158624
cokriging_matern32,9064,4,3,0.0012778087942430147,2.046315475790727
cokriging_matern32,9064,5,3,0.03563723010797895,0.9295614771423519
cokriging_matern32,9064,6,3,0.006596286421716138,2.181189562139717
cokriging_matern32,9064,7,3,0.001415129711845386,1.2224871983043766
cokriging_matern32,9064,8,3,0.0052876990695683275,0.8949739642951586
cokriging_matern32,9064,9,3,0.006391114542432373,0.6008625461653295
cokriging_matern32,9064,10,3,0.0059071724080754185,1.8554534666741391
neural_inr_lr0.001,692,1,0,0.003309605283913778,0.6627544249413324
neural_inr_lr0.001,692,2,0,0.006363218502101541,2.765997344509139
neural_inr_lr0.001,692,3,0,0.004509584380609622,0.3737239578569194
neural_inr_lr0.001,692,4,0,0.0067917100735752365,0.21963179272901234
neural_inr_lr0.001,692,5,0,0.010989216867549447,5.833027744091906
neural_inr_lr0.001,692,6,0,0.008830759984281351,0.3602025839740114
neural_inr_lr0.001,692,7,0,0.009720056789321337,3.1706682249303704
neural_inr_lr0.001,692,8,0,0.008147246072012466,0.3857253893869242
neural_inr_lr0.001,692,9,0,0.018926558443431964,8.788771595658915
neural_inr_lr0.001,818,1,0,0.001948442099259105,1.3953749557054151
neural_inr_lr0.001,818,4,0,0.0051940003128881865,0.26273065613307145
neural_inr_lr0.001,818,5,0,0.11202198571141368,1.6178499247934655
neural_inr_lr0.001,818,6,0,0.11035405329709796,1.5223280601981055
neural_inr_lr0.001,818,9,0,0.01364426803208158,2.2928057022084065
neural_inr_lr0.001,818,10,0,0.007819148917573102,1.0011457958990146
neural_inr_lr0.001,1793,1,0,0.030440213137444088,6.1724898165821065
neural_inr_lr0.001,1793,2,0,0.049660118774693666,14.483403931031892
neural_inr_lr0.001,1793,3,0,0.034606043817219136,2.7433603362071914
neural_inr_lr0.001,1793,4,0,0.04899456347938253,8.225861017881313
neural_inr_lr0.001,1793,5,0,0.07069842534193782,20.063876974436063
neural_inr_lr0.001,1793,6,0,0.02324405273651105,2.39305183850582
neural_inr_lr0.001,1793,7,0,0.07723472944961139,13.745865323594026
neural_inr_lr0.001,1793,8,0,0.035467217434502415,5.155960612518454
neural_inr_lr0.001,1793,9,0,0.0986302952093916,26.022274158201366
neural_inr_lr0.001,1793,10,0,0.06470309758216103,9.96064888329277
neural_inr_lr0.001,3144,1,0,0.015324758403097305,2.8783833145533086
neural_inr_lr0.001,3144,2,0,0.031289629551675656,6.294450286394643
neural_inr_lr0.001,3144,3,0,0.03210308305371244,3.134552334560189
neural_inr_lr0.001,3144,4,0,0.042093852875555504,5.5526201122265615
neural_inr_lr0.001,3144,5,0,0.04128351006511939,8.425905576947345
neural_inr_lr0.001,3144,6,0,0.04076707156728255,4.498945917529149
neural_inr_lr0.001,3144,7,0,0.06038866405547973,7.129929903931215
neural_inr_lr0.001,3144,10,0,0.0707559842037733,7.94179282054837
neural_inr_lr0.001,3455,1,0,0.003979747037445096,0.3000667592657622
neural_inr_lr0.001,3455,2,0,0.006045159834247682,0.09448454436774878
neural_inr_lr0.001,3455,3,0,0.0031769882266193873,1.1124052833178248
neural_inr_lr0.001,3455,4,0,0.006428780246673437,0.8967508527747112
neural_inr_lr0.001,3455,5,0,0.01651699729678134,0.302924603535899
neural_inr_lr0.001,3455,6,0,0.01597504265781386,1.3797816749809468
neural_inr_lr0.001,3455,7,0,0.010171375534683695,0.9250398065990688
neural_inr_lr0.001,3455,8,0,0.009533393676766548,1.5766011080787543
neural_inr_lr0.001,3455,9,0,0.013958266795857193,0.004259367588502294
neural_inr_lr0.001,4067,1,0,0.015474023725807503,4.722845505708447
neural_inr_lr0.001,4067,2,0,0.03335232521838563,9.861457455362634
neural_inr_lr0.001,4067,3,0,0.022902913997086934,1.4539917431874567
neural_inr_lr0.001,4067,4,0,0.036675959466129546,5.547164986186214
neural_inr_lr0.001,4067,5,0,0.05093222039661451,12.036909810561196
neural_inr_lr0.001,4067,6,0,0.019665102506992622,0.6429295256109698
neural_inr_lr0.001,4067,7,0,0.061186629851923025,8.097674966582845
neural_inr_lr0.001,4067,8,0,0.05433067098503456,2.5525616705010608
neural_inr_lr0.001,4067,9,0,0.07390942117110398,14.477545732386401
neural_inr_lr0.001,4067,10,0,0.07463817571501159,5.3909505302419705
neural_inr_lr0.001,4365,1,0,0.0025573133414776928,0.052776206243756674
neural_inr_lr0.001,4365,2,0,0.010379819079002407,0.8723564832567607
neural_inr_lr0.001,4365,3,0,0.007108473686074306,0.5843601315963137
neural_inr_lr0.001,4365,4,0,0.013991870793892863,0.1706614452844036
neural_inr_lr0.001,4365,5,0,0.020835680740048105,1.3749039047444753
neural_inr_lr0.001,4365,6,0,0.010942002164663636,0.5629447661113616
neural_inr_lr0.001,4365,7,0,0.024157548886032262,0.12277193138985798
neural_inr_lr0.001,4367,1,0,0.002591760222241257,0.2951932747980161
neural_inr_lr0.001,4367,2,0,0.004854686581543369,0.5063281157599088
neural_inr_lr0.001,4367,3,0,0.0028633210564857872,1.6026631793355552
neural_inr_lr0.001,4367,4,0,0.004352376828487439,0.636223193653064
neural_inr_lr0.001,4367,5,0,0.010739091553679555,1.6449000328282444
neural_inr_lr0.001,4367,6,0,0.008390720691737585,1.1933109855019313
neural_inr_lr0.001,4367,7,0,0.006557581908689129,2.0737334894296406
neural_inr_lr0.001,4367,10,0,0.007207776738933251,1.366898600607365
neural_inr_lr0.001,6667,1,0,0.0035695839216326845,1.2259956307286344
neural_inr_lr0.001,6667,2,0,0.00681131037969383,2.1808994561829858
neural_inr_lr0.001,6667,3,0,0.00453797398872112,1.826606053007322
neural_inr_lr0.001,6667,4,0,0.006769580813340949,1.8077893094048623
neural_inr_lr0.001,6667,5,0,0.010460344473928148,3.3445289349158878
neural_inr_lr0.001,6667,6,0,0.007825144780731381,1.7589867529149095
neural_inr_lr0.001,6667,7,0,0.009610859125796399,3.9012252193179875
neural_inr_lr0.001,6667,8,0,0.007859448034417035,2.2261869092967586
neural_inr_lr0.001,6667,9,0,0.015358427304522665,4.273647347817892
neural_inr_lr0.001,6667,10,0,0.009257160668918286,2.985881137050958
neural_inr_lr0.001,6999,1,0,0.013278498185673431,4.513852670073315
neural_inr_lr0.001,6999,2,0,0.02752408147597767,10.932423439800354
neural_inr_lr0.001,6999,3,0,0.022966461239434233,1.3614760620695538
neural_inr_lr0.001,6999,4,0,0.03476071515072199,6.38947413814117
neural_inr_lr0.001,6999,5,0,0.039165700651600105,14.66902359473416
neural_inr_lr0.001,6999,6,0,0.03458840337777095,0.38999133116472184
neural_inr_lr0.001,6999,7,0,0.05505894341956034,10.390586273950719
neural_inr_lr0.001,6999,8,0,0.03172867520583918,3.0674344067354733
neural_inr_lr0.001,6999,9,0,0.06292964564121044,17.831022562137786
neural_inr_lr0.001,6999,10,0,0.05662526933609736,6.998643394552449
neural_inr_lr0.001,7267,1,0,0.004993946596467124,2.995067242693023
neural_inr_lr0.001,7267,2,0,0.012201114557375036,5.595903409960277
neural_inr_lr0.001,7267,3,0,0.012332079521426122,3.8390355705646946
neural_inr_lr0.001,7267,4,0,0.016332346960109136,4.508978590886974
neural_inr_lr0.001,7267,5,0,0.019306344544591913,9.052360529226121
neural_inr_lr0.001,7267,8,0,0.0315536502965615,4.155365113837946
neural_inr_lr0.001,7267,9,0,0.041307184873730515,12.146798816170806
neural_inr_lr0.001,7267,10,0,0.032423921885031605,5.9629115668778505
neural_inr_lr0.001,9828,1,0,0.0034897221411390755,1.7641218027591807
neural_inr_lr0.001,9828,2,0,0.005697525402661441,0.9216269991668518
neural_inr_lr0.001,9828,3,0,0.0037800155904240537,0.9484242050738315
neural_inr_lr0.001,9828,4,0,0.005220591764955734,0.6526385257220972
neural_inr_lr0.001,9828,5,0,0.0098245418315848,0.2335245761715185
neural_inr_lr0.001,9828,6,0,0.007297067054780291,0.9511305354659375
neural_inr_lr0.001,9828,7,0,0.00785794254480107,1.0545934605524971
neural_inr_lr0.001,9828,8,0,0.007205223273210554,0.04680701639988465
neural_inr_lr0.001,9828,9,0,0.011956130653572606,0.9929112841868667
neural_inr_lr0.001,9828,10,0,0.008942534655011136,0.8475635132541601
neural_inr_lr0.001,871,1,1,0.00895498162499612,0.4493909372383576
neural_inr_lr0.001,871,2,1,0.01857378225584485,1.7078219011393232
neural_inr_lr0.001,871,3,1,0.013417422304158554,0.31157306016715763
neural_inr_lr0.001,871,4,1,0.014900190495625236,0.18143886570484655
neural_inr_lr0.001,871,5,1,0.030628171148551406,4.295098743070092
neural_inr_lr0.001,871,6,1,0.024405620683526707,0.5953035068782878
neural_inr_lr0.001,871,7,1,0.01713886298563812,1.3425563680961008
neural_inr_lr0.001,871,8,1,0.015990198004531987,0.5225900151894869
neural_inr_lr0.001,871,9,1,0.022215413106897883,5.914595386859444
neural_inr_lr0.001,2304,1,1,0.011325255995267278,0.336572720613183
neural_inr_lr0.001,2304,2,1,0.021793411250847255,2.5220227952086662
neural_inr_lr0.001,2304,3,1,0.015826758641988656,0.5565702863846339
neural_inr_lr0.001,2304,4,1,0.018146670796475157,0.35297843714221594
neural_inr_lr0.001,2304,5,1,0.03923501260022778,5.705047230723601
neural_inr_lr0.001,2304,6,1,0.02817730703881671,1.120633691831563
neural_inr_lr0.001,2304,7,1,0.022233241316221612,2.5413166910452842
neural_inr_lr0.001,2304,8,1,0.01979267795632052,0.420761784608096
neural_inr_lr0.001,2304,9,1,0.026102695152273658,7.797030554576855
neural_inr_lr0.001,2304,10,1,0.025660170479396328,1.1947714070102382
neural_inr_lr0.001,2776,1,1,0.002317758382865813,3.1243900175729413
neural_inr_lr0.001,2776,2,1,0.007657859820328413,5.901541474373706
neural_inr_lr0.001,2776,3,1,0.004639979943553844,2.2607250354137496
neural_inr_lr0.001,2776,4,1,0.006179073136298423,3.162896143119354
neural_inr_lr0.001,2776,5,1,0.01598720433460926,10.318077483559591
neural_inr_lr0.001,2776,7,1,0.010779505065372895,7.437359691640295
neural_inr_lr0.001,2776,8,1,0.011584219669003566,1.9886941480254547
neural_inr_lr0.001,2776,9,1,0.014960093658677967,19.21831691846874
neural_inr_lr0.001,2776,10,1,0.013636965922189668,3.86760290348191
neural_inr_lr0.001,3283,1,1,0.0031690949573544487,0.7551910831060386
neural_inr_lr0.001,3283,4,1,0.007622226305879577,0.6687275674133363
neural_inr_lr0.001,3283,10,1,0.012008722931525245,2.1188498009023644
neural_inr_lr0.001,3565,1,1,0.0029802581114841626,0.20951367168131207
neural_inr_lr0.001,3565,2,1,0.007916053024606502,0.5405368588242335
neural_inr_lr0.001,3565,3,1,0.006013778597605267,0.9295381076926588
neural_inr_lr0.001,3565,4,1,0.008392207456242688,0.30559291357583623
neural_inr_lr0.001,3565,5,1,0.02087118102928942,1.4226105785500014
neural_inr_lr0.001,3565,6,1,0.019110907925163647,0.9041692599706805
neural_inr_lr0.001,3565,7,1,0.012441585046884175,0.03824407581138962
neural_inr_lr0.001,3565,8,1,0.013197007365965456,0.5633970621669333
neural_inr_lr0.001,3565,9,1,0.01943973387654136,1.293479665400828
neural_inr_lr0.001,3565,10,1,0.012256364714664703,0.24078397196585377
neural_inr_lr0.001,3964,1,1,0.003364735871627093,1.8605563005918828
neural_inr_lr0.001,3964,2,1,0.010202332599010436,3.0777415577678746
neural_inr_lr0.001,3964,3,1,0.007601363313331995,1.8128104158202412
neural_inr_lr0.001,3964,4,1,0.010457272370127956,1.095354046441686
neural_inr_lr0.001,3964,5,1,0.023572743203255406,4.656952334148919
neural_inr_lr0.001,3964,6,1,0.020836569874231256,1.1818267018203947
neural_inr_lr0.001,3964,7,1,0.01436641837896017,1.4443287154584312
neural_inr_lr0.001,3964,8,1,0.014280056017846543,0.5630155522297242
neural_inr_lr0.001,3964,9,1,0.021225516249896832,5.005755134604491
neural_inr_lr0.001,3964,10,1,0.01359346284352854,0.42808947491395966
neural_inr_lr0.001,4919,1,1,0.004880564664145389,0.27784957870523724
neural_inr_lr0.001,4919,2,1,0.0104279497152513,1.4906171762312972
neural_inr_lr0.001,4919,3,1,0.008609655633670329,0.25162642989485023
neural_inr_lr0.001,4919,4,1,0.011927654700536324,0.4097523624728254
neural_inr_lr0.001,4919,5,1,0.019692754619951625,3.1092118029752105
neural_inr_lr0.001,4919,6,1,0.021221202094932837,0.33625273211680196
neural_inr_lr0.001,4919,7,1,0.017860283184974415,0.011889773729577464
neural_inr_lr0.001,4919,8,1,0.018897496380194913,0.7923888160403315
neural_inr_lr0.001,4919,9,1,0.02079020342102718,3.2615261775156976
neural_inr_lr0.001,5674,1,1,0.0038876296434513092,1.1071564590577918
neural_inr_lr0.001,5674,2,1,0.007976913635230039,0.19212956625960032
neural_inr_lr0.001,5674,3,1,0.007786082686549986,0.017113093572616294
neural_inr_lr0.001,5674,4,1,0.00919016721777023,1.0689606698345377
neural_inr_lr0.001,5674,5,1,0.02847956985011913,1.4147217955708506
neural_inr_lr0.001,5674,6,1,0.02086518320148918,0.4148485336574914
neural_inr_lr0.001,5674,7,1,0.013069797962857368,0.9079365041067278
neural_inr_lr0.001,5674,8,1,0.016146455438986736,0.4405287388446385
neural_inr_lr0.001,5674,9,1,0.017738394326360193,1.6807320413468871
neural_inr_lr0.001,5674,10,1,0.016405409812968865,0.8185334243358283
neural_inr_lr0.001,6065,1,1,0.002829421850807132,1.0106414464092586
neural_inr_lr0.001,6065,2,1,0.005035193917345642,0.23240106302502078
neural_inr_lr0.001,6065,3,1,0.004629356213775764,0.4073281475739798
neural_inr_lr0.001,6065,4,1,0.005564769395685898,0.9796941849385304
neural_inr_lr0.001,6065,5,1,0.013695496939659966,2.0956641317313895
neural_inr_lr0.001,6065,6,1,0.012906104449174562,0.5543894907847124
neural_inr_lr0.001,6065,7,1,0.011313059913071032,0.3755097551297284
neural_inr_lr0.001,6065,8,1,0.012187449749064685,0.9320516602763493
neural_inr_lr0.001,6065,9,1,0.017373354772418085,2.6718074506676937
neural_inr_lr0.001,8110,1,1,0.006294435658699879,1.9669769495229041
neural_inr_lr0.001,8110,2,1,0.01698684384695004,7.73797307869784
neural_inr_lr0.001,8110,3,1,0.009194152012254975,0.7150666525627443
neural_inr_lr0.001,8110,4,1,0.01458935578029095,3.4749027725106543
neural_inr_lr0.001,8110,5,1,0.024719280735404362,14.508617359081946
neural_inr_lr0.001,8110,6,1,0.013743103385127292,0.7670721021503404
neural_inr_lr0.001,8110,7,1,0.019090871624750986,9.997427718140228
neural_inr_lr0.001,8110,8,1,0.01861218673199741,1.9447775398473537
neural_inr_lr0.001,8110,9,1,0.021211097950125747,26.755920125590247
neural_inr_lr0.001,9167,1,1,0.010376473376047695,1.653317322094393
neural_inr_lr0.001,9167,2,1,0.013216573194986373,1.2188589985773834
neural_inr_lr0.001,9167,3,1,0.010865559612020072,1.4665011227290499
neural_inr_lr0.001,9167,4,1,0.017839455462373494,1.7967635895655858
neural_inr_lr0.001,9167,5,1,0.02650813112285133,0.7791576269022117
neural_inr_lr0.001,9167,6,1,0.06498914885832718,1.247455370291682
neural_inr_lr0.001,9167,7,1,0.02744381467950115,0.06009431834932949
neural_inr_lr0.001,9167,8,1,0.02080936792656788,1.5850708604100654
neural_inr_lr0.001,9167,9,1,0.03200335971516052,6.147386967063925
neural_inr_lr0.001,9183,1,1,0.003681204515299198,4.246547352256961
neural_inr_lr0.001,9183,2,1,0.010260643959634693,7.233385478178645
neural_inr_lr0.001,9183,3,1,0.006668938950917089,3.696893571187744
neural_inr_lr0.001,9183,4,1,0.008551577546706653,5.248300618843666
neural_inr_lr0.001,9183,5,1,0.016462366229640767,9.173319702428861
neural_inr_lr0.001,9183,6,1,0.012305030594545619,3.9656832152476555
neural_inr_lr0.001,9183,7,1,0.014903820091051316,8.961675840362782
neural_inr_lr0.001,9183,8,1,0.010867369858458561,4.317057789234528
neural_inr_lr0.001,9183,9,1,0.021070000575400576,12.302491581266082
neural_inr_lr0.001,970,1,2,0.013524480983673011,2.053718649904537
neural_inr_lr0.001,970,2,2,0.014678569945913052,0.12195520758958343
neural_inr_lr0.001,970,3,2,0.01240216728161562,1.313486979909572
neural_inr_lr0.001,970,4,2,0.011947574049622881,0.8063177345804992
neural_inr_lr0.001,970,5,2,0.016421416375521844,1.332054998538396
neural_inr_lr0.001,970,6,2,0.020767755423166508,0.9510485908820375
neural_inr_lr0.001,970,7,2,0.014903546866323624,0.824285127307428
neural_inr_lr0.001,970,8,2,0.01403749453819786,0.4444740051440491
neural_inr_lr0.001,970,9,2,0.020538242273010678,0.16912573608365192
neural_inr_lr0.001,970,10,2,0.020884361609114832,1.2406634648801145
neural_inr_lr0.001,1063,1,2,0.016486510232106115,5.625365563365756
neural_inr_lr0.001,1063,2,2,0.018408188982734944,6.2018863761382494
neural_inr_lr0.001,1063,3,2,0.014592395914603835,3.841137565196786
neural_inr_lr0.001,1063,4,2,0.014398177037956627,5.378117206028998
neural_inr_lr0.001,1063,5,2,0.019496085495752782,6.958287106704019
neural_inr_lr0.001,1063,6,2,0.018419633518613827,3.696580005834852
neural_inr_lr0.001,1063,7,2,0.017301873415892247,6.452441739230722
neural_inr_lr0.001,1063,8,2,0.014689462262175336,4.084163635215727
neural_inr_lr0.001,1063,9,2,0.02538619389105943,5.744378589066623
neural_inr_lr0.001,1063,10,2,0.024323251340518433,4.886932893768922
neural_inr_lr0.001,1356,1,2,0.006202117337180801,4.595273957296576
neural_inr_lr0.001,1356,2,2,0.00818444726655015,3.2605945329740984
neural_inr_lr0.001,1356,3,2,0.005984680837764223,3.560475794970843
neural_inr_lr0.001,1356,4,2,0.00959523237433785,3.8904749547753337
neural_inr_lr0.001,1356,5,2,0.01599323541494039,3.0897618734950743
neural_inr_lr0.001,1356,6,2,0.013593559108945661,2.777212250519277
neural_inr_lr0.001,1356,7,2,0.021003775349444646,3.0044117925888316
neural_inr_lr0.001,1356,8,2,0.018135299942375623,2.9543535169994772
neural_inr_lr0.001,1356,9,2,0.034985843100807934,1.3082119432167627
neural_inr_lr0.001,2612,1,2,0.02783905855253539,3.703822715123756
neural_inr_lr0.001,2612,4,2,0.031485144564601754,1.9736230617579194
neural_inr_lr0.001,2612,5,2,0.058688720340339985,1.4821378921467403
neural_inr_lr0.001,2612,6,2,0.05913161888748408,0.9852195861428659
neural_inr_lr0.001,2612,7,2,0.03207976410873458,0.9171932771861901
neural_inr_lr0.001,2612,8,2,0.03919659480920622,0.6683487015435478
neural_inr_lr0.001,2612,9,2,0.031811853842319285,0.5306730868649606
neural_inr_lr0.001,2612,10,2,0.04430387570782927,0.47048023106485026
neural_inr_lr0.001,2889,1,2,0.0036164574604153135,1.197301893307531
neural_inr_lr0.001,2889,2,2,0.0065792376921519945,0.7624455448772782
neural_inr_lr0.001,2889,3,2,0.004705928494608359,0.09661333140149328
neural_inr_lr0.001,2889,4,2,0.00837297944422798,1.210860260090136
neural_inr_lr0.001,2889,5,2,0.012735655938941562,1.4466625751615767
neural_inr_lr0.001,2889,8,2,0.02119927898514889,0.6467813135820868
neural_inr_lr0.001,2889,9,2,0.029651096281682155,1.5440929301818294
neural_inr_lr0.001,2889,10,2,0.02655357038780268,1.2602756232138854
neural_inr_lr0.001,3927,1,2,0.008643669809328292,3.202693905452033
neural_inr_lr0.001,3927,2,2,0.02227902746465768,1.8609724536354415
neural_inr_lr0.001,3927,3,2,0.018781378247210993,2.6106800521829787
neural_inr_lr0.001,3927,4,2,0.02896608859021277,2.567681409644125
neural_inr_lr0.001,3927,5,2,0.04519503643804471,3.5472742066949783
neural_inr_lr0.001,3927,6,2,0.03645200851672192,2.6762056929404596
neural_inr_lr0.001,3927,7,2,0.05168380054771983,2.2080824661372764
neural_inr_lr0.001,3927,8,2,0.03197090396810871,0.6679348692058559
neural_inr_lr0.001,3927,9,2,0.06300600739798518,3.890728604814761
neural_inr_lr0.001,3927,10,2,0.08441372191783322,2.0740339957760123
neural_inr_lr0.001,4391,1,2,0.004188101744292929,1.8251941512814178
neural_inr_lr0.001,4391,4,2,0.00847011500930913,1.0542480166025632
neural_inr_lr0.001,4391,5,2,0.0726961464334864,0.4512451218536235
neural_inr_lr0.001,4391,6,2,0.06854979532678146,3.339484819731251
neural_inr_lr0.001,4391,9,2,0.01781900686032825,0.14117181834956266
neural_inr_lr0.001,4391,10,2,0.011670964064723366,0.5994777914363482
neural_inr_lr0.001,5683,1,2,0.0036594440140077823,0.44150734326756474
neural_inr_lr0.001,5683,2,2,0.007664516263745549,2.1795415137707006
neural_inr_lr0.001,5683,3,2,0.004982856977594826,0.8761015892648232
neural_inr_lr0.001,5683,4,2,0.00650716162193286,1.0251732204273276
neural_inr_lr0.001,5683,5,2,0.010020090291413071,6.771929651038332
neural_inr_lr0.001,5683,6,2,0.010514065004510648,1.3236580941098244
neural_inr_lr0.001,5683,8,2,0.007563822797953604,0.7707803422317565
neural_inr_lr0.001,5683,10,2,0.014261812185601967,2.1015894196394656
neural_inr_lr0.001,6742,1,2,0.008762078990394658,2.8060116321057853
neural_inr_lr0.001,6742,2,2,0.011178167756832098,2.67835924887025
neural_inr_lr0.001,6742,3,2,0.013523866524725927,1.0262601607366018
neural_inr_lr0.001,6742,4,2,0.016131186221999116,2.455557830978033
neural_inr_lr0.001,6742,5,2,0.012399038250730764,2.4679174733486064
neural_inr_lr0.001,6742,6,2,0.024199608029275378,0.1102860720496457
neural_inr_lr0.001,6742,7,2,0.0201483768974386,2.4575320868095156
neural_inr_lr0.001,6742,8,2,0.025458781219165408,1.0619332589983934
neural_inr_lr0.001,6742,9,2,0.020334368193627876,1.6845266987816545
neural_inr_lr0.001,6742,10,2,0.029120419426428273,1.780242309002109
neural_inr_lr0.001,8792,1,2,0.006075863270334997,2.8304398853383597
neural_inr_lr0.001,8792,2,2,0.008079851179995021,0.29356329011445587
neural_inr_lr0.001,8792,3,2,0.005947019821488338,2.2179260069415077
neural_inr_lr0.001,8792,4,2,0.009561471076948628,1.1873124985407435
neural_inr_lr0.001,8792,5,2,0.014617232742964026,1.0405273382710583
neural_inr_lr0.001,8792,6,2,0.013928620006046576,2.3511260579223188
neural_inr_lr0.001,8792,7,2,0.01931746224690029,0.12253035302685852
neural_inr_lr0.001,8792,8,2,0.02900032398160004,0.7088234335113041
neural_inr_lr0.001,8792,9,2,0.040814271100600756,0.4375311639047425
neural_inr_lr0.001,8792,10,2,0.026161659448083407,1.1864889969291752
neural_inr_lr0.001,9436,1,2,0.006456630335237891,1.4100700113902427
neural_inr_lr0.001,9436,2,2,0.009794562800659257,0.9079677460084267
neural_inr_lr0.001,9436,3,2,0.007213943807971305,2.0833890800816577
neural_inr_lr0.001,9436,4,2,0.00918183894392997,0.47029426059164325
neural_inr_lr0.001,9436,5,2,0.020567600630052703,0.13170541532910568
neural_inr_lr0.001,9436,6,2,0.024738654654005363,1.4892464043232665
neural_inr_lr0.001,9436,7,2,0.01090597521484895,0.04574877117608024
neural_inr_lr0.001,9436,8,2,0.010256457673000685,1.2889664368007328
neural_inr_lr0.001,9436,9,2,0.016427499703394785,0.006166607074656933
neural_inr_lr0.001,9436,10,2,0.011126422205967842,0.24483608423775763
neural_inr_lr0.001,9627,1,2,0.008712390206964364,1.1891373229835267
neural_inr_lr0.001,9627,2,2,0.013867206765757562,1.8081496442681286
neural_inr_lr0.001,9627,3,2,0.009579402895245007,2.135055612221651
neural_inr_lr0.001,9627,4,2,0.01340170409377663,2.0044304514840596
neural_inr_lr0.001,9627,5,2,0.016517544606604494,0.33215833297414504
neural_inr_lr0.001,9627,6,2,0.01499993400672119,3.130351644401462
neural_inr_lr0.001,9627,7,2,0.017722863937574888,0.4395173858085687
neural_inr_lr0.001,9627,8,2,0.01731529425108378,2.068506402017801
neural_inr_lr0.001,9627,9,2,0.022144438189606094,0.6354121297271744
neural_inr_lr0.001,9627,10,2,0.021357230455527235,2.808843897520134
neural_inr_lr0.001,1039,1,3,0.010505055420183831,2.1645950234755382
neural_inr_lr0.001,1039,2,3,0.015326762261670885,2.3480002317182787
neural_inr_lr0.001,1039,3,3,0.014681757051107202,1.0645903769744234
neural_inr_lr0.001,1039,4,3,0.023541650969242996,1.8000910076200676
neural_inr_lr0.001,1039,5,3,0.030168675622130055,0.9019755335087196
neural_inr_lr0.001,1039,6,3,0.02533613635726672,0.7323628056435365
neural_inr_lr0.001,1039,7,3,0.03409207967284422,3.0799347625329454
neural_inr_lr0.001,1039,8,3,0.033501439356475586,0.2959601201048459
neural_inr_lr0.001,1039,9,3,0.05188700730353336,1.1153635208830126
neural_inr_lr0.001,1062,1,3,0.002732728068521837,2.5685168171930464
neural_inr_lr0.001,1062,2,3,0.0069207161591646315,1.5618035974491675
neural_inr_lr0.001,1062,3,3,0.004233703403124519,3.1942806221284314
neural_inr_lr0.001,1062,4,3,0.00659853585746868,1.9061495170622624
neural_inr_lr0.001,1062,5,3,0.009430376725541999,1.7105294107336173
neural_inr_lr0.001,1062,6,3,0.00786719737927573,2.930112714574051
neural_inr_lr0.001,1062,7,3,0.009293848387487955,0.2244336310064865
neural_inr_lr0.001,1062,8,3,0.0069656369119116155,2.712438694609876
neural_inr_lr0.001,1062,9,3,0.014751995578137927,0.5078311070402053
neural_inr_lr0.001,1062,10,3,0.009148495856793141,1.1129379761827316
neural_inr_lr0.001,2892,1,3,0.004889941943783221,0.9796706178388725
neural_inr_lr0.001,2892,2,3,0.006685879753942924,3.2066293668746786
neural_inr_lr0.001,2892,3,3,0.004365826987553174,0.9827891758433155
neural_inr_lr0.001,2892,4,3,0.011170469066444307,0.9649599311021106
neural_inr_lr0.001,2892,5,3,0.016778968909322643,3.6313468869395993
neural_inr_lr0.001,2892,6,3,0.008419455423133744,0.6566334020214932
neural_inr_lr0.001,2892,7,3,0.019708192034416944,3.1734393246241046
neural_inr_lr0.001,2892,8,3,0.015505419173653185,1.0454911884604476
neural_inr_lr0.001,2892,9,3,0.02932038681700371,5.200901112212641
neural_inr_lr0.001,2892,10,3,0.024992738004357664,1.588345669136036
neural_inr_lr0.001,3261,1,3,0.002485169897508605,1.195969536034401
neural_inr_lr0.001,3261,2,3,0.00648596354489917,1.2124292764982458
neural_inr_lr0.001,3261,3,3,0.003948289750570159,0.9486535450087431
neural_inr_lr0.001,3261,4,3,0.005824392999021963,0.5773312020499082
neural_inr_lr0.001,3261,5,3,0.00756046358914636,1.4325753214322534
neural_inr_lr0.001,3261,6,3,0.007185499499762647,0.7480589157149523
neural_inr_lr0.001,3261,7,3,0.007828629375328489,0.08964907950214128
neural_inr_lr0.001,3261,8,3,0.01820112120253074,0.6221392345031274
neural_inr_lr0.001,3261,9,3,0.027145649442113656,1.0521711631714195
neural_inr_lr0.001,3721,1,3,0.014829220421576157,2.1579792692862467
neural_inr_lr0.001,3721,2,3,0.014095043957994659,2.189375454034321
neural_inr_lr0.001,3721,3,3,0.014462845716464922,0.06492372826892008
neural_inr_lr0.001,3721,4,3,0.022678980998737427,3.7535077601083793
neural_inr_lr0.001,3721,5,3,0.029465052320932876,3.0535425070419313
neural_inr_lr0.001,3721,6,3,0.017130675371937385,1.1035888609541207
neural_inr_lr0.001,3721,7,3,0.04025783417569356,2.5229263783527496
neural_inr_lr0.001,3721,8,3,0.06596301820232653,1.9970949956373498
neural_inr_lr0.001,3721,9,3,0.08439624131944716,0.48911152583126505
neural_inr_lr0.001,3721,10,3,0.042674698027130684,2.536852214625465
neural_inr_lr0.001,4387,1,3,0.0034651516610812363,1.844057999576633
neural_inr_lr0.001,4387,2,3,0.004980087140249455,1.0893957666517875
neural_inr_lr0.001,4387,3,3,0.003359039177718974,1.8411485775708443
neural_inr_lr0.001,4387,4,3,0.004940168606031048,1.4231394405323003
neural_inr_lr0.001,4387,5,3,0.007514964977266342,1.5280916832924134
neural_inr_lr0.001,4387,6,3,0.023828422278740366,1.677436213167009
neural_inr_lr0.001,4387,7,3,0.006903601150615965,0.4994532830687938
neural_inr_lr0.001,4387,8,3,0.006384548625396948,1.913579446385521
neural_inr_lr0.001,4387,9,3,0.008931675442714785,0.9393960069594933
neural_inr_lr0.001,4387,10,3,0.00861763315468073,0.8006445928799243
neural_inr_lr0.001,4588,1,3,0.0023513256876036433,1.327492563874884
neural_inr_lr0.001,4588,2,3,0.006341508879895566,0.369373616245774
neural_inr_lr0.001,4588,3,3,0.004508075906230424,2.1141991281813652
neural_inr_lr0.001,4588,4,3,0.005349691823738469,0.10203236757542464
neural_inr_lr0.001,4588,5,3,0.010046214725229223,0.5783645026534249
neural_inr_lr0.001,4588,6,3,0.006768141418675804,1.973822105206202
neural_inr_lr0.001,4588,7,3,0.0071699545643019,0.9914078384312865
neural_inr_lr0.001,4588,8,3,0.006320908681056238,0.6636065120938568
neural_inr_lr0.001,4723,1,3,0.0023794784513576856,2.196605143776793
neural_inr_lr0.001,4723,2,3,0.006326328433900741,1.0753914644042002
neural_inr_lr0.001,4723,3,3,0.003403013416939927,2.4858242050399584
neural_inr_lr0.001,4723,4,3,0.005843113149283887,1.8942183066627032
neural_inr_lr0.001,4723,5,3,0.010143575940145368,1.5921948279799283
neural_inr_lr0.001,4723,6,3,0.008967966501582953,2.20305925522785
neural_inr_lr0.001,4723,7,3,0.008521971619325415,0.0908995123183735
neural_inr_lr0.001,4723,8,3,0.05671328611952083,2.7944581417576515
neural_inr_lr0.001,4723,9,3,0.06755714011192739,0.05220480408855248
neural_inr_lr0.001,7846,1,3,0.003879715036167978,4.202872881201773
neural_inr_lr0.001,7846,2,3,0.0042963700579331755,5.285121615428425
neural_inr_lr0.001,7846,3,3,0.0032335587681478093,4.484595016095259
neural_inr_lr0.001,7846,4,3,0.007828192552253189,4.238469756760061
neural_inr_lr0.001,7846,5,3,0.011302890928277326,3.9840248479278397
neural_inr_lr0.001,7846,7,3,0.013296607211895295,6.202316568848464
neural_inr_lr0.001,7846,8,3,0.02363661536487336,3.8033308822617946
neural_inr_lr0.001,7846,10,3,0.02613357613873647,4.1986435480346325
neural_inr_lr0.001,7876,1,3,0.022425775353146073,1.9676454912101573
neural_inr_lr0.001,7876,2,3,0.022929930863764995,3.698241099110847
neural_inr_lr0.001,7876,3,3,0.019657364031318715,1.8096968058188907
neural_inr_lr0.001,7876,4,3,0.03043468123097358,2.679159942969773
neural_inr_lr0.001,7876,5,3,0.04244078242963019,2.7290304400768033
neural_inr_lr0.001,7876,6,3,0.021614514957179642,1.7835751405183504
neural_inr_lr0.001,7876,7,3,0.04636728907460497,5.382279322180763
neural_inr_lr0.001,7876,8,3,0.037335966918957825,1.6506317292383366
neural_inr_lr0.001,7876,9,3,0.06562312656864157,5.204216105441422
neural_inr_lr0.001,7876,10,3,0.04354897459410554,2.9419857897496593
neural_inr_lr0.001,8705,1,3,0.0028205103434340052,3.6870601885180676
neural_inr_lr0.001,8705,2,3,0.007070473110904481,1.4650810099273133
neural_inr_lr0.001,8705,3,3,0.0046886290642360225,5.687236989307213
neural_inr_lr0.001,8705,4,3,0.006089156099776155,2.250566451272896
neural_inr_lr0.001,8705,5,3,0.17626467072990132,1.554858808992733
neural_inr_lr0.001,8705,6,3,0.15772229330378038,5.807599347447612
neural_inr_lr0.001,8705,9,3,0.013534849211057236,0.9792395503704219
neural_inr_lr0.001,8705,10,3,0.011115887862501866,1.0953378434949885
neural_inr_lr0.001,9064,1,3,0.003018247664782771,3.5407036423779465
neural_inr_lr0.001,9064,2,3,0.007360581155940974,2.0756210515174236
neural_inr_lr0.001,9064,3,3,0.0039853291652068735,4.2251805696611155
neural_inr_lr0.001,9064,4,3,0.006745296350599395,2.6907189725937624
neural_inr_lr0.001,9064,5,3,0.010366649867740926,2.041275009002045
neural_inr_lr0.001,9064,6,3,0.007806015959036393,4.026509936467102
neural_inr_lr0.001,9064,7,3,0.009563882124873009,0.447688221363803
neural_inr_lr0.001,9064,8,3,0.0066204816822383805,3.7294749712338255
neural_inr_lr0.001,9064,9,3,0.015157682341949074,0.4427336553126165
neural_inr_lr0.001,9064,10,3,0.009349183078860198,1.9775493499006616
neural_inr_lr0.0003,692,1,0,0.0042268343718019135,1.3571678392200266
neural_inr_lr0.0003,692,2,0,0.005597403910755857,1.566129573687958
neural_inr_lr0.0003,692,3,0,0.003839440785005838,1.0566250043951797
neural_inr_lr0.0003,692,4,0,0.005901455459640234,0.37107462824889503
neural_inr_lr0.0003,692,5,0,0.010892854432458576,4.140760287007559
neural_inr_lr0.0003,692,6,0,0.007183432394413775,0.5876665703913958
neural_inr_lr0.0003,692,7,0,0.007819031586633478,2.216815684797633
neural_inr_lr0.0003,692,8,0,0.010129891779034984,1.110143137525113
neural_inr_lr0.0003,692,9,0,0.015579447886299336,7.788273890049135
neural_inr_lr0.0003,818,1,0,0.0031390947500619633,2.6356456600023392
neural_inr_lr0.0003,818,4,0,0.0051651507202958025,1.292534968512915
neural_inr_lr0.0003,818,5,0,0.1139529636609368,1.3167973530908204
neural_inr_lr0.0003,818,6,0,0.11512176002392988,2.2418151372670523
neural_inr_lr0.0003,818,9,0,0.010672441818227548,3.8190778930591542
neural_inr_lr0.0003,818,10,0,0.007708870075348062,0.06468247701956317
neural_inr_lr0.0003,1793,1,0,0.044665348918231366,5.359363320797928
neural_inr_lr0.0003,1793,2,0,0.07150074061734424,14.708268210101425
neural_inr_lr0.0003,1793,3,0,0.04837751766641564,2.098413975995242
neural_inr_lr0.0003,1793,4,0,0.06928168644638759,7.470381893169932
neural_inr_lr0.0003,1793,5,0,0.09352734793110017,21.963583850378363
neural_inr_lr0.0003,1793,6,0,0.030661584454845042,1.2075125192406182
neural_inr_lr0.0003,1793,7,0,0.0943915504724784,14.277922247997248
neural_inr_lr0.0003,1793,8,0,0.054600907713741334,4.579767444528879
neural_inr_lr0.0003,1793,9,0,0.1189250107005148,27.966267671209557
neural_inr_lr0.0003,1793,10,0,0.08194378518652626,9.387208957942166
neural_inr_lr0.0003,3144,1,0,0.021889658392149524,2.2949672632309612
neural_inr_lr0.0003,3144,2,0,0.04910850927078717,5.766621162765765
neural_inr_lr0.0003,3144,3,0,0.04116606263441224,3.2942402450558927
neural_inr_lr0.0003,3144,4,0,0.059466034689068366,5.407309685901377
neural_inr_lr0.0003,3144,5,0,0.06563577260822889,8.212558090183078
neural_inr_lr0.0003,3144,6,0,0.051478756027187385,4.599439356688698
neural_inr_lr0.0003,3144,7,0,0.08019777274404406,7.711182597944722
neural_inr_lr0.0003,3144,10,0,0.08685701800967187,8.521974307211925
neural_inr_lr0.0003,3455,1,0,0.003306046915130459,0.48352965514731844
neural_inr_lr0.0003,3455,2,0,0.006143193417305435,0.6776979076432222
neural_inr_lr0.0003,3455,3,0,0.0038893199137221236,1.1584876927870016
neural_inr_lr0.0003,3455,4,0,0.00747203352612999,0.8908540849314509
neural_inr_lr0.0003,3455,5,0,0.017115550733192052,1.1849357363861102
neural_inr_lr0.0003,3455,6,0,0.014623759788234967,1.895078273114626
neural_inr_lr0.0003,3455,7,0,0.012962661359568648,0.7456228428514525
neural_inr_lr0.0003,3455,8,0,0.008475243883051702,1.723018080121657
neural_inr_lr0.0003,3455,9,0,0.018105552259407298,1.2430108416676482
neural_inr_lr0.0003,4067,1,0,0.026631241154087798,3.813356931068151
neural_inr_lr0.0003,4067,2,0,0.051774076568748086,9.774466940865194
neural_inr_lr0.0003,4067,3,0,0.035449702242562255,0.5818056903568632
neural_inr_lr0.0003,4067,4,0,0.05449394534204516,4.761762636796467
neural_inr_lr0.0003,4067,5,0,0.07068186132352576,13.262026271856236
neural_inr_lr0.0003,4067,6,0,0.024371964707001335,0.90318746741723
neural_inr_lr0.0003,4067,7,0,0.0765676125844066,8.547111870312282
neural_inr_lr0.0003,4067,8,0,0.060148290999844846,1.962253102057299
neural_inr_lr0.0003,4067,9,0,0.0935232690456373,15.705035634445698
neural_inr_lr0.0003,4067,10,0,0.09206295400861132,4.832471616327388
neural_inr_lr0.0003,4365,1,0,0.004238621782894898,0.9295366795945524
neural_inr_lr0.0003,4365,2,0,0.017671889891761206,0.4826915290119731
neural_inr_lr0.0003,4365,3,0,0.010889656083158838,1.185707256693521
neural_inr_lr0.0003,4365,4,0,0.022290286391457477,0.9085376202958632
neural_inr_lr0.0003,4365,5,0,0.026798757038264953,0.2984628122879519
neural_inr_lr0.0003,4365,6,0,0.01318840870278776,1.6970245764119474
neural_inr_lr0.0003,4365,7,0,0.03655274861709788,1.011360954550703
neural_inr_lr0.0003,4367,1,0,0.0034839300493961886,0.006392765445249095
neural_inr_lr0.0003,4367,2,0,0.0043951221224423865,0.5416984376968496
neural_inr_lr0.0003,4367,3,0,0.002331382675898367,1.3907361652275223
neural_inr_lr0.0003,4367,4,0,0.0036046917991873644,0.8972996770689514
neural_inr_lr0.0003,4367,5,0,0.012667957330899385,2.210141209583455
neural_inr_lr0.0003,4367,6,0,0.007343779184210415,1.8256093851154556
neural_inr_lr0.0003,4367,7,0,0.005323128253184191,2.1636265269152304
neural_inr_lr0.0003,4367,10,0,0.0066120561949247775,1.913548449829202
neural_inr_lr0.0003,6667,1,0,0.004600550190444669,0.892274537742921
neural_inr_lr0.0003,6667,2,0,0.006340896335948193,2.5682394925930443
neural_inr_lr0.0003,6667,3,0,0.004150305669682369,0.936614774198074
neural_inr_lr0.0003,6667,4,0,0.006618346947298611,1.6910563636951426
neural_inr_lr0.0003,6667,5,0,0.010726329363829251,4.027536013840068
neural_inr_lr0.0003,6667,6,0,0.006424889951326107,1.4924659632743429
neural_inr_lr0.0003,6667,7,0,0.009047874149381718,3.4949851189365613
neural_inr_lr0.0003,6667,8,0,0.007921226027410872,1.4489893348473666
neural_inr_lr0.0003,6667,9,0,0.011612788152926419,6.354031795260979
neural_inr_lr0.0003,6667,10,0,0.0093465322386839,2.80595238957599
neural_inr_lr0.0003,6999,1,0,0.020438440182544752,3.3969267241136136
neural_inr_lr0.0003,6999,2,0,0.044979665537136886,9.702214815866679
neural_inr_lr0.0003,6999,3,0,0.032096244100914675,0.352153759864605
neural_inr_lr0.0003,6999,4,0,0.05152796346018954,5.141728934742103
neural_inr_lr0.0003,6999,5,0,0.06218618095192222,13.770139180358083
neural_inr_lr0.0003,6999,6,0,0.04343533124844011,1.128781974744651
neural_inr_lr0.0003,6999,7,0,0.07335196591702922,9.51870407427063
neural_inr_lr0.0003,6999,8,0,0.05089709631698228,2.13413492159888
neural_inr_lr0.0003,6999,9,0,0.08697972358810699,16.622321589736327
neural_inr_lr0.0003,6999,10,0,0.07175786260572516,5.7488031800749875
neural_inr_lr0.0003,7267,1,0,0.0076936407233528506,2.4575570489442877
neural_inr_lr0.0003,7267,2,0,0.021790377737196637,4.123795052833057
neural_inr_lr0.0003,7267,3,0,0.016485137280750264,2.5261388512160616
neural_inr_lr0.0003,7267,4,0,0.026057373733246375,3.4025498505338545
neural_inr_lr0.0003,7267,5,0,0.030071685428867404,6.584782965968548
neural_inr_lr0.0003,7267,8,0,0.043077023035636396,3.032861535687049
neural_inr_lr0.0003,7267,9,0,0.05467767846805187,10.010525912077743
neural_inr_lr0.0003,7267,10,0,0.041021434925807156,4.832522348562491
neural_inr_lr0.0003,9828,1,0,0.004595103665653842,1.0393718475219276
neural_inr_lr0.0003,9828,2,0,0.005633194677805617,0.6575669023800952
neural_inr_lr0.0003,9828,3,0,0.0032930071085569773,0.8241821751103956
neural_inr_lr0.0003,9828,4,0,0.005396414525539412,0.289144511154367
neural_inr_lr0.0003,9828,5,0,0.012079887309740127,2.2601650827217954
neural_inr_lr0.0003,9828,6,0,0.007742762131832235,0.3242862705310085
neural_inr_lr0.0003,9828,7,0,0.00858595602169889,2.111520651734535
neural_inr_lr0.0003,9828,8,0,0.007399162171915044,0.12235937480930982
neural_inr_lr0.0003,9828,9,0,0.010946038828890848,4.54391618395467
neural_inr_lr0.0003,9828,10,0,0.009885938232539178,1.6533909627516283
neural_inr_lr0.0003,871,1,1,0.009197207931767459,1.134382291242851
neural_inr_lr0.0003,871,2,1,0.009566196596067344,1.534864295654707
neural_inr_lr0.0003,871,3,1,0.00917867319333418,0.47964870816091093
neural_inr_lr0.0003,871,4,1,0.011762557098544561,0.24699054289830788
neural_inr_lr0.0003,871,5,1,0.029945715705252014,5.932357957661555
neural_inr_lr0.0003,871,6,1,0.023799239743967825,0.9756357298069251
neural_inr_lr0.0003,871,7,1,0.018054892596217814,2.342994445366477
neural_inr_lr0.0003,871,8,1,0.012902565668943622,0.5958607841112481
neural_inr_lr0.0003,871,9,1,0.026256145041883863,10.265140365447769
neural_inr_lr0.0003,2304,1,1,0.008455961238744506,1.0697330514827126
neural_inr_lr0.0003,2304,2,1,0.008908568188641518,2.1025976523152874
neural_inr_lr0.0003,2304,3,1,0.008042534102771936,0.819438112935026
neural_inr_lr0.0003,2304,4,1,0.009658604756271536,0.1395263112822284
neural_inr_lr0.0003,2304,5,1,0.030849812250974096,6.729789398692011
neural_inr_lr0.0003,2304,6,1,0.026137697918223568,1.568552385218368
neural_inr_lr0.0003,2304,7,1,0.014829995938417832,3.1417729775273404
neural_inr_lr0.0003,2304,8,1,0.011860365376863448,0.5864825030383862
neural_inr_lr0.0003,2304,9,1,0.02020235462628923,11.123799471642533
neural_inr_lr0.0003,2304,10,1,0.019382868302039877,1.476978859466476
neural_inr_lr0.0003,2776,1,1,0.0040026400055852744,2.4901338371391226
neural_inr_lr0.0003,2776,2,1,0.005199921441828342,4.835106364388869
neural_inr_lr0.0003,2776,3,1,0.003943378888292564,1.969093810611519
neural_inr_lr0.0003,2776,4,1,0.004575892469986318,2.4482723433622096
neural_inr_lr0.0003,2776,5,1,0.011843645106781589,8.619622191341211
neural_inr_lr0.0003,2776,7,1,0.008490889339348658,5.865885904182529
neural_inr_lr0.0003,2776,8,1,0.007158669370154611,1.6256506976150162
neural_inr_lr0.0003,2776,9,1,0.011894191806496833,16.707666654230064
neural_inr_lr0.0003,2776,10,1,0.010496173164366464,3.4909784708080145
neural_inr_lr0.0003,3283,1,1,0.005600719450989969,2.8790692240319968e-05
neural_inr_lr0.0003,3283,4,1,0.0069553889309902665,1.0610288402436223
neural_inr_lr0.0003,3283,10,1,0.010129810187616932,2.5893953537526646
neural_inr_lr0.0003,3565,1,1,0.0038288310048445705,0.513756502382065
neural_inr_lr0.0003,3565,2,1,0.005816684471333742,0.4428089140904562
neural_inr_lr0.0003,3565,3,1,0.004582034310450507,1.4019621900640695
neural_inr_lr0.0003,3565,4,1,0.006942090378797084,0.5463495610054488
neural_inr_lr0.0003,3565,5,1,0.008234338720217175,1.9064458150461419
neural_inr_lr0.0003,3565,6,1,0.00872024463228232,0.8519595356558681
neural_inr_lr0.0003,3565,7,1,0.009736466038670176,0.4842624424326752
neural_inr_lr0.0003,3565,8,1,0.0070715170454460205,0.8710228399089489
neural_inr_lr0.0003,3565,9,1,0.015411575035548889,3.405998179535322
neural_inr_lr0.0003,3565,10,1,0.010084743232720345,0.47004551155575003
neural_inr_lr0.0003,3964,1,1,0.005124473319228997,1.8853388256097539
neural_inr_lr0.0003,3964,2,1,0.00667577142635058,3.0613579963487165
neural_inr_lr0.0003,3964,3,1,0.00564951296163023,2.394354721252742
neural_inr_lr0.0003,3964,4,1,0.0081390065377621,1.2747389515165033
neural_inr_lr0.0003,3964,5,1,0.01072524048986112,6.356319608631899
neural_inr_lr0.0003,3964,6,1,0.00849892264596436,1.3428635591399936
neural_inr_lr0.0003,3964,7,1,0.010328004864424077,2.375866147441326
neural_inr_lr0.0003,3964,8,1,0.008124034875357393,0.9174482548146551
neural_inr_lr0.0003,3964,9,1,0.015431599020929655,9.462628109253771
neural_inr_lr0.0003,3964,10,1,0.010850612889269652,0.7601553119070931
neural_inr_lr0.0003,4919,1,1,0.006635678436855614,0.2651674489405018
neural_inr_lr0.0003,4919,2,1,0.007792672525040096,1.1505846953831929
neural_inr_lr0.0003,4919,3,1,0.008332290056477993,0.32264369739171184
neural_inr_lr0.0003,4919,4,1,0.011621499321629595,0.561795554867842
neural_inr_lr0.0003,4919,5,1,0.014851235022687407,4.427759469899712
neural_inr_lr0.0003,4919,6,1,0.014619132414991397,0.5503141724545227
neural_inr_lr0.0003,4919,7,1,0.01593829997727998,0.5560711363002554
neural_inr_lr0.0003,4919,8,1,0.016580062869706393,0.6865767554975477
neural_inr_lr0.0003,4919,9,1,0.014858861003789659,6.680321730501954
neural_inr_lr0.0003,5674,1,1,0.007103884978003172,1.3744161584781862
neural_inr_lr0.0003,5674,2,1,0.007621715086383639,0.48402796614730853
neural_inr_lr0.0003,5674,3,1,0.0077333494657675595,0.12644822459544888
neural_inr_lr0.0003,5674,4,1,0.00919270498647601,0.7548639019064732
neural_inr_lr0.0003,5674,5,1,0.03451496838813769,4.533155201207098
neural_inr_lr0.0003,5674,6,1,0.028994855885147938,0.31330129944344653
neural_inr_lr0.0003,5674,7,1,0.011643028713248389,0.8373022853663108
neural_inr_lr0.0003,5674,8,1,0.013712695765586145,0.2783618891268464
neural_inr_lr0.0003,5674,9,1,0.013128296402637653,7.469855999206119
neural_inr_lr0.0003,5674,10,1,0.015442338579968387,0.19125971076698645
neural_inr_lr0.0003,6065,1,1,0.005308842058505885,1.469955343367348
neural_inr_lr0.0003,6065,2,1,0.005872582944309156,0.2519591960894295
neural_inr_lr0.0003,6065,3,1,0.005088166920778766,0.4187930674484871
neural_inr_lr0.0003,6065,4,1,0.0074865212980477795,0.9590555078202502
neural_inr_lr0.0003,6065,5,1,0.01639199471729325,3.7098314768833283
neural_inr_lr0.0003,6065,6,1,0.008897555592981813,0.8176609827152997
neural_inr_lr0.0003,6065,7,1,0.014307835392662631,0.5461122854514641
neural_inr_lr0.0003,6065,8,1,0.010997926406339382,0.9136510385562707
neural_inr_lr0.0003,6065,9,1,0.01948940876147901,6.296082722587603
neural_inr_lr0.0003,8110,1,1,0.004004477982904844,2.289043170444295
neural_inr_lr0.0003,8110,2,1,0.00861088384480009,8.383286513517527
neural_inr_lr0.0003,8110,3,1,0.0047833795836719,0.9838373368227911
neural_inr_lr0.0003,8110,4,1,0.008690058872878942,3.6254748525739955
neural_inr_lr0.0003,8110,5,1,0.022730556109303825,15.890741756183843
neural_inr_lr0.0003,8110,6,1,0.009039432106163215,1.5251061629682339
neural_inr_lr0.0003,8110,7,1,0.014897420132131294,9.9358801312017
neural_inr_lr0.0003,8110,8,1,0.013405232076076554,1.959494161028508
neural_inr_lr0.0003,8110,9,1,0.021316234368482807,29.035938555750494
neural_inr_lr0.0003,9167,1,1,0.008900762715274343,1.8365522814442656
neural_inr_lr0.0003,9167,2,1,0.020366055291023415,2.113250539784332
neural_inr_lr0.0003,9167,3,1,0.013697253294692749,1.4644335236422443
neural_inr_lr0.0003,9167,4,1,0.024045184804244144,2.1721774935152154
neural_inr_lr0.0003,9167,5,1,0.029902814001445826,0.842569180051311
neural_inr_lr0.0003,9167,6,1,0.0657915716433892,0.5553149590741611
neural_inr_lr0.0003,9167,7,1,0.03679118810013556,0.9230176086502561
neural_inr_lr0.0003,9167,8,1,0.02329413686046828,1.7242188908523934
neural_inr_lr0.0003,9167,9,1,0.046038918807021614,4.314782796602054
neural_inr_lr0.0003,9183,1,1,0.006576606747002101,4.0251798657361135
neural_inr_lr0.0003,9183,2,1,0.005933291389078146,7.108921280498705
neural_inr_lr0.0003,9183,3,1,0.004923913825267188,3.3458360884078338
neural_inr_lr0.0003,9183,4,1,0.006196871888741398,4.947790184218556
neural_inr_lr0.0003,9183,5,1,0.01648379934174599,9.250596867095208
neural_inr_lr0.0003,9183,6,1,0.011206973821311009,4.047030402643352
neural_inr_lr0.0003,9183,7,1,0.011973253589131285,8.372345689979124
neural_inr_lr0.0003,9183,8,1,0.014665837331273544,3.9881268458369767
neural_inr_lr0.0003,9183,9,1,0.019820540594977305,13.45229976252567
neural_inr_lr0.0003,970,1,2,0.006900369595725584,3.36622982644009
neural_inr_lr0.0003,970,2,2,0.007828758251736291,1.652627747654521
neural_inr_lr0.0003,970,3,2,0.007069383034971413,2.286056148654795
neural_inr_lr0.0003,970,4,2,0.01174258809306302,2.311828964143948
neural_inr_lr0.0003,970,5,2,0.021279526143237314,0.2465956199779182
neural_inr_lr0.0003,970,6,2,0.01802672381178666,2.112987085752657
neural_inr_lr0.0003,970,7,2,0.022034075946604517,1.411639840344127
neural_inr_lr0.0003,970,8,2,0.016745974072297488,1.5147996752474473
neural_inr_lr0.0003,970,9,2,0.03106442783650392,3.0632829100571946
neural_inr_lr0.0003,970,10,2,0.025983514651191374,0.9711274320077067
neural_inr_lr0.0003,1063,1,2,0.006960781271100992,5.394981318039747
neural_inr_lr0.0003,1063,2,2,0.012965862999058395,5.547891861600504
neural_inr_lr0.0003,1063,3,2,0.007792296920648076,4.040522094812732
neural_inr_lr0.0003,1063,4,2,0.01563579945233992,4.4329410271301795
neural_inr_lr0.0003,1063,5,2,0.021434819295018732,5.89555445936409
neural_inr_lr0.0003,1063,6,2,0.01353234475967343,4.33234035527356
neural_inr_lr0.0003,1063,7,2,0.02835625772295526,5.378054948757731
neural_inr_lr0.0003,1063,8,2,0.023748197261436867,3.077871577496218
neural_inr_lr0.0003,1063,9,2,0.040570022023873754,6.640052152497755
neural_inr_lr0.0003,1063,10,2,0.03239586911432061,3.903278001883473
neural_inr_lr0.0003,1356,1,2,0.0035114056844672264,3.947225602332252
neural_inr_lr0.0003,1356,2,2,0.010326484562557813,3.1693410074532875
neural_inr_lr0.0003,1356,3,2,0.0067765244957973736,3.6188044257017085
neural_inr_lr0.0003,1356,4,2,0.015145821900573555,3.010293345762107
neural_inr_lr0.0003,1356,5,2,0.020077646795895666,3.193672021684083
neural_inr_lr0.0003,1356,6,2,0.009436774461941,3.7141368430300954
neural_inr_lr0.0003,1356,7,2,0.027693728941683926,3.1360336515781677
neural_inr_lr0.0003,1356,8,2,0.02595446741625411,2.3250624561221347
neural_inr_lr0.0003,1356,9,2,0.04288618833147596,1.8231323060533382
neural_inr_lr0.0003,2612,1,2,0.012636090756125864,3.121159016548921
neural_inr_lr0.0003,2612,4,2,0.02689709866715017,0.7242243011596408
neural_inr_lr0.0003,2612,5,2,0.05425416749485614,0.16863720285695943
neural_inr_lr0.0003,2612,6,2,0.053066364921668725,0.9920224388072656
neural_inr_lr0.0003,2612,7,2,0.03918454134205384,0.19643023381957833
neural_inr_lr0.0003,2612,8,2,0.040021703856621856,1.8792114263441235
neural_inr_lr0.0003,2612,9,2,0.04767766960836776,2.309218691851084
neural_inr_lr0.0003,2612,10,2,0.04876264133050672,1.6178036032645924
neural_inr_lr0.0003,2889,1,2,0.004128285129752646,1.0621696143382158
neural_inr_lr0.0003,2889,2,2,0.0077264028223657044,0.5423235111350238
neural_inr_lr0.0003,2889,3,2,0.004872898673498788,0.29931003144834045
neural_inr_lr0.0003,2889,4,2,0.010413700176289932,0.5658945371362454
neural_inr_lr0.0003,2889,5,2,0.015759273087752757,1.3424384963692853
neural_inr_lr0.0003,2889,8,2,0.025595102402802612,0.0656191101576557
neural_inr_lr0.0003,2889,9,2,0.03151788389278493,1.8884162258872719
neural_inr_lr0.0003,2889,10,2,0.025582712207089756,0.5868685733145301
neural_inr_lr0.0003,3927,1,2,0.018200303868430957,2.0140990535922576
neural_inr_lr0.0003,3927,2,2,0.045369320402043486,1.6257099187825093
neural_inr_lr0.0003,3927,3,2,0.03212179703132304,1.6050120848513898
neural_inr_lr0.0003,3927,4,2,0.05110692947838275,0.9809248457231773
neural_inr_lr0.0003,3927,5,2,0.05867374267692671,3.9914615883711253
neural_inr_lr0.0003,3927,6,2,0.04688616314954136,1.6249864555340912
neural_inr_lr0.0003,3927,7,2,0.07381442123766144,2.225558772609443
neural_inr_lr0.0003,3927,8,2,0.051846635125481134,0.12958464096197958
neural_inr_lr0.0003,3927,9,2,0.09150200975853087,6.976921175545236
neural_inr_lr0.0003,3927,10,2,0.10286569717709419,0.8908307350527166
neural_inr_lr0.0003,4391,1,2,0.004253779607996207,1.655359775997048
neural_inr_lr0.0003,4391,4,2,0.007402968202071815,1.2824369677151672
neural_inr_lr0.0003,4391,5,2,0.07824665036569523,2.0101216369402537
neural_inr_lr0.0003,4391,6,2,0.07498214072528303,2.2683335391948685
neural_inr_lr0.0003,4391,9,2,0.013244075581814032,3.2726721506523697
neural_inr_lr0.0003,4391,10,2,0.009563874979365825,1.1228682540870674
neural_inr_lr0.0003,5683,1,2,0.002854607763032431,1.0709387488534021
neural_inr_lr0.0003,5683,2,2,0.004250020630380202,1.6583760667557725
neural_inr_lr0.0003,5683,3,2,0.0025869021913312025,0.36153577442199525
neural_inr_lr0.0003,5683,4,2,0.0046166045489625515,0.48330368325959655
neural_inr_lr0.0003,5683,5,2,0.006890664739708271,7.770142058943277
neural_inr_lr0.0003,5683,6,2,0.009322906897274151,0.2382441369880893
neural_inr_lr0.0003,5683,8,2,0.004798312147561589,1.5007227421355942
neural_inr_lr0.0003,5683,10,2,0.012318165061079259,1.3931938503068775
neural_inr_lr0.0003,6742,1,2,0.008209230940664508,2.5382065352266725
neural_inr_lr0.0003,6742,2,2,0.009956269824935266,0.5843449096493057
neural_inr_lr0.0003,6742,3,2,0.012651734914299674,0.9045000692792889
neural_inr_lr0.0003,6742,4,2,0.016453419013715567,1.4609871461089545
neural_inr_lr0.0003,6742,5,2,0.018993761298836682,1.704781464267877
neural_inr_lr0.0003,6742,6,2,0.022031249908052053,0.45247169013114635
neural_inr_lr0.0003,6742,7,2,0.022031422510340494,0.717692083631032
neural_inr_lr0.0003,6742,8,2,0.026490749834306913,0.2998975554805189
neural_inr_lr0.0003,6742,9,2,0.022612774283512722,4.5498777646874755
neural_inr_lr0.0003,6742,10,2,0.029581097791902683,0.5856997664213028
neural_inr_lr0.0003,8792,1,2,0.005051005707446926,3.429156956330146
neural_inr_lr0.0003,8792,2,2,0.011914427441390997,1.8025200891109923
neural_inr_lr0.0003,8792,3,2,0.0076160604679742444,2.6819643789303735
neural_inr_lr0.0003,8792,4,2,0.01581170493853096,1.7300339933395346
neural_inr_lr0.0003,8792,5,2,0.020053394717712326,0.5481358577478638
neural_inr_lr0.0003,8792,6,2,0.008634007354278831,3.0912099856569033
neural_inr_lr0.0003,8792,7,2,0.026455941809714528,1.1528719762433604
neural_inr_lr0.0003,8792,8,2,0.03792317307722886,1.2272867103356615
neural_inr_lr0.0003,8792,9,2,0.04610916881806203,0.33396149043575396
neural_inr_lr0.0003,8792,10,2,0.03045403308516044,0.5077692949853095
neural_inr_lr0.0003,9436,1,2,0.0060326098975890625,1.0769640675477052
neural_inr_lr0.0003,9436,2,2,0.006606106936448197,0.04793766384397593
neural_inr_lr0.0003,9436,3,2,0.005073347265722873,2.052255861181588
neural_inr_lr0.0003,9436,4,2,0.006856175782767484,0.269091478456887
neural_inr_lr0.0003,9436,5,2,0.015385204276668384,0.7324145968247097
neural_inr_lr0.0003,9436,6,2,0.02219108434966457,1.4511774153336499
neural_inr_lr0.0003,9436,7,2,0.008234610091773965,1.226715178110003
neural_inr_lr0.0003,9436,8,2,0.006799282340775218,1.1243183996772304
neural_inr_lr0.0003,9436,9,2,0.009363432322280736,0.9047601308592278
neural_inr_lr0.0003,9436,10,2,0.008420156034666703,0.6298028865828497
neural_inr_lr0.0003,9627,1,2,0.007069850780403132,0.6457402170222778
neural_inr_lr0.0003,9627,2,2,0.009136658785984946,2.932900193584279
neural_inr_lr0.0003,9627,3,2,0.008195529716762243,0.5718981302892545
neural_inr_lr0.0003,9627,4,2,0.012399079888369018,0.7827840126021688
neural_inr_lr0.0003,9627,5,2,0.020624934016501718,6.876712532316692
neural_inr_lr0.0003,9627,6,2,0.014377671346390893,1.379078033421712
neural_inr_lr0.0003,9627,7,2,0.018586760133995944,3.1971790989294373
neural_inr_lr0.0003,9627,8,2,0.01610713648216861,1.2842817860932234
neural_inr_lr0.0003,9627,9,2,0.02547041717973725,11.838214627052741
neural_inr_lr0.0003,9627,10,2,0.021674008756629178,2.497802946271156
neural_inr_lr0.0003,1039,1,3,0.008732931776195068,1.0600944963676546
neural_inr_lr0.0003,1039,2,3,0.0225229408747215,2.2370019466775704
neural_inr_lr0.0003,1039,3,3,0.018902363555131706,0.45575461211707174
neural_inr_lr0.0003,1039,4,3,0.03128573423437719,1.3931156776052624
neural_inr_lr0.0003,1039,5,3,0.034286976755580324,2.3333399814670037
neural_inr_lr0.0003,1039,6,3,0.02652324569594985,0.2753192885406109
neural_inr_lr0.0003,1039,7,3,0.047464160354566735,3.210016042476533
neural_inr_lr0.0003,1039,8,3,0.04310362112494316,0.13068168722642054
neural_inr_lr0.0003,1039,9,3,0.06593871196896303,5.003484273225768
neural_inr_lr0.0003,1062,1,3,0.004035331916904977,2.9073003259301538
neural_inr_lr0.0003,1062,2,3,0.0054086546986940095,0.05840851596400416
neural_inr_lr0.0003,1062,3,3,0.004835414067778962,3.1407623715692563
neural_inr_lr0.0003,1062,4,3,0.00661566537195053,1.3781828822157072
neural_inr_lr0.0003,1062,5,3,0.007484628102379496,0.6482518166598774
neural_inr_lr0.0003,1062,6,3,0.00704755440910096,2.613971772150012
neural_inr_lr0.0003,1062,7,3,0.008626451520945983,1.215175899281085
neural_inr_lr0.0003,1062,8,3,0.006828022406679448,2.513509432177235
neural_inr_lr0.0003,1062,9,3,0.010622846023080905,3.7822689017980795
neural_inr_lr0.0003,1062,10,3,0.00957563944482081,0.29812043416544587
neural_inr_lr0.0003,2892,1,3,0.004256424795191636,1.995768185586941
neural_inr_lr0.0003,2892,2,3,0.00894803337482276,2.791955449128068
neural_inr_lr0.0003,2892,3,3,0.005549362026577663,2.0016248105792274
neural_inr_lr0.0003,2892,4,3,0.013597158436536506,2.6529966599825516
neural_inr_lr0.0003,2892,5,3,0.019405047383486244,1.7619254643824565
neural_inr_lr0.0003,2892,6,3,0.008255432339944326,2.445559177759422
neural_inr_lr0.0003,2892,7,3,0.024655781598220183,3.6252846997559676
neural_inr_lr0.0003,2892,8,3,0.01998965966169055,2.0080676204634504
neural_inr_lr0.0003,2892,9,3,0.03622706167727829,2.9854255429705594
neural_inr_lr0.0003,2892,10,3,0.028185105439932072,2.4071224581689967
neural_inr_lr0.0003,3261,1,3,0.0038480994965040915,1.8359628887051602
neural_inr_lr0.0003,3261,2,3,0.00540956221259873,1.3352260554488256
neural_inr_lr0.0003,3261,3,3,0.004632382174277816,1.1588041712662573
neural_inr_lr0.0003,3261,4,3,0.005572596688613265,0.676329201299148
neural_inr_lr0.0003,3261,5,3,0.008500091478455141,1.8630679063751916
neural_inr_lr0.0003,3261,6,3,0.006525876958338435,0.9075856880196636
neural_inr_lr0.0003,3261,7,3,0.00717833889241323,0.22480712557165028
neural_inr_lr0.0003,3261,8,3,0.021271308167301644,0.8440738793429786
neural_inr_lr0.0003,3261,9,3,0.026514619559407638,0.9476624291706853
neural_inr_lr0.0003,3721,1,3,0.015743276628552613,1.9580342111102156
neural_inr_lr0.0003,3721,2,3,0.033329849237738615,5.479555909094286
neural_inr_lr0.0003,3721,3,3,0.02460235764640265,0.43518733157930883
neural_inr_lr0.0003,3721,4,3,0.03942094017856843,3.3686842397175463
neural_inr_lr0.0003,3721,5,3,0.04719448868455018,7.61408750540257
neural_inr_lr0.0003,3721,6,3,0.022015913701017773,2.3645261184268693
neural_inr_lr0.0003,3721,7,3,0.05850992065886229,4.866775925589043
neural_inr_lr0.0003,3721,8,3,0.07672815923401684,1.8190095597217226
neural_inr_lr0.0003,3721,9,3,0.09847423407899675,5.619102424581469
neural_inr_lr0.0003,3721,10,3,0.05709734608155869,3.4986081224807264
neural_inr_lr0.0003,4387,1,3,0.0034916032198515435,2.779796745556603
neural_inr_lr0.0003,4387,2,3,0.004794505036787149,0.4188541367069096
neural_inr_lr0.0003,4387,3,3,0.0032374993703606107,2.0840681320281
neural_inr_lr0.0003,4387,4,3,0.005805217935994383,1.4268688779387484
neural_inr_lr0.0003,4387,5,3,0.010203511616729914,2.012358107172924
neural_inr_lr0.0003,4387,6,3,0.02462875527623979,1.6888965542204812
neural_inr_lr0.0003,4387,7,3,0.00964863449165947,1.4096909467281844
neural_inr_lr0.0003,4387,8,3,0.006518169164314411,1.9973857670211514
neural_inr_lr0.0003,4387,9,3,0.012075630011519673,7.818105310252557
neural_inr_lr0.0003,4387,10,3,0.010790281478062685,0.15315164514003596
neural_inr_lr0.0003,4588,1,3,0.0043313706318672575,1.8993649296028743
neural_inr_lr0.0003,4588,2,3,0.005921886053502955,0.8945692453002967
neural_inr_lr0.0003,4588,3,3,0.005572792335893925,2.0990031921021663
neural_inr_lr0.0003,4588,4,3,0.006076662294687035,0.057126875722824745
neural_inr_lr0.0003,4588,5,3,0.0111062213056513,2.425740843196131
neural_inr_lr0.0003,4588,6,3,0.010355092861149936,1.7545068204208647
neural_inr_lr0.0003,4588,7,3,0.006915191706099226,0.942673137444538
neural_inr_lr0.0003,4588,8,3,0.006874230385908789,0.5757564479235335
neural_inr_lr0.0003,4723,1,3,0.0032117847037907874,3.603937610237751
neural_inr_lr0.0003,4723,2,3,0.005203122680986238,1.0044132786249356
neural_inr_lr0.0003,4723,3,3,0.004288081264205116,3.089168065145605
neural_inr_lr0.0003,4723,4,3,0.006607009136924354,2.328179344894528
neural_inr_lr0.0003,4723,5,3,0.006483497019812366,0.35478716421236034
neural_inr_lr0.0003,4723,6,3,0.0074547458457429406,2.376297183004537
neural_inr_lr0.0003,4723,7,3,0.009714873180323276,0.21434420788279807
neural_inr_lr0.0003,4723,8,3,0.05961138452890241,3.1526002684318115
neural_inr_lr0.0003,4723,9,3,0.06785249293731473,3.7819422994224685
neural_inr_lr0.0003,7846,1,3,0.002635605886604286,2.428696724590415
neural_inr_lr0.0003,7846,2,3,0.005813322924937781,3.286833520367732
neural_inr_lr0.0003,7846,3,3,0.003559206376165967,3.7050793537876237
neural_inr_lr0.0003,7846,4,3,0.008960921226505112,3.1296984702681487
neural_inr_lr0.0003,7846,5,3,0.013533130727268102,3.8736099213759965
neural_inr_lr0.0003,7846,7,3,0.016510193209301544,4.540989883493871
neural_inr_lr0.0003,7846,8,3,0.02661753988105482,3.054608592308484
neural_inr_lr0.0003,7846,10,3,0.026725822182051433,3.365268275504893
neural_inr_lr0.0003,7876,1,3,0.021802956039538524,0.11098010334880638
neural_inr_lr0.0003,7876,2,3,0.04134533301832758,0.7696277928132036
neural_inr_lr0.0003,7876,3,3,0.027536279269568087,0.8217825604489569
neural_inr_lr0.0003,7876,4,3,0.04453989216434072,0.9883444937107694
neural_inr_lr0.0003,7876,5,3,0.056487793039720076,1.558374732475177
neural_inr_lr0.0003,7876,6,3,0.02265775133127049,1.1852885866156664
neural_inr_lr0.0003,7876,7,3,0.0651394752481517,2.3892661149329935
neural_inr_lr0.0003,7876,8,3,0.04703082989024141,0.5033171262332825
neural_inr_lr0.0003,7876,9,3,0.08602134194718589,5.055789486634218
neural_inr_lr0.0003,7876,10,3,0.058358100918922615,1.4777130710924193
neural_inr_lr0.0003,8705,1,3,0.004352165689687401,4.249233799160627
neural_inr_lr0.0003,8705,2,3,0.005439969343015122,0.8974419086375846
neural_inr_lr0.0003,8705,3,3,0.005294718280872681,5.689311650337151
neural_inr_lr0.0003,8705,4,3,0.005942660080847971,1.8861330814916186
neural_inr_lr0.0003,8705,5,3,0.17769596801701182,1.3437630224342516
neural_inr_lr0.0003,8705,6,3,0.16219661975185048,5.559686859914302
neural_inr_lr0.0003,8705,9,3,0.010149769084335715,0.6001803826947701
neural_inr_lr0.0003,8705,10,3,0.009471296735409791,0.5950824137844063
neural_inr_lr0.0003,9064,1,3,0.003930892651946241,4.3638518443328085
neural_inr_lr0.0003,9064,2,3,0.005563566455665251,1.0736749811545407
neural_inr_lr0.0003,9064,3,3,0.004674394134433878,4.485042692282503
neural_inr_lr0.0003,9064,4,3,0.007156969217765618,2.53297293185395
neural_inr_lr0.0003,9064,5,3,0.0073397430933584765,0.2898751053220804
neural_inr_lr0.0003,9064,6,3,0.0073379155755276294,3.953431033624721
neural_inr_lr0.0003,9064,7,3,0.009982378737292612,0.5428644054860072
neural_inr_lr0.0003,9064,8,3,0.006858901583861248,3.7622327525145702
neural_inr_lr0.0003,9064,9,3,0.013186486464671115,3.8297385483521276
neural_inr_lr0.0003,9064,10,3,0.010741964791839672,1.4501619076606473
