run,mode,reference_run,reference_lf_mode,lf_mode,hf_mode,tracking_mac,pair_mac,hf_w_peak_abs,hf_w_peak_ratio,hf_transverse_fraction,hf_quality_source,f_fsdt,f_comsol,status,reason,delta_f,relative_frequency_error_pct,field_rms,field_rms_interior,field_rms_edge
11,1,9828,1,1,1,0.9959546156765807,0.9990720289371169,4.290436387012193e-08,1.0,0.9983350958903066,transverse_energy_fraction,923.2329055986993,949.8101855145602,accepted,,26.577279915860913,2.798167499273832,0.015011550174858541,0.015396461387008889,1.4004119871243243e-05
11,2,9828,2,3,3,0.9945717616296607,0.9978418944866461,1.7952508275934777e-08,0.4184308228011436,0.9965038812638927,transverse_energy_fraction,1767.0766050758227,1825.9609656169096,accepted,,58.884360541086835,3.224842241969421,0.025315538918842174,0.025964653660703073,4.0501249059928e-05
11,3,9828,3,2,2,0.9889557094489448,0.9957226717344201,1.831460117390486e-08,0.4268703582075231,0.9978516640820173,transverse_energy_fraction,1525.543007714212,1624.4298335150727,accepted,,98.8868258008606,6.087479050226583,0.031200312552080917,0.03200031988339258,2.900708272559965e-05
11,4,9828,4,4,4,0.9885114327038114,0.9943132221770742,1.822669320921772e-08,0.4248214299224365,0.996880498274839,transverse_energy_fraction,2233.560175135453,2363.207854564183,accepted,,129.64767942873004,5.486088715316975,0.0386247896362512,0.039615167052192236,5.2480227876041833e-05
11,5,9828,5,6,6,0.9913991815140037,0.994851722265143,1.2787862327724087e-08,0.2980550502143535,0.9956949430542467,transverse_energy_fraction,2871.324968505927,3005.4538948117975,quarantined,near_repeated_eigenvalue_use_subspace_target,,,,,
11,6,9828,6,5,5,0.9782006718822233,0.9894533183133218,1.3090727893183045e-08,0.30511413554133276,0.9981718516541386,transverse_energy_fraction,2286.7805071449416,2507.6258187332264,accepted,,220.84531158828486,8.806948386735344,0.047218379771083646,0.04842910625156395,4.742259698038151e-05
11,7,9828,7,9,8,0.979140760020679,0.9524465453601372,1.2937823553554308e-08,0.30155029434113223,0.9962390038594632,transverse_energy_fraction,3228.8632066136875,3430.17897583473,accepted,,201.3157692210425,5.868958169217761,0.10369947731844746,0.10635843632292961,8.942038916445333e-05
11,8,9828,8,7,7,0.9790725443584176,0.9881302974660511,1.2867718453294659e-08,0.2999163090320418,0.9975624404021585,transverse_energy_fraction,2879.396979815144,3131.4780274367936,quarantined,near_repeated_eigenvalue_use_subspace_target,,,,,
11,9,9828,9,13,12,0.9937500773664212,0.9892641209459169,9.85026179680509e-09,0.2295864781173155,0.9955011263963253,transverse_energy_fraction,4111.665423124874,4365.954362359275,accepted,,254.28893923440137,5.824360910107834,0.05158877405727032,0.05291155458449952,0.00013199391585328487
11,10,9828,10,11,11,0.9817468874876351,0.985191703459956,1.2757635389081413e-08,0.29735053123502136,0.9970452927848495,transverse_energy_fraction,3754.4272336337044,4079.5872593203458,accepted,,325.16002568664135,7.970414775263628,0.059925230898159265,0.06146177090978658,0.00010170165995379724
297,1,9828,1,1,1,0.9954540237508798,0.9995812568134196,4.1506681184152814e-08,1.0,0.9925421025843063,transverse_energy_fraction,822.1832703668033,843.2526393083469,accepted,,21.069368941543644,2.4985832192384443,0.009678913265402884,0.009927090466911316,4.856734454787664e-06
297,2,9828,2,2,2,0.9906894719097475,0.9980691384817998,1.8389680887364244e-08,0.4430535124158613,0.9900269012837319,transverse_energy_fraction,1171.5008460845065,1252.2801373905804,accepted,,80.7792913060739,6.450576743506969,0.0202009510340677,0.020718924069460735,7.367946686082038e-06
297,3,9828,3,4,4,0.9956355047316509,0.9994568143314658,1.6962508242795575e-08,0.408669345726245,0.9793077685948428,transverse_energy_fraction,1880.9046935153328,1897.0873911933404,accepted,,16.18269767800757,0.8530285822957284,0.012183770754523433,0.012496174333805827,1.960823559957199e-05
297,4,9828,4,5,5,0.9918890839264926,0.9979952663074391,1.7028151855040413e-08,0.41025086490272644,0.9787805872786278,transverse_energy_fraction,2122.778632618852,2191.129489382352,accepted,,68.3508567634999,3.1194348437511574,0.021706068593479115,0.022262633903860858,2.1733316341202667e-05
297,5,9828,5,3,3,0.9851027911680008,0.9952512695127674,1.2730614164025451e-08,0.30671240872146577,0.9898658379329635,transverse_energy_fraction,1637.979072975487,1794.731181055747,accepted,,156.75210808025986,8.73401597603329,0.030748434113304038,0.031536855411263144,1.0428839130685826e-05
297,6,9828,6,11,10,0.9971291523185328,0.9994899967584191,1.2308029908094036e-08,0.2965312946483715,0.9632484177914373,transverse_energy_fraction,3390.2098978677377,3416.233117102614,quarantined,near_repeated_eigenvalue_use_subspace_target,,,,,
297,7,9828,7,7,7,0.9872496180749574,0.9955043427703674,1.2540924858648573e-08,0.30214231783572904,0.9789773007797905,transverse_energy_fraction,2484.1982590760317,2625.144227818207,accepted,,140.9459687421754,5.369075239699021,0.031709266967005025,0.03252232461048334,2.461648499260577e-05
297,8,9828,8,13,11,0.9909511652544004,0.9935041215477128,1.2622516650971842e-08,0.3041080686497069,0.9635496113993312,transverse_energy_fraction,3555.0829436233903,3622.345139368854,accepted,,67.26219574546349,1.8568687730618358,0.04209142628495488,0.04317069214034806,4.968895515410726e-05
297,9,9828,9,6,6,0.9804350865709603,0.9911274818039957,9.552016855798164e-09,0.2301320313570411,0.990486630146934,transverse_energy_fraction,2153.6111114933115,2397.975672261663,accepted,,244.36456076835157,10.190452038150909,0.04210206756118027,0.04318160763999367,1.383194769713872e-05
297,10,9828,10,15,14,0.9872868154024904,0.9914621127089009,1.2193331684337319e-08,0.2937679269089024,0.9638303216361543,transverse_energy_fraction,3821.2670463789664,3951.433305557398,accepted,,130.16625917843157,3.2941530101333707,0.042830640439063886,0.043928860446001985,5.108498166216237e-05
373,1,9828,1,1,1,0.9996106818600184,0.9999695741876904,4.131680842225906e-08,1.0,0.9892320929093619,transverse_energy_fraction,790.1552717141002,802.8648765480659,accepted,,12.709604833965727,1.5830316165543241,0.002339900890603857,0.002399897256585982,1.0049005886856281e-05
373,2,9828,2,2,2,0.9987859194332526,0.9997962063802471,1.709767345715871e-08,0.41381883330435304,0.9766560296038808,transverse_energy_fraction,1253.38881382853,1311.226991472595,accepted,,57.83817764406513,4.410996571929092,0.006208322903061677,0.0063675091799474046,1.9112765158120826e-05
373,3,9828,3,3,3,0.9987441633906898,0.9999290627894226,1.6857999232653574e-08,0.4080179441830139,0.9776900580158173,transverse_energy_fraction,1832.8731982770628,1839.6187809706853,accepted,,6.745582693622509,0.3666837261828325,0.004070093604433583,0.0041744449193649655,4.02119169365435e-05
373,4,9828,4,5,5,0.9976747684142769,0.9996493581930274,1.699854229742404e-08,0.41141953956603844,0.9668379797430235,transverse_energy_fraction,2184.0949866238634,2237.329690523716,accepted,,53.234703899852775,2.3793857528164097,0.008840809127608965,0.009067489152083755,5.079302518899727e-05
373,5,9828,5,4,4,0.9971909745861088,0.999278980657952,1.2120733236276397e-08,0.2933608305947093,0.9654181571745368,transverse_energy_fraction,1950.2066877433356,2076.877028778317,accepted,,126.67034103498122,6.099077570783891,0.011622240729829394,0.01192024432983359,3.43629974861315e-05
373,6,9828,6,8,8,0.9958677142398596,0.9998279174953205,1.2027842546042949e-08,0.2911125763422486,0.9617588447435601,transverse_energy_fraction,3379.7818459519603,3383.906214225431,accepted,,4.124368273470736,0.1218818729707258,0.006859108496704369,0.00703494346450216,0.00010358434851075825
373,7,9828,7,6,6,0.9963211008715857,0.9989964471208939,1.196933952833025e-08,0.28969661465627333,0.9569433142103172,transverse_energy_fraction,2763.9267333071284,2889.352501109206,accepted,,125.42576780207764,4.340964550151891,0.014653978039518649,0.015029713372049868,6.672998531714767e-05
373,8,9828,8,10,9,0.9907006154614616,0.999498170512942,1.2096046072838902e-08,0.2927633216297091,0.9534380112465533,transverse_energy_fraction,3655.83112148335,3705.6856615636443,accepted,,49.8545400802941,1.3453526454604239,0.010511608897499157,0.010781106091527198,0.00011388021322410298
373,9,9828,9,7,7,0.992819590173435,0.9982141120026586,9.303438328983626e-09,0.2251732087798796,0.9563548142421336,transverse_energy_fraction,2788.32972838894,3007.711721262488,accepted,,219.38199287354792,7.293983373561555,0.018329156239708183,0.018799130421511705,5.502947402986674e-05
373,10,9828,10,12,12,0.9912117126623123,0.9982397496882057,1.1966351439611209e-08,0.28962429327344763,0.9455288596173598,transverse_energy_fraction,4126.866438683531,4248.527444570479,accepted,,121.66100588694826,2.8636040951654493,0.01960421249519646,0.020106863158293787,0.00012887654704624645
422,1,9828,1,1,1,0.9999125512072375,0.9999523183120532,4.187483675898085e-08,1.0,0.9938879004599123,transverse_energy_fraction,1059.8402155699157,1141.5190623800802,accepted,,81.67884681016449,7.155276639871714,0.0029622243546737156,0.0030381783646468074,7.341127331093596e-06
422,2,9828,2,2,2,0.9997475862107591,0.9998801771011288,1.794924060781976e-08,0.42864025264457195,0.989249461027516,transverse_energy_fraction,1867.3885648401001,2025.1930551853347,accepted,,157.80449034523463,7.792071473936257,0.0048295551816029,0.0049533883536136735,1.733915101674743e-05
422,3,9828,3,3,3,0.9997842681447727,0.999973493594855,1.719219164919536e-08,0.4105614010664333,0.9863808559857739,transverse_energy_fraction,2180.000129156707,2336.1741641261783,accepted,,156.17403496947145,6.685033905761334,0.002352109097950404,0.0024124135536461922,2.3675256483635426e-05
422,4,9828,4,4,4,0.9995477698677955,0.9999310243979533,1.74892468273063e-08,0.41765528372013055,0.983487579128674,transverse_energy_fraction,2833.4260465101806,3058.720543908281,accepted,,225.29449739810025,7.365645019346231,0.003825800349983004,0.0039238901482758735,3.399055583177344e-05
422,5,9828,5,5,5,0.9993253851144661,0.9998360715066769,1.3068159856989139e-08,0.3120766758377016,0.9859436454893905,transverse_energy_fraction,2957.7893463953906,3214.6902250254834,accepted,,256.90087863009285,7.991466071293272,0.005655023136604674,0.00580001901329386,3.2455881113115846e-05
422,6,9828,6,7,6,0.9993926691680877,0.9999801120932438,1.2267122838491833e-08,0.2929473590332484,0.9776738260557807,transverse_energy_fraction,3791.9752367380283,4060.98375797177,quarantined,near_repeated_eigenvalue_use_subspace_target,,,,,
422,7,9828,7,6,7,0.9992535837952247,0.9998925793041539,1.288025612289018e-08,0.30758940499338816,0.9812871007863562,transverse_energy_fraction,3790.880714790607,4110.157656930928,quarantined,near_repeated_eigenvalue_use_subspace_target,,,,,
422,8,9828,8,9,9,0.9644999225042212,0.9949251258015646,1.2622799335010079e-08,0.301441159225603,0.976763026130831,transverse_energy_fraction,4321.352671526536,4651.430441644529,accepted,,330.07777011799317,7.096263703371496,0.03306302998778353,0.033910796841204544,6.409627154723301e-05
422,9,9828,9,8,8,0.9648081276415409,0.9949237157491609,1.0757635950558167e-08,0.25689977043912865,0.9834691535792738,transverse_energy_fraction,4199.858474142552,4567.842723246576,accepted,,367.98424910402355,8.055974590177664,0.031751463713972514,0.03256560194590281,4.833781173210065e-05
422,10,9828,10,11,11,0.9986451813097649,0.9999055567994315,1.222163163986605e-08,0.29186099781618585,0.9754162944449726,transverse_energy_fraction,5127.84907595301,5542.179266704407,accepted,,414.3301907513978,7.475943501874029,0.004598187172913502,0.004716055102554959,7.892935432756866e-05
692,1,9828,1,1,1,0.999886080366536,0.9999349112052356,3.8639386249880725e-08,1.0,0.9963865729855969,transverse_energy_fraction,1032.4629819936608,1131.6324368802173,accepted,,99.16945488655642,8.76339804821744,0.0034445927565445425,0.0035329146858220977,1.143934648177177e-05
692,2,9828,2,2,2,0.9996850615402727,0.9998207206346496,1.6857351698258647e-08,0.4362737955836626,0.9933573701493879,transverse_energy_fraction,1893.0046848723525,2087.072107075045,accepted,,194.06742220269257,9.298548983756529,0.0058943250886921116,0.0060454579908573135,2.9103560609567804e-05
692,3,9828,3,3,3,0.9996281801432506,0.9999561364481552,1.7160552760828356e-08,0.4441207386124392,0.9917247652741003,transverse_energy_fraction,2119.310997352212,2310.5200969880116,accepted,,191.2090996357997,8.275586950533754,0.003009373803298776,0.003086526162146416,3.627559876124916e-05
692,4,9828,4,4,4,0.9994307069836651,0.9998775345351735,1.635046694222492e-08,0.42315545170636326,0.9896849903317475,transverse_energy_fraction,2838.7690982678014,3116.466566000303,accepted,,277.69746773250154,8.910651272890137,0.005055009526878941,0.005184609415725024,5.605668875750313e-05
692,5,9828,5,5,5,0.999318662872886,0.9997339904478425,1.0929349153596126e-08,0.2828551437881564,0.9907271054575445,transverse_energy_fraction,3094.2613687635394,3416.54359800017,accepted,,322.2822292366304,9.432990389037453,0.0071413590643494215,0.007324458846319933,5.814921589460563e-05
692,6,9828,6,6,6,0.998960087822535,0.9999677516192843,1.2199185836123935e-08,0.31571893397146267,0.9859918718695182,transverse_energy_fraction,3712.024627581594,4040.707995686341,accepted,,328.68336810474693,8.134301425780654,0.0027053376773833464,0.00277463692082966,8.54802763666481e-05
692,7,9828,7,7,7,0.9992026981130494,0.9998109320547153,1.0933185499075944e-08,0.2829544296685016,0.9877819354785973,transverse_energy_fraction,3916.930357335374,4316.40998306283,accepted,,399.4796257274561,9.254904591894073,0.006324544196315779,0.006486682081381015,8.644128431911957e-05
692,8,9828,8,8,8,0.9979491452122083,0.9996035091020158,1.237450159745409e-08,0.3202561634242389,0.9848153490691601,transverse_energy_fraction,4312.631395360524,4717.982492901674,accepted,,405.35109754115,8.591619365926244,0.009196068188792568,0.009431834314465598,0.00010523873606795713
692,9,9828,9,9,9,0.9981961798071778,0.9993872593326378,8.349029353923524e-09,0.21607562035096498,0.988813060821327,transverse_energy_fraction,4505.564652867826,4977.708581000224,accepted,,472.1439281323974,9.48516612512347,0.012249609986884291,0.012563681375003013,0.00010121457339893796
692,10,9828,10,11,10,0.9987239274466179,0.9989866219083258,1.1608253188689738e-08,0.30042540307496657,0.9838218698860374,transverse_energy_fraction,5250.852661698324,5768.370310133223,quarantined,near_repeated_eigenvalue_use_subspace_target,,,,,
795,1,9828,1,1,1,0.9995641679189969,0.99995568218445,4.192910235684114e-08,1.0,0.9928899983359194,transverse_energy_fraction,1040.219142444471,1107.373074400806,accepted,,67.1539319563351,6.064255444595468,0.0028417304055843185,0.002914594523738725,9.260047739688231e-06
795,2,9828,2,2,2,0.9982539782008765,0.9998635190221604,1.7381438767738718e-08,0.41454354590786435,0.9849259826863699,transverse_energy_fraction,2014.9756933451108,2144.871353925593,accepted,,129.8956605804824,6.056104966050498,0.005151093626601036,0.005283169622750163,2.6018341340943697e-05
795,3,9828,3,3,3,0.9991733410030793,0.9999642053982161,1.723373359873064e-08,0.41102080965295906,0.9849185068551677,transverse_energy_fraction,2071.313740228788,2203.4085162835845,accepted,,132.0947760547965,5.995019764995569,0.002763064637082904,0.00283390555073366,2.7435106010131992e-05
795,4,9828,4,4,4,0.997831649992716,0.9998892108244033,1.765064371980495e-08,0.42096402564471014,0.9786989460049369,transverse_energy_fraction,2919.5134294534546,3109.0410245444696,accepted,,189.52759509101497,6.096014610125132,0.004814481111821863,0.0049379176297390205,4.719790439960097e-05
795,5,9828,5,5,5,0.9930887916504583,0.9997656969626604,1.3262474527483836e-08,0.31630714186562914,0.9758706845122843,transverse_energy_fraction,3426.153205635677,3645.368827417285,accepted,,219.2156217816082,6.013537509095362,0.006541503554974066,0.006709222759681856,5.4874564917674106e-05
795,6,9828,6,6,6,0.9957217292833167,0.9999663895118336,1.2415073945427086e-08,0.29609682171985363,0.9754856437349886,transverse_energy_fraction,3574.5322327670233,3799.1576673500713,accepted,,224.625434583048,5.912506251411386,0.0025566901328688404,0.00262220953794138,6.0917606714431014e-05
795,7,9828,7,7,7,0.9957454992506002,0.9998062867172721,1.2551345256984557e-08,0.2993468629536898,0.9711624396010662,transverse_energy_fraction,4220.674115945438,4494.344998948191,accepted,,273.6708830027528,6.089227308246249,0.0063710240996932245,0.006534358226850978,8.004625239417775e-05
795,8,9828,8,8,8,0.9965461945004045,0.9999153149299322,1.2397671416098275e-08,0.29568177516863714,0.970805776773683,transverse_energy_fraction,4312.567008812868,4589.140177170954,accepted,,276.57316835808615,6.026688174266751,0.00424833177358431,0.004357221784254581,8.351779305320673e-05
795,9,9828,9,9,9,0.9926349325579197,0.9996987236883322,9.64219090865219e-09,0.22996416251870874,0.967075857673839,transverse_energy_fraction,5153.637026728421,5481.823295856954,accepted,,328.18626912853324,5.986808611225565,0.007885402917479044,0.008087557955911241,0.00010407341309151368
795,10,9828,10,11,11,0.9956772370200634,0.9998484710885893,1.2390880266023243e-08,0.2955198077118279,0.9651727822876818,transverse_energy_fraction,5483.569119510158,5838.258360955419,accepted,,354.68924144526136,6.075257714138179,0.005751433535074233,0.005898844761342153,0.00011812329404343121
818,1,9828,1,1,1,0.9995787052821952,0.9999707653552395,4.2006865925646466e-08,1.0,0.9957346494411827,transverse_energy_fraction,1063.671846216261,1165.4128095579763,accepted,,101.74096334171531,8.73003647353972,0.002275591407362762,0.0023339387948189435,9.988615445704406e-06
818,2,9828,2,3,3,0.9983661073556952,0.9999080364307897,1.7428561998931084e-08,0.4148979366796897,0.9911881657385841,transverse_energy_fraction,2092.9955815684866,2279.363927520498,quarantined,near_repeated_eigenvalue_use_subspace_target,,,,,
818,3,9828,3,2,2,0.9992188532473534,0.9999753244216083,1.726117797869198e-08,0.41091325425812136,0.9911436339541585,transverse_energy_fraction,2064.9485427390923,2271.5161107220533,quarantined,near_repeated_eigenvalue_use_subspace_target,,,,,
818,4,9828,4,4,4,0.997863186868511,0.9999284060206203,1.7649519907028713e-08,0.42015797937101385,0.9876494941189078,transverse_energy_fraction,2959.506030552172,3230.350621875779,accepted,,270.8445913236069,8.384371327665187,0.003877592784615156,0.003977001916459535,4.999884568740139e-05
818,5,9828,5,6,6,0.9338501164863371,0.92701421051679,1.6486109107924793e-08,0.3924622497928255,0.9864068209805806,transverse_energy_fraction,3574.310269192259,3891.4054175860315,accepted,,317.09514839377243,8.148602223781586,0.11354984850624651,0.11646138234846261,5.740654988047479e-05
818,6,9828,6,5,5,0.936106352344655,0.9270840971293498,1.6977886161064203e-08,0.4041693134430838,0.9859728937722486,transverse_energy_fraction,3508.8317541081456,3855.493126124077,accepted,,346.66137201593165,8.991362730412385,0.11156689463004874,0.11442758347904214,5.775002711412886e-05
818,7,9828,7,8,8,0.9957471859077724,0.9998764442574435,1.2357615984231763e-08,0.29418086095985235,0.9836169760390198,transverse_energy_fraction,4322.12616845603,4701.747458760019,quarantined,near_repeated_eigenvalue_use_subspace_target,,,,,
818,8,9828,8,7,7,0.9963222226450459,0.9999419682017113,1.2425160702194595e-08,0.29578880567256643,0.9835768940717117,transverse_energy_fraction,4288.053541528899,4689.215197864758,quarantined,near_repeated_eigenvalue_use_subspace_target,,,,,
818,9,9828,9,10,10,0.9931040830915456,0.9998103237204271,9.050425279019459e-09,0.21545109542423396,0.9816984114133399,transverse_energy_fraction,5366.738093809359,5831.391547124976,accepted,,464.6534533156164,7.968140186791304,0.006341400242421591,0.006503945466294821,0.00011713204334534244
818,10,9828,10,11,11,0.9954515575058244,0.9999023589186589,1.2244703903478984e-08,0.29149291749478556,0.9806198960798067,transverse_energy_fraction,5512.910625641661,6003.418513728824,accepted,,490.50788808716334,8.170476320540589,0.0046261003729261155,0.004744635885478571,0.00012273077264232958
871,1,9828,1,1,1,0.9993043517013631,0.9999319808451179,4.143236415860031e-08,1.0,0.9944085455722447,transverse_energy_fraction,870.2266616420446,876.4692904664882,accepted,,6.242628824443614,0.7122472963223918,0.0036029555369630757,0.0036953360672201093,2.0471017574780967e-05
871,2,9828,2,2,2,0.9973930621913439,0.9995873789315067,1.7169019439002594e-08,0.4143866706056343,0.9889254671921416,transverse_energy_fraction,1707.4570378358244,1735.780750947219,accepted,,28.32371311139468,1.631756377983704,0.00905893478374108,0.009291205539610277,5.867620077855048e-05
871,3,9828,3,3,3,0.9982771473303518,0.9998656367300648,1.6962426670852526e-08,0.4094004051017098,0.9874576583013175,transverse_energy_fraction,1760.8600682047663,1769.1950097036224,accepted,,8.334941498856097,0.47111491119638504,0.005569386067810696,0.005712173385168239,6.195976184508567e-05
871,4,9828,4,4,4,0.9963500243414339,0.999377867930063,1.731849599004863e-08,0.4179943950037364,0.9834646693021853,transverse_energy_fraction,2504.3685632254474,2542.166237451338,accepted,,37.79767422589066,1.4868293689473633,0.011651577154290436,0.01195030933799346,0.00010981125715106575
871,5,9828,5,5,5,0.9935693840496128,0.9976774933212627,1.3048345243677168e-08,0.314931226075562,0.9835008241365771,transverse_energy_fraction,2940.2291107004953,3020.6890649910333,accepted,,80.45995429053801,2.66362914419253,0.02187903957889484,0.022440021851305537,0.00012725966286535997
871,6,9828,6,6,6,0.9958442296687996,0.9988019268604424,1.2180879783594279e-08,0.2939943213707692,0.978782290708036,transverse_energy_fraction,3107.9457019897427,3122.0870900576183,accepted,,14.141388067875596,0.45294662384368706,0.02196260644758664,0.022525725723101856,0.00014571601908038427
871,7,9828,7,7,7,0.9933352492382137,0.9981941950537923,1.2345927009407616e-08,0.29797785523771314,0.9793538873304914,transverse_energy_fraction,3658.255983628055,3757.5343205452837,accepted,,99.27833691722844,2.642113908964148,0.019692110060376456,0.02019698941606655,0.00019025592305158074
871,8,9828,8,8,8,0.9937787113060216,0.999050929449284,1.2084021994940344e-08,0.2916565887643659,0.9761334307439639,transverse_energy_fraction,3771.141023392637,3823.022245986789,accepted,,51.88122259415195,1.3570735207887994,0.0146899774604215,0.01506657420943342,0.00020056947988565508
871,9,9828,9,9,9,0.9890273461751131,0.9965992837384284,9.485810653747135e-09,0.22894688358685225,0.9794065982535592,transverse_energy_fraction,4476.840112048441,4663.16332548453,accepted,,186.32321343608874,3.9956398785738148,0.02633106348170549,0.027006161900659593,0.0002435815179001808
871,10,9828,10,10,11,0.9924115776666365,0.9976127351936582,1.204022728345767e-08,0.2905995718074037,0.9736090672793025,transverse_energy_fraction,4830.0519343535525,4956.262879599591,quarantined,near_repeated_eigenvalue_use_subspace_target,,,,,
970,1,9828,1,1,1,0.9997442563840981,0.9999443348631336,4.210076774521188e-08,1.0,0.9980668978665473,transverse_energy_fraction,950.6389744439797,956.6353879043997,accepted,,5.996413460420058,0.6268232950858914,0.0033928540060906903,0.00347984555881711,2.5105707326848976e-05
970,2,9828,2,2,2,0.9990421227710622,0.9995108170003938,1.7472632145466724e-08,0.41501932342917636,0.9963562931152213,transverse_energy_fraction,1833.7126919628276,1859.4928691295906,accepted,,25.780177166762996,1.386409036289041,0.010392182726337835,0.01065863692352789,7.02567032327179e-05
970,3,9828,3,3,3,0.999518341494681,0.9997826363914023,1.738204106613972e-08,0.4128675555594014,0.9960338505141756,transverse_energy_fraction,1875.0046284706395,1893.617995829558,accepted,,18.613367358918367,0.9829526018400668,0.007206288183848259,0.0073910459700853096,7.3213130178483e-05
970,4,9828,4,4,4,0.9988178470136964,0.9990919040743496,1.7850858164126815e-08,0.42400315054009896,0.9950750031037908,transverse_energy_fraction,2637.9570713741814,2683.8792735168777,accepted,,45.92220214269628,1.7110382943015598,0.014747982624034303,0.015126109337046388,0.00012467651731493568
970,5,9828,5,5,5,0.9944214166626034,0.9976828126618436,1.3492661152133794e-08,0.3204849192724832,0.9951411835841082,transverse_energy_fraction,3085.0228203997503,3167.2800158430373,accepted,,82.25719544328695,2.597092616750922,0.02205145102558667,0.022616848567688586,0.000145411320190417
970,6,9828,6,6,6,0.9957435097915478,0.9990155932400613,1.2830749933902104e-08,0.30476284925614794,0.9942640217700034,transverse_energy_fraction,3218.8099875855987,3265.4199228289717,accepted,,46.609935243373,1.4273795207016695,0.018809181714240484,0.019291433570316385,0.0001609082157727661
970,7,9828,7,7,7,0.9977913061975343,0.9972141912050873,1.2571114321164892e-08,0.29859584502694975,0.9944329490096474,transverse_energy_fraction,3786.7429650098575,3897.824117478354,accepted,,111.08115246849638,2.8498246488443115,0.024859149185739806,0.025496519109205206,0.00020821522100561847
970,8,9828,8,8,8,0.9977787854275361,0.9982837800464514,1.2614542171000717e-08,0.29962736659203487,0.99383667939748,transverse_energy_fraction,3875.0857720544655,3959.1068651538408,accepted,,84.02109309937532,2.122223419602251,0.020082368987007597,0.020597241474069522,0.00021823844992949405
970,9,9828,9,9,9,0.9959918405786321,0.9945202868608984,8.846411578902827e-09,0.21012470918440507,0.9945356795577189,transverse_energy_fraction,4587.293290741406,4783.835213916895,accepted,,196.5419231754886,4.108459309043895,0.034584920955290914,0.035471660450949634,0.0002699426722921737
970,10,9828,10,11,11,0.9977829673889427,0.9960248196458629,1.1218172616820427e-08,0.2664600485366747,0.9937857694385253,transverse_energy_fraction,4901.234888670238,5063.173224460499,accepted,,161.93833579026068,3.198356615727202,0.030427410811255315,0.031207524081630293,0.0003036941190283284
1039,1,9828,1,1,1,0.9978956246294044,0.9993792333886461,4.301910394099515e-08,1.0,0.9986072120719949,transverse_energy_fraction,937.8544915216405,961.2551286528059,accepted,,23.400637131165354,2.4343835922062884,0.012388094126984862,0.012705737139669009,1.444474529352184e-05
1039,2,9828,2,2,2,0.9956142208312458,0.9964634477890073,1.8373971557602924e-08,0.42711190783528635,0.9980335249870398,transverse_energy_fraction,1592.6315406804188,1666.6685537304006,accepted,,74.03701304998185,4.442215753352363,0.02928120780485866,0.030032007125832313,3.1885259913649194e-05
1039,3,9828,3,3,3,0.9954254861202367,0.9981699447738163,1.8079867426087977e-08,0.4202753142158948,0.9974581928645536,transverse_energy_fraction,1742.397241678685,1806.562113287537,accepted,,64.16487160885185,3.5517667030050912,0.022476087841367256,0.023052396057360452,3.917225287547397e-05
1039,4,9828,4,4,4,0.9944199361551734,0.9949071995411801,1.8408646463967845e-08,0.42791794290315943,0.9976445147357229,transverse_energy_fraction,2257.8550751264706,2372.1151698037042,accepted,,114.26009467723361,4.8168021574892075,0.03650252150243254,0.037438481622391905,5.328946768849054e-05
1039,5,9828,5,5,5,0.9938398349296035,0.9901083025223201,1.3240999716377107e-08,0.30779348018355784,0.9983082745345158,transverse_energy_fraction,2421.6634429813394,2592.6807892047013,accepted,,171.01734622336198,6.596158961621385,0.04607409037919928,0.04725547572624553,5.371678410378196e-05
1039,6,9828,6,6,6,0.9922731096589548,0.9955406083011333,1.2806085290235396e-08,0.29768368276103974,0.9971664694531102,transverse_energy_fraction,2784.414220080941,2922.201939829629,accepted,,137.78771974868778,4.715201843878083,0.03418756191666355,0.035064161695504886,7.683887293878289e-05
1039,7,9828,7,7,7,0.9935705131749045,0.9884924979915511,1.237908213857864e-08,0.2877577867627774,0.9981692503502583,transverse_energy_fraction,2970.326148913565,3180.061757095766,accepted,,209.7356081822013,6.595331292362862,0.052232188078342796,0.05357147241624334,7.232678893849549e-05
1039,8,9828,8,8,8,0.9923118562921195,0.9907395439794937,1.3037215625583142e-08,0.3030564198516301,0.9975474654531105,transverse_energy_fraction,3185.451667019755,3374.893158232052,accepted,,189.44149121229702,5.613258919033056,0.047651443779914066,0.04887327173606509,8.606162622140755e-05
1039,9,9828,9,9,9,0.9916912793369236,0.978685546618578,9.04316270309398e-09,0.21021271655257046,0.9987151360794222,transverse_energy_fraction,3329.7427686729284,3643.4247666214774,accepted,,313.681997948549,8.609536851763352,0.06887315826870799,0.07063913432064697,8.020904723782408e-05
1039,10,9828,10,10,10,0.992746983730797,0.9857740370517333,1.1674309186932459e-08,0.27137499662812364,0.9981687320116855,transverse_energy_fraction,3777.0415967382983,4061.903212287566,quarantined,near_repeated_eigenvalue_use_subspace_target,,,,,
1062,1,9828,1,1,1,0.9999770097034294,0.9999501024604541,3.322287510133406e-08,1.0,0.9959868233801201,transverse_energy_fraction,1106.0033640600548,1195.2527243195514,accepted,,89.2493602594966,7.4669865580357175,0.003021884844498506,0.0030993684947846693,8.294701830816293e-06
1062,2,9828,2,2,2,0.9999331136753363,0.9998654753841357,1.4719938953339168e-08,0.44306637846488156,0.9927071957820838,transverse_energy_fraction,2033.7713590041335,2202.0317211423394,accepted,,168.2603621382059,7.6411416112987744,0.005115530306381825,0.005246695509221921,2.12775471526786e-05
1062,3,9828,3,3,3,0.9999355527378682,0.9999673324907037,1.7302815805675105e-08,0.520810307744266,0.9912144120943097,transverse_energy_fraction,2219.991519522475,2394.863916876971,accepted,,174.87239735449612,7.301976372107981,0.0026130189544862877,0.002680013245127644,2.5285319380809335e-05
1062,4,9828,4,4,4,0.9998980696046339,0.9999088155624611,1.4693078574827501e-08,0.44225788797663396,0.9891065808219849,transverse_energy_fraction,2994.09001769612,3237.719168024349,accepted,,243.62915032822912,7.524715322264693,0.00438807504552481,0.004500580883156811,3.9288851561942625e-05
1062,5,9828,5,5,5,0.9998667023126429,0.9998083037464643,9.746671590926283e-09,0.29337230932595915,0.9899843933808419,transverse_energy_fraction,3307.8329571151367,3582.9907483355923,accepted,,275.1577912204557,7.6795562854376564,0.006082962444638372,0.006238928488249781,4.202772681805109e-05
1062,6,9828,6,6,6,0.9998420093219271,0.9999782554326377,1.2268615327391583e-08,0.36928216748161385,0.9858792123139072,transverse_energy_fraction,3820.3490525921957,4119.6912178963585,accepted,,299.3421653041628,7.26613111205495,0.0021807142211053144,0.002236590921581152,5.7991586055941394e-05
1062,7,9828,7,7,7,0.9998540925101778,0.999862678527327,9.977039711031868e-09,0.3003063305207815,0.9872427228993002,transverse_energy_fraction,4136.108665927307,4478.046445650191,accepted,,341.93777972288444,7.635869432641329,0.005429488599742482,0.005568689120647223,6.061655588208002e-05
1062,8,9828,8,8,8,0.9998292807424389,0.999926076719267,1.24962267467924e-08,0.37613321269388317,0.9847281871420203,transverse_energy_fraction,4462.704743880245,4820.783309253007,accepted,,358.07856537276257,7.427808768866812,0.00399219055753888,0.0040945222811285134,7.118201073771617e-05
1062,9,9828,9,9,9,0.9998157658905563,0.9997779691484737,7.558053250272794e-09,0.22749545989682576,0.9881359158101568,transverse_energy_fraction,4788.114493651046,5186.930853879124,accepted,,398.81636022807743,7.688869804960222,0.007223685926189289,0.007408889896926971,7.312894628511034e-05
1062,10,9828,10,10,10,0.9998035971618341,0.9999046181386254,1.0322652489709383e-08,0.31070918631286304,0.9838691913902202,transverse_energy_fraction,5453.591990154994,5899.124028436698,accepted,,445.53203828170354,7.552511798938599,0.004664707510034015,0.004784269611730903,9.183915482517662e-05
1063,1,9828,1,1,1,0.9999896766082447,0.9998241693046239,4.257413043447241e-08,1.0,0.9998647819001181,transverse_energy_fraction,974.560501691069,982.8123274160621,accepted,,8.251825724993068,0.8396135757360881,0.0057456499120379255,0.005892971387597386,2.5569187403062637e-05
1063,2,9828,2,2,2,0.9999795373619398,0.998919081208805,1.7969608264062262e-08,0.4220781042544139,0.9997978793608208,transverse_energy_fraction,1792.055591937476,1836.1109895060963,accepted,,44.055397568620265,2.3993864107567333,0.015225118887571406,0.01561549936976674,6.571345591171052e-05
1063,3,9828,3,3,3,0.9999506148990218,0.9996345021261265,1.7588509885304703e-08,0.413126697029688,0.9997237345307403,transverse_energy_fraction,1936.1520575436637,1958.7269220111982,accepted,,22.574864467534553,1.1525274000091317,0.00944366720933146,0.009685796877824128,7.638633769265807e-05
1063,4,9828,4,4,4,0.9999341368231581,0.9983933814376847,1.8058403746297957e-08,0.42416377180251247,0.9997145852866133,transverse_energy_fraction,2619.0287641776667,2685.187499379449,accepted,,66.15873520178229,2.463840428911265,0.01953654207178376,0.020037460779799014,0.00011872309052322196
1063,5,9828,5,5,5,0.9999634296402424,0.9963898788546075,1.167478389007175e-08,0.27422248607146277,0.9996988235622368,transverse_energy_fraction,2892.3746924408247,3027.4010713659836,accepted,,135.02637892515895,4.460141743433887,0.02685300441457279,0.027541527678087895,0.0001274280378703624
1063,6,9828,6,6,6,0.9998799448664096,0.9991668897630505,1.2550928336828757e-08,0.2948017542283431,0.9996879643483845,transverse_energy_fraction,3322.054923046363,3369.235373785827,accepted,,47.18045073946405,1.400331099054381,0.014593578175648589,0.01496771957308471,0.00017463555844249374
1063,7,9828,7,7,7,0.9999143591824406,0.9954729762032541,9.994161215760168e-09,0.23474727760189,0.9995737409578832,transverse_energy_fraction,3606.969815533192,3769.164113589287,accepted,,162.1942980560948,4.303190128318423,0.032004618802133726,0.032825223929534984,0.00018171437965472446
1063,8,9828,8,8,8,0.9998413545554409,0.9967416198810314,1.286749427122051e-08,0.30223739486647644,0.9996242330642129,transverse_energy_fraction,3885.974171766535,3986.133993107109,accepted,,100.15982134057367,2.512705832613047,0.027536426274118384,0.02824244666352797,0.00021326699886935977
1063,9,9828,9,9,9,0.9999422496310106,0.9907249012153253,6.8291158216679564e-09,0.1604052919455144,0.9992167380508231,transverse_energy_fraction,4154.045671630144,4448.232818519318,accepted,,294.1871468891741,6.613573499669022,0.04670946557021715,0.04790711847421909,0.0002177387711671514
1063,10,9828,10,10,10,0.9998347526403721,0.9941853265319157,8.371212893762619e-09,0.19662674982045955,0.9993643497229453,transverse_energy_fraction,4742.577016702413,4946.4141371772075,accepted,,203.83712047479457,4.120906879647551,0.036941804562758626,0.03788897922327352,0.0002730376288096359
1190,1,9828,1,1,1,0.9990665524757537,0.9999681881468669,4.148089593084669e-08,1.0,0.9862328088663531,transverse_energy_fraction,844.6673388602051,880.2468961439993,accepted,,35.5795572837942,4.041997471351919,0.0023837756875550583,0.002444897877221582,4.984064420355838e-06
1190,2,9828,2,3,3,0.9964350410273372,0.9999019409505804,1.7161005205430916e-08,0.41370864395118756,0.9711088518620112,transverse_energy_fraction,1777.2259276220905,1843.1129502689093,accepted,,65.88702264681888,3.5747685803632376,0.004332587108726878,0.004443677523935594,1.6348174995575536e-05
1190,3,9828,3,2,2,0.9979686846749519,0.9999707917805818,1.6999395093274337e-08,0.40981263089433356,0.9690815709931049,transverse_energy_fraction,1571.263573611452,1647.256190941817,accepted,,75.99261733036496,4.613284669879811,0.002457552709560823,0.002520565164024578,1.2911393377023434e-05
1190,4,9828,4,4,4,0.9948725126486077,0.9999120484876983,1.7366272993477637e-08,0.41865713369424723,0.9565263732845116,transverse_energy_fraction,2404.345703166704,2505.927433525592,accepted,,101.58173035888785,4.053658098789095,0.004257643799760507,0.00436681003783974,2.630712411224488e-05
1190,5,9828,5,6,6,0.9887099412234737,0.9998262590604946,1.2198855432810236e-08,0.29408370188404553,0.9516076471713808,transverse_energy_fraction,3150.3163521104775,3264.509849743375,accepted,,114.19349763289756,3.4980288891416387,0.005924558015368126,0.006076463279725557,3.8937368372242036e-05
1190,6,9828,6,5,5,0.993906947600908,0.9999735659461638,1.2246886755856017e-08,0.2952416161953915,0.9486652773717134,transverse_energy_fraction,2659.5618302849034,2792.070679652916,accepted,,132.50884936801276,4.745898817449887,0.0022562917353789345,0.0023141369246874647,2.7432100220680422e-05
1190,7,9828,7,8,8,0.9889298289394801,0.9998247012096606,1.2364303395868016e-08,0.2980722358668602,0.9396798080082965,transverse_energy_fraction,3698.7723808104515,3844.4222061676783,accepted,,145.64982535722675,3.7886011875479757,0.006033157312519961,0.006187843076970009,5.02013065426069e-05
1190,8,9828,8,7,7,0.9917758244719242,0.999925545496239,1.2017462068947752e-08,0.2897107644198961,0.9384414833252265,transverse_energy_fraction,3400.2287169465294,3555.200140935526,accepted,,154.97142398899678,4.359007027610466,0.003931012777936584,0.004031796120322934,4.290460889127618e-05
1190,9,9828,9,12,12,0.9842648930352325,0.9997713082702651,9.550480803608602e-09,0.2302380551165126,0.9301572666419935,transverse_energy_fraction,4875.799409251144,5053.521069603449,accepted,,177.72166035230475,3.5167887479739073,0.006837844491743354,0.007013153168574421,7.471089529059748e-05
1190,10,9828,10,10,10,0.9879497618675965,0.9998662834182178,1.1885905904410996e-08,0.28653927639909554,0.9246748681213309,transverse_energy_fraction,4592.631204738463,4787.005150185158,accepted,,194.37394544669496,4.0604498919157574,0.005358799775953252,0.005496182574910811,6.873504890792641e-05
1356,1,9828,1,1,1,0.9998533619111318,0.9998958279911886,4.167780028841729e-08,1.0,0.9913551013293713,transverse_energy_fraction,794.6505102443606,807.2915705638266,accepted,,12.641060319465964,1.5658605614619792,0.0045691153671958565,0.004686271509627769,1.0928518137449703e-05
1356,2,9828,2,2,2,0.9995512503563587,0.9991637041466838,1.7381085706533653e-08,0.4170346224189774,0.9838342174944338,transverse_energy_fraction,1464.2869035105973,1518.3881692329649,accepted,,54.10126572236754,3.563072132582379,0.013125530252313496,0.013462080793766528,2.803590205167428e-05
1356,3,9828,3,3,3,0.9995911912033114,0.999702323522779,1.708512193386723e-08,0.40993338937360785,0.9809618697811843,transverse_energy_fraction,1632.7269137030928,1647.5921163692042,accepted,,14.865202666111372,0.9022380307857866,0.008618030453335928,0.008839002063028253,3.466278776328698e-05
1356,4,9828,4,4,4,0.9993164456445979,0.9985893635312681,1.742056971916016e-08,0.4179819855800193,0.9758778574980163,transverse_energy_fraction,2195.4251036440737,2260.215619494092,accepted,,64.79051585001844,2.8665634947041294,0.01805087251713136,0.01851371130510653,5.404431561499371e-05
1356,5,9828,5,5,5,0.9990582784510769,0.9968308382817204,1.2604062555233354e-08,0.3024166934917666,0.9775051097434003,transverse_energy_fraction,2407.1206113712315,2542.2236225357765,accepted,,135.10301116454502,5.314363770634175,0.025060603955260084,0.025703180301823003,5.664587020476936e-05
1356,6,9828,6,6,6,0.998956031028566,0.9993451594766971,1.2079599898019385e-08,0.2898329521814143,0.9686544344596868,transverse_energy_fraction,2861.90881349114,2888.7708448390204,accepted,,26.862031347880475,0.9298775427573726,0.012719154039818362,0.013045272908842236,8.169346494834807e-05
1356,7,9828,7,7,7,0.99898693055165,0.995796609802601,1.2409074623167702e-08,0.2977382332391548,0.9713701855310871,transverse_energy_fraction,3044.4422079720007,3199.8157712123007,accepted,,155.37356324029997,4.855703401369081,0.030232473354372794,0.031007659040511545,8.420401885486219e-05
1356,8,9828,8,8,8,0.9986992082208798,0.996352045816045,1.2228705057444266e-08,0.2934105200567112,0.9657470805002774,transverse_energy_fraction,3334.8794458374514,3419.3803775001993,accepted,,84.50093166274792,2.4712352044473,0.028601940339692048,0.029335314343734382,0.0001012843698917042
1356,9,9828,9,9,9,0.9985667854852996,0.9906992301280017,9.389801679551476e-09,0.22529503991507446,0.973398288277345,transverse_energy_fraction,3522.440202327394,3795.1294809183455,accepted,,272.6892785909513,7.185243084906972,0.04608699203997939,0.04726870420716546,0.00010075577257863992
1356,10,9828,10,10,10,0.9986327398999981,0.9943922214492198,1.2176922878052277e-08,0.2921680797399563,0.963404220421179,transverse_energy_fraction,4076.9158155671876,4262.660808953631,quarantined,near_repeated_eigenvalue_use_subspace_target,,,,,
1720,1,9828,1,1,1,0.9990705786447168,0.9993571314899696,4.2964151787980595e-08,1.0,0.999939782385763,transverse_energy_fraction,912.051509665417,929.3238318937555,accepted,,17.272322228338453,1.8585902605275169,0.01249972117030091,0.01282022600938288,2.0265759412591354e-05
1720,2,9828,2,2,2,0.9979808771372274,0.9965059362084141,1.816939022395936e-08,0.4228965187913316,0.9998298577044523,transverse_energy_fraction,1608.3726684181652,1682.1606334717117,accepted,,73.78796505354649,4.386499338131571,0.029155395314580376,0.029902967511180403,4.849267121391705e-05
1720,3,9828,3,3,3,0.9975133991494272,0.9978145828378356,1.794886443193441e-08,0.41776373290245383,0.9998846689994252,transverse_energy_fraction,1704.756710940686,1764.3046585766301,accepted,,59.54794763594418,3.3751510741906143,0.024001023106690726,0.024616430754381993,5.5085196036117046e-05
1720,4,9828,4,4,4,0.9969484671866229,0.9944875100946684,1.7547846535877932e-08,0.40842995394097403,0.9997587144868092,transverse_energy_fraction,2264.071061688945,2387.4267760621638,accepted,,123.35571437321869,5.166889959099913,0.037704095015745245,0.03867086239386999,7.991591406953692e-05
1720,5,9828,5,5,5,0.9967137965652992,0.9900602962025367,1.0856420032145092e-08,0.25268554318770986,0.9994862363299432,transverse_energy_fraction,2504.8777066566795,2703.2298325324696,accepted,,198.35212587579008,7.337597546782312,0.04581069293990183,0.04698532196667855,8.639467307121838e-05
1720,6,9828,6,6,6,0.9949089103426735,0.994164653614507,1.260103725719094e-08,0.29329188946576934,0.9997401112601728,transverse_energy_fraction,2751.727724324426,2900.499640352883,accepted,,148.77191602845687,5.129182364261795,0.03884935366661903,0.0398454827762814,0.0001119187595840757
1720,7,9828,7,7,7,0.9964926223782398,0.987844783561398,9.746374913952696e-09,0.2268490010474101,0.9992734021725873,transverse_energy_fraction,3047.5121099133003,3301.2643882549437,accepted,,253.75227834164343,7.6865179064248625,0.05342143682922199,0.054791211002305426,0.00011490909310947287
1720,8,9828,8,8,8,0.9952113635333655,0.9903567649381804,1.2980062348570956e-08,0.30211378110348697,0.9994544993321356,transverse_energy_fraction,3196.8092898108835,3418.322378199804,accepted,,221.51308838892055,6.480169623602801,0.04848905936582922,0.04973235985145167,0.00012929002594702974
1720,9,9828,9,9,9,0.9959993479261484,0.9793214594273117,6.987112540671133e-09,0.16262656772909473,0.9984874886939827,transverse_energy_fraction,3500.615807312145,3901.555559309989,accepted,,400.9397519978438,10.276407599556322,0.0697990484969829,0.07158876083015143,0.00013750574711552096
1720,10,9828,10,10,10,0.9953680950658438,0.9840863972533407,9.23515302510218e-09,0.2149502001267427,0.9987455744010731,transverse_energy_fraction,3858.294494487889,4219.202337514748,quarantined,near_repeated_eigenvalue_use_subspace_target,,,,,
1793,1,9828,1,1,1,0.9907436958229464,0.9903153340865123,1.931540122736272e-08,1.0,0.9981571668791749,transverse_energy_fraction,754.8478311071784,817.6564266671847,accepted,,62.808595560006324,7.681538787142886,0.049179686539271385,0.05044070405350371,1.3172752496372751e-05
1793,2,9828,2,2,2,0.9856940418900003,0.9739663279977585,8.534745084749271e-09,0.4418621691719621,0.9981634769531708,transverse_energy_fraction,1043.4437201931269,1297.5094220265532,accepted,,254.06570183342637,19.581029433806066,0.07356973820775421,0.07545614163245679,1.8601317136928257e-05
1793,3,9828,3,4,3,0.9947405433225084,0.9914348934650502,1.3717490103359867e-08,0.7101840620285588,0.9943756498839665,transverse_energy_fraction,1703.4646701890867,1777.338610395741,accepted,,73.8739402066542,4.156435907854693,0.04987587696496161,0.05115474426148849,5.1445106847901945e-05
1793,4,9828,4,6,5,0.9914305417762337,0.9782231043898156,5.997360990085765e-09,0.3104963194649946,0.994298505061056,transverse_energy_fraction,1900.4991453814894,2146.4469617710947,accepted,,245.94781638960535,11.458369145383717,0.07123973805608082,0.07306639691417072,5.5430571054936265e-05
1793,5,9828,5,3,4,0.9778402168273364,0.9523021057311236,5.283640137941456e-09,0.27354545089420707,0.99833326580451,transverse_energy_fraction,1414.1535117425483,2011.8869789833172,accepted,,597.733467240769,29.710091743961996,0.09841690186215833,0.10094041200261804,2.5224382940838793e-05
1793,6,9828,6,12,8,0.9979709666313176,0.9947192950956397,1.0963082445510066e-08,0.5675824341655128,0.9908049634705011,transverse_energy_fraction,3014.623850876231,3134.7589804092167,accepted,,120.13512953298596,3.8323561806114776,0.03372151376141281,0.03458615778529425,0.00011640917605880535
1793,7,9828,7,7,6,0.9865386884765908,0.959367784371711,4.329710812454429e-09,0.2241584713405199,0.9944030918381866,transverse_energy_fraction,2190.5425040398495,2761.9720127999267,accepted,,571.4295087600772,20.689185339745535,0.09522996946453444,0.0976717625354384,6.187419825335592e-05
1793,8,9828,8,14,9,0.994214830039762,0.9860792298732842,4.545876744557913e-09,0.23534984808485887,0.9897766539461123,transverse_energy_fraction,3136.5626404741893,3421.2938633662716,accepted,,284.7312228920823,8.32232582944308,0.0576435856409251,0.059121619709809003,0.0001224714906202843
1793,9,9828,9,5,7,0.9751493663062156,0.9296465653530611,3.883888208349625e-09,0.20107727313723123,0.9982452946652849,transverse_energy_fraction,1813.680702986201,2933.3071331123842,accepted,,1119.6264301261833,38.169423770439074,0.12100296481538597,0.12410560471335219,3.2827670194941165e-05
1793,10,9828,10,16,11,0.994959964258591,0.9676773932994426,3.774990247916057e-09,0.1954393907473329,0.9895131700795013,transverse_energy_fraction,3345.1371708810675,3939.9868832121724,accepted,,594.8497123311049,15.097758697260913,0.0846665296509076,0.08683746155184645,0.00012611769031988028
1826,1,9828,1,1,1,0.9999611797840738,0.9998482353559853,4.2740889042107245e-08,1.0,0.9994008866721414,transverse_energy_fraction,1028.9014507125296,1040.6434858694872,accepted,,11.742035156957627,1.1283436946849115,0.005110257436245458,0.005241286807035007,2.407211180915232e-05
1826,2,9828,2,2,2,0.9999079148064225,0.9994723792359915,1.799307707193571e-08,0.420980411853609,0.9990215195337842,transverse_energy_fraction,1921.7535199805845,1948.6500286402631,accepted,,26.896508659678602,1.38026368328676,0.010693684777328662,0.010967872144562943,6.393339141106798e-05
1826,3,9828,3,3,3,0.9998684624901258,0.9997775878538412,1.768862299389496e-08,0.41385716091372304,0.9988808943706158,transverse_energy_fraction,1992.0352701684287,2029.8446743853228,accepted,,37.80940421689411,1.862674750142818,0.0069234757393629165,0.007100983539957227,6.861538652579159e-05
1826,4,9828,4,4,4,0.9997748091368661,0.9992888373584523,1.8138675589430144e-08,0.42438695113619135,0.998821058196225,transverse_energy_fraction,2739.657848680964,2796.5700927703933,accepted,,56.91224408942935,2.0350730431022317,0.013268789592693758,0.013608991895024512,0.00010995635757572234
1826,5,9828,5,5,5,0.9984652245792931,0.9983545700948603,1.3465870971040898e-08,0.3150582796201235,0.9989796680105206,transverse_energy_fraction,3133.7690835147228,3206.678866665536,accepted,,72.90978315081338,2.2736852108495853,0.017851820006872864,0.018309536633934014,0.0001255217800130101
1826,6,9828,6,6,6,0.998352717141194,0.9992351410531787,1.2541668619202337e-08,0.29343490274258455,0.9986818597433663,transverse_energy_fraction,3341.5893066715353,3421.1067303953123,accepted,,79.51742372377703,2.3243187070807556,0.012766196072769109,0.013093490344241987,0.00014909431173683275
1826,7,9828,7,7,7,0.9996628642438583,0.9980321183596631,1.3007747844128002e-08,0.30433966479529934,0.9989347238239953,transverse_energy_fraction,3829.524801448406,3933.995876495588,accepted,,104.47107504718224,2.655596963671586,0.021681622848781917,0.022237526727563905,0.0001735350289389625
1826,8,9828,8,8,8,0.9990462014578813,0.9986433823850419,1.2897294269968894e-08,0.3017554046960232,0.9987667596406615,transverse_energy_fraction,3962.4334958361683,4066.6602269475725,accepted,,104.2267311114042,2.562956462916416,0.017936251161629838,0.018396105804891625,0.00018674802889193998
1826,9,9828,9,9,9,0.9993172161937015,0.9960711526002536,9.896438284321791e-09,0.23154497966975068,0.9990008370504556,transverse_energy_fraction,4534.387496068194,4690.638646795707,accepted,,156.25115072751305,3.331127432599229,0.0296183330114534,0.030377736843445326,0.00021793620640541333
1826,10,9828,10,10,10,0.9994137455147851,0.9971527919277298,1.2886403194669205e-08,0.3015005883937942,0.9989849168948408,transverse_energy_fraction,4911.2680663256415,5066.868317243799,quarantined,near_repeated_eigenvalue_use_subspace_target,,,,,
1962,1,9828,1,1,1,0.9995665833091226,0.9999718477914805,4.1526237625850956e-08,1.0,0.993194561319915,transverse_energy_fraction,810.4857608452417,901.1361485201473,accepted,,90.65038767490569,10.059566229117813,0.0021842833364935197,0.0022402894194346796,1.0098218484173115e-05
1962,2,9828,2,2,2,0.9987201814731239,0.9998816999499398,1.7378242040361047e-08,0.41848823861525863,0.986655201713999,transverse_energy_fraction,1288.9364709385043,1498.8044208789686,accepted,,209.8679499404643,14.00235728003711,0.004734261539142086,0.004855650865546908,1.9314053554433432e-05
1962,3,9828,3,3,3,0.9986752320278443,0.9999818957806214,1.697421993602479e-08,0.40875891740931475,0.9848694876774603,transverse_energy_fraction,1848.3890660733564,2004.520682161186,accepted,,156.13161608782957,7.788975064078428,0.0020048624622238664,0.0020562491691310776,3.981698797506196e-05
1962,4,9828,4,5,5,0.9973665164248906,0.9999183935591575,1.7151768125309163e-08,0.4130344838809049,0.9795615325640821,transverse_energy_fraction,2203.551412263005,2470.756843900277,accepted,,267.2054316372719,10.814719882166465,0.004241331388661723,0.004350068797206254,4.9585308832940734e-05
1962,5,9828,5,4,4,0.9971068913676786,0.9997454857491791,1.238464185691783e-08,0.29823655031073965,0.9820365570256356,transverse_energy_fraction,1971.9929315291456,2339.1883321987293,accepted,,367.1954006695837,15.697556097350953,0.006939602244992999,0.0071175366521337505,3.357032185051621e-05
1962,6,9828,6,8,8,0.9959681460078085,0.9997546389333537,1.2138520455396327e-08,0.29230966129808594,0.973227376827778,transverse_energy_fraction,3391.4330333796925,3659.9346852551657,accepted,,268.50165187547327,7.3362416263107075,0.007817188755753959,0.008017595291085797,0.00010275768421810881
1962,7,9828,7,6,6,0.9957067846225993,0.9998010862915427,1.213643036966898e-08,0.2922593296078862,0.9756633088513537,transverse_energy_fraction,2763.9793156019746,3187.5833200057978,quarantined,near_repeated_eigenvalue_use_subspace_target,,,,,
1962,8,9828,8,11,9,0.9903991285480593,0.9998987543970081,1.2238055685870688e-08,0.2947065851747725,0.9696189291996148,transverse_energy_fraction,3664.6165715038023,4030.5585567368244,accepted,,365.941985233022,9.079187911099146,0.004624737069100508,0.004743252706459714,0.00011092284406930634
1962,9,9828,9,7,7,0.9927501956385617,0.9995629342411242,9.502649362167407e-09,0.22883482601495803,0.9786774994712447,transverse_energy_fraction,2765.2553200954153,3314.096896823131,quarantined,near_repeated_eigenvalue_use_subspace_target,,,,,
1962,10,9828,10,12,12,0.9910620765664975,0.9993889253569529,1.2257011048588199e-08,0.2951630523097992,0.9668826356786244,transverse_energy_fraction,4110.663612494759,4621.598811470286,accepted,,510.9351989755269,11.055377582914454,0.011585484234680043,0.011882514604561249,0.0001234889394318477
2209,1,9828,1,1,1,0.9987437442240307,0.9999544758382947,4.220454877785313e-08,1.0,0.9966594105245392,transverse_energy_fraction,1102.9403636503291,1140.226071589376,accepted,,37.285707939046915,3.2700276610123358,0.0029387609192899015,0.003014112461041689,1.229438426956982e-05
2209,2,9828,2,3,3,0.9960547137477868,0.9998603402805684,1.7350888646199925e-08,0.411114184338936,0.9922307634687425,transverse_energy_fraction,2251.3721143454995,2327.1972738843033,accepted,,75.82515953880375,3.2582179598485297,0.005303807571427742,0.005439795460616934,3.877227111125573e-05
2209,3,9828,3,2,2,0.9966855780406366,0.9999570022575859,1.7908260748479242e-08,0.42432063052588814,0.9944135177388156,transverse_energy_fraction,1991.9364583992945,2052.548846685835,accepted,,60.612388286540636,2.953030247460806,0.0029199227350488375,0.0029947844950206897,3.0475310549954715e-05
2209,4,9828,4,4,4,0.9927206366729803,0.9998683424060781,1.7676063576294793e-08,0.418818920901965,0.990918183221717,transverse_energy_fraction,2984.939052114479,3077.351224680037,accepted,,92.41217256555774,3.0029777499695753,0.0052732955514594015,0.005408492006755281,5.8176361387740507e-05
2209,5,9828,5,6,6,0.9889468571857867,0.9997596847794179,1.2451477487947648e-08,0.2950269070162781,0.9869505489863054,transverse_energy_fraction,3929.0786865367063,4065.7700416944804,accepted,,136.69135515777407,3.362004091623578,0.007104199459626496,0.007286328855115225,9.107725487819497e-05
2209,6,9828,6,5,5,0.9910996187441842,0.9999378478284221,1.3092953343138862e-08,0.3102261183280178,0.9928761370781471,transverse_energy_fraction,3198.3135969159025,3284.0048048466024,accepted,,85.69120793069987,2.609350869530855,0.003469419945340965,0.0035583543320824355,5.8643508616135923e-05
2209,7,9828,7,8,8,0.9155700441290755,0.9130445424407724,1.4529854211743367e-08,0.3442722320814841,0.9879781526822202,transverse_energy_fraction,4526.541901357406,4667.936325308302,accepted,,141.39442395089645,3.029056398740782,0.134332323696309,0.1377767402162504,0.00010394002300667629
2209,8,9828,8,7,7,0.9870378662427002,0.9998521833584361,1.2900792561153033e-08,0.30567303607621404,0.9900265071980537,transverse_energy_fraction,4059.4222253411617,4172.316859357056,accepted,,112.89463401589455,2.7058020237056333,0.005609955000191959,0.0057537659102296695,8.690726618133412e-05
2209,9,9828,9,12,13,0.9870215688282328,0.9996690727850498,9.75752534313904e-09,0.23119605885371555,0.9815215765618722,transverse_energy_fraction,6001.584008019235,6217.833123922555,quarantined,near_repeated_eigenvalue_use_subspace_target,,,,,
2209,10,9828,10,11,11,0.9816430087711691,0.9997479921362622,1.2473428509014836e-08,0.295547017329096,0.986234423064342,transverse_energy_fraction,5453.7271162938205,5615.687823766476,accepted,,161.96070747265549,2.884076048301906,0.007509470289069598,0.00770195713887374,0.000137415711711935
2231,1,9828,1,1,1,0.9976079578857028,0.9985299773347386,4.220325985057207e-08,1.0,0.9997000391011136,transverse_energy_fraction,915.7417311809144,965.9492832248984,accepted,,50.20755204398404,5.197742046700644,0.018033882441572082,0.01849628902217681,2.1705459161401476e-05
2231,2,9828,2,2,2,0.9945213675692641,0.9938797673052305,1.8321744086182838e-08,0.4341310162071398,0.99959953674627,transverse_energy_fraction,1490.8174594311881,1674.5396768798992,accepted,,183.72221744871104,10.971505780683147,0.03560530896219755,0.036518264267921235,4.3316482885671855e-05
2231,3,9828,3,3,3,0.9964511340980045,0.9977252783618259,1.739192231117092e-08,0.41209902677542026,0.9990573823581784,transverse_energy_fraction,1952.3055303061785,2020.3187862012471,accepted,,68.0132558950686,3.3664615881215534,0.024689165518956842,0.025322215159733222,7.575357027516748e-05
2231,4,9828,4,5,4,0.9935042292586067,0.9928281723233682,1.686838340931831e-08,0.3996938499311128,0.9989127016041004,transverse_energy_fraction,2401.1786594653345,2599.4533371650527,accepted,,198.27467769971827,7.627552872941946,0.04079328548147602,0.04183926145821178,9.584781412842347e-05
2231,5,9828,5,4,5,0.9909723002101888,0.9857600242642168,1.1648288152947949e-08,0.27600446492026265,0.9993187249621229,transverse_energy_fraction,2222.714980389868,2628.887513931432,accepted,,406.172533541564,15.450358046478136,0.05300709620432508,0.05436625016116369,7.023069225677428e-05
2231,6,9828,6,8,7,0.9957218855068835,0.9975868313244551,1.2616430955813863e-08,0.2989444654390328,0.9983033504966694,transverse_energy_fraction,3495.6158302509275,3590.416126858131,accepted,,94.80029660720356,2.6403707330203128,0.02672511295008441,0.027410338909296346,0.00018760874757566608
2231,7,9828,7,7,6,0.9899721808101579,0.9848231727492415,1.0131344073730087e-08,0.24006069932990626,0.9984388162447267,transverse_energy_fraction,3030.876505708691,3445.9835026247924,quarantined,near_repeated_eigenvalue_use_subspace_target,,,,,
2231,8,9828,8,10,9,0.9887231441144366,0.992792507197846,1.1866668298597045e-08,0.2811789501714567,0.9978748603599454,transverse_energy_fraction,3834.424099990974,4055.8121665313756,accepted,,221.38806654040172,5.458538449272859,0.04044823088446584,0.04148533962266644,0.00020138146794808015
2231,9,9828,9,6,8,0.9854867465704713,0.9744703863778446,7.829378393875318e-09,0.1855159630226808,0.998461252309918,transverse_energy_fraction,3023.537628201856,3740.871265619804,quarantined,near_repeated_eigenvalue_use_subspace_target,,,,,
2231,10,9828,10,12,11,0.9891153915999841,0.9823533478411386,8.391528105460557e-09,0.19883601729279232,0.997021919543391,transverse_energy_fraction,4344.413266620939,4775.5583905583735,accepted,,431.1451239374346,9.028161498136845,0.06274313796366848,0.06435191602413558,0.00022455196113012858
2304,1,9828,1,1,1,0.9992116571510168,0.9999574244212196,4.1637216712239605e-08,1.0,0.9949469787820313,transverse_energy_fraction,907.5008508609536,917.2156288291951,accepted,,9.714777968241492,1.0591596635397704,0.0028733464043485305,0.0029470163532781925,2.520853840938905e-05
2304,2,9828,2,2,2,0.9971608206424202,0.9997422519351497,1.7275383345884852e-08,0.4149024529011472,0.9891664293414555,transverse_energy_fraction,1771.0860419510286,1825.2369397044854,accepted,,54.150897753456775,2.966787301720075,0.007063727950387511,0.007244830831437903,7.154513563154683e-05
2304,3,9828,3,3,3,0.9978522800330683,0.9998934375859154,1.709509880559528e-08,0.4105725635731563,0.9883036369226681,transverse_energy_fraction,1860.766237952432,1867.9122794414166,accepted,,7.146041488984565,0.38256836617196655,0.004946120282596417,0.005072912650884429,7.810383952649968e-05
2304,4,9828,4,4,4,0.9957392455472157,0.999555510934257,1.75055051210154e-08,0.4204292818609442,0.9834235626374186,transverse_energy_fraction,2626.775954147001,2688.147993736906,accepted,,61.372039589904944,2.283060297755003,0.009743683116861288,0.009993472205361315,0.0001372326303904756
2304,5,9828,5,5,5,0.9937251704576334,0.9975181137328094,1.3090468919836859e-08,0.3143934670347167,0.9822870085922308,transverse_energy_fraction,3049.2962957910804,3202.937125677311,accepted,,153.64082988623068,4.796873115445278,0.022697067300501958,0.023279016189025423,0.00015613556897398794
2304,6,9828,6,6,6,0.9951758101937169,0.9981730777960722,1.225864418528724e-08,0.2944155530377637,0.9788688187247182,transverse_energy_fraction,3320.6918953281265,3322.176881580275,accepted,,1.4849862521487012,0.044699192881094606,0.023324484253722216,0.023922509372796292,0.00018851644675668545
2304,7,9828,7,7,7,0.9924924323219323,0.9987675676307032,1.2532994234061996e-08,0.3010046113475644,0.9773961264292366,transverse_energy_fraction,3823.5219325986523,3995.333099588371,accepted,,171.8111669897189,4.300296438547769,0.01610207722423709,0.01651486298735977,0.00023657819797010224
2304,8,9828,8,8,8,0.9924304508794201,0.9992491599287955,1.2309314328975787e-08,0.2956324966206822,0.9749138324049472,transverse_energy_fraction,4005.7469841879038,4071.659589080925,accepted,,65.91260489302113,1.6188142316656497,0.012840623334913284,0.013169740707606348,0.0002561465116340679
2304,9,9828,9,9,9,0.9883190840021652,0.9979052229481161,9.657056584201643e-09,0.23193328821527281,0.9756162844277754,transverse_energy_fraction,4647.145095772759,4983.137639729052,accepted,,335.99254395629305,6.7425900757291135,0.020530326037261785,0.02105663607892331,0.00029670535920341145
2304,10,9828,10,10,11,0.9907435480658714,0.9982451740149328,1.2262360995917364e-08,0.2945048195863856,0.9700590297468262,transverse_energy_fraction,5105.377539514134,5295.611285647719,accepted,,190.23374613358556,3.5922905944618932,0.019441036576984823,0.019939346292198255,0.0003701029311849768
2504,1,9828,1,1,1,0.999739296936591,0.9996050152965738,4.207311802432653e-08,1.0,0.998469660880738,transverse_energy_fraction,935.2408887543475,974.1722178578699,accepted,,38.931329103522444,3.9963497613522025,0.008977302995330264,0.009207488142484432,2.7345696957810627e-05
2504,2,9828,2,2,2,0.9994479706654207,0.9980495150928772,1.7553940394096776e-08,0.4172246132066359,0.9966670681215474,transverse_energy_fraction,1746.9356038330347,1929.6470186276433,accepted,,182.71141479460857,9.46864442205353,0.019471871218991146,0.019971143237533552,7.194431233979529e-05
2504,3,9828,3,3,3,0.9987261778253365,0.9991301427367709,1.7321677456591354e-08,0.411704153863187,0.9964706713752832,transverse_energy_fraction,1924.4163574003765,1977.790985811196,accepted,,53.37462841081947,2.698699144334897,0.014669024645825071,0.015045140777289101,8.579500657397853e-05
2504,4,9828,4,4,4,0.9983322399597266,0.9969847910623658,1.7832674820313356e-08,0.42384961366548984,0.9949739104511808,transverse_energy_fraction,2620.743624868632,2836.8716292682607,accepted,,216.12800439962848,7.618533111255947,0.02572186290162933,0.026381379017822136,0.0001383056990024628
2504,5,9828,5,5,5,0.9989585393807873,0.992475306074158,1.335490733846398e-08,0.3174213836669348,0.9945836058926694,transverse_energy_fraction,2871.263666350829,3361.6798493991414,accepted,,490.4161830483122,14.588426174371364,0.03892120267806406,0.039919168610213995,0.00014471193208314288
2504,6,9828,6,6,6,0.9961996157625902,0.9963858013716997,1.2464966458803898e-08,0.2962691391590397,0.9937028806776707,transverse_energy_fraction,3436.299829258712,3506.4562335466812,accepted,,70.15640428796905,2.000777982533318,0.030076255332924736,0.030847404907185638,0.00020810539558104293
2504,7,9828,7,7,7,0.9978780733258641,0.9930498813544968,1.2878694821780158e-08,0.30610269517780314,0.9931566081553086,transverse_energy_fraction,3649.39806257757,4189.751708522931,accepted,,540.3536459453612,12.897032653418483,0.0382423116078251,0.039222852372497584,0.00021752086912074165
2504,8,9828,8,8,8,0.9947745063561393,0.9908653758911289,1.2655015892013197e-08,0.3007862617811238,0.9925048372642846,transverse_energy_fraction,4030.069356403662,4285.31115968913,accepted,,255.24180328546845,5.956202333367654,0.04440032671077666,0.04553875715261661,0.00026309423012037296
2504,9,9828,9,9,9,0.9976290484454828,0.9851334129902767,9.985936796736793e-09,0.23734720091253897,0.9925108175523091,transverse_energy_fraction,4190.171942336338,5185.135672818024,accepted,,994.9637304816861,19.188769460702304,0.05565544518814225,0.05708247912388492,0.00025143310380128133
2504,10,9828,10,11,11,0.9953029375404296,0.9912480843535396,1.270884839094947e-08,0.30206576046018885,0.9910718998133152,transverse_energy_fraction,4944.2362594462875,5543.666006137996,accepted,,599.4297466917087,10.812876281291384,0.0439930945295186,0.045121053245204705,0.00034711748037227037
2612,1,9828,1,1,1,0.9995978932949509,0.9996703576150815,4.244661567298638e-08,1.0,0.9998320170913527,transverse_energy_fraction,912.7874503941571,925.0195335755824,accepted,,12.23208318142531,1.3223594461992882,0.008761678089823918,0.008986334890810974,2.3614693150708317e-05
2612,2,9828,2,3,3,0.9992539937779116,0.9984497867725618,1.3930975439565941e-08,0.32819990990310705,0.9997106019678618,transverse_energy_fraction,1725.1153445405112,1768.594599909371,quarantined,near_repeated_eigenvalue_use_subspace_target,,,,,
2612,3,9828,3,2,2,0.998502767150241,0.9982973497078076,1.4081081790388719e-08,0.3317362660634948,0.9997909507634266,transverse_energy_fraction,1698.4110905900952,1760.6035880372312,quarantined,near_repeated_eigenvalue_use_subspace_target,,,,,
2612,4,9828,4,4,4,0.9979406508801489,0.9965699411702121,1.1152170141886711e-08,0.26273402402218154,0.9997804522595575,transverse_energy_fraction,2377.367114250378,2482.9278515960864,accepted,,105.56073734570828,4.25146213080059,0.029833749718624528,0.03059870863472336,0.0001031219162196923
2612,5,9828,5,6,6,0.9568228035471572,0.9795366355535603,8.466669792303764e-09,0.19946630981211705,0.9997273424743021,transverse_energy_fraction,2831.7336611642704,2962.417554349939,accepted,,130.6838931856687,4.411393424055828,0.07408631275903246,0.07598595655475303,0.00012393296979572847
2612,6,9828,6,5,5,0.9546154024477611,0.9795822199887375,6.849342721042862e-09,0.16136369442998677,0.999779311729289,transverse_energy_fraction,2752.5463038019,2924.0986063124465,accepted,,171.55230251054627,5.866843961424724,0.06301394744332585,0.06462968406974222,0.00011821832877924036
2612,7,9828,7,8,8,0.9973364733849802,0.9925186212316507,5.806593109955328e-09,0.13679755188705714,0.9997128174870819,transverse_energy_fraction,3368.353547291189,3572.1199439647544,accepted,,203.7663966735654,5.70435483326469,0.042339791289001394,0.04342541019080761,0.0001674688345388562
2612,8,9828,8,7,7,0.9949840662309067,0.9925886470785882,5.928953360417533e-09,0.13968023755050044,0.999768522950056,transverse_energy_fraction,3321.1805779802007,3550.348550614808,accepted,,229.1679726346074,6.454802095273793,0.0420333477069269,0.04311110998090016,0.00016232351163038733
2612,9,9828,9,10,10,0.9979639253325219,0.9879469699458879,3.85263765304995e-09,0.09076430692922881,0.9993733897822074,transverse_energy_fraction,4103.991678313005,4395.815969872739,accepted,,291.82429155973387,6.638683092281098,0.05232896882536365,0.05367071288359056,0.00022443521516587618
2612,10,9828,10,11,11,0.9953441239573172,0.9883450186537237,5.199342576690994e-09,0.12249133397930541,0.9995787202039985,transverse_energy_fraction,4186.3343088677375,4529.237855284249,accepted,,342.90354641651174,7.570888466730603,0.05319306439615095,0.05455696576016516,0.00022154689412349972
2764,1,9828,1,1,1,0.9989096315141061,0.9999472376369078,4.146024639580689e-08,1.0,0.9931987475473936,transverse_energy_fraction,853.3801310935771,865.777997888997,accepted,,12.397866795419873,1.431991437256347,0.0031105873688207163,0.003190343159826488,1.874252701718161e-05
2764,2,9828,2,3,3,0.9954641550908963,0.9997806097686374,1.7007188987446964e-08,0.4102047253912846,0.9846574443479233,transverse_energy_fraction,1738.54761888312,1765.0301070878209,accepted,,26.482488204700758,1.50039866732897,0.0065595716913405405,0.006727753143161478,5.7345907728573494e-05
2764,3,9828,3,2,2,0.9976054954641798,0.9999253133952862,1.7058808823012538e-08,0.4114497695010754,0.9852244988329584,transverse_energy_fraction,1683.9432992387103,1709.9720446391743,accepted,,26.028745400464004,1.5221737385745624,0.004017002865860627,0.004119984481774483,5.4112997903926985e-05
2764,4,9828,4,4,4,0.9937250423888867,0.9997280436758007,1.738240481156047e-08,0.4192547397238443,0.978042552944092,transverse_energy_fraction,2482.623918929193,2522.335501567325,accepted,,39.71158263813186,1.5743973239664562,0.007591254219251626,0.007785866322424549,0.00010307953718294871
2764,5,9828,5,6,6,0.9797758451617118,0.9994555121450962,1.2025707741598416e-08,0.2900539380975469,0.9734024596507318,transverse_energy_fraction,3081.627971871324,3130.3829674883787,accepted,,48.75499561705465,1.5574770283194,0.01063443914026351,0.010907073596667795,0.0001351191107120399
2764,6,9828,6,5,5,0.9866553920467315,0.9998575746375444,1.2690220879715107e-08,0.3060816561138079,0.9755348794172305,transverse_energy_fraction,2933.3507021102832,2985.2816380656836,accepted,,51.9309359554004,1.7395657177943553,0.0053885774788867465,0.005526679134396962,0.00011940699099740057
2764,7,9828,7,8,8,0.9869286242946776,0.9993570018503819,1.2204299970683742e-08,0.2943614915881936,0.9680527280694758,transverse_energy_fraction,3754.559073262387,3817.5905657389253,accepted,,63.03149247653846,1.651080475790578,0.011655382450699288,0.01195416015622462,0.0001897936405635118
2764,8,9828,8,7,7,0.9903402877684154,0.999616451101367,1.2188648216258099e-08,0.29398397925321557,0.9696524612949585,transverse_energy_fraction,3659.7601710561053,3726.256748129631,accepted,,66.49657707352571,1.784540936608923,0.009140485286541086,0.009374765282091089,0.00018166564529072422
2764,9,9828,9,10,10,0.978477877731835,0.9989394187883212,9.419067731895876e-09,0.22718311034563654,0.9603064120873741,transverse_energy_fraction,4816.606964723774,4895.507710601225,accepted,,78.9007458774513,1.6116968972715882,0.01504690376660753,0.015432604802242731,0.00026369224827187284
2764,10,9828,10,11,11,0.9852722801790694,0.9991803020364586,1.2132077741653536e-08,0.2926195282544322,0.9613366868495865,transverse_energy_fraction,4846.199378284144,4937.872897992662,accepted,,91.67351970851814,1.85653866760696,0.013504643445676609,0.013850767769873578,0.00028150826150927265
2776,1,9828,1,1,1,0.9995554978001078,0.9999902026171601,4.008530684434524e-08,1.0,0.9880400439068092,transverse_energy_fraction,750.1483807512303,787.1523143107485,accepted,,37.003933559518146,4.700987710608432,0.001282557755793779,0.00131544273966949,7.506505825266364e-06
2776,2,9828,2,2,2,0.9984581766266976,0.99992647374469,1.6392094096227574e-08,0.4089302387001679,0.9736656115092325,transverse_energy_fraction,1104.84236808826,1218.0909426695066,accepted,,113.24857458124666,9.297218345048753,0.003674952047118739,0.0037691805397319744,1.2327488694183962e-05
2776,3,9828,3,4,3,0.9987430717036191,0.9999843101601571,1.6917211623855234e-08,0.42203023889891245,0.9757022803289664,transverse_energy_fraction,1802.8143481228378,1854.7442909517704,accepted,,51.92994282893255,2.7998437888321774,0.001757682727505228,0.001802736836189198,3.192157529288206e-05
2776,4,9828,4,5,5,0.9974661941083728,0.9999137055708208,1.6309962792025522e-08,0.4068813257525641,0.9626835466393698,transverse_energy_fraction,2050.3652855592695,2173.7972439337163,accepted,,123.43195837444682,5.6781725489302595,0.004443881494723136,0.004557819093099962,3.7659684411434996e-05
2776,5,9828,5,3,4,0.9964119473810017,0.9997378991194006,1.1349135793462318e-08,0.28312458321778616,0.9613319549355609,transverse_energy_fraction,1666.6729168779395,1882.4295774421194,accepted,,215.7566605641798,11.46160595592394,0.0069855052977494244,0.007164619277604125,2.0616153831658817e-05
2776,6,9828,6,10,9,0.9952265949758562,0.9977132409375284,1.2013229887504823e-08,0.299691603563202,0.9588043815267906,transverse_energy_fraction,3348.3028714784487,3437.719680625544,quarantined,near_repeated_eigenvalue_use_subspace_target,,,,,
2776,7,9828,7,7,7,0.9956177642865175,0.9996922405501846,1.1091265572700398e-08,0.2766915472486902,0.9516263849428496,transverse_energy_fraction,2490.146276222934,2716.3761453678267,accepted,,226.22986914489275,8.328370484723822,0.007991742382411153,0.008196652166727837,4.5941052999612016e-05
2776,8,9828,8,11,11,0.990926706313667,0.9998207092647822,1.2275117679318875e-08,0.3062248650605129,0.9482227776792385,transverse_energy_fraction,3529.784585293324,3684.8351064162534,accepted,,155.05052112292924,4.207800800989604,0.006064398533828467,0.006219863450067562,8.820208705033689e-05
2776,9,9828,9,6,6,0.9924330919823928,0.999343578022448,8.522812308139632e-09,0.21261686585647102,0.9513113143127332,transverse_energy_fraction,2353.5866129897595,2690.7286595033092,accepted,,337.14204651354976,12.529767552845106,0.011068879573016964,0.011352694643817137,3.2079864982683165e-05
2776,10,9828,10,13,12,0.9906567570360875,0.9995645482399066,1.094083169259986e-08,0.2729387038269176,0.9389340151016856,transverse_energy_fraction,3868.523700724639,4119.307175093497,accepted,,250.7834743688577,6.088001299955632,0.0094647770929274,0.009707439104322669,9.58552864363335e-05
2802,1,9828,1,1,1,0.9998377140329304,0.9997979747367106,4.2188120290276046e-08,1.0,0.9990855681436823,transverse_energy_fraction,953.4263679017505,971.3368510447107,accepted,,17.910483142960175,1.843900303349631,0.00631142451973261,0.006473253010205976,2.6920610703506872e-05
2802,2,9828,2,2,2,0.9996834476822509,0.9987982948776297,1.7717641071116306e-08,0.4199675394212823,0.9984335651343303,transverse_energy_fraction,1776.847052166722,1867.885015098124,accepted,,91.03796293140203,4.873852629875057,0.015491800084105828,0.015889017576969523,7.061580724361896e-05
2802,3,9828,3,3,3,0.999175946967158,0.9995431227616844,1.7356688538995537e-08,0.4114117533460263,0.9978289328634264,transverse_energy_fraction,1942.0977276500917,1969.3828786068361,accepted,,27.285150956744474,1.3854670543315732,0.01056489156080639,0.01083576962448954,8.320354685280734e-05
2802,4,9828,4,4,4,0.9989621820156187,0.9981247605856726,1.7830080067150966e-08,0.4226327208813953,0.9975000532702849,transverse_energy_fraction,2644.7272222829174,2756.122777197576,accepted,,111.39555491465853,4.041748641833927,0.02056977892653261,0.0210971873095826,0.0001332179603937271
2802,5,9828,5,5,5,0.999422002527314,0.9961774023828069,1.1652032015418638e-08,0.276192253535987,0.9981358940525531,transverse_energy_fraction,2907.444275858884,3160.745660266925,accepted,,253.30138440804103,8.01397554989128,0.027433420334915512,0.028136823073390545,0.00014079226985743836
2802,6,9828,6,6,6,0.997596378489307,0.9991264278946798,1.2347505240638785e-08,0.2926773024178744,0.9962992018355414,transverse_energy_fraction,3431.8554466250253,3470.342075375193,accepted,,38.48662875016771,1.1090154202163705,0.01405796566067146,0.014418355147243725,0.0001987820612233955
2802,7,9828,7,7,7,0.998725956547728,0.9951135467884347,9.421797532949816e-09,0.22332821344309692,0.9974021490002307,transverse_energy_fraction,3675.0152121061346,3957.1012713088294,accepted,,282.08605920269474,7.128603486799151,0.032409912013381365,0.033240901489517534,0.00020833340882336868
2802,8,9828,8,8,8,0.9970423933400886,0.9948312049228858,1.2673874496809556e-08,0.3004133488196857,0.9962259300459158,transverse_energy_fraction,4026.2082540229635,4161.538479420197,accepted,,135.3302253972338,3.2519277682153875,0.03377395389441508,0.034639906042965,0.0002494996811867555
2802,9,9828,9,9,9,0.998946047733199,0.9894046737561052,6.2983221590939555e-09,0.1492913672322504,0.9981243575685901,transverse_energy_fraction,4224.737592061223,4748.144532558296,accepted,,523.4069404970733,11.023399496541062,0.048379915326096805,0.049620394593329085,0.00024487114665694664
2802,10,9828,10,11,10,0.9971375223267481,0.9937538580683808,7.48908528520892e-09,0.17751644855661136,0.9963642989094239,transverse_energy_fraction,4936.258643541927,5252.555814815688,quarantined,near_repeated_eigenvalue_use_subspace_target,,,,,
2889,1,9828,1,1,1,0.9996944343458174,0.9999078102648795,4.1821589383283805e-08,1.0,0.9964698256111764,transverse_energy_fraction,1024.835937288012,1061.122804965015,accepted,,36.286867677002874,3.4196671212055656,0.004060348838826779,0.004164458344559642,1.792177286533687e-05
2889,2,9828,2,2,2,0.9991994199861073,0.9995511738741694,1.8283149928295637e-08,0.4371701362359858,0.9940686691922749,transverse_energy_fraction,1794.9118367772473,1888.5465382391296,accepted,,93.63470146188229,4.9580298693188025,0.009582721695323364,0.009828427887894672,4.181529862324437e-05
2889,3,9828,3,3,3,0.999126931096558,0.9998708690955572,1.7160910999222836e-08,0.4103361745042166,0.9916361253105382,transverse_energy_fraction,2128.932051054926,2194.6591873524176,accepted,,65.7271362974916,2.994867571068435,0.005547844164562371,0.00569008089800134,5.8615566755791536e-05
2889,4,9828,4,4,4,0.9983980517469832,0.999441733404301,1.7440510148733572e-08,0.4170216963515162,0.9903067789027922,transverse_energy_fraction,2754.4301825151806,2878.2761536107128,accepted,,123.84597109553215,4.302782793797288,0.011264329601845865,0.011553142932813263,8.339499330613173e-05
2889,5,9828,5,5,5,0.9983277805908561,0.9987630866490762,1.3339460941097308e-08,0.31896111883373623,0.9927371443288292,transverse_energy_fraction,2817.958693264832,3006.304857893326,accepted,,188.34616462849363,6.265038761254492,0.015727903736758395,0.01613117387854486,7.657956176081965e-05
2889,6,9828,6,7,6,0.9979897440536856,0.9998032383457389,1.2277208072398808e-08,0.2935614894948502,0.9856033950207483,transverse_energy_fraction,3760.6649171941817,3868.1377359833655,quarantined,near_repeated_eigenvalue_use_subspace_target,,,,,
2889,7,9828,7,6,7,0.9975202125828411,0.9985536602899451,1.321372212694723e-08,0.3159545660937695,0.9895770818886023,transverse_energy_fraction,3656.6325204934,3873.6690003112,quarantined,near_repeated_eigenvalue_use_subspace_target,,,,,
2889,8,9828,8,9,9,0.9863396335189489,0.9968891391625856,1.2464538085404611e-08,0.2980407552465406,0.9852885375656837,transverse_energy_fraction,4264.651067067184,4429.28248985464,accepted,,164.63142278745545,3.7168869487224403,0.026028088022152087,0.026695449186480282,0.00016256206923594347
2889,9,9828,9,8,8,0.987368457228691,0.994985643193113,1.0854474586674021e-08,0.2595423738489619,0.9921665723898531,transverse_energy_fraction,3973.152658142422,4287.178827170074,accepted,,314.0261690276525,7.3247742090324275,0.0328447756485609,0.03368693902902309,0.00011589198115372508
2889,10,9828,10,11,11,0.9936200860183257,0.9969823735367543,1.2263367207055813e-08,0.2932305392476908,0.9851874316366078,transverse_energy_fraction,5026.219913693362,5280.579272945092,accepted,,254.35935925172998,4.816883642954352,0.02585251146642706,0.026515359665913524,0.000193600567176661
2892,1,9828,1,1,1,0.9999486720858961,0.9999029411486028,4.2124756247958556e-08,1.0,0.9979305615966549,transverse_energy_fraction,984.3439364289009,1001.4969030945269,accepted,,17.15296666562608,1.7127328714272707,0.004220957681777279,0.0043291839659849165,2.38070083017077e-05
2892,2,9828,2,2,2,0.9998940203106503,0.9993322034576723,1.7812898466699324e-08,0.422860570678378,0.9963887800230203,transverse_energy_fraction,1829.1011777965261,1885.979137982781,accepted,,56.87796018625477,3.015831884921628,0.011818944248881936,0.01212198579702321,6.225969605343204e-05
2892,3,9828,3,3,3,0.9997724407494636,0.999785874166609,1.7325842902466934e-08,0.4112983538820258,0.9954185610665384,transverse_energy_fraction,1975.233524817115,2009.9334567418261,accepted,,34.69993192471111,1.7264219274682326,0.0071571981100121505,0.00734069761600484,7.210679734811871e-05
2892,4,9828,4,4,4,0.9997214851147377,0.9989429908044908,1.7728377819072664e-08,0.42085413419886114,0.9946378537632948,transverse_energy_fraction,2688.471874267682,2768.839927945663,accepted,,80.36805367798115,2.9025893792860074,0.01573167168115504,0.016135026824644776,0.00011437018326662576
2892,5,9828,5,5,5,0.9998229593564868,0.9975640384345374,1.3097406235866469e-08,0.3109194545547357,0.9955412146238938,transverse_energy_fraction,2984.8514854219284,3130.5902641348916,accepted,,145.73877871296327,4.655313101257496,0.0219861009994321,0.022549829599239898,0.00012355009147051944
2892,6,9828,6,6,6,0.9994003390383094,0.9995290403883536,1.2286270855783105e-08,0.29166390384463103,0.9927790574006464,transverse_energy_fraction,3425.9069746505515,3486.25787242216,accepted,,60.35089777160829,1.7311082536094233,0.010817331788060415,0.011094633603672318,0.00016749193726416027
2892,7,9828,7,7,7,0.9996686601610832,0.9968234751558832,1.2845730993441852e-08,0.30494493351672225,0.9942850121168755,transverse_energy_fraction,3733.4932594583433,3906.9321596941854,accepted,,173.43890023584208,4.439260605165409,0.026589695923706406,0.027271452704675073,0.0001783604722430551
2892,8,9828,8,8,8,0.9993779238261126,0.997837562633659,1.2532565545036263e-08,0.2975106958783557,0.9925739603267598,transverse_energy_fraction,4022.9260295671083,4135.8740855295255,accepted,,112.94805596241713,2.7309355562248974,0.022429887689140834,0.02300496401918287,0.00020833122680267502
2892,9,9828,9,9,9,0.9997635089622525,0.993430729036239,9.785426963313842e-09,0.2322963462557261,0.9953020312858761,transverse_energy_fraction,4326.61867701224,4622.109760470488,accepted,,295.4910834582479,6.392991485952285,0.03890878647376558,0.03990641762818096,0.00021484110510098346
2892,10,9828,10,10,10,0.999348289521128,0.9958051965985211,1.253813099462572e-08,0.29764281414051724,0.9927801626493925,transverse_energy_fraction,4937.353876048756,5149.231652134699,accepted,,211.87777608594297,4.114745468833307,0.031334269706728216,0.03213765290820992,0.00027160540291747837
3114,1,9828,1,1,1,0.9997919358387446,0.9998241049262651,4.288765529582742e-08,1.0,0.999791042920248,transverse_energy_fraction,989.0656916828844,995.1417830298464,accepted,,6.076091346961903,0.610575442673345,0.005708903847884692,0.005855283387057315,2.4261890316896e-05
3114,2,9828,2,2,2,0.9995601923732015,0.9993302453455495,1.7908622270347268e-08,0.41757056073171744,0.999648237647807,transverse_energy_fraction,1867.5902440453042,1888.508857844488,quarantined,near_repeated_eigenvalue_use_subspace_target,,,,,
3114,3,9828,3,3,3,0.9992498899089555,0.9994189784168879,1.7815960445915045e-08,0.41540998972840504,0.9996999611290819,transverse_energy_fraction,1871.6227040225826,1907.2878348995362,quarantined,near_repeated_eigenvalue_use_subspace_target,,,,,
3114,4,9828,4,4,4,0.9988493909111388,0.9987010548061415,1.8335338840688403e-08,0.4275201969941282,0.9996954925443758,transverse_energy_fraction,2608.0803246619002,2666.0762778965445,accepted,,57.995953234644276,2.175329855168336,0.01829672343016809,0.018765853826739,0.00010872165830475566
3114,5,9828,5,5,5,0.719970928130972,0.914613599316742,1.559105411820617e-08,0.3635324433257846,0.9996239694510453,transverse_energy_fraction,3057.4569898479335,3134.855581246092,quarantined,low_MAC,,,,,
3114,6,9828,6,6,6,0.7198346696828871,0.9147086902449681,1.4962586364339725e-08,0.34887862862009733,0.9997645011104428,transverse_energy_fraction,3088.5303757583524,3178.4188264218374,quarantined,low_MAC,,,,,
3114,7,9828,7,7,7,0.9983915950444925,0.9969105593531239,1.2929468248339343e-08,0.3014729567087633,0.9996907997040765,transverse_energy_fraction,3686.5093536636477,3800.959518932266,quarantined,near_repeated_eigenvalue_use_subspace_target,,,,,
3114,8,9828,8,8,8,0.9968925276825646,0.9970719999433763,1.2958621518625378e-08,0.3021527157229818,0.999751017577624,transverse_energy_fraction,3694.0612946366723,3820.6457760558087,quarantined,near_repeated_eigenvalue_use_subspace_target,,,,,
3114,9,9828,9,9,9,0.9983980062429637,0.9945903199979986,9.928874608826208e-09,0.2315089165014856,0.999441018140541,transverse_energy_fraction,4456.58437414512,4626.618804886333,accepted,,170.03443074121333,3.675133783696077,0.03517989415850615,0.03608190437127114,0.00023084696476012546
3114,10,9828,10,11,11,0.9972207599304875,0.9949929982333889,1.294048458451823e-08,0.30172982167615076,0.9996866729137314,transverse_energy_fraction,4636.15861079729,4827.5233975870415,accepted,,191.36478678975163,3.9640364433117443,0.03538486056672567,0.03629212372443222,0.00023924843624107935
3124,1,9828,1,1,1,0.9997521540753571,0.999950206679301,4.1952700447938864e-08,1.0,0.9914948614902385,transverse_energy_fraction,913.0299743457626,967.0870638424245,accepted,,54.05708949666189,5.5896817895467015,0.002904466513280836,0.0029789387624676268,1.1979873506004628e-05
3124,2,9828,2,2,2,0.9991285421799039,0.9998726153162797,1.742410246083631e-08,0.4153273156386851,0.9832345597256669,transverse_energy_fraction,1766.9265993816264,1857.168585656467,accepted,,90.24198627484066,4.859116559035601,0.0050556557757818945,0.00518528225327675,3.380040551694654e-05
3124,3,9828,3,3,3,0.9994952632565798,0.9999709215152763,1.731320912259608e-08,0.4126840212367468,0.9816605543008551,transverse_energy_fraction,1793.635885020398,1914.9253143216447,accepted,,121.28942930124663,6.333898684931897,0.0023702899767062626,0.002431053792643715,3.468308425130901e-05
3124,4,9828,4,4,4,0.9988713620025116,0.9998969981374152,1.7728230658400595e-08,0.42257662722809497,0.9755002044171805,transverse_energy_fraction,2528.8916333645066,2673.3443671335567,accepted,,144.45273376905016,5.403446542277562,0.004778785184947001,0.004901299431466886,5.941874453984948e-05
3124,5,9828,5,5,5,0.9922276743700493,0.9980030449899062,1.3041747022726742e-08,0.310867879385044,0.9752557956795751,transverse_energy_fraction,2971.495291553722,3124.945843423952,accepted,,153.4505518702299,4.910502759372516,0.019431220805420295,0.019929450934905443,6.953974272033743e-05
3124,6,9828,6,6,6,0.9932475670496577,0.9982088879674762,1.2310835201128545e-08,0.2934455963426158,0.9708420151494686,transverse_energy_fraction,3079.999404260395,3294.6145387512906,accepted,,214.6151344908958,6.5141196934145205,0.023469958152230668,0.024071745860240055,7.513734245521654e-05
3124,7,9828,7,7,7,0.9979537001450842,0.9997153486334851,1.2464552036421691e-08,0.29710964737274914,0.9692808462771565,transverse_energy_fraction,3634.111770412346,3830.1586119381086,accepted,,196.04684152576283,5.11850451609785,0.008150009942171944,0.008358953813050378,9.947540344889141e-05
3124,8,9828,8,8,8,0.9977403820114125,0.9998509894829676,1.2490246093185604e-08,0.2977221003612236,0.9664923494432986,transverse_energy_fraction,3709.495512089317,3940.723577827683,accepted,,231.22806573836624,5.867655042829223,0.006199587918081291,0.00635850774829545,0.00010374946963470928
3124,9,9828,9,9,9,0.9962790013474021,0.999404983779427,9.549586192691882e-09,0.2276274492637828,0.9687277076171085,transverse_energy_fraction,4412.659400826297,4649.899342418946,accepted,,237.2399415926484,5.102044670696736,0.012371296560014657,0.01268847503704304,0.0001293703717218938
3124,10,9828,10,11,10,0.9978942230504605,0.9995740057121005,1.2399436755041522e-08,0.2955575355733914,0.9622478195789634,transverse_energy_fraction,4694.213047865171,4965.326794141029,quarantined,near_repeated_eigenvalue_use_subspace_target,,,,,
3144,1,9828,1,1,1,0.9963306849797928,0.9973572806689701,4.222851531239415e-08,1.0,0.9994155608699367,transverse_energy_fraction,817.6775801207157,856.6432914049864,accepted,,38.9657112842707,4.5486507248965635,0.026624533499889743,0.027307213647949517,1.4432361353786547e-05
3144,2,9828,2,2,2,0.9929748457940752,0.9888642118591351,1.80990616777519e-08,0.4285981058974098,0.9992931487243438,transverse_energy_fraction,1341.6239235999456,1482.7530909194193,accepted,,141.1291673194737,9.518049106339271,0.05188160459802099,0.053211901728916926,2.94366933675471e-05
3144,3,9828,3,3,3,0.9929782670081453,0.9936854511635521,1.791519999364322e-08,0.4242441360088517,0.9989526506304209,transverse_energy_fraction,1513.9978707617006,1615.7206929430622,accepted,,101.72282218136161,6.295817255151433,0.04268216844915263,0.04377658211788117,3.90988941555933e-05
3144,4,9828,4,4,4,0.9917424195166018,0.9853607013917718,1.7127569962544522e-08,0.40559252050041994,0.9991962969247005,transverse_energy_fraction,1919.49652826376,2125.7956074707026,accepted,,206.29907920694268,9.704558541844003,0.06158591308466423,0.06316503802207062,5.027337212526268e-05
3144,5,9828,5,5,5,0.9903769395531544,0.9747729276663837,1.1037402530704449e-08,0.2613732083416381,0.999527539506025,transverse_energy_fraction,1999.861738705681,2332.743241213973,accepted,,332.88150250829176,14.269958931916499,0.0737056186251516,0.07559550551645738,4.721254103223248e-05
3144,6,9828,6,6,6,0.9890563873783486,0.9870123577088558,1.2572444523798116e-08,0.2977240480938263,0.9990466349347789,transverse_energy_fraction,2401.166237209386,2631.367244354942,accepted,,230.2010071455561,8.74834205067366,0.05754053063811906,0.059015926423648196,7.440221262821663e-05
3144,7,9828,7,7,7,0.990596715336745,0.9719433873882399,1.062706016953814e-08,0.2516560217881749,0.9994177081182714,transverse_energy_fraction,2475.878223790715,2880.0501588442276,accepted,,404.1719350535127,14.033503333695691,0.08168294508264992,0.08377737826073019,6.503796909059838e-05
3144,8,9828,8,8,8,0.6073402622839954,0.5750866542522077,1.2750644769248299e-08,0.3019439512595405,0.999202094205221,transverse_energy_fraction,2704.342023571076,3052.7592777863,quarantined,low_MAC,,,,,
3144,9,9828,9,9,9,0.6033302044895829,0.5589414040560434,7.336165434900702e-09,0.17372539338951193,0.9994276085202171,transverse_energy_fraction,2719.6947489265763,3344.1973795754993,quarantined,low_MAC,,,,,
3144,10,9828,10,11,10,0.9902188245384702,0.9674123396256259,9.33677595359484e-09,0.2211012128776992,0.9992914954646983,transverse_energy_fraction,3165.1124338978193,3714.8283511446884,accepted,,549.7159172468691,14.797882036123674,0.08895330760322788,0.09123415921109489,9.245648907142254e-05
3261,1,9828,1,1,1,0.9999720930747171,0.999972628567945,4.171988689362942e-08,1.0,0.990253161380726,transverse_energy_fraction,998.399411226334,1043.582494989112,accepted,,45.1830837627781,4.329613037755055,0.0022166729425574573,0.002273510321116338,5.837143933868248e-06
3261,2,9828,2,2,2,0.9999072391344004,0.9999255311917639,1.7612332900258373e-08,0.42215677490122233,0.9814487464793857,transverse_energy_fraction,1799.2835718507852,1897.037371525314,accepted,,97.75379967452886,5.152971741190837,0.0037973156873548756,0.0038946813781900245,1.4375995307092355e-05
3261,3,9828,3,3,3,0.9999329612654666,0.9999842499369227,1.7099306622955352e-08,0.40985985092798505,0.9793735426892554,transverse_energy_fraction,2042.683996292719,2122.6287761429467,accepted,,79.94477985022763,3.766309999598527,0.0017764391164455133,0.0018219839443305767,1.852799502368574e-05
3261,4,9828,4,4,4,0.9998720805462697,0.9999543948954659,1.7391510676666935e-08,0.4168638021720667,0.9732664250588686,transverse_energy_fraction,2701.690842706927,2833.5828190448233,accepted,,131.89197633789627,4.654601074351373,0.0031106901978047866,0.003190445223791585,2.773438252211626e-05
3261,5,9828,5,5,5,0.9997015861128031,0.9998817485757916,1.2783407204249234e-08,0.3064103993580396,0.9738573489353402,transverse_energy_fraction,2909.6846906864816,3077.683420759805,accepted,,167.99873007332326,5.458609840769408,0.004791736227522099,0.004914597075936478,2.81356651000646e-05
3261,6,9828,6,6,6,0.999714279082827,0.9999809545682639,1.2094441660261336e-08,0.2898963194962099,0.9669856542415619,transverse_energy_fraction,3537.2588879923737,3671.767027817457,accepted,,134.50813982508316,3.663308124018872,0.0019988644893271673,0.00205009415191805,4.286281470455069e-05
3261,7,9828,7,7,7,0.9997995394645587,0.9999129971444766,1.2555443746056227e-08,0.30094625563266875,0.9675769528367937,transverse_energy_fraction,3686.919990828056,3889.001642930803,accepted,,202.08165210274683,5.196234680694436,0.004393292361236081,0.004505930831913586,4.176110274858792e-05
3261,8,9828,8,8,8,0.994215053688095,0.9980011531431583,1.2236673022934675e-08,0.29330551768114216,0.9632303932518387,transverse_energy_fraction,4078.2572360587164,4261.606453425493,accepted,,183.34921736677643,4.3023498150421595,0.020779866846841223,0.02131268068434437,5.173320967343822e-05
3261,9,9828,9,9,9,0.994198275686442,0.9978581264653413,9.331714810114522e-09,0.2236754580353252,0.9683123419191257,transverse_energy_fraction,4204.879721616619,4455.654761035306,accepted,,250.7750394186878,5.6282421522357415,0.023407791077689626,0.024007988462136726,4.6973158345997216e-05
3261,10,9828,10,11,11,0.9996987558118547,0.9985687961429017,1.2339831898966725e-08,0.2957781724199977,0.9598897138126932,transverse_energy_fraction,4925.616420586595,5176.142838154532,quarantined,near_repeated_eigenvalue_use_subspace_target,,,,,
3283,1,9828,1,1,1,0.9994652940322213,0.9999499707998563,4.132839799337548e-08,1.0,0.9954232739507654,transverse_energy_fraction,1148.6738557813894,1191.1049254944203,accepted,,42.431069713030865,3.5623284569508424,0.0030186263778735306,0.003096026672315753,6.7476248589043396e-06
3283,2,9828,2,3,2,0.9990807941927002,0.999665831792187,1.7319261479055628e-08,0.4190644283340411,0.9917343195952993,transverse_energy_fraction,2126.7567325414257,2200.883971863604,quarantined,near_repeated_eigenvalue_use_subspace_target,,,,,
3283,3,9828,3,2,3,0.9980194167739572,0.9997514818229734,1.778114051466693e-08,0.43024025556270207,0.9917580705106931,transverse_energy_fraction,2117.5594115353842,2201.0593753827097,quarantined,near_repeated_eigenvalue_use_subspace_target,,,,,
3283,4,9828,4,4,4,0.9976464420034444,0.9999075416346834,1.723721753714478e-08,0.4170792572193998,0.9897076679060871,transverse_energy_fraction,2923.593850126319,3031.1509056998475,accepted,,107.55705557352849,3.5483899983757214,0.004527569995589334,0.0046436571146817145,2.8110645466959826e-05
3283,5,9828,5,6,6,0.6943233313936107,0.9750855940784003,1.8245045155299924e-08,0.441465095216718,0.9896507310311936,transverse_energy_fraction,3433.6916248580337,3560.7547918675336,quarantined,low_MAC,,,,,
3283,6,9828,6,5,5,0.6919577052845035,0.9751569320219047,1.676521512862944e-08,0.4056584804307376,0.988727984874217,transverse_energy_fraction,3395.433559163043,3526.432684642867,quarantined,low_MAC,,,,,
3283,7,9828,7,8,8,0.9973508933510057,0.9998257522195648,1.2010897750425462e-08,0.29062093702133546,0.9881818126375634,transverse_energy_fraction,4077.031283706226,4225.840683164507,quarantined,near_repeated_eigenvalue_use_subspace_target,,,,,
3283,8,9828,8,7,7,0.9946059215431904,0.9998694306138761,1.2633840157191269e-08,0.30569392404748774,0.9882232309231678,transverse_energy_fraction,4067.597674720437,4221.374941574872,quarantined,near_repeated_eigenvalue_use_subspace_target,,,,,
3283,9,9828,9,10,10,0.9978264674958164,0.9998073932642386,9.122225188943731e-09,0.22072535186110845,0.9876886327436384,transverse_energy_fraction,4891.652418393496,5073.345811379798,quarantined,near_repeated_eigenvalue_use_subspace_target,,,,,
3283,10,9828,10,11,11,0.995325293883348,0.9998474685369623,1.1793733953606173e-08,0.285366346779195,0.9876967969823337,transverse_energy_fraction,5063.913610812931,5250.781544351241,accepted,,186.86793353830944,3.558859418543909,0.00639031004248785,0.00655415084509276,5.793852521871104e-05
3377,1,9828,1,1,1,0.9964908388941152,0.999455854147696,4.348597381001745e-08,1.0,0.9996193741472985,transverse_energy_fraction,948.7174003291232,970.0201095388209,accepted,,21.302709209697696,2.1961100600095493,0.011672434385222275,0.011971727185742772,1.3388510639294393e-05
3377,2,9828,2,2,2,0.9934484386851297,0.9972722432712068,1.8650667171472998e-08,0.428889261005272,0.9994605159028304,transverse_energy_fraction,1590.959496402798,1653.4047884078866,accepted,,62.445292005088504,3.7767697567405114,0.02632413749126899,0.026999114578984025,2.877940572131864e-05
3377,3,9828,3,3,3,0.9924173787416445,0.9983026677754833,1.8290129102602238e-08,0.4205983562081094,0.9993504164396138,transverse_energy_fraction,1717.3104234930133,1778.5465482537359,accepted,,61.23612476072253,3.4430431309682143,0.021318612483197177,0.021865242161921605,3.446222820498169e-05
3377,4,9828,4,4,4,0.9914147875909193,0.9959535669082742,1.861422692654271e-08,0.42805128402700565,0.9994814060381004,transverse_energy_fraction,2221.149878882277,2320.3908734151264,accepted,,99.24099453284953,4.276908501488273,0.03297218350372334,0.0338176224655695,4.622396536653925e-05
3377,5,9828,5,5,5,0.9913348227380998,0.9926958534580002,1.2333242143850613e-08,0.2836142568114577,0.9995851243076325,transverse_energy_fraction,2398.1479083022427,2535.7650572649904,accepted,,137.6171489627477,5.42704650687071,0.040001080795828425,0.041026748126317646,4.7160692266003706e-05
3377,6,9828,6,6,6,0.9876737926884354,0.9958055380543653,1.2856644513474266e-08,0.2956503761337547,0.999422911173317,transverse_energy_fraction,2692.748651201488,2819.6142878751807,accepted,,126.86563667369273,4.499396857904872,0.03279460359443206,0.0336354876722999,6.431580687225945e-05
3377,7,9828,7,7,7,0.9907284900178092,0.9913689611014049,1.1616917958010692e-08,0.267141722725653,0.9996021087956848,transverse_energy_fraction,2911.238799730979,3082.074092808867,accepted,,170.8352930778883,5.542867819968484,0.04574864333489058,0.046921683346276395,6.19689065322983e-05
3377,8,9828,8,8,8,0.9887220259212578,0.9931998739410032,1.3100947814479323e-08,0.30126835544065433,0.9995242499283833,transverse_energy_fraction,3083.2059617856376,3247.2886743661543,accepted,,164.08271258051673,5.052914262774757,0.04100185292598909,0.042053179331817014,7.149240632579899e-05
3377,9,9828,9,9,9,0.9893193661281329,0.9851803409076481,8.51071136997767e-09,0.19571164272782451,0.9994973812527924,transverse_energy_fraction,3276.095329504911,3519.0829687860078,accepted,,242.98763928109656,6.904856789009467,0.05907646440389504,0.06059124344244642,6.999736312717584e-05
3377,10,9828,10,10,10,0.9892370483641706,0.9889523227534723,1.1054275944108363e-08,0.2542032516600075,0.9995601042217526,transverse_energy_fraction,3654.4195484900347,3887.8584304072306,accepted,,233.43888191719589,6.004305097414377,0.051949389430023404,0.05328142164032825,8.371815292990964e-05
3408,1,9828,1,1,1,0.9996284321011801,0.9999658686264548,4.140871734269913e-08,1.0,0.995817980136486,transverse_energy_fraction,800.4174934880559,855.5139862709689,accepted,,55.09649278291295,6.440162717043192,0.0023900004305977677,0.0024512809811794403,1.1945419879201715e-05
3408,2,9828,2,2,2,0.9989746585301799,0.9998690609471206,1.7936953637969137e-08,0.43316854008112965,0.9924689681824175,transverse_energy_fraction,1311.1417480734015,1458.423998260339,accepted,,147.28225018693752,10.098726458329068,0.004956846116819734,0.005083941734288186,2.4237789114976296e-05
3408,3,9828,3,3,3,0.9986094789972534,0.999967391043976,1.6913217211679006e-08,0.4084458127911807,0.9896848924914994,transverse_energy_fraction,1813.966157563088,1897.3218070826742,accepted,,83.35564951958622,4.3933321805726795,0.0026676562204303597,0.0027360373291442893,4.628356993836442e-05
3408,4,9828,4,5,5,0.9975822033398467,0.9998868870971808,1.709168926854534e-08,0.41275582450657133,0.9872848077927162,transverse_energy_fraction,2205.6757423486947,2378.702097827531,accepted,,173.0263554788362,7.273981707791875,0.004875644658109293,0.005000642548016649,5.991007333880903e-05
3408,5,9828,5,4,4,0.9976293808250667,0.9997426320944754,1.3072404053803329e-08,0.3156920786899997,0.9895663734225085,transverse_energy_fraction,2047.4889213242311,2323.115058331651,accepted,,275.6261370074201,11.864506496090703,0.006997416219386622,0.007176830128352931,4.404462186294687e-05
3408,6,9828,6,8,8,0.9957009540199967,0.9999426195455695,1.2084181377674272e-08,0.29182699086439734,0.9808237239992412,transverse_energy_fraction,3334.814864008185,3469.315192202195,accepted,,134.50032819400985,3.8768552507514875,0.0038514904512664603,0.0039501530562984855,0.00011929482181762575
3408,7,9828,7,6,6,0.9962220276389763,0.9997740555702742,1.303378821181957e-08,0.3147595252456567,0.9850017926530766,transverse_energy_fraction,2822.370422469562,3126.776360392846,accepted,,304.405937923284,9.735456036422082,0.0069212940066727836,0.00709873970093772,7.994762591612421e-05
3408,8,9828,8,10,9,0.9898264703754853,0.9998387692318749,1.217229560468924e-08,0.29395490577385314,0.9793659135321757,transverse_energy_fraction,3647.0518326053775,3863.4590273400536,accepted,,216.40719473467607,5.6013844899934115,0.005838496972695482,0.005988126197373955,0.00013222747446646759
3408,9,9828,9,7,7,0.9929985053685894,0.9995647196353508,1.0037590536177896e-08,0.2424028364150151,0.9874405227634165,transverse_energy_fraction,2912.9331537452567,3344.438387881755,accepted,,431.5052341364981,12.902173222865011,0.009043463133701215,0.009275333271006799,6.952238134192168e-05
3408,10,9828,10,12,12,0.9899577376417381,0.9285112311945009,1.2055052000834011e-08,0.2911235308513961,0.9787665013997602,transverse_energy_fraction,4150.416736111856,4495.551937696261,accepted,,345.13520158440497,7.677259797409192,0.13401435852093033,0.13745061983314327,0.0001506999111561868
3455,1,9828,1,1,1,0.9991611868225072,0.9999654527590274,4.143262102819285e-08,1.0,0.9929268149365713,transverse_energy_fraction,839.8340463889593,848.2031535160079,accepted,,8.36910712704855,0.9866866318943252,0.0024873527829463527,0.0025511279126788793,1.758181301588638e-05
3455,2,9828,2,2,2,0.9967086694358999,0.9997966984990513,1.7094257161648648e-08,0.4125796712213029,0.9849507282460954,transverse_energy_fraction,1648.3319726048821,1677.7862519626744,accepted,,29.454279357792302,1.7555442073349143,0.006286294698107115,0.006447471537500122,5.0332595543368884e-05
3455,3,9828,3,3,3,0.9979980182264404,0.9999354201041784,1.6961504803920344e-08,0.40937561715873294,0.9842526588032724,transverse_energy_fraction,1711.3536826491156,1720.1595826395574,accepted,,8.80589999044173,0.5119234331113174,0.00375000141650835,0.003846135683361989,5.389890517907845e-05
3455,4,9828,4,4,4,0.995437244097055,0.9996984955822396,1.731595080717696e-08,0.4179303741222239,0.9778774167280826,transverse_energy_fraction,2431.5684146823482,2467.2762069602823,accepted,,35.707792277934004,1.4472555677877057,0.008035128971732268,0.008241129064953952,9.569045433422728e-05
3455,5,9828,5,5,5,0.9920504184747204,0.9988166537761743,1.2835368253643985e-08,0.3097889521618763,0.9757349779067342,transverse_energy_fraction,2857.068879459215,2924.3465753771634,accepted,,67.27769591794822,2.300606107512109,0.01567268306336496,0.016074527009444648,0.00011048748861150265
3455,6,9828,6,6,6,0.9956425358424942,0.9993718189550482,1.2042367408200853e-08,0.290649423313254,0.9729872676013231,transverse_energy_fraction,3029.2921120909336,3040.2245805035004,accepted,,10.932468412566777,0.3595941063918449,0.015937023076587436,0.016345638685872972,0.0001279443706653419
3455,7,9828,7,7,7,0.9912879537823911,0.9991103541477356,1.2235886682809685e-08,0.295320121661716,0.9701326230520352,transverse_energy_fraction,3565.6412252828145,3646.12485401736,accepted,,80.48362873454562,2.207374458004844,0.01393384060987093,0.014291067846624539,0.00016707864778934541
3455,8,9828,8,8,8,0.99259320378632,0.9995369604255736,1.2097351808914422e-08,0.29197650326497016,0.9681451842244946,transverse_energy_fraction,3676.277912841182,3719.3011893324897,accepted,,43.02327649130757,1.156756990122358,0.010241680583707273,0.010504211070898602,0.00017614357828667974
3455,9,9828,9,9,9,0.9855926027977799,0.9983090788514942,9.395330189604246e-09,0.22676166644661916,0.9670088355081546,transverse_energy_fraction,4386.328940563689,4519.840007851996,accepted,,133.51106728830746,2.9538892318393613,0.018575181769171455,0.019051405901413326,0.00021426289828483687
3455,10,9828,10,10,11,0.9901652113642503,0.998819321763984,1.201655220262216e-08,0.2900263585652834,0.962313631411424,transverse_energy_fraction,4721.936523841015,4818.773609849153,quarantined,near_repeated_eigenvalue_use_subspace_target,,,,,
3565,1,9828,1,1,1,0.9992520668093006,0.999957927009428,4.148224493622557e-08,1.0,0.9887150314512791,transverse_energy_fraction,880.092035726264,924.451906458319,accepted,,44.3598707320549,4.798504975991952,0.002767848904522895,0.002838818644469649,9.022985446712368e-06
3565,2,9828,2,2,2,0.9968636004133273,0.9998679062699377,1.7217065850016755e-08,0.4150466272133082,0.9747522232038014,transverse_energy_fraction,1719.2465123817803,1808.4250832055416,accepted,,89.17857082376122,4.931283670633835,0.005025164185615725,0.005154011250089841,2.558863124267902e-05
3565,3,9828,3,3,3,0.998437989797905,0.9999650609013653,1.7084404529312383e-08,0.41184860066223017,0.9755948301241959,transverse_energy_fraction,1781.2466046289537,1868.2999394722465,accepted,,87.05333484329276,4.659494602771512,0.002709391396031988,0.002778855969043184,2.7370770382402355e-05
3565,4,9828,4,4,4,0.9959516194693729,0.9998913575175304,1.747186050652031e-08,0.4211888853503804,0.9639801036872125,transverse_energy_fraction,2525.9518313875096,2657.746503917389,accepted,,131.79467252987934,4.958888002885919,0.004718389133110774,0.004839360974265327,4.825460495624767e-05
3565,5,9828,5,5,5,0.9913817795885129,0.9997358603768179,1.2925310400700185e-08,0.3115865696413355,0.9569638439209973,transverse_energy_fraction,2969.8978457264834,3124.109216994865,accepted,,154.21137126838175,4.936170938886712,0.006978417129068956,0.007157339709264488,5.5539578920571574e-05
3565,6,9828,6,6,6,0.9960251378018721,0.9999393658734866,1.2150180778792311e-08,0.2929007530202835,0.958673697382506,transverse_energy_fraction,3116.706606702948,3266.202272682775,accepted,,149.49566597982675,4.577048617905554,0.00395888261049052,0.0040603671338407185,6.287811968565489e-05
3565,7,9828,7,7,7,0.9918149822230028,0.9998023915857097,1.2316097809052953e-08,0.2969004649576611,0.9483136984628556,transverse_energy_fraction,3693.83537042667,3890.2129141537403,accepted,,196.37754372707013,5.0479896103524515,0.006398583342769419,0.006562621820659648,8.37583253260539e-05
3565,8,9828,8,8,8,0.9938802434172881,0.9999152344574134,1.2246787524390018e-08,0.2952296227751926,0.949276033671539,transverse_energy_fraction,3781.5426261275875,3974.7193141114453,accepted,,193.17668798385785,4.860134080361918,0.004232409830062146,0.004340887438256479,8.742050041077751e-05
3565,9,9828,9,9,9,0.9859084048670214,0.9996740200377832,9.492122308960458e-09,0.2288237370844698,0.93764261960925,transverse_energy_fraction,4547.615521400608,4784.172213572703,accepted,,236.5566921720956,4.944568916248122,0.00814047743134987,0.008349171368636183,0.00010795972205139707
3565,10,9828,10,11,11,0.9913227496443002,0.9998442541011943,1.216986907029941e-08,0.29337537274101866,0.9364944682057303,transverse_energy_fraction,4852.596891822311,5110.029892317868,accepted,,257.4330004955573,5.037798328392709,0.005801183389141812,0.005949860906081416,0.00012733886406537468
3592,1,9828,1,1,1,0.9952153381762273,0.999834708199171,4.1513789434924094e-08,1.0,0.9974808997492084,transverse_energy_fraction,878.7387141179203,976.2105937959674,accepted,,97.47187967804712,9.98471849184001,0.006096666137949499,0.006252990448035964,1.0554824176521783e-05
3592,2,9828,2,2,2,0.9903712280969716,0.9994140476100061,1.9224419781677197e-08,0.4630851590123538,0.9968775749588836,transverse_energy_fraction,1290.8857661111765,1491.175217569768,accepted,,200.28945145859143,13.43165102924737,0.011065744853660195,0.01134948124174257,1.697634304156407e-05
3592,3,9828,3,4,4,0.9946251753384368,0.9998347507313999,1.7006669197974184e-08,0.40966313674239213,0.9923542016818375,transverse_energy_fraction,2000.305194778518,2179.359319485601,accepted,,179.05412470708325,8.215906532996394,0.006949429618979482,0.00712761362357082,4.223217401185149e-05
3592,4,9828,4,5,5,0.9906537618331456,0.9994933476475723,1.7113775341052742e-08,0.41224315038452075,0.9923374336794593,transverse_energy_fraction,2295.8466310643203,2561.1518819886214,accepted,,265.30525092430116,10.35882537033701,0.010889067994524736,0.011168269564573143,4.774883525571402e-05
3592,5,9828,5,3,3,0.9846502356730624,0.9987052204329724,1.349230183570354e-08,0.32500771477038276,0.9969612896481768,transverse_energy_fraction,1829.6041179195438,2159.295161680937,accepted,,329.6910437613931,15.268456559905408,0.016133847192725405,0.01654753462227241,2.47326473895713e-05
3592,6,9828,6,11,10,0.9952945402774763,0.9998270293968452,1.240382795625692e-08,0.298788140641818,0.9855108017267016,transverse_energy_fraction,3650.834119109723,3961.877070336687,quarantined,near_repeated_eigenvalue_use_subspace_target,,,,,
3592,7,9828,7,7,7,0.9853766160763049,0.9988977263215145,1.3376924904927186e-08,0.32222847123837,0.9925415727980436,transverse_energy_fraction,2726.469851454034,3110.798815165984,accepted,,384.32896371194965,12.354671148717243,0.015760669727678034,0.016164784537448455,5.5377728369515216e-05
3592,8,9828,8,13,11,0.9883040160624373,0.9976573651922871,1.244918923196081e-08,0.2998808203591201,0.9854827443512718,transverse_energy_fraction,3856.558803686985,4234.782686347371,accepted,,378.22388266038615,8.931364621843578,0.02559823134263913,0.026254584054486423,0.00011103207090862606
3592,9,9828,9,6,6,0.9799648013975119,0.9976895230727444,1.0156329531809971e-08,0.24464954103336584,0.9972748133372855,transverse_energy_fraction,2420.7162717436304,2892.044307586239,accepted,,471.32803584260864,16.29740023713499,0.021456446670285765,0.0220066106607571,3.330226510939719e-05
3592,10,9828,10,14,14,0.9865078018760408,0.9985521064677434,1.2237617443686033e-08,0.2947843983953668,0.985579470938929,transverse_energy_fraction,4180.281251986462,4659.175810946763,accepted,,478.89455896030086,10.278525181108966,0.01768334838723709,0.018136748477223703,0.0001154931133245507
3721,1,9828,1,1,1,0.9975072066141155,0.9977956299927074,4.2230219298793164e-08,1.0,0.9998757438417043,transverse_energy_fraction,887.4562023335338,961.4115274509489,accepted,,73.9553251174151,7.692369293043274,0.022148049745391828,0.02271594789734979,2.212161977456378e-05
3721,2,9828,2,2,2,0.9943312535016724,0.9920941818831339,1.813518448518165e-08,0.4294361901573149,0.9997573817034757,transverse_energy_fraction,1443.1740968567847,1722.5785340947782,accepted,,279.40443723799353,16.22012765791382,0.04015271014548252,0.04118226559332376,4.4030692587542205e-05
3721,3,9828,3,3,3,0.9961630227021802,0.9968010357458557,1.7402744461727213e-08,0.41209221147057934,0.9995968952498715,transverse_energy_fraction,1900.6021803638598,1991.494540379286,accepted,,90.89236001542622,4.564027576902897,0.02941404750578287,0.030168248651303124,7.77276338032871e-05
3721,4,9828,4,5,4,0.993062458892305,0.9910076969045601,1.3453172668834434e-08,0.3185674356471763,0.9993962430797675,transverse_energy_fraction,2334.8591785705,2628.592126133737,accepted,,293.7329475632373,11.174535016022977,0.04518687578982092,0.04634550822583201,9.821048225254216e-05
3721,5,9828,5,4,5,0.9906647921718487,0.9829324526578262,8.986391028839312e-09,0.21279527262829348,0.999325937387903,transverse_energy_fraction,2150.2542201905776,2764.7939886550334,accepted,,614.5397684644558,22.2273258328157,0.057881262351674165,0.0593653950617702,7.126964442846271e-05
3721,6,9828,6,8,6,0.9951027704275597,0.9969610664418792,1.2627702272721244e-08,0.29902052327448164,0.999270435336369,transverse_energy_fraction,3420.421197715791,3535.0730292054486,accepted,,114.65183148965752,3.243266278870254,0.030166830371718523,0.03094030713917771,0.0001943492382338423
3721,7,9828,7,7,7,0.989333196352044,0.9818973228353324,7.777562666158218e-09,0.18417054884629694,0.9987772206575504,transverse_energy_fraction,2944.159990503828,3567.8858858172457,accepted,,623.7258953134178,17.481666041865285,0.06308252710007803,0.06470002149150805,0.00012531620200962682
3721,8,9828,8,11,9,0.9880055313579799,0.971547109028516,8.577527886019383e-09,0.20311350564699784,0.9988010673095629,transverse_energy_fraction,3748.1283041245947,4064.2421900093095,accepted,,316.1138858847148,7.777929343427999,0.07865171019305986,0.0806684067498966,0.00020824522645323634
3721,9,9828,9,6,8,0.9852413859550226,0.9510334189656797,5.939748810329279e-09,0.140651621254996,0.9982205342460817,transverse_energy_fraction,2923.8155919087308,3993.668111753982,accepted,,1069.8525198452512,26.78871878953862,0.1029592007364268,0.10559917773199788,0.00010103589119857786
3721,10,9828,10,12,11,0.9881492705961687,0.9825748439307125,6.539932096422483e-09,0.1548637967079981,0.997856971596581,transverse_energy_fraction,4241.974300535705,4879.456421300636,accepted,,637.4821207649311,13.0646134676413,0.061767447369507775,0.06335120596479377,0.00023222207320763413
3927,1,9828,1,1,1,0.994286330765967,0.9968427236484727,3.800874894878197e-08,1.0,0.9982357879355129,transverse_energy_fraction,843.1483200750913,880.0016373694828,accepted,,36.853317294391445,4.187869173124958,0.027960407895061434,0.02867734129262541,1.2353791347088266e-05
3927,2,9828,2,2,2,0.9897877380664641,0.9877782100477469,1.493959533494905e-08,0.39305675004143503,0.9981058827124066,transverse_energy_fraction,1265.0539586492728,1396.7994843888628,accepted,,131.74552573959,9.431956928107844,0.05193789166473141,0.053269632272339426,2.047145783714116e-05
3927,3,9828,3,3,3,0.9942931658810544,0.9955027778291149,1.7569572122925207e-08,0.46225073460325616,0.995624920853731,transverse_energy_fraction,1732.661862904162,1797.5869743217868,accepted,,64.92511141762475,3.6117924943309294,0.0365307955126486,0.037467481387393975,4.142940241384082e-05
3927,4,9828,4,5,5,0.9920479339257061,0.9870304204911621,1.2543987624330695e-08,0.3300289531032481,0.9960397839877086,transverse_energy_fraction,2039.8242576946677,2192.248019280016,accepted,,152.42376158534807,6.952852060753943,0.05643705063863338,0.05788415350384835,4.7147848665977074e-05
3927,5,9828,5,4,4,0.9846483213995127,0.9739247818400346,9.571718418694408e-09,0.251829346753628,0.9986017539500275,transverse_energy_fraction,1798.7445659737161,2094.478553912601,accepted,,295.73398793888487,14.11969520463399,0.07387566417348786,0.07576991166801805,2.9820493027206876e-05
3927,6,9828,6,8,8,0.9911282054146915,0.990475007909523,1.2663230076233946e-08,0.3331661900605585,0.9939187323879733,transverse_energy_fraction,2905.386207781969,3032.6818624131347,accepted,,127.29565463116569,4.197461534256524,0.05355991306571077,0.05493324037926427,8.954536790151909e-05
3927,7,9828,7,7,6,0.988674046752296,0.9740563143116553,7.863974867941686e-09,0.2068990715410983,0.9966222279404301,transverse_energy_fraction,2469.9281607382036,2782.0889739510712,accepted,,312.16081321286765,11.220374910207946,0.07752801512568584,0.07951591196593866,5.487524206978496e-05
3927,8,9828,8,11,9,0.9907628340121639,0.9864931167984093,8.762132685978743e-09,0.23052936306285698,0.9940397490188363,transverse_energy_fraction,3122.0915106221937,3334.0785135428973,accepted,,211.98700292070362,6.3581886887072585,0.05679525507769012,0.05825153998766986,9.087559496667083e-05
3927,9,9828,9,6,7,0.9799060752671902,0.9564151400854013,6.3768665122317235e-09,0.16777364918863177,0.9988651372498187,transverse_energy_fraction,2372.019633389561,2917.2684302490784,accepted,,545.2487968595174,18.69038828260873,0.09618458572680796,0.09865085674063148,3.9707874021006765e-05
3927,10,9828,10,12,11,0.9928812589963799,0.9499070671514054,6.8921890132304905e-09,0.18133164610384678,0.9945432598670847,transverse_energy_fraction,3451.368532024616,3819.802280245105,accepted,,368.4337482204892,9.6453617540866,0.11024639916711973,0.11307322779334322,9.61131846103789e-05
3964,1,9828,1,1,1,0.9990817596244183,0.9999274333496783,4.006182954910853e-08,1.0,0.9896557439580113,transverse_energy_fraction,884.5586979606886,933.0459747654779,accepted,,48.4872768047893,5.196665342988767,0.003602799745080348,0.003695178594851054,9.474461848986734e-06
3964,2,9828,2,3,3,0.9967056695596338,0.999782206969185,1.7240172393607164e-08,0.4303391179994374,0.9781939438448759,transverse_energy_fraction,1852.7637823583138,1942.7089277892092,accepted,,89.94514543089531,4.629882744876884,0.0064448638637066204,0.006610112941965301,3.126878498401904e-05
3964,3,9828,3,2,2,0.997970569188891,0.9999403210265425,1.6313989170542788e-08,0.4072202731167032,0.9779998170856511,transverse_energy_fraction,1631.6793878146839,1726.690986309907,accepted,,95.0115984952231,5.502524727847881,0.0034203534723596424,0.0035080504642330326,2.4321879546164863e-05
3964,4,9828,4,4,4,0.9948970830194696,0.9998170819436196,1.6315643685358744e-08,0.4072615721495876,0.9681729215479778,transverse_energy_fraction,2473.4377306006063,2596.9235574179474,accepted,,123.48582681734115,4.755081313988304,0.006125599071363153,0.006282656000563711,4.8476270795336405e-05
3964,5,9828,5,6,6,0.9896523361776078,0.999651968700854,1.2304989105355733e-08,0.30714995405469564,0.9643443742836989,transverse_energy_fraction,3276.825470387765,3436.0359442782005,accepted,,159.21047389043542,4.633550884575521,0.008361426858466182,0.008575805545300425,7.464627066757797e-05
3964,6,9828,6,5,5,0.9942178709342753,0.9999464691134966,1.1439184828386734e-08,0.2855382531734945,0.9664177936985319,transverse_energy_fraction,2732.298603146595,2883.90571382371,accepted,,151.6071106771151,5.257006494713116,0.003190977045064509,0.003272776248121478,5.110131758082714e-05
3964,7,9828,7,8,8,0.9887031271610817,0.9996788190879562,1.2449443991311553e-08,0.31075575258116445,0.9561876466031983,transverse_energy_fraction,3799.6018497140026,3982.225973567768,accepted,,182.62412385376547,4.585980932924013,0.008181707657408265,0.008391468343172084,9.286674380941951e-05
3964,8,9828,8,7,7,0.9915853919960287,0.9998445868491709,1.1093694562829837e-08,0.2769143268714421,0.9580474779516432,transverse_energy_fraction,3460.7386268383475,3632.672451990925,accepted,,171.93382515257736,4.732984529291849,0.005692783266063421,0.00583872557799835,7.717285856873892e-05
3964,9,9828,9,12,12,0.9861321781068272,0.9995891066272995,9.627899921529106e-09,0.24032601680677235,0.9494313248290999,transverse_energy_fraction,5053.772042827806,5304.460106669421,accepted,,250.68806384161508,4.725986411443063,0.00920706999773792,0.009443092651763754,0.00014277933206735218
3964,10,9828,10,10,10,0.9874905346816577,0.9997219267218267,1.0760914495455976e-08,0.2686076651158692,0.9478473617634007,transverse_energy_fraction,4660.367979602753,4880.019851256586,accepted,,219.65187165383304,4.501044634014625,0.007980778520731866,0.008185365974944214,0.00012286250827494696
4067,1,9828,1,1,1,0.9943915956053462,0.9958179510248264,4.1024344332265106e-08,1.0,0.9991884017162985,transverse_energy_fraction,844.4806890530467,910.8395754031371,accepted,,66.35888635009042,7.285463669134052,0.031232017369657264,0.03203283805258522,1.8426460917510545e-05
4067,2,9828,2,2,2,0.9894550327873307,0.9860033845313435,1.4552908314455132e-08,0.3547383523448408,0.9990793791772009,transverse_energy_fraction,1272.667211996402,1513.9378694392544,accepted,,241.27065744285233,15.936628729170785,0.05385628376135538,0.055237213661646085,3.102574430895473e-05
4067,3,9828,3,4,3,0.9945105111782145,0.9950646070516868,1.7290291865662882e-08,0.4214641854023318,0.997436621195908,transverse_energy_fraction,1864.224464719351,1942.0148859273465,accepted,,77.79042120799545,4.0056552486645405,0.0370234088440294,0.037972723697247364,6.969785355926027e-05
4067,4,9828,4,5,5,0.9907418262877088,0.98610729814242,1.1634650469600834e-08,0.28360356902646056,0.9973279185677564,transverse_energy_fraction,2180.7110863951157,2421.1870831161273,accepted,,240.4759967210116,9.932152636941757,0.05649146876856197,0.05793996508233711,8.023421431341234e-05
4067,5,9828,5,3,4,0.9836028371170993,0.9713796463345017,8.783363290156923e-09,0.21410124727450972,0.998980931004012,transverse_energy_fraction,1816.0120976245134,2343.8071248988094,accepted,,527.795027274296,22.518705642090016,0.07553330080875235,0.07747005140476705,4.59169685857523e-05
4067,6,9828,6,10,8,0.9961167451889933,0.9961869732532854,1.2522918910606535e-08,0.30525579663578983,0.9954194234459885,transverse_energy_fraction,3355.729950228702,3458.7166915446674,accepted,,102.98674131596545,2.9775998007507067,0.03019096103233192,0.030965064155241476,0.00016945635417542343
4067,7,9828,7,7,6,0.9856661725307153,0.9726625130681474,7.01877508598101e-09,0.17108805028386123,0.9969888345772174,transverse_energy_fraction,2629.683304819223,3145.860921331895,accepted,,516.1776165126721,16.408151199962546,0.07768043501085775,0.07967223809321353,9.502902806295646e-05
4067,8,9828,8,11,9,0.9811954026156898,0.9818679050771282,7.3957830924645484e-09,0.18027791090491269,0.9948210951911778,transverse_energy_fraction,3575.0607738065255,3832.1129272109843,accepted,,257.05215340445875,6.70784390457777,0.06092615362021104,0.062488350617602925,0.00017041802276828057
4067,9,9828,9,6,7,0.9792067051756405,0.9540687376632689,6.05201450719611e-09,0.1475225163424801,0.9984019958086596,transverse_energy_fraction,2402.9445003706105,3343.3391689499163,accepted,,940.3946685793057,28.127408589379435,0.09653237730145144,0.09900756545105342,6.21133374763398e-05
4067,10,9828,10,14,11,0.989657512849412,0.9606835020259333,5.722466511068265e-09,0.13948953003906076,0.994054692947771,transverse_energy_fraction,3919.05728136699,4438.769340966466,accepted,,519.7120595994761,11.708471868608466,0.09510965872904618,0.09754835833661224,0.00018980133900799322
4082,1,9828,1,1,1,0.9996173145958204,0.9999668176534198,4.140061938345262e-08,1.0,0.9914967208040313,transverse_energy_fraction,881.6351036656541,929.6860920798501,accepted,,48.05098841419601,5.168517505376315,0.002428072752215697,0.00249032952234537,1.2015580158714563e-05
4082,2,9828,2,2,2,0.9987568329891494,0.9998849183120494,1.7270099324143856e-08,0.41714591668757806,0.9810399953392045,transverse_energy_fraction,1547.2541038041936,1662.937999284518,accepted,,115.68389548032428,6.956597030682893,0.004711106624044116,0.0048319000320666185,2.7946792594639138e-05
4082,3,9828,3,3,3,0.9988782308296632,0.9999818478329555,1.6920786581347072e-08,0.40870853705416127,0.9822811563766461,transverse_energy_fraction,1924.7350453119973,2004.6583225708337,accepted,,79.92327725883638,3.986877781563313,0.0018764955545272298,0.0019245861865438802,4.2731117720584164e-05
4082,4,9828,4,4,4,0.9979852082679194,0.9999269726732397,1.7141220881442792e-08,0.41403295739807106,0.9733829444593688,transverse_energy_fraction,2469.0477535724,2620.6692532786137,accepted,,151.62149970621385,5.78560226615878,0.0038647968397075615,0.003963869274071877,6.167437812653664e-05
4082,5,9828,5,5,5,0.99715838453342,0.9997795078307233,1.2402569573477091e-08,0.2995744932848581,0.9705736425648124,transverse_energy_fraction,2524.5485524515384,2734.749233195092,accepted,,210.20068074355368,7.6862872175658215,0.006503776159128632,0.00667052758866268,5.56610085267616e-05
4082,6,9828,6,7,7,0.996722384900243,0.9999849835961625,1.2026406086497782e-08,0.2904885546544409,0.9696767753743263,transverse_energy_fraction,3478.130219520255,3608.890638530277,accepted,,130.7604190100219,3.6232857159471634,0.001757600592186457,0.0018025056976961854,0.00010590171650302884
4082,7,9828,7,6,6,0.9968425089712931,0.9998343056314015,1.2256926207570779e-08,0.29605659021782027,0.9640744091751862,transverse_energy_fraction,3331.815072429589,3583.16349085126,accepted,,251.34841842167134,7.014706949973917,0.005852074304459712,0.0060020912257918195,9.155195247923027e-05
4082,8,9828,8,9,9,0.9844556098288816,0.9946394792900941,1.2160732554981254e-08,0.29373310680085546,0.9627721270069746,transverse_energy_fraction,3932.7144152327132,4135.366418023003,accepted,,202.65200279028932,4.900460619573617,0.03340575304911162,0.034262298861648915,0.00012560379547204783
4082,9,9828,9,8,8,0.9847470118815719,0.994437535902496,1.0308623050358662e-08,0.248996831542064,0.9607898806882269,transverse_energy_fraction,3704.6581707837963,4032.6216107238365,accepted,,327.9634399400402,8.132760065261177,0.035049063357374545,0.03594775109318006,9.261319893679457e-05
4082,10,9828,10,11,11,0.9948157891410753,0.9997516772602165,1.1933680877209897e-08,0.28824884880779494,0.9551343129365156,transverse_energy_fraction,4672.438739157313,4976.523899192964,accepted,,304.0851600356509,6.110392840371248,0.007384965366756045,0.007574237168895678,0.0001586362199644799
4124,1,9828,1,1,1,0.999880836738985,0.9998261506331093,4.2408483234425014e-08,1.0,0.9999110458060754,transverse_energy_fraction,979.133688720626,990.7367253144172,accepted,,11.603036593791217,1.1711523654388518,0.00547833899894328,0.005618805721564639,2.7550241066619966e-05
4124,2,9828,2,2,2,0.999708451594579,0.999217971087422,1.7844874713968222e-08,0.42078549745166727,0.9998439684520393,transverse_energy_fraction,1841.6677561542483,1900.094953972494,accepted,,58.42719781824576,3.0749620010354257,0.012433784959204972,0.012752588928940071,7.359320401981496e-05
4124,3,9828,3,3,3,0.9995363624406258,0.9997614912545503,1.7504927898177588e-08,0.412769487685143,0.9998075904379421,transverse_energy_fraction,1968.5127695325093,1990.8905786175242,accepted,,22.37780908501486,1.1240099945901612,0.007372414880502671,0.0075614273298916235,8.329648082528455e-05
4124,4,9828,4,4,4,0.999390875810171,0.9989693729597451,1.802399012189499e-08,0.42500907241275837,0.9997902788137839,transverse_energy_fraction,2705.595633539709,2782.9862867825655,accepted,,77.39065324285639,2.7808492485361254,0.015315543581744325,0.015708219481608478,0.00013548125142677934
4124,5,9828,5,5,5,0.9994885919905615,0.9976947049732483,1.3290089299597589e-08,0.31338280188265216,0.9997669277905787,transverse_energy_fraction,3033.150303388759,3204.3112600068876,accepted,,171.1609566181287,5.3415833459874555,0.021521342234053723,0.022073145538592995,0.00014860972741392357
4124,6,9828,6,6,6,0.9988085459121634,0.9994798470535365,1.239844500425439e-08,0.29235766192623397,0.9997590215768933,transverse_energy_fraction,3435.132855888692,3468.8983944345573,accepted,,33.76553854586518,0.9733792895184837,0.010613413813194117,0.010885461731681123,0.00019519367105836526
4124,7,9828,7,7,7,0.9992197137472784,0.9972418986806433,1.2982886511501339e-08,0.30613890243927666,0.9997067503959781,transverse_energy_fraction,3791.701561348047,3987.3325901862618,accepted,,195.63102883821466,4.906313291239045,0.02444267887516267,0.025069366192446124,0.00021534392176455363
4124,8,9828,8,8,8,0.9986232648580204,0.9981558327676042,1.2795763734349641e-08,0.3017265122078854,0.9997281244630741,transverse_energy_fraction,4060.2428262726166,4158.946704470465,accepted,,98.70387819784855,2.3732902874603186,0.020509921762771853,0.021035741806373638,0.0002471105727980979
4124,9,9828,9,9,9,0.9991271233471235,0.9947017196678836,9.656996271874951e-09,0.22771378590677588,0.9994309452426543,transverse_energy_fraction,4428.723051157088,4792.9418673594655,accepted,,364.21881620237764,7.599066007513119,0.03462816899925217,0.035516020815109905,0.0002613729796469455
4124,10,9828,10,10,10,0.9986554888509068,0.996435491330117,1.1650682202879714e-08,0.27472527462199575,0.9995927726877304,transverse_energy_fraction,5020.23386850703,5245.072914785628,accepted,,224.8390462785983,4.286671509270862,0.02876046520134286,0.02949781774397325,0.00032897975124709206
4352,1,9828,1,1,1,0.9995361896687689,0.9989884527658713,4.166998366024592e-08,1.0,0.998125138663242,transverse_energy_fraction,854.7423851535785,885.4302950767482,accepted,,30.687909923169627,3.4658753030931284,0.016018327717951263,0.016429053481440085,1.9290993839425405e-05
4352,2,9828,2,3,3,0.9991929718597217,0.9954593585465551,1.5149119433955864e-08,0.3635499249885345,0.9967761978667371,transverse_energy_fraction,1607.8243350672963,1710.4239455621769,accepted,,102.59961049488061,5.998490067978936,0.033367130962359166,0.034222696339312374,5.240013995143447e-05
4352,3,9828,3,2,2,0.9982446175945353,0.9962142724650623,1.7473404573813305e-08,0.41932832794660574,0.9969919786812218,transverse_energy_fraction,1582.7095201783736,1693.7006448001325,accepted,,110.9911246217589,6.553172484318004,0.03045263312192773,0.031233467728907,5.072900567764852e-05
4352,4,9828,4,4,4,0.9977310382238899,0.9919752374054691,1.2346826367144802e-08,0.2963002449872315,0.9965499908325441,transverse_energy_fraction,2209.748154952494,2412.5692006167346,accepted,,202.8210456642405,8.406848832041485,0.04517191667955279,0.046330167095864,8.29568570944399e-05
4352,5,9828,5,6,6,0.9553613433601316,0.9864562858052206,8.676239948470479e-09,0.20821318336027575,0.9965522829895287,transverse_energy_fraction,2626.8443534296875,2898.481542256744,accepted,,271.63718882705643,9.371706697692511,0.056739142226321294,0.05819398762479374,9.932078247216567e-05
4352,6,9828,6,5,5,0.9526691354019003,0.9895712857248291,8.889602782509997e-09,0.2133334837611389,0.9966807466897041,transverse_energy_fraction,2554.0724569579775,2850.7920556116455,accepted,,296.7195986536681,10.408321367024648,0.046048104412617474,0.047228820093374924,9.483351774706071e-05
4352,7,9828,7,8,8,0.9972214817379248,0.9836044031024558,6.615819764547203e-09,0.15876703524745656,0.996611616261888,transverse_energy_fraction,3120.0457282280913,3514.642855883632,accepted,,394.5971276555406,11.227232576276466,0.06162161891650064,0.06320165308210696,0.00013369906020164188
4352,8,9828,8,7,7,0.9945513504409634,0.9855926640333141,7.853607552197121e-09,0.18847157743643742,0.9967962450047854,transverse_energy_fraction,3077.2170308826876,3487.5839663337047,accepted,,410.36693545101707,11.766510553218653,0.05798112323752278,0.059467811366338684,0.00012963430914370274
4352,9,9828,9,10,10,0.9979546400529615,0.9741471785894146,4.57536099546641e-09,0.10979992295584709,0.9965867118559995,transverse_energy_fraction,3791.8866653496607,4367.379840347071,accepted,,575.4931749974103,13.177080905142347,0.0757111086098533,0.0776524084515709,0.00017832886289554696
4352,10,9828,10,11,11,0.9950602367092901,0.977616363537603,6.03027555852948e-09,0.1447150929478884,0.9971484310572546,transverse_energy_fraction,3869.7665203803062,4499.688429666756,accepted,,629.9219092864496,13.999233927694439,0.07259839991616292,0.07445988658809827,0.0001756588232101235
4365,1,9828,1,1,1,0.9997431079490231,0.9997505510117063,4.231349910100781e-08,1.0,0.9982625347683367,transverse_energy_fraction,988.6516737488464,1009.3221347147905,accepted,,20.67046096594413,2.0479547861877707,0.007184057092875723,0.007368262161746627,2.0789057306563663e-05
4365,2,9828,2,2,2,0.9992226581301005,0.9982872196276353,1.814366208915841e-08,0.4287913425889722,0.9974292719957503,transverse_energy_fraction,1746.1178205067936,1817.750800200875,accepted,,71.63297969408131,3.9407480764781035,0.01946332713413335,0.01996238362036207,4.947097092177706e-05
4365,3,9828,3,3,3,0.9996457291920965,0.9994220089318574,1.7446185923675842e-08,0.4123078047038732,0.9961735079394695,transverse_energy_fraction,1972.1873028423886,2015.6355442758495,accepted,,43.44824143346091,2.1555603917011896,0.012191466173357085,0.012504059525746633,6.338525581426466e-05
4365,4,9828,4,4,4,0.9991823755497333,0.9975352699477652,1.779313063482411e-08,0.4205071906804398,0.9960502096529885,transverse_energy_fraction,2586.9220395106818,2685.49924623612,accepted,,98.57720672543837,3.670721816943346,0.02425205188657761,0.024873890640319637,9.144463739486375e-05
4365,5,9828,5,5,5,0.9985463629749025,0.9945311632861822,1.3161818132757072e-08,0.31105482676670404,0.99738789844236,transverse_energy_fraction,2737.002416437023,2913.5761205909726,accepted,,176.57370415394962,6.060377242456753,0.03343901733648758,0.03429642187277242,9.022870485610468e-05
4365,6,9828,6,6,6,0.9995602113139176,0.9988397493336405,1.2465467352424407e-08,0.294597885243849,0.994375358414953,transverse_energy_fraction,3366.6029948973805,3448.3093524343703,accepted,,81.7063575369898,2.369461355875984,0.01766465525917624,0.01811756555484135,0.00014365991814709001
4365,7,9828,7,7,7,0.9986411320183328,0.9934581187974543,1.2938096979903013e-08,0.305767597924674,0.9963702877678552,transverse_energy_fraction,3459.7671231666336,3664.348694022132,accepted,,204.58157085549828,5.583026833369987,0.0383207544249687,0.03930332658139894,0.00013071779515498653
4365,8,9828,8,9,8,0.6347956477024123,0.6201264689342472,1.264982485926597e-08,0.29895482831777154,0.9946321517566198,transverse_energy_fraction,3868.575722048589,3998.925235101717,quarantined,low_MAC,,,,,
4365,9,9828,9,8,9,0.6351148508363706,0.6156818972359661,9.669474778143724e-09,0.22851985734059557,0.997715526670843,transverse_energy_fraction,3837.707087781183,4188.691853630544,quarantined,low_MAC,,,,,
4365,10,9828,10,11,10,0.9987576841133695,0.9919799317868024,1.264361377556124e-08,0.29880804103152264,0.995236685106427,transverse_energy_fraction,4596.332282576402,4845.889749662877,quarantined,near_repeated_eigenvalue_use_subspace_target,,,,,
4367,1,9828,1,1,1,0.999564408357258,0.9999788722772728,4.040813135967749e-08,1.0,0.9875552460391931,transverse_energy_fraction,823.8986807939042,866.9891220295472,accepted,,43.09044123564297,4.970124784815287,0.00195940306165471,0.0020096434278986373,7.5565693302165805e-06
4367,2,9828,2,2,2,0.9982829565162306,0.9999333892514817,1.64395045346402e-08,0.40683654456352486,0.9730306112844833,transverse_energy_fraction,1449.5049763798356,1559.4822314324663,accepted,,109.97725505263065,7.052164675939319,0.0035830258955090715,0.003674896161654814,1.7614876464442874e-05
4367,3,9828,3,3,3,0.9990683990736074,0.9999881349177354,1.7083523503926002e-08,0.42277440032709174,0.9737482664244047,transverse_energy_fraction,1793.1919443976517,1859.2104938409773,accepted,,66.01854944332558,3.5508916102843546,0.0015057209741008667,0.0015443172156215685,2.6700482649013738e-05
4367,4,9828,4,4,4,0.9978481213668337,0.9999650649508629,1.6532196491106148e-08,0.4091304382266811,0.9616352431193765,transverse_energy_fraction,2307.7741388009586,2439.1607537030654,accepted,,131.38661490210688,5.386550054261058,0.002679945067219974,0.0027486473514347787,3.8844051887911525e-05
4367,5,9828,5,5,5,0.9959111535359452,0.9998908288792794,1.1467931104463404e-08,0.2838025594993743,0.9577371355454402,transverse_energy_fraction,2387.8504342146834,2584.188514409636,accepted,,196.33808019495245,7.5976686336989765,0.004565131792042398,0.004682179387256186,3.5692812545952326e-05
4367,6,9828,6,7,6,0.9976055569111807,0.9999735526494573,1.2231376088552068e-08,0.302695909882077,0.955951802830535,transverse_energy_fraction,3210.5905245977556,3323.0365184214024,accepted,,112.44599382364686,3.3838326241766357,0.0023028053599677173,0.0023618053021214097,6.492485946685439e-05
4367,7,9828,7,6,7,0.9960994785675009,0.9999255520146183,1.116166532828091e-08,0.27622324895278194,0.9482843646829933,transverse_energy_fraction,3138.532208287309,3358.154703841696,accepted,,219.62249555438711,6.539975519982482,0.003957342297552155,0.004058790639433108,5.860221170468645e-05
4367,8,9828,8,9,8,0.9680655556039941,0.7337664579271519,1.32019843979856e-08,0.3267160334753715,0.9456866685839428,transverse_energy_fraction,3644.967543787122,3812.0954306126655,quarantined,low_MAC,,,,,
4367,9,9828,9,8,9,0.9654592602616873,0.7348113773631315,8.666628311985432e-09,0.21447733464442495,0.9445390919426244,transverse_energy_fraction,3541.6066805803866,3844.4857621984306,quarantined,low_MAC,,,,,
4367,10,9828,10,11,11,0.995461665144434,0.9998807467844982,1.0794719059945936e-08,0.2671422482732716,0.9358536318168372,transverse_energy_fraction,4361.112412805093,4622.0459375121345,accepted,,260.9335247070412,5.645411755632431,0.00528708732004665,0.005422606048619797,9.970883915209513e-05
4387,1,9828,1,1,1,0.9985626259817958,0.999953216636705,4.141767421725628e-08,1.0,0.995096201576656,transverse_energy_fraction,910.0724795538528,983.0214213179536,accepted,,72.94894176410082,7.420890347058452,0.002965512435376718,0.003041550472208042,9.331951453095502e-06
4387,2,9828,2,2,2,0.9962887723567107,0.9998051815165767,1.868490137517116e-08,0.45113352519891803,0.9921422973812818,transverse_energy_fraction,1437.6500753151472,1600.517685987582,accepted,,162.8676106724347,10.175933205757675,0.006180333926865617,0.006338802760920403,1.7583093436158286e-05
4387,3,9828,3,3,3,0.9974040582114905,0.9999497631433865,1.693185753120158e-08,0.40880754052932994,0.9876048808104156,transverse_energy_fraction,2023.1551667736435,2150.313569425836,accepted,,127.15840265219231,5.913481850284068,0.0035356152179843287,0.003626263030811995,3.542571757584492e-05
4387,4,9828,4,5,5,0.9948464893783897,0.9998161745469779,1.70774602242031e-08,0.4123230129877244,0.9859100617937708,transverse_energy_fraction,2417.7592632681854,2627.220821496764,accepted,,209.46155822857872,7.9727427749771556,0.0065577255838647555,0.006725865124705889,4.338879953426621e-05
4387,5,9828,5,4,4,0.9933019950036523,0.9995589209240805,1.3443737323403289e-08,0.32458938309486446,0.990776390886126,transverse_energy_fraction,2141.438037364782,2421.4081716181,accepted,,279.97013425331807,11.562285844035486,0.009220594118834276,0.009457017356734609,2.8639064090309467e-05
4387,6,9828,6,8,8,0.9919882935418555,0.9970607218143915,1.2078190991111877e-08,0.29161924756459684,0.977443931217674,transverse_energy_fraction,3672.6224908677054,3889.108451070046,accepted,,216.48596020234072,5.566467557436639,0.025131678503069053,0.02577607246575414,8.938778609656099e-05
4387,7,9828,7,7,6,0.9917685041675032,0.9995730198642331,1.3373184346222794e-08,0.3228859321282455,0.9850743194814418,transverse_energy_fraction,3000.5573407391257,3323.6592111486652,accepted,,323.1018704095395,9.721269537073708,0.009989715821326036,0.0102458550181559,5.389624850585903e-05
4387,8,9828,8,11,10,0.9890533903741636,0.9997604943609654,1.225556582858013e-08,0.2959018356340725,0.9769404341412803,transverse_energy_fraction,3969.3091176139174,4255.567281024422,accepted,,286.25816341050495,6.726674600750182,0.0074581800012860746,0.007649384533042225,9.532958112574804e-05
4387,9,9828,9,6,7,0.9883001860072478,0.9991782286410339,1.032864765996671e-08,0.2493777802632717,0.9903685236971504,transverse_energy_fraction,2928.945259188093,3341.3184228356095,accepted,,412.3731636475163,12.341630202893262,0.012809901865376352,0.013138357527936408,4.1227052933060126e-05
4387,10,9828,10,12,12,0.9892263432448879,0.9995870910717198,1.2196344920771143e-08,0.29447198934433777,0.9768117232083977,transverse_energy_fraction,4430.347794571384,4819.161861873585,accepted,,388.8140673022008,8.06808483396817,0.009587730962428107,0.009833541187953137,0.00010484416943821613
4391,1,9828,1,1,1,0.999559020578651,0.9999195487412585,4.2239014656763476e-08,1.0,0.9946134688165166,transverse_energy_fraction,1060.1753246348385,1132.3690151221017,accepted,,72.19369048726321,6.375456191679588,0.003773760669141517,0.003870522437076128,1.40587449219289e-05
4391,2,9828,2,3,3,0.9982579409454034,0.9997564353996171,1.7397963881222502e-08,0.41189322295037656,0.9888081534242963,transverse_energy_fraction,2084.304520674718,2216.735417965977,quarantined,near_repeated_eigenvalue_use_subspace_target,,,,,
4391,3,9828,3,2,2,0.9991956697809604,0.9999381735468125,1.7402740745929864e-08,0.41200631424159584,0.9887303142304714,transverse_energy_fraction,2060.897334041536,2208.6965341955706,quarantined,near_repeated_eigenvalue_use_subspace_target,,,,,
4391,4,9828,4,4,4,0.9977314765308538,0.9998052240003461,1.7827997505597068e-08,0.4220741807181901,0.984301156599146,transverse_energy_fraction,2951.629971359742,3147.3337621282735,accepted,,195.7037907685317,6.218081892788959,0.0063553630962373655,0.006518301359134865,7.04343214718861e-05
4391,5,9828,5,6,6,0.92942344507668,0.9688882407480129,1.5539836973694164e-08,0.3679024499025776,0.9826643923297241,transverse_energy_fraction,3562.9047297263887,3789.3272434503615,accepted,,226.42251372397277,5.975269465452775,0.07606591696966704,0.07801632295379012,8.024181004423885e-05
4391,6,9828,6,5,5,0.9318987382991052,0.9692138043746341,1.6160744055127067e-08,0.38260229757843905,0.9821858621207592,transverse_energy_fraction,3499.884069676198,3749.3860400044937,accepted,,249.50197032829556,6.654475363865081,0.07230886141086339,0.07416293246895816,8.124533426850495e-05
4391,7,9828,7,8,8,0.9954431101932963,0.9996708912139276,1.2546868717882387e-08,0.2970445409259407,0.9791168690289795,transverse_energy_fraction,4311.720198315934,4587.705502768986,quarantined,near_repeated_eigenvalue_use_subspace_target,,,,,
4391,8,9828,8,7,7,0.9961754511972747,0.9998501856762458,1.2584897211371864e-08,0.297944857701758,0.9791507709508254,transverse_energy_fraction,4277.104233465048,4568.569791843569,quarantined,near_repeated_eigenvalue_use_subspace_target,,,,,
4391,9,9828,9,10,10,0.9926647070023951,0.9995151842345287,9.690222143715662e-09,0.22941401977434683,0.9762966574103689,transverse_energy_fraction,5356.861881014649,5693.386976035132,accepted,,336.5250950204827,5.910806632976112,0.010156177763783442,0.010416524535623577,0.00016520328913822576
4391,10,9828,10,11,11,0.9951100424621783,0.9997356809566712,1.2511993894019454e-08,0.2962188866310589,0.9753646945439178,transverse_energy_fraction,5500.669516290244,5860.334361594171,accepted,,359.664845303927,6.137275164041806,0.0076508477507604335,0.007846924241930994,0.00017303615516064803
4463,1,9828,1,1,1,0.9996586641167485,0.999820253412553,4.274399924426902e-08,1.0,0.998895613109034,transverse_energy_fraction,1076.9571653920743,1088.9178397954763,accepted,,11.960674403401981,1.098400078159108,0.005539274880674959,0.005681304662778318,2.5218745564861833e-05
4463,2,9828,2,3,2,0.9986813475231274,0.9995250776132821,1.7745859074664485e-08,0.415166090876342,0.9977763805535471,transverse_energy_fraction,2095.214108801577,2116.557847288384,quarantined,near_repeated_eigenvalue_use_subspace_target,,,,,
4463,3,9828,3,2,3,0.9993807309092626,0.9998305154418885,1.767130051990492e-08,0.41342178627036713,0.9978785864851264,transverse_energy_fraction,2085.162456207898,2123.0537967559094,quarantined,near_repeated_eigenvalue_use_subspace_target,,,,,
4463,4,9828,4,4,4,0.9982173937232682,0.9995816130898958,1.8197738104493327e-08,0.4257378445217248,0.9972195881510597,transverse_energy_fraction,2963.385376298458,3013.356428883338,accepted,,49.97105258488,1.6583186809864976,0.009435894720136903,0.009677800025123917,0.00012317538834232515
4463,5,9828,5,6,6,0.8400348667628651,0.8639590424802873,1.9051869003704312e-08,0.44572031958985975,0.997099374796341,transverse_energy_fraction,3553.373443991551,3609.998977378832,accepted,,56.62553338728094,1.5685747763949762,0.1375427940930494,0.14106952934899722,0.00012880314194204244
4463,6,9828,6,5,5,0.8414715924100051,0.8641144383518904,1.609826530198623e-08,0.376620475075098,0.9969122724631628,transverse_energy_fraction,3510.5469353679573,3582.6537648680373,accepted,,72.10682950008004,2.0126653099210663,0.15485422863294604,0.15882484664172153,0.00014072740174396147
4463,7,9828,7,8,8,0.9964815737884025,0.9993099433414988,1.295123455607372e-08,0.30299538613739285,0.9966497682230699,transverse_energy_fraction,4293.773389446128,4373.487703782467,quarantined,near_repeated_eigenvalue_use_subspace_target,,,,,
4463,8,9828,8,7,7,0.9967339074224628,0.999456058764449,1.2934677451375416e-08,0.3026080310702246,0.9968065262205711,transverse_energy_fraction,4272.83154428247,4367.773289017053,quarantined,near_repeated_eigenvalue_use_subspace_target,,,,,
4463,9,9828,9,10,10,0.9946101837851747,0.9990385409025542,1.002558367738044e-08,0.23454950062316965,0.9961809407897234,transverse_energy_fraction,5298.047823981208,5400.733621309068,accepted,,102.6857973278602,1.901330532628093,0.015044360242636322,0.015429978135995882,0.000283145298754597
4463,10,9828,10,11,11,0.9960275769696433,0.9991500956968327,1.2963994094573024e-08,0.30329389677572566,0.9966076486618595,transverse_energy_fraction,5461.238340709103,5588.659150051758,accepted,,127.42080934265505,2.279988919014232,0.014209527839026367,0.014573719951327474,0.00029469670548380516
4470,1,9828,1,1,1,0.9991227591459004,0.9999692217734538,4.169104768715891e-08,1.0,0.9948584753230434,transverse_energy_fraction,908.3917424548023,917.904828426629,accepted,,9.51308597182674,1.0363913204523634,0.0024036101169407896,0.0024652343351879847,2.54262040607297e-05
4470,2,9828,2,2,2,0.9967393762183276,0.9998193616525952,1.7173683536328263e-08,0.4119273678415584,0.9885687390852481,transverse_energy_fraction,1778.0859963623595,1830.5929882521057,accepted,,52.50699188974613,2.86830509166765,0.0058928822123945086,0.006043959165206235,7.250966098776544e-05
4470,3,9828,3,3,3,0.9976919450561119,0.9999242283130815,1.71138352428719e-08,0.4104918487846748,0.9881948470742011,transverse_energy_fraction,1864.7487066502795,1869.2259039910334,accepted,,4.477197340753946,0.23952146881736255,0.004150470838743589,0.004256855145571418,7.894616918908109e-05
4470,4,9828,4,4,4,0.9951855979745013,0.9996888497918706,1.7532098887125676e-08,0.42052430580979777,0.9827323207199158,transverse_energy_fraction,2637.8538577935724,2695.0040101553004,accepted,,57.15015236172803,2.1205961900752324,0.00810681839999401,0.008314624747688196,0.00013951053109379047
4470,5,9828,5,5,5,0.9926227889050601,0.996934321191539,1.3067554301846325e-08,0.31343789678548206,0.9805448267670431,transverse_energy_fraction,3076.5806406020515,3220.668370183671,accepted,,144.08772958161944,4.473845581729431,0.02519128492686135,0.02583718975725945,0.00015944252347583558
4470,6,9828,6,6,6,0.9949524661472342,0.9973738560360054,1.2367950986577492e-08,0.2966572363300645,0.9787598847580843,transverse_energy_fraction,3328.8214438709124,3324.085142052489,accepted,,-4.7363018184232715,-0.1424843713689835,0.02857787317575921,0.02931060693957694,0.00019068124327995388
4470,7,9828,7,7,7,0.9912315183403636,0.9991453007727498,1.2392158502176523e-08,0.2972378769457833,0.9755006621526076,transverse_energy_fraction,3855.9006497605646,4015.4771849225995,accepted,,159.57653516203482,3.9740366540050642,0.013444240479573202,0.013788853786633894,0.00024255832306969033
4470,8,9828,8,8,8,0.9917069781347854,0.9994738618663422,1.2326993032371005e-08,0.29567482028444664,0.9741227220774706,transverse_energy_fraction,4023.065652212542,4080.3037637964053,accepted,,57.23811158386343,1.4027904513316876,0.010707881378613756,0.010982281903820938,0.00026055527213203657
4470,9,9828,9,9,9,0.9861511516869859,0.9985752935068904,9.542942829751961e-09,0.22889669027653733,0.9719460352969793,transverse_energy_fraction,4714.513183496796,5023.512365354503,accepted,,308.9991818577073,6.151058450433447,0.016896187555081446,0.01732928259915184,0.0003062304306527214
4470,10,9828,10,10,11,0.9894180615777889,0.99877427176101,1.231373405746539e-08,0.2953567909798077,0.9679937726323453,transverse_energy_fraction,5145.715928076948,5318.753395246877,accepted,,173.03746716992828,3.253346307135876,0.016195653969919843,0.016610701646487747,0.0003797841742370977
4588,1,9828,1,1,1,0.999643576170315,0.999979647210979,4.075089746499155e-08,1.0,0.9862839209186447,transverse_energy_fraction,819.6099202760537,859.5672482533784,accepted,,39.95732797732467,4.648540071590335,0.0019001893676085422,0.0019489120324135657,3.235473294173905e-06
4588,2,9828,2,3,3,0.998774408300326,0.9999488907860948,1.7042016484634113e-08,0.41819978318942885,0.9726643420166762,transverse_energy_fraction,1635.9033661813482,1701.4076499768817,accepted,,65.50428379553341,3.8500052469156034,0.0031447782288233136,0.0032254128064318063,9.725679519779739e-06
4588,3,9828,3,2,2,0.9992782312835998,0.9999811799253213,1.7062923265922487e-08,0.4187128217379991,0.9716814777899967,transverse_energy_fraction,1547.7717359611895,1635.7382374007577,accepted,,87.96650143956822,5.377785970165367,0.0019205882609619413,0.001969833119393655,8.684890147730748e-06
4588,4,9828,4,4,4,0.998210174918078,0.9999656244300372,1.724788607823046e-08,0.42325168649470474,0.9613393377760486,transverse_energy_fraction,2253.6770266693875,2353.6198154063277,accepted,,99.9427887369402,4.2463437842736775,0.0026726340519279707,0.002741160750518298,1.5848612523256706e-05
4588,5,9828,5,6,6,0.9889760833749256,0.9996604048306111,1.1802658260714316e-08,0.2896294068334027,0.9586543499699468,transverse_energy_fraction,2788.9634754865506,2898.6900010425184,accepted,,109.72652555596778,3.7853832426545946,0.011171727752862093,0.011458181221917434,2.1916948616988802e-05
4588,6,9828,6,5,5,0.9905158033158346,0.9997154749166146,1.2712999521060226e-08,0.31196857767320985,0.9565346551629653,transverse_energy_fraction,2599.2299470037083,2750.1774129249457,accepted,,150.94746592123738,5.4886446674979235,0.008000058378817006,0.008205187037631116,1.815496969267965e-05
4588,7,9828,7,8,8,0.9964907060486681,0.999936306621194,1.2059503351119668e-08,0.2959322150261794,0.9500820264589072,transverse_energy_fraction,3315.3771873548844,3448.5918472947747,accepted,,133.21465993989023,3.862871161294126,0.0038210357196727836,0.0039190058606729476,2.7834043755785296e-05
4588,8,9828,8,7,7,0.9964066803574426,0.9999690445348459,1.2099603114409412e-08,0.2969162366253158,0.9490606380841521,transverse_energy_fraction,3206.2935002247946,3361.1645010677753,accepted,,154.87100084298072,4.60765906559412,0.002694708208020094,0.0027637969346359687,2.600752682022751e-05
4588,9,9828,9,11,11,0.994886919236702,0.9851592180699796,9.827909956184155e-09,0.2411703929864896,0.9461322700912201,transverse_energy_fraction,4168.36565254657,4333.832030176037,quarantined,near_repeated_eigenvalue_use_subspace_target,,,,,
4588,10,9828,10,10,10,0.9960025984725777,0.9851882803825862,1.2306043735039732e-08,0.30198215255533106,0.9408971609507124,transverse_energy_fraction,4156.569063401831,4332.174990004875,quarantined,near_repeated_eigenvalue_use_subspace_target,,,,,
4723,1,9828,1,1,1,0.9996398220710077,0.9999627403319072,4.1555359291041734e-08,1.0,0.993749149471179,transverse_energy_fraction,931.0324835558446,1021.7123158200466,accepted,,90.67983226420199,8.875280336757081,0.0026686039668450665,0.002737028832907152,9.612264624812335e-06
4723,2,9828,2,2,2,0.9987980932993338,0.9998846140222973,1.7244670236652976e-08,0.4149806554643478,0.9868464999757575,transverse_energy_fraction,1689.544066779766,1883.2807890667264,accepted,,193.73672228696046,10.287192616825244,0.0048449480281848355,0.004969174484885411,2.38786910878e-05
4723,3,9828,3,3,3,0.9990396351321783,0.9999710305750384,1.701254767521954e-08,0.4093947920427921,0.986329125548342,transverse_energy_fraction,1976.33910276076,2140.6587289377608,accepted,,164.31962617700083,7.676124360959658,0.0025035988147584076,0.0025677830456037956,3.239028706034797e-05
4723,4,9828,4,4,4,0.9982085534641478,0.9999157586995977,1.7312119769936152e-08,0.41660378024136585,0.9807441739307784,transverse_energy_fraction,2608.9314678807646,2875.164306933415,accepted,,266.23283905265043,9.259743466160664,0.004188243788147207,0.0042956199913957716,4.924843855233705e-05
4723,5,9828,5,5,5,0.9973178105249787,0.9997966967341657,1.241452632430196e-08,0.29874669684249877,0.9797984075538797,transverse_energy_fraction,2792.7535411237454,3124.689833586877,accepted,,331.9362924631314,10.623015727679343,0.006270216199956185,0.00643098133815503,4.8849129101165806e-05
4723,6,9828,6,6,6,0.997462404717926,0.9999653612222664,1.2093571653674127e-08,0.2910231522479265,0.9763847882566689,transverse_energy_fraction,3528.0009145358927,3806.6397068825013,accepted,,278.6387923466086,7.319809958447673,0.003021236304484946,0.0030986521542001834,7.85778932334829e-05
4723,7,9828,7,7,7,0.9971240920572805,0.9998504954268287,1.2271733190317685e-08,0.2953104822020671,0.974701136802979,transverse_energy_fraction,3596.8556681285645,4002.3272167133355,accepted,,405.47154858477097,10.130894517858524,0.005587687749779352,0.005730935499737499,7.617547051469397e-05
4723,8,9828,8,8,8,0.9729028721572588,0.9836812658190743,1.219250544700427e-08,0.2934039232247153,0.972183842154859,transverse_energy_fraction,4060.1170706532703,4436.024956805921,accepted,,375.90788615265046,8.473980417443732,0.05855499570409024,0.0600564018927762,9.56665638818347e-05
4723,9,9828,9,9,9,0.9719447503421792,0.9835040301121519,9.058075968288948e-09,0.21797611963474553,0.973290555541669,transverse_energy_fraction,4128.360782808492,4622.710272906127,accepted,,494.34949009763477,10.69393193415203,0.06426420123664132,0.065911998628153,8.185900788369647e-05
4723,10,9828,10,11,11,0.9961559995237768,0.9998326270176312,1.2067173893859816e-08,0.2903879090382739,0.9675666287693735,transverse_energy_fraction,4923.490371516734,5434.54550996553,quarantined,near_repeated_eigenvalue_use_subspace_target,,,,,
4919,1,9828,1,1,1,0.9989856917305776,0.9998596736598726,4.268383642188096e-08,1.0,0.996829120934437,transverse_energy_fraction,1081.9149785901393,1106.057498903253,accepted,,24.142520313113664,2.182754543688096,0.0049258162184958685,0.00505211766967499,1.7245494231611693e-05
4919,2,9828,2,3,3,0.9975380160056864,0.9996427123291128,1.7615461458943654e-08,0.4126963022919248,0.9931474732599223,transverse_energy_fraction,2139.326794360678,2184.1499302389875,accepted,,44.823135878309586,2.0522005040837596,0.008515316916177464,0.008733650495657132,5.1478356846543475e-05
4919,3,9828,3,2,2,0.996913964670752,0.9997199335888329,1.793485667084111e-08,0.4201791163656317,0.9947267421917179,transverse_energy_fraction,1958.7077219698938,2014.1745978526635,accepted,,55.46687588276973,2.7538266018201027,0.007483026990991802,0.007674893187343537,4.311697083884445e-05
4919,4,9828,4,4,4,0.9946679536673274,0.9994733177865945,1.7979222331551582e-08,0.42121851826643486,0.9921473060153491,transverse_energy_fraction,2859.8226091375113,2934.2118416772764,accepted,,74.38923253976509,2.5352372818876687,0.010800678569745108,0.011077604914337843,7.76397455988184e-05
4919,5,9828,5,6,6,0.9915355826341972,0.9994807113202043,1.2555347359713128e-08,0.2941475840085662,0.9896514886218734,transverse_energy_fraction,3633.301650317088,3719.313234190343,accepted,,86.01158387325495,2.312566284618908,0.010980638561131338,0.011262162604219304,0.00011555663372074945
4919,6,9828,6,5,5,0.9898834385280663,0.9991864338311258,1.3164846675793353e-08,0.3084269779706277,0.9935962432231815,transverse_energy_fraction,3129.0836140527017,3231.091981025691,accepted,,102.00836697298928,3.157086445450164,0.012677723194819713,0.01300277960880027,8.194517677725615e-05
4919,7,9828,7,8,8,0.9890672462497172,0.9989966749820042,1.2786954096608077e-08,0.2995736833545993,0.9894032119766205,transverse_energy_fraction,4219.279428752655,4332.618673390206,accepted,,113.33924463755102,2.6159524569667436,0.01512056788500793,0.01550824271789497,0.00013831409675774586
4919,8,9828,8,7,7,0.989502829605874,0.9989160911838343,1.2897796120894136e-08,0.30217049829856335,0.9917507848787421,transverse_energy_fraction,3899.3197988391535,4019.5840830966376,accepted,,120.26428425748418,2.991958415877547,0.015562408006093887,0.015961422179257462,0.00011609591210692974
4919,9,9828,9,12,12,0.9936600257178837,0.9993341729563323,9.89740540593767e-09,0.23187712810332053,0.9865334694839102,transverse_energy_fraction,5415.678056502001,5564.840616064749,accepted,,149.16255956274836,2.6804462131788895,0.012819522840260085,0.013148144650302979,0.00020610561789838214
4919,10,9828,10,10,10,0.9876142491947537,0.9986115720323018,1.2693814837567345e-08,0.29739161007233483,0.9897338723946765,transverse_energy_fraction,5109.937772185938,5266.337530498313,quarantined,near_repeated_eigenvalue_use_subspace_target,,,,,
5550,1,9828,1,1,1,0.9999943090603968,0.9992820951409924,4.174301476894567e-08,1.0,0.9958833508774873,transverse_energy_fraction,820.5738005043594,841.8561634806275,accepted,,21.282362976268132,2.5280284090665655,0.012888098466036921,0.013218562036849188,1.5831635027604965e-05
5550,2,9828,2,2,2,0.9999856168476126,0.995939464592597,1.7374479151538907e-08,0.4162248282187919,0.9933027224636927,transverse_energy_fraction,1520.0406760008582,1615.0122578884957,accepted,,94.97158188763751,5.880548672231476,0.029820966985547825,0.030585605714701515,4.132406679353082e-05
5550,3,9828,3,3,3,0.9999810579524635,0.9982181913378669,1.725521906077994e-08,0.41336782109031567,0.9917922827845899,transverse_energy_fraction,1607.5009660566236,1661.9977300877274,accepted,,54.496764031103794,3.2789914838347713,0.0215329114856449,0.022085034918132018,4.6136984512223854e-05
5550,4,9828,4,4,4,0.9999658392905486,0.99406735485839,1.76614611627059e-08,0.4230997991032737,0.9908131281235338,transverse_energy_fraction,2191.854198310932,2338.164611220633,accepted,,146.31041290970097,6.257489836582549,0.03784480551957402,0.03881518161247427,7.26961050050256e-05
5550,5,9828,5,5,5,0.9998322616400317,0.9875623400906776,1.2960573407151247e-08,0.31048484348555355,0.9921959705476642,transverse_energy_fraction,2466.4365367665855,2737.2935496511423,accepted,,270.85701288455675,9.895066348257624,0.0504342591217756,0.051727441973653344,8.082152908002738e-05
5550,6,9828,6,6,6,0.9998148284083545,0.9953044602971013,1.2252157940263903e-08,0.2935139689378349,0.9886434686712797,transverse_energy_fraction,2721.2031905571066,2861.063871424066,accepted,,139.86068086695923,4.888415189324137,0.039112610135454876,0.04011549067405157,0.00010324547645052212
5550,7,9828,7,7,7,0.9999479187457389,0.9857657950059736,1.2373100566392757e-08,0.29641128305849174,0.9907152778773393,transverse_energy_fraction,3041.3297509203535,3383.653584488689,accepted,,342.32383356833543,10.11698819103743,0.05641521309604938,0.057861751294301454,0.00011296303585045964
5550,8,9828,8,8,8,0.9996988627486129,0.9908023527465022,1.2357742065994108e-08,0.2960433532267903,0.988602274204747,transverse_energy_fraction,3204.9678203302738,3458.929964419189,accepted,,253.96214408891547,7.342217006453898,0.04644745096582402,0.04763840253328634,0.0001264288801115445
5550,9,9828,9,9,9,0.9997446381034547,0.9751817841390102,9.268189770723161e-09,0.22202971735568428,0.9922734758528864,transverse_energy_fraction,3555.985654334856,4146.01160822605,accepted,,590.0259538911941,14.231169848162773,0.07363287626375187,0.07552089214355666,0.00013841806859610426
5550,10,9828,10,10,11,0.9999000200331036,0.9826256519367478,1.1694669558032676e-08,0.28015871931542463,0.9893399264512206,transverse_energy_fraction,3942.3134175932028,4419.717832115025,accepted,,477.4044145218222,10.801694421595318,0.06334301883185313,0.06496718800495781,0.0001643476554682589
5674,1,9828,1,1,1,0.9992553898395902,0.9999455371657683,4.231944550872281e-08,1.0,0.9991427785163457,transverse_energy_fraction,984.9277503060646,988.4684064355843,accepted,,3.5406561295196752,0.358196185782738,0.003009698628558345,0.003086863533120501,2.8545215189248597e-05
5674,2,9828,2,3,3,0.9968410682683059,0.9998749849764221,1.7496677950486664e-08,0.41344298679150415,0.9980836446395768,transverse_energy_fraction,1965.100977786427,1968.6516234075484,accepted,,3.5506456211214754,0.18035926615475245,0.0051837947043918125,0.005316677602522761,8.454573967448832e-05
5674,3,9828,3,2,2,0.9986171527004608,0.9998675673546411,1.750621410164115e-08,0.4136683241285097,0.9983163981419119,transverse_energy_fraction,1925.1238104668478,1950.8121806824477,accepted,,25.68837021559989,1.316803866101215,0.005053494506319917,0.005183038010290658,8.149653513218103e-05
5674,4,9828,4,4,4,0.9958478430739046,0.9997581605529036,1.8012056257025088e-08,0.4256212726915922,0.9976055946390006,transverse_energy_fraction,2791.251939772805,2821.872198138917,accepted,,30.62025836611201,1.0851043639150881,0.007330275857330172,0.007518155868121971,0.00014811577843914175
5674,5,9828,5,6,6,0.9771601859082748,0.9958403689102957,1.334525115716753e-08,0.31534560523523,0.9969974272800295,transverse_energy_fraction,3421.308093302955,3433.206842722107,accepted,,11.898749419151954,0.34657828567409366,0.03692839893981446,0.037875256265707286,0.00018979143757432066
5674,6,9828,6,5,5,0.9825402325185338,0.9955980159981356,1.399799222120087e-08,0.3307697455136937,0.9976128596466302,transverse_energy_fraction,3286.9686273993434,3359.565471962831,accepted,,72.5968445634876,2.1608998297352064,0.029731179108521185,0.03049349157633793,0.0001728949200877859
5674,7,9828,7,8,8,0.9912427840009509,0.9995800551959332,1.2741254254765992e-08,0.3010732797087284,0.9967892568202134,transverse_energy_fraction,4146.7865611461175,4190.530230131586,accepted,,43.7436689854685,1.0438695483195433,0.01000906586528691,0.010265531584205102,0.0002645086378720579
5674,8,9828,8,7,7,0.9936989771884011,0.9993651450904436,1.2761114733920023e-08,0.30154257884332925,0.9971910043255843,transverse_energy_fraction,4056.184058772208,4140.422241012265,accepted,,84.23818224005663,2.0345311984282497,0.011651499432970855,0.01195011593001347,0.0002537232054502621
5674,9,9828,9,10,10,0.9860263484460208,0.9996129114633234,9.896217258635071e-09,0.23384562674847145,0.9957376145751992,transverse_energy_fraction,5250.31074890963,5282.356855711783,accepted,,32.04610680215319,0.6066630422271058,0.010277524666070983,0.010540718338031314,0.00036742331389037563
5674,10,9828,10,11,11,0.990402684777037,0.9990607713680992,1.2792240233651097e-08,0.3022780681522489,0.9966853928507129,transverse_energy_fraction,5294.402331712014,5399.090385862244,accepted,,104.68805415023053,1.9389942873407122,0.014815349936498034,0.015194986280418906,0.0003781722021685058
5683,1,9828,1,1,1,0.9994401013644862,0.9999663067424522,4.144789128635543e-08,1.0,0.995988355462549,transverse_energy_fraction,819.354166017601,912.0265782676606,accepted,,92.67241225005966,10.161152586812252,0.0024021171308967627,0.0024637087453762484,1.0365099844972523e-05
5683,2,9828,2,2,2,0.9983978808765176,0.9998725447108995,1.815401597061796e-08,0.4379961297716062,0.9933561556903423,transverse_energy_fraction,1309.7184503256535,1525.7889964932458,accepted,,216.07054616759228,14.161233739671209,0.004914691859844819,0.005040707530462162,2.0041574561890385e-05
5683,3,9828,3,3,3,0.9983558232510897,0.9999702358621305,1.6974562623963407e-08,0.4095398365791265,0.9898072284343267,transverse_energy_fraction,1854.800054115203,2012.1053424236384,accepted,,157.30528830843537,7.817944964996547,0.002633972314930901,0.0027014943455771355,4.043980605322045e-05
5683,4,9828,4,5,5,0.9968271009157151,0.9999067067946638,1.7153432632526337e-08,0.4138553759952853,0.9881342077480383,transverse_energy_fraction,2221.6944056370903,2493.9271743636154,accepted,,272.23276872652514,10.915826713985414,0.004528174929080298,0.0046442677293420855,5.048010909878072e-05
5683,5,9828,5,4,4,0.9965493748064079,0.9997570562265201,1.2780266421631094e-08,0.30834539526594285,0.9915101771551907,transverse_energy_fraction,1995.529502635262,2374.15384249994,accepted,,378.62433986467795,15.947759285303668,0.006792071345486126,0.006966222584440922,3.449756922764091e-05
5683,6,9828,6,8,8,0.9954827804307693,0.9997211548437891,1.2121449668154006e-08,0.29245033443099105,0.9809939199999439,transverse_energy_fraction,3400.512630229624,3668.202539617381,accepted,,267.68990938775687,7.297577123854202,0.008799448299422223,0.009025043682446662,0.00010462172671568474
5683,7,9828,7,7,6,0.9948087741285335,0.9998168685327742,1.309297531100247e-08,0.3158900224994716,0.9868366521556693,transverse_energy_fraction,2786.095291644672,3220.257866162335,quarantined,near_repeated_eigenvalue_use_subspace_target,,,,,
5683,8,9828,8,11,9,0.9895969404360648,0.9998834489207229,1.2242795566655683e-08,0.2953780080649359,0.9802039334545791,transverse_energy_fraction,3684.3935359227717,4052.260918450139,accepted,,367.8673825273672,9.078077397544895,0.004984314367742447,0.005112052998998161,0.00011250577307462899
5683,9,9828,9,6,7,0.991973874579453,0.9996183140877871,1.0073388804928513e-08,0.24303742584474142,0.990473748890378,transverse_energy_fraction,2784.016121096405,3349.750216239298,quarantined,near_repeated_eigenvalue_use_subspace_target,,,,,
5683,10,9828,10,12,12,0.9900265626362876,0.9993761444728408,1.2341255932600682e-08,0.2977535297836346,0.9796480010189792,transverse_energy_fraction,4134.783972227726,4652.7233759017245,accepted,,517.9394036739986,11.131962118285594,0.01187632866562543,0.012180816376936514,0.0001254190737845943
5873,1,9828,1,1,1,0.9997790928755491,0.9993845488562366,4.161986599712025e-08,1.0,0.9961276008365837,transverse_energy_fraction,871.4302989591797,893.765551910314,accepted,,22.335252951134294,2.499005796698635,0.01130826411111312,0.011598218522444475,2.1948835611438117e-05
5873,2,9828,2,2,2,0.9995883175103507,0.9965679459517449,1.171420044335677e-08,0.28145694760687834,0.9940798253917136,transverse_energy_fraction,1604.4402601598144,1729.0734002513855,accepted,,124.63314009157102,7.208088452083696,0.026163946876169544,0.02683481424638909,5.6254026247785765e-05
5873,3,9828,3,3,3,0.9988031379494188,0.9986260682033362,1.7083076512540344e-08,0.41045486580188295,0.990150766153926,transverse_energy_fraction,1799.0734421551922,1826.3859174922109,accepted,,27.312475337018668,1.495438344954012,0.018434572934825717,0.01890724764966036,6.954165275163931e-05
5873,4,9828,4,4,4,0.9984194838463981,0.9947521068635607,8.99343650260136e-09,0.21608518641611274,0.9892428175182183,transverse_energy_fraction,2420.8346590810065,2567.3906465485825,accepted,,146.55598746757596,5.708363379160683,0.03415993757630108,0.035035824625976285,0.0001088700272187654
5873,5,9828,5,5,5,0.9991787871934387,0.9900452149082131,5.880011858534725e-09,0.14127897141575546,0.9932650338316154,transverse_energy_fraction,2606.243107447762,2970.951811015968,accepted,,364.7087035682057,12.275820234306906,0.04389515067847359,0.0450206603204779,0.00011048971157298783
5873,6,9828,6,6,6,0.9963677822578525,0.9976665183094053,1.2023463868662779e-08,0.28888761606043384,0.9820520408475107,transverse_energy_fraction,3213.6402560128195,3246.009120985171,accepted,,32.36886497235173,0.9971895877645502,0.023444472925509413,0.024045582335880156,0.0001692041392727999
5873,7,9828,7,7,7,0.9979738982344667,0.9873574054327869,5.189193405586428e-09,0.12468068508306772,0.9890684030476329,transverse_energy_fraction,3330.7965666708014,3733.6448154071495,accepted,,402.84824873634807,10.789677879212459,0.05178716955964742,0.053115032055411814,0.0001670667698917388
5873,8,9828,8,8,8,0.9027151014659781,0.8785746950148569,6.4590761388804844e-09,0.15519214164042236,0.9820036454700765,transverse_energy_fraction,3732.946720001406,3908.0692929917386,accepted,,175.12257299033263,4.481050868375758,0.1567069153320344,0.16072503557512238,0.0001893159102024578
5873,9,9828,9,9,9,0.9063233977910192,0.8689669591315401,3.757581830291711e-09,0.0902833716608243,0.9933642492512235,transverse_energy_fraction,3771.466210271716,4560.473698826496,accepted,,789.0074885547797,17.300998551045424,0.16216888307424765,0.166327055168079,0.00016777969393070726
5873,10,9828,10,11,10,0.9952041278445994,0.9843269434168702,3.933419940188245e-09,0.09450823172905952,0.9825193591703628,transverse_energy_fraction,4537.198097452807,4985.104221494445,accepted,,447.90612404163767,8.984889866702996,0.059031118640854675,0.060544705879317595,0.0002696494482238695
6065,1,9828,1,1,1,0.9997656386075471,0.9999478320208272,4.240911574062895e-08,1.0,0.9978725994122299,transverse_energy_fraction,1001.6423945408973,1008.0103410881763,accepted,,6.367946547279075,0.6317342479249461,0.0029743458450047625,0.0030506058375763664,2.4917390472437894e-05
6065,2,9828,2,2,2,0.999137032976207,0.999768057242369,1.7685367554592397e-08,0.4170180690103234,0.9958863183830773,transverse_energy_fraction,1924.679840941447,1946.7948603024513,accepted,,22.115019361004215,1.1359707081602042,0.006931764663885286,0.007109484712757864,6.922874170708549e-05
6065,3,9828,3,3,3,0.9995415745223476,0.9999150122234637,1.7490883437286566e-08,0.41243216539244837,0.9955246793416513,transverse_energy_fraction,1982.3197303210336,2001.5342560438257,accepted,,19.214525722792132,0.959989851024134,0.004319989089833925,0.004430726681681169,7.314533213934545e-05
6065,4,9828,4,4,4,0.9989336512401935,0.9996465475980054,1.7991439517336705e-08,0.4242351957388367,0.9943094038268907,transverse_energy_fraction,2778.479587997588,2819.5282980079824,accepted,,41.04871001039419,1.4558715384908676,0.009164296501441727,0.009399236198013966,0.00012368108377028527
6065,5,9828,5,5,5,0.9966702790054438,0.9991641378346222,1.3430274947524251e-08,0.3166836825757658,0.9942682411221877,transverse_energy_fraction,3229.814615468995,3296.5964130993416,accepted,,66.78179763034677,2.0257802066696096,0.01320375652750293,0.013542274868216955,0.00014355389223146898
6065,6,9828,6,6,6,0.997760907614607,0.9997235796009925,1.2595656898866826e-08,0.29700352574906164,0.9931904809852025,transverse_energy_fraction,3410.4692279941733,3451.6997005294406,accepted,,41.23047253526738,1.194497671073275,0.009250230126178587,0.009487341473076335,0.0001644656374338449
6065,7,9828,7,7,7,0.9980503330737077,0.9988726951732914,1.2840640704936857e-08,0.30278020375311,0.9932849828881891,transverse_energy_fraction,3975.106315059492,4066.273753033396,accepted,,91.16743797390427,2.2420388668100455,0.01585354554327818,0.016259979476418118,0.00020517433527967146
6065,8,9828,8,8,8,0.9979688137492246,0.9993026935424094,1.2732187154742718e-08,0.3002228868107471,0.9925685117923575,transverse_energy_fraction,4094.305800356134,4164.640117239524,accepted,,70.33431688339033,1.6888450118953011,0.012826446103158784,0.013155235600302071,0.00021790639926419934
6065,9,9828,9,9,9,0.9964012863228663,0.9976509501110599,9.880087132234985e-09,0.2329708356255498,0.9932354707425372,transverse_energy_fraction,4792.277367969364,4945.612773052715,accepted,,153.33540508335136,3.1004328911239036,0.023018398175549057,0.02360853707410757,0.00026360839182149406
6065,10,9828,10,10,11,0.9980492123894402,0.9983098321601208,1.2774094936665047e-08,0.3012110654414602,0.9922282529398725,transverse_energy_fraction,5161.573860885864,5290.057275002896,quarantined,near_repeated_eigenvalue_use_subspace_target,,,,,
6148,1,9828,1,1,1,0.9990754209540774,0.9999499169667592,4.107035162403808e-08,1.0,0.9869695123536922,transverse_energy_fraction,779.2608828358136,839.0960229566431,accepted,,59.835140120829465,7.130904983912814,0.002898022782875794,0.0029723305783489083,7.419797991612017e-06
6148,2,9828,2,3,3,0.9966663661109942,0.9998470092657443,1.7070790919569785e-08,0.41564754730705583,0.9727060909174622,transverse_energy_fraction,1628.8847431052066,1735.3462949817285,accepted,,106.46155187652198,6.1348880154,0.005374728202407722,0.005512539011022217,2.4094812595022957e-05
6148,3,9828,3,2,2,0.9978069246386339,0.9999592319418417,1.6761437506638742e-08,0.40811526670320575,0.9702550554881111,transverse_energy_fraction,1470.9076687192185,1603.7475035962548,accepted,,132.8398348770363,8.283089113414382,0.0028089854493647086,0.0028810071985417417,1.975754148800857e-05
6148,4,9828,4,4,4,0.9950434455434236,0.9998840077343957,1.6995144177303925e-08,0.4138056652857296,0.9579387032073685,transverse_energy_fraction,2225.776146516116,2386.3838389374732,accepted,,160.60769242135711,6.730170134443543,0.004844559856628672,0.004968771170318397,3.953637153057657e-05
6148,5,9828,5,6,6,0.9889170145154497,0.9997300559472084,1.2028235236895801e-08,0.29286905909653305,0.9551260908739884,transverse_energy_fraction,2878.726570363984,3063.518038883203,accepted,,184.79146851921905,6.032001972039448,0.007331575746465084,0.007519553595949853,5.7130361137423145e-05
6148,6,9828,6,5,5,0.9928243102373155,0.999932790762284,1.2089914913740708e-08,0.29437086452078476,0.9497344863235208,transverse_energy_fraction,2523.4433020389342,2761.9816530338426,accepted,,238.53835099490834,8.636492959064038,0.0036916097959464934,0.0037862537699389614,4.3008898336845564e-05
6148,7,9828,7,8,8,0.9902668610890594,0.9997847382979239,1.2208728749863643e-08,0.29726379899601324,0.9423543541424815,transverse_energy_fraction,3402.427148659476,3627.006818503862,accepted,,224.579669844386,6.191873384374419,0.006671592902107071,0.006842638248182749,7.463047932500496e-05
6148,8,9828,8,7,7,0.9917335488672204,0.9999119256133975,1.1709595552858302e-08,0.28511067204997553,0.9393976060791038,transverse_energy_fraction,3191.923395336048,3445.7747237428216,accepted,,253.85132840677352,7.367032054000288,0.004257572889927757,0.00436671538825026,6.616712465436564e-05
6148,9,9828,9,11,11,0.9854158154559628,0.9997247124105614,9.392309827713664e-09,0.22868832275145254,0.936291745219186,transverse_energy_fraction,4444.078680269477,4730.572053069789,quarantined,near_repeated_eigenvalue_use_subspace_target,,,,,
6148,10,9828,10,10,10,0.988842016439959,0.9998492107779553,1.16082681690701e-08,0.2826435058392802,0.9261988690264495,transverse_energy_fraction,4272.229154836293,4572.303325925509,accepted,,300.0741710892162,6.56286667132864,0.00581243915067748,0.00596142857931607,0.00010439119850597976
6667,1,9828,1,1,1,0.9999796553140136,0.9999035113404091,4.2018904434644074e-08,1.0,0.9969171849032133,transverse_energy_fraction,1115.895889751776,1162.820916763984,accepted,,46.92502701220815,4.03544744815873,0.0041261440096791785,0.004231941199659289,1.4965383176322584e-05
6667,2,9828,2,2,2,0.999955490129119,0.9997377863482702,1.8005661295254907e-08,0.4285133450649765,0.9944483189819237,transverse_energy_fraction,2052.890274968717,2146.2248067736605,accepted,,93.33453180494325,4.348777048442076,0.007119089186980344,0.007301624680385902,3.843805147682039e-05
6667,3,9828,3,3,3,0.9999166545397649,0.9999406072431983,1.727169150253196e-08,0.41104573607806066,0.9932070540361574,transverse_energy_fraction,2237.573941610309,2331.1869804783446,accepted,,93.6130388680358,4.015681266752228,0.0034402424004528432,0.0035284385110226865,4.549367020206139e-05
6667,4,9828,4,4,4,0.9998922477298336,0.9998222966709057,1.7605022876011458e-08,0.4189786267129881,0.9917293982253799,transverse_energy_fraction,3020.388891442686,3158.906001000434,accepted,,138.51710955774797,4.384970920751654,0.00612560098257161,0.00628264698119353,7.075416032592103e-05
6667,5,9828,5,5,5,0.9999137534388463,0.9996046720596659,1.3308506205003035e-08,0.31672663492935654,0.9925690185762128,transverse_energy_fraction,3332.3947019043685,3497.101506095208,accepted,,164.70680419083965,4.709809077710984,0.00874160958051444,0.008965736872553216,7.557377244128054e-05
6667,6,9828,6,6,6,0.9997739960813689,0.9999575635528155,1.2220502382081836e-08,0.29083343667585443,0.9891250317682496,transverse_energy_fraction,3856.3897226310532,4015.4600555742527,accepted,,159.07033294319945,3.961447274824173,0.0029939366689526207,0.0030706116748603226,0.00010463803930238201
6667,7,9828,7,7,7,0.9998669423601985,0.9996982267675008,1.30718614983886e-08,0.31109477208575215,0.9905413520667904,transverse_energy_fraction,4168.704773372872,4375.8949897762795,accepted,,207.19021640340725,4.734807779608075,0.008152634907791076,0.00836163996347531,0.00010894807369271277
6667,8,9828,8,8,8,0.9997459134734509,0.9997884110068846,1.2429793572523675e-08,0.2958143183351411,0.9884323967984632,transverse_energy_fraction,4505.58006603944,4707.019038755261,accepted,,201.43897271582136,4.279544464495952,0.006810290850861434,0.006984852343316216,0.00012845543046075553
6667,9,9828,9,9,9,0.9998758097561252,0.9994123847073464,9.821109010070839e-09,0.2337307253059519,0.9913847391997168,transverse_energy_fraction,4813.590247821207,5070.455905292666,accepted,,256.8656574714587,5.065928237406345,0.011893804408215055,0.012198737205721604,0.00013102238272438846
6667,10,9828,10,10,10,0.9997499830901475,0.9997333626227898,1.2378692471734328e-08,0.2945981728530801,0.9880578181170857,transverse_energy_fraction,5502.451313408096,5768.929491555936,accepted,,266.47817814783957,4.619196309087977,0.008147827933045367,0.008356661642263362,0.000165340754411074
6742,1,9828,1,1,1,0.9992942370402507,0.9998065235549541,4.291773645922969e-08,1.0,0.9986656137216465,transverse_energy_fraction,1032.6897187451864,1040.592550367655,accepted,,7.902831622468511,0.7594549489784775,0.005982646228943539,0.00613604545243073,2.153007427599424e-05
6742,2,9828,2,3,3,0.9985545149200175,0.9994946342281265,1.7834920442480156e-08,0.4155606030020407,0.9973243161195277,transverse_energy_fraction,1989.2179057366632,2009.697566492101,accepted,,20.479660755437862,1.0190419243620235,0.010998580437638772,0.011280586708560632,6.116266212372473e-05
6742,3,9828,3,2,2,0.997616682690647,0.9992398380866183,1.7978940903273055e-08,0.4189163359151619,0.9979159986918328,transverse_energy_fraction,1891.6163547395456,1933.0986948028635,accepted,,41.482340063317906,2.1458987156136,0.012798069461806958,0.013126219052598186,5.523650385992457e-05
6742,4,9828,4,4,4,0.996429471183906,0.9987645484767864,1.8246156084232513e-08,0.4251425538615185,0.9972114440197316,transverse_energy_fraction,2697.9975928733234,2757.338678642134,accepted,,59.341085768810444,2.1521145091263607,0.017379292889192113,0.017824902757851344,9.455493139879392e-05
6742,5,9828,5,6,6,0.9897844081450067,0.9987968733054835,1.2563639029265041e-08,0.29273768995715904,0.9965098723541405,transverse_energy_fraction,3310.348424307011,3371.81205111753,accepted,,61.46362681051869,1.8228663365191904,0.01866779606538282,0.0191464335420229,0.0001329113316947689
6742,6,9828,6,5,5,0.9871720645584254,0.9975509088692328,1.3450819852679538e-08,0.3134093491966272,0.997757294416027,transverse_energy_fraction,3035.729350609003,3142.6317521843107,accepted,,106.90240157530752,3.4016840026199118,0.02218991162770571,0.02275887106189618,0.00010532663764500722
6742,7,9828,7,8,8,0.9947914187223694,0.997739387840084,1.2939703675184043e-08,0.3015001428949147,0.9967073397324244,transverse_energy_fraction,3889.7879365138137,3993.729569373233,accepted,,103.94163285941931,2.602620709637375,0.02330806753489501,0.02390568253460977,0.00015984815921738372
6742,8,9828,8,7,7,0.9922629769017379,0.9969318758923765,1.2994774907674862e-08,0.3027833240930456,0.9974384252458167,transverse_energy_fraction,3716.8364560940854,3846.7189828937076,accepted,,129.88252679962216,3.376449576306652,0.026854772589672716,0.027543336821191772,0.000144476894631176
6742,9,9828,9,11,11,0.9965407611846906,0.9971149108809371,9.948416886167287e-09,0.23180199392896517,0.9960332548389287,transverse_energy_fraction,4853.056087963469,4992.4054671302,accepted,,139.34937916673152,2.791227196673073,0.026306941245699912,0.026981429248828057,0.000225519169264342
6742,10,9828,10,10,10,0.9919767217874611,0.9957061256781844,1.2892019172784597e-08,0.30038907538918214,0.9972424993846977,transverse_energy_fraction,4766.692153289532,4945.342156693495,accepted,,178.65000340396273,3.6124902533217216,0.03225799005597146,0.03308508500996289,0.00020502839236847365
6999,1,9828,1,1,1,0.997376426550376,0.9972767110439873,4.17400390716456e-08,1.0,0.9966264780149794,transverse_energy_fraction,829.2192007064045,885.6441675825776,accepted,,56.424966876173016,6.371065145744547,0.02457118238568499,0.025201212413851783,1.675857942691006e-05
6999,2,9828,2,2,2,0.9940081319093119,0.9892244750149656,1.7878844944213124e-08,0.4283380021164952,0.9954890097220819,transverse_energy_fraction,1316.8629677651156,1545.1996679895599,accepted,,228.33670022444426,14.777164722118423,0.046912625419861353,0.04811551270589773,3.1783617028433376e-05
6999,3,9828,3,3,3,0.9960193014926562,0.9958297998508686,1.706182862447117e-08,0.4087640789023945,0.9907686828870312,transverse_energy_fraction,1813.8023214048817,1876.7171219871839,accepted,,62.91480058230218,3.3523859214160154,0.0334654265030004,0.034323511488332285,6.162885585554507e-05
6999,4,9828,4,5,4,0.9927132512553676,0.9873928730302741,1.7293341566141682e-08,0.4143106223848557,0.9905517363714891,transverse_energy_fraction,2185.960297089143,2419.541845373843,accepted,,233.58154828470015,9.653957782598694,0.05344848716186691,0.054818958487374586,7.555402173176967e-05
6999,5,9828,5,4,5,0.9900637836279101,0.9761432529562384,1.2217819571756859e-08,0.2927122217299633,0.9955756495053116,transverse_energy_fraction,1945.115725499669,2472.283107683408,accepted,,527.1673821837392,21.323099306280838,0.06818048650993849,0.06992870316347759,5.055812083914225e-05
6999,6,9828,6,8,7,0.990365128239631,0.9909814988215508,1.2277557468072925e-08,0.29414341100636837,0.9829485418284976,transverse_energy_fraction,3288.0440992157814,3364.213344706054,accepted,,76.16924549027271,2.26410270948283,0.04534713215577992,0.04650986593860114,0.00015372768523997768
6999,7,9828,7,7,6,0.9887166068128279,0.9744391437259003,1.0675320989099872e-08,0.25575733100718917,0.9908705224109409,transverse_energy_fraction,2716.99452357649,3247.693026820552,accepted,,530.6985032440621,16.340784023039543,0.07461825664475594,0.07653154227152957,9.410633935852934e-05
6999,8,9828,8,11,9,0.9878459659523459,0.9871682525037307,1.064075390436387e-08,0.2549291792971089,0.9832090711099951,transverse_energy_fraction,3565.061575689642,3808.956679895119,accepted,,243.8951042054773,6.4031997395200895,0.053475897673552056,0.05484706167564101,0.00016481085057348934
6999,9,9828,9,6,8,0.9848891576909059,0.9587047468533572,8.364713528179007e-09,0.20040023234815885,0.9960537635758132,transverse_energy_fraction,2635.247214566523,3602.3281679320794,accepted,,967.0809533655565,26.845998151265338,0.09048761149543193,0.09280780524370243,7.119330504914163e-05
6999,10,9828,10,12,11,0.9876309686696619,0.9751736339843748,7.665737800208871e-09,0.18365430341478237,0.9836192484313901,transverse_energy_fraction,3988.0976103358053,4524.145978967533,accepted,,536.0483686317275,11.848609021985196,0.07370947642956242,0.0755994516933836,0.00018146028057622546
7267,1,9828,1,1,1,0.9945958290984632,0.9995422050029704,3.775915102807853e-08,1.0,0.9991732357597798,transverse_energy_fraction,953.6698978457871,974.9391446976501,accepted,,21.269246851863045,2.1815973814918572,0.010847219079494094,0.011125352691308993,9.501508488305359e-06
7267,2,9828,2,2,2,0.990514168125838,0.9977443129266206,1.6578562583166896e-08,0.43906078743239524,0.9989208804602716,transverse_energy_fraction,1516.4192132348458,1574.9609246869848,accepted,,58.541711452139,3.7170262788439565,0.023857283847939666,0.024469008732226145,1.7966258362077026e-05
7267,3,9828,3,3,3,0.9905420771093439,0.9988874456147366,1.8305014612268444e-08,0.4847835323060212,0.9983547155897997,transverse_energy_fraction,1764.5478861535362,1814.4298690165515,accepted,,49.88198286301531,2.749182192974595,0.017712595314408643,0.018166763475362523,2.5774583678744962e-05
7267,4,9828,4,4,4,0.9893442672948739,0.9970448024046507,1.640335512676577e-08,0.434420655129875,0.9986465627468398,transverse_energy_fraction,2193.430750873802,2274.7491149066923,accepted,,81.31836403289026,3.574827812878426,0.027992066879203917,0.0287098112817904,3.157813989130647e-05
7267,5,9828,5,5,5,0.9871929206113177,0.9942904891941164,1.1280601272457341e-08,0.29875145402683545,0.999232768118298,transverse_energy_fraction,2222.0838654532445,2338.0107465089013,accepted,,115.92688105565685,4.958355355241969,0.03569966401477986,0.03661503947404148,2.762113630737588e-05
7267,6,9828,6,7,6,0.9860995629791455,0.9975923261569803,1.3093578797687796e-08,0.3467657095349184,0.9982176108162198,transverse_energy_fraction,2783.6209395444503,2878.0196549047305,quarantined,near_repeated_eigenvalue_use_subspace_target,,,,,
7267,7,9828,7,6,7,0.9880230194984392,0.9936355338483728,1.0946782049376178e-08,0.28991070379829015,0.9990579678565898,transverse_energy_fraction,2780.1572091331645,2913.9673332712828,quarantined,near_repeated_eigenvalue_use_subspace_target,,,,,
7267,8,9828,8,9,9,0.9749184492418865,0.9917222817734759,1.3258054035793564e-08,0.3511216135642082,0.9985369691877516,transverse_energy_fraction,3105.822701849037,3228.374042061482,accepted,,122.55134021244521,3.7960700530905616,0.04437168841083064,0.04550942252426738,5.1044503593746336e-05
7267,9,9828,9,8,8,0.9733115873667602,0.9853806847242357,8.933744863748914e-09,0.23659813900756366,0.9994341881318114,transverse_energy_fraction,2980.5959675179765,3170.02166554858,accepted,,189.4256980306036,5.9755332302381285,0.05883035881397995,0.060338828966440855,3.691019434028665e-05
7267,10,9828,10,11,11,0.9881393076080855,0.9923714567510244,1.0777073018932754e-08,0.2854161898639799,0.9989048931793736,transverse_energy_fraction,3577.0514971152234,3747.3050043516546,accepted,,170.25350723643123,4.5433586814716165,0.04292210535535937,0.04402267028062641,5.643322667973314e-05
7846,1,9828,1,1,1,0.9995864976706724,0.9999738350575855,4.092275488137306e-08,1.0,0.98967212210121,transverse_energy_fraction,793.1763136038599,812.4529988680531,accepted,,19.276685264193247,2.3726523615581963,0.0021329447885132862,0.0021876341059748174,1.1516802866115344e-05
7846,2,9828,2,2,2,0.9986236731254348,0.999771420256791,1.6777077909478807e-08,0.40996941574711243,0.9782920836161806,transverse_energy_fraction,1356.023781133958,1440.176460993735,accepted,,84.15267985977698,5.843220059416251,0.006544767394672404,0.006712579445417168,2.5409307542556827e-05
7846,3,9828,3,3,3,0.9988687350038099,0.9999311218379959,1.6963360606322817e-08,0.414521472356791,0.9776205762270822,transverse_energy_fraction,1763.9642756791347,1771.8421932269262,accepted,,7.877917547791412,0.4446173354436232,0.0040158019484832766,0.004118759764594688,4.264119863457769e-05
7846,4,9828,4,5,4,0.9978512441499292,0.9995956037022007,1.698899093800767e-08,0.4151477823830625,0.9682403500816957,transverse_energy_fraction,2211.570198355825,2292.8667012200935,accepted,,81.2965028642684,3.5456270886139363,0.00956133547139982,0.00980648871051602,5.896931203154875e-05
7846,5,9828,5,4,5,0.9968455382948015,0.9990713565829323,1.1856706333796412e-08,0.28973382579366047,0.9671947322570834,transverse_energy_fraction,2195.7406907865666,2375.0952443465176,accepted,,179.354553559951,7.5514678405791065,0.013292824855832535,0.013633661786213013,4.984502027141832e-05
7846,6,9828,6,7,7,0.9966946945640487,0.9998561013144548,1.212288411554411e-08,0.2962382212704385,0.9614364058970659,transverse_energy_fraction,3204.1003304861106,3204.7814872445283,quarantined,near_repeated_eigenvalue_use_subspace_target,,,,,
7846,7,9828,7,6,6,0.9965327906347331,0.9986870095468731,1.1616934259316726e-08,0.2838746876399673,0.9586858754295867,transverse_energy_fraction,2939.038340239348,3127.0921492061384,accepted,,188.05380896679026,6.0136957912970574,0.01663994939169558,0.017066603794815588,8.489102545058878e-05
7846,8,9828,8,9,9,0.9890515847846566,0.9965619902096218,1.2165951958080552e-08,0.2972906392384196,0.9545591994989508,transverse_energy_fraction,3570.767511940395,3648.20534019821,accepted,,77.437828257815,2.1226280057363147,0.02683767472816552,0.027525805806535953,0.0001236606078397149
7846,9,9828,9,8,8,0.9891534358973897,0.9947351849599892,9.428818735151938e-09,0.23040527849320533,0.9578290794119093,transverse_energy_fraction,3214.6712378281163,3525.8071139855524,quarantined,near_repeated_eigenvalue_use_subspace_target,,,,,
7846,10,9828,10,11,11,0.992557062056275,0.9963949670782402,1.133203082413527e-08,0.2769127068054088,0.9470550063719534,transverse_energy_fraction,4183.073416851631,4374.67123983418,accepted,,191.59782298254868,4.379707924973378,0.02764428165167152,0.028353088610052927,0.0001506087444608675
7862,1,9828,1,1,1,0.9925051990654618,0.9929903867760961,1.2338352604747895e-08,1.0,0.9997542284337502,transverse_energy_fraction,787.3657387855491,850.2269214005955,accepted,,62.86118261504646,7.393459443920452,0.04111884706241936,0.04217317627333759,1.806408578786592e-05
7862,2,9828,2,2,2,0.9872582278606382,0.9790677508986565,5.512024673626623e-09,0.4467391109819274,0.9988860394103811,transverse_energy_fraction,1141.6798622744163,1392.246263471368,accepted,,250.56640119695157,17.99727589659317,0.06581569951289774,0.06750328125013179,2.799716661774549e-05
7862,3,9828,3,4,3,0.9942973491801579,0.9927897509781543,8.497969773843574e-09,0.6887442794083781,0.999439670023475,transverse_energy_fraction,1760.8205389903778,1829.6884335863658,accepted,,68.86789459598799,3.7639137533924436,0.045269172168509716,0.04642991743155221,7.000701859931269e-05
7862,4,9828,4,5,5,0.9906191443601524,0.9809433189118573,3.795956895785765e-09,0.3076550830882439,0.9980782719382776,transverse_energy_fraction,2014.421970554648,2256.26439839865,accepted,,241.84242784400203,10.718709563278402,0.06626867245367088,0.06796786686613047,7.787396823117234e-05
7862,5,9828,5,3,4,0.9803447647951339,0.9600766603120888,3.1952938390701102e-09,0.25897248534140094,0.9969972123274911,transverse_energy_fraction,1592.2830575148703,2169.8698693210854,accepted,,577.5868118062151,26.61850002954011,0.08952595410114716,0.09182149093821128,3.9780834937306246e-05
7862,6,9828,6,11,8,0.9975426787923974,0.9955405343027388,7.025174849817174e-09,0.5693770533931597,0.9990876997873626,transverse_energy_fraction,3156.8553954361346,3252.001088204798,accepted,,95.1456927686636,2.925758331193759,0.033343944793741,0.03419889654096322,0.00016707106830686383
7862,7,9828,7,7,6,0.9853467349363342,0.96391551728627,2.5367870380832463e-09,0.2056017621920669,0.9957930639083921,transverse_energy_fraction,2378.7095676762206,2934.1790136731615,accepted,,555.469445996941,18.931000576599953,0.08936953967607708,0.09166106405672278,8.96619591570977e-05
7862,8,9828,8,13,9,0.9918620383185539,0.9864971731162127,2.9413947396433015e-09,0.23839444647670627,0.9969623295357161,transverse_energy_fraction,3323.75648421712,3584.439171643921,accepted,,260.68268742680084,7.272621320764238,0.05685012309916791,0.058307804949428416,0.0001748314036399752
7862,9,9828,9,6,7,0.9767334089404625,0.9390598172669447,2.262506723190872e-09,0.18337186459724306,0.9940366040079357,transverse_energy_fraction,2077.1067733113096,3146.1062660014504,accepted,,1068.9994926901409,33.97849285138063,0.11184574234803978,0.11471358126209708,5.28917499903588e-05
7862,10,9828,10,15,11,0.9833140541198135,0.9636217487056593,2.315371531496691e-09,0.18765645671414172,0.9940726566353877,transverse_energy_fraction,3594.8113633944463,4156.711263094752,accepted,,561.8998997003059,13.517895858899772,0.08747333292758915,0.08971622969417864,0.00017833435104688594
7876,1,9828,1,1,1,0.9923088215229832,0.9968435867753989,4.204848961893629e-08,1.0,0.9989619778592835,transverse_energy_fraction,877.1241324496125,912.2494583652531,accepted,,35.12532591564059,3.8504079770663844,0.027819919508926386,0.028533250601002813,1.3960403227916975e-05
7876,2,9828,2,2,2,0.9874440535775687,0.9888395615516596,1.8621264355694863e-08,0.4428521576981658,0.9989129554828314,transverse_energy_fraction,1258.4162770007956,1379.2699878541798,accepted,,120.8537108533842,8.762150406926796,0.04909872356183922,0.05035766496287423,2.1061284268218902e-05
7876,3,9828,3,4,3,0.9942531711021896,0.9964162819716746,1.7584768087100776e-08,0.41820213392829164,0.9971096257400442,transverse_energy_fraction,1888.700112530967,1939.7973304882503,accepted,,51.09721795728319,2.634152401087279,0.032250622055468164,0.03307755905883142,5.0769847872135675e-05
7876,4,9828,4,5,5,0.9915742166535334,0.9894719524131197,1.7765453040609707e-08,0.4224991956098499,0.9970849647036105,transverse_energy_fraction,2157.16386708285,2282.1242543630415,accepted,,124.9603872801913,5.475617159814496,0.05032367554731621,0.05161402464120718,5.5702514935361464e-05
7876,5,9828,5,3,4,0.9808551073910102,0.9767864553564201,1.27605591125619e-08,0.3034724725716487,0.9989633527889024,transverse_energy_fraction,1743.4315871710862,2005.2106971595324,accepted,,261.7791099884462,13.05494282268031,0.06935603322414816,0.07113439273609364,2.9341900335567855e-05
7876,6,9828,6,10,8,0.9967987593247817,0.9960893155533342,1.2708896312389129e-08,0.30224382439329645,0.9957553129313683,transverse_energy_fraction,3247.28980490508,3337.651851806043,accepted,,90.36204690096292,2.7073538797063854,0.03010766890375127,0.030879649960002416,0.00011149249529008543
7876,7,9828,7,7,7,0.9872583565210499,0.9787186514639242,1.2100503530280148e-08,0.2877749864487584,0.9970084243309708,transverse_energy_fraction,2540.2482108209447,2796.7712545193026,accepted,,256.5230436983579,9.172113853925035,0.0698113466476815,0.07160137973755552,6.30000206028454e-05
7876,8,9828,8,12,11,0.9923148335779536,0.9897103924301014,1.170426410176156e-08,0.27835159378686963,0.9951596776751606,transverse_energy_fraction,3425.515155631741,3582.795167541802,accepted,,157.28001191006115,4.389868930686674,0.05257607796871832,0.05392417597638164,0.00011667163522183697
7876,9,9828,9,6,6,0.977299568081141,0.9617233736061319,9.654944698302338e-09,0.22961454230104592,0.998666722620969,transverse_energy_fraction,2263.67393010744,2735.307004048977,accepted,,471.6330739415371,17.24241824568122,0.08983998622227639,0.09214357519717832,3.8391807019213905e-05
7876,10,9828,10,14,12,0.9942691504609068,0.9817240080092516,9.185268511258061e-09,0.21844467172303683,0.9947343355768647,transverse_energy_fraction,3708.833427676553,3989.94469452534,accepted,,281.1112668487867,7.045492816842888,0.06450640895785775,0.06616041385029885,0.00011937492810941682
8064,1,9828,1,1,1,0.998858094648132,0.9986991899156762,2.943958698186264e-08,1.0,0.9998549467051435,transverse_energy_fraction,875.4629185384742,897.1514293914021,accepted,,21.688510852927834,2.4174860722944627,0.017448804195439174,0.017896208805030386,2.0773008393203612e-05
8064,2,9828,2,2,2,0.9970912499209377,0.9929960912964237,9.601083382489064e-09,0.3261283315015313,0.9997228486672087,transverse_energy_fraction,1483.5467758946672,1589.3861209726815,accepted,,105.83934507801428,6.659133591354259,0.039525726831141694,0.04053920568681102,4.538438220287703e-05
8064,3,9828,3,3,3,0.9984413842943497,0.9972390997828704,1.7695609985199257e-08,0.601082141407123,0.999683946699447,transverse_energy_fraction,1728.0625752000637,1778.5740049554602,accepted,,50.51142975539642,2.839995952637425,0.027670937184671094,0.02838044475473667,6.306876107684978e-05
8064,4,9828,4,4,4,0.997247258242679,0.9908993437311823,8.100805113985194e-09,0.2751670775468419,0.9995265814743914,transverse_energy_fraction,2207.4774108673196,2349.809584935434,accepted,,142.33217406811445,6.057179057426703,0.047294117363480326,0.0485067831848646,8.48510261774991e-05
8064,5,9828,5,5,5,0.9952479107325091,0.9820010199911575,5.445731784104903e-09,0.1849798975597025,0.9993060542476274,transverse_energy_fraction,2259.6735560714646,2543.7459593934445,accepted,,284.0724033219799,11.167483225790237,0.06053211437012945,0.06208421736600539,7.732067431698e-05
8064,6,9828,6,7,6,0.998009828121566,0.9948222753453722,1.2641570974394198e-08,0.42940721220656086,0.9996339317764725,transverse_energy_fraction,2896.3095227742083,3012.025397127663,accepted,,115.71587435345464,3.8417961038377686,0.03707686685857103,0.03802754285442008,0.0001374281653628835
8064,7,9828,7,6,7,0.9959218459687948,0.9798670204228765,5.030779680236763e-09,0.17088485933366399,0.9989481517074826,transverse_energy_fraction,2876.69141176686,3203.3758013986712,accepted,,326.6843896318114,10.198128783053589,0.06760643520769827,0.06933992869162829,0.00011385189234649359
8064,8,9828,8,9,8,0.982359026343938,0.9746280788596124,6.592578667984766e-09,0.22393584094934385,0.9992359720120904,transverse_energy_fraction,3268.8249508601157,3485.422637791673,accepted,,216.5976869315573,6.214388022360218,0.07569525730372424,0.07763615353840969,0.00015268992793528272
8064,9,9828,9,8,9,0.9791041856006194,0.9530999333321964,3.5237128492241303e-09,0.11969301238482202,0.998142477327398,transverse_energy_fraction,3112.535369627896,3689.9804478182127,accepted,,577.4450781903165,15.64900102741044,0.09838683044541233,0.1009095665806838,0.00010987456528134875
8064,10,9828,10,11,10,0.9962902817542039,0.9768075391846964,4.1919591406079024e-09,0.14239191409820104,0.9983707092111185,transverse_energy_fraction,3819.605422979258,4233.200778376906,accepted,,413.59535539764784,9.770274953890294,0.07268128679820321,0.0745448987196231,0.00017620911327581663
8110,1,9828,1,1,1,0.992527482578169,0.9998770832581845,4.1829777821247706e-08,1.0,0.997259589104892,transverse_energy_fraction,999.2431587082943,1049.679510791543,accepted,,50.43635208324861,4.804928701067579,0.005336919407200661,0.005473763334250735,5.8129268319834445e-06
8110,2,9828,2,2,2,0.9874845406860564,0.9994802666119428,1.9585980898574364e-08,0.46823057445515615,0.9968969673651409,transverse_energy_fraction,1420.9690657610033,1518.1848686475248,accepted,,97.21580288652149,6.40342325194732,0.010588923662938256,0.010860434346977843,8.654715984253602e-06
8110,3,9828,3,4,4,0.9945562335150613,0.999859557152434,1.710344782140775e-08,0.4088821101201246,0.9921693986577167,transverse_energy_fraction,2202.8285236107263,2297.7703715168213,accepted,,94.94184790609506,4.131911921356238,0.006288815534643379,0.0064500652613303745,2.2028037337152914e-05
8110,4,9828,4,5,5,0.9914966368883269,0.9995194373621895,1.7190520087778518e-08,0.4109636957967891,0.9924461789143181,transverse_energy_fraction,2497.255846416577,2628.8307453892417,accepted,,131.57489897266487,5.005073042585061,0.010772599734620707,0.011048818876261747,2.4092998660425615e-05
8110,5,9828,5,3,3,0.980760621020955,0.9987653252472268,1.3447620074718246e-08,0.3214843772822394,0.9972810428038744,transverse_energy_fraction,1963.0604156257066,2118.2363791627963,accepted,,155.17596353708973,7.3257151592505885,0.016066123300585818,0.01647807495276207,1.2010022024358962e-05
8110,6,9828,6,11,10,0.9976912653816632,0.9998530781547514,1.2486451486907726e-08,0.2985062827793733,0.987138493376611,transverse_energy_fraction,3852.4202569719987,4014.045803987975,accepted,,161.62554701597628,4.026499818596999,0.006071190075904553,0.006226851147208966,5.010201911264908e-05
8110,7,9828,7,7,7,0.9868052992195502,0.998916531586407,1.3297137401287775e-08,0.3178868761414604,0.9929686258894832,transverse_energy_fraction,2922.4998165565517,3104.5573709644486,accepted,,182.057554407897,5.864203255207996,0.015718670583819285,0.016121712230594266,2.716496579693483e-05
8110,8,9828,8,13,12,0.9930226825997529,0.999260956262717,1.2134624869359639e-08,0.29009536988732887,0.9870628135711508,transverse_energy_fraction,4045.901697638653,4234.209787919359,accepted,,188.30809028070598,4.447301851173472,0.012941077870485007,0.013272895085913176,5.201682406440868e-05
8110,9,9828,9,6,6,0.9771575160509403,0.9976838062457931,1.0072425765436163e-08,0.24079558367436055,0.9977045339220411,transverse_energy_fraction,2548.1184821054107,2766.005511055986,accepted,,217.8870289505753,7.877317238872455,0.02200408565457701,0.022568292694502258,1.572517679112349e-05
8110,10,9828,10,15,14,0.6419213676373334,0.6302923840959903,1.2379417644240503e-08,0.2959474873890508,0.9874289211937148,transverse_energy_fraction,4359.044722571767,4586.318132344204,quarantined,low_MAC;near_repeated_eigenvalue_use_subspace_target,,,,,
8539,1,9828,1,1,1,0.9998642877519394,0.9999520454604323,4.0767356381848486e-08,1.0,0.9961858062211333,transverse_energy_fraction,1107.3790876321707,1157.08654988698,accepted,,49.70746225480934,4.295915656410022,0.0029483444235657375,0.0030239424379884298,8.078976593044098e-06
8539,2,9828,2,2,2,0.9996306689652715,0.9998744655742915,1.819463890159426e-08,0.44630411477196874,0.9935889788507797,transverse_energy_fraction,1954.1939845710194,2055.8147221303016,accepted,,101.62073755928213,4.943088327238918,0.004935821644564897,0.005062379294152522,1.914232407311643e-05
8539,3,9828,3,3,3,0.9996173669205543,0.9999737927959547,1.702251362675648e-08,0.41755255031291877,0.991100574802045,transverse_energy_fraction,2281.0952490820678,2373.909355554807,accepted,,92.81410647273924,3.9097578117529945,0.002321795067946968,0.0023813208614059697,2.607260392792451e-05
8539,4,9828,4,4,4,0.9992685141288528,0.9999248153506735,1.7277029525708688e-08,0.4237956801486697,0.9896284058047161,transverse_energy_fraction,2968.796240363737,3112.769212540057,accepted,,143.97297217632013,4.6252376050338935,0.003995990834880679,0.004098443208764292,3.7539730281451055e-05
8539,5,9828,5,5,5,0.9991184361597507,0.9998215215757603,1.2061642066760607e-08,0.29586520042616765,0.991765042597811,transverse_energy_fraction,3091.454428775775,3264.340726081566,accepted,,172.88629730579123,5.2962086930588175,0.005886358111327792,0.006037284888218232,3.57002565612931e-05
8539,6,9828,6,7,6,0.9990179446779315,0.9999846257581797,1.2099115990797376e-08,0.2967844144091831,0.9850304288417399,transverse_energy_fraction,3987.0276434730827,4141.993918251777,quarantined,near_repeated_eigenvalue_use_subspace_target,,,,,
8539,7,9828,7,6,7,0.9988400348641063,0.9998805365829032,1.2264068751786986e-08,0.30083061155389307,0.9885514478451083,transverse_energy_fraction,3970.2868979383097,4184.685855608612,quarantined,near_repeated_eigenvalue_use_subspace_target,,,,,
8539,8,9828,8,9,9,0.9740425872799825,0.9965942970891459,1.2379448288675368e-08,0.3036608057859565,0.9847021336961721,transverse_energy_fraction,4544.347024661628,4747.14341540658,accepted,,202.79639074495208,4.271966801904238,0.027073507007452428,0.027767694727955445,7.139249072101746e-05
8539,9,9828,9,8,8,0.974593522737467,0.9965021007068675,9.668253337555306e-09,0.2371567399906279,0.9905262383116312,transverse_energy_fraction,4383.8189922601105,4640.644343436729,accepted,,256.8253511766188,5.534260593355906,0.027026587914889825,0.027719574659363932,5.357648454530373e-05
8539,10,9828,10,11,11,0.9978178277094701,0.9998815502519175,1.2025927705270805e-08,0.2949891475088462,0.9842472533274623,transverse_energy_fraction,5390.138455253868,5659.256801483164,accepted,,269.11834622929564,4.75536551299043,0.005131811527760164,0.005263358600328549,8.757188554578231e-05
8705,1,9828,1,1,1,0.999473562532254,0.9999609195633125,4.0210490386144644e-08,1.0,0.9864533239143668,transverse_energy_fraction,772.8666782550347,840.8785215000123,accepted,,68.01184324497763,8.088188900776512,0.002560001247182855,0.002625642054429188,5.031276886404293e-06
8705,2,9828,2,3,3,0.9982560864376155,0.9998898072185555,1.6785700673191706e-08,0.4174458085936591,0.9728753293354323,transverse_energy_fraction,1560.3634881814928,1664.6785242148105,accepted,,104.31503603331771,6.266377232356057,0.004716009197883436,0.004836931239572832,1.538639750974762e-05
8705,3,9828,3,2,2,0.9987378066774726,0.9999571244122487,1.69250647097085e-08,0.4209116712374237,0.9700396698433273,transverse_energy_fraction,1483.9957203419401,1644.5322341580422,accepted,,160.53651381610212,9.76183442815231,0.002847328407254707,0.002920335116470901,1.3872946707581602e-05
8705,4,9828,4,4,4,0.9974267700683663,0.9999228828380146,1.687236945117197e-08,0.41960118588819034,0.9590419348601802,transverse_energy_fraction,2171.9998436910605,2343.692919545483,accepted,,171.69307585442266,7.325749650159775,0.004117985355215213,0.0042235706189724,2.5836098391210355e-05
8705,5,9828,5,6,6,0.9858433126011126,0.8651698382091673,1.5004105677275008e-08,0.3731390871682824,0.9576461283794847,transverse_energy_fraction,2688.459622617525,2860.2852003370153,accepted,,171.8255777194904,6.0072882836734225,0.17541986641432347,0.17991781153189015,3.483023926325914e-05
8705,6,9828,6,5,5,0.9873483907681639,0.8643146079894639,1.4942572656771238e-08,0.37160881434860615,0.9519209519955889,transverse_energy_fraction,2551.0332813336345,2835.4711375497845,accepted,,284.43785621615007,10.03141426655259,0.15830621842279094,0.1623653520841187,3.004508957754935e-05
8705,7,9828,7,8,8,0.9953482400030221,0.9994594183983385,1.1762564793479993e-08,0.2925247784974298,0.9471432295986719,transverse_energy_fraction,3220.0070266366597,3434.4434675860407,quarantined,near_repeated_eigenvalue_use_subspace_target,,,,,
8705,8,9828,8,7,7,0.9951711313146796,0.9995113987815842,1.1878613506308148e-08,0.2954108092748148,0.9425369399837619,transverse_energy_fraction,3149.7047140267737,3434.1214409347103,quarantined,near_repeated_eigenvalue_use_subspace_target,,,,,
8705,9,9828,9,10,9,0.9926566874725847,0.9997656990177026,8.952599694692861e-09,0.22264338506494974,0.9459418289696615,transverse_energy_fraction,4056.8349214885325,4303.646760555253,accepted,,246.81183906672095,5.734946495350316,0.009152828891130576,0.009387505690491715,6.340328151821129e-05
8705,10,9828,10,11,11,0.9947475176808345,0.9998324207361288,1.1469617658492749e-08,0.2852394374788536,0.9334098664721853,transverse_energy_fraction,4096.257822736362,4399.744910125921,accepted,,303.48708738955884,6.897833706019857,0.009314085509411926,0.009552896621597957,6.530329351526868e-05
8792,1,9828,1,1,1,0.9998525270279907,0.9998016011608697,4.229215634563873e-08,1.0,0.9997253455840788,transverse_energy_fraction,979.648673102614,1002.5164287375952,accepted,,22.867755634981222,2.281035500213909,0.006100889073005784,0.0062573190372024025,2.7281372774506428e-05
8792,2,9828,2,2,2,0.9997361066610205,0.9989632965739556,1.7906507067386372e-08,0.4234001908307268,0.9995724999693032,transverse_energy_fraction,1814.969488602741,1912.8156299715724,accepted,,97.84614136883147,5.115293906830196,0.01433993113318755,0.01470761282298406,7.080434120061389e-05
8792,3,9828,3,3,3,0.9991978723188322,0.9996256351835777,1.743409724624276e-08,0.4122300386804611,0.999327071274842,transverse_energy_fraction,1996.6459716190939,2035.3982677651657,accepted,,38.752296146071785,1.903917123238057,0.009495324230887909,0.009738775034693153,8.451741276091566e-05
8792,4,9828,4,4,4,0.9989864767279755,0.9985020991576794,1.7928056376581317e-08,0.423909725246963,0.9992869851774152,transverse_energy_fraction,2706.376115896066,2828.987033230287,accepted,,122.61091733422109,4.334092588406722,0.01833383754197895,0.01880391122803998,0.0001337667608651368
8792,5,9828,5,5,5,0.9995011999074352,0.9969934590515673,1.3268277056877985e-08,0.3137290269250185,0.9995506709575307,transverse_energy_fraction,2954.1610117962264,3211.3417961758264,accepted,,257.1807843796,8.008514842171566,0.024258134579194346,0.024880117671919055,0.00013965618448671366
8792,6,9828,6,6,6,0.9976302181723965,0.9993523031025567,1.2476276884856633e-08,0.2950021460928231,0.9988819899127293,transverse_energy_fraction,3527.526044786341,3586.0690089442073,accepted,,58.54296415786621,1.632510808125863,0.012267582242747117,0.012582051398022856,0.000202018088467637
8792,7,9828,7,7,7,0.9987511930802858,0.9962271467329725,1.3120217939287995e-08,0.31022816221667976,0.9993016903202359,transverse_energy_fraction,3741.714499331006,4029.1030846978992,accepted,,287.38858536689304,7.132817883423336,0.028606647049295063,0.029340112880884384,0.00020703295850355933
8792,8,9828,8,8,8,0.9953413543940606,0.9928507665589147,1.2791779476580628e-08,0.3024622195198081,0.9988968191242503,transverse_energy_fraction,4124.118663443281,4277.183068321571,accepted,,153.0644048782906,3.5786264565560266,0.03939661603690893,0.0404067450275262,0.00025149572884057146
8792,9,9828,9,9,9,0.9974408791941365,0.9887661471297468,1.0023490031923398e-08,0.23700588709653356,0.9994716248643678,transverse_energy_fraction,4274.5315513177875,4784.557330957183,accepted,,510.0257796393953,10.659832129911196,0.04808738979687866,0.04932037034495443,0.00023648180000764162
8792,10,9828,10,11,10,0.9970740510647313,0.9952618793689559,1.2844770666477554e-08,0.30371519866477886,0.998928062632606,transverse_energy_fraction,5035.386942780778,5359.262932599641,accepted,,323.8759898188637,6.043293525472909,0.033023774885304925,0.033870456639274064,0.00032643760032867886
9064,1,9828,1,1,1,0.9998389250894705,0.9999355353540539,4.1928886262627245e-08,1.0,0.994466653018086,transverse_energy_fraction,1022.4291643925217,1127.0985438348443,accepted,,104.66937944232268,9.286621832213108,0.0034119511717128946,0.0034994362217269613,1.0873771810984168e-05
9064,2,9828,2,2,2,0.9994712882045155,0.9998141227126823,1.7533728764467408e-08,0.4181777845145356,0.9891312525500909,transverse_energy_fraction,1901.8612683648741,2101.0846580959224,accepted,,199.2233897310482,9.48193062870639,0.005995540832694201,0.00614926924062346,2.8408374045898973e-05
9064,3,9828,3,3,3,0.999596387143446,0.99995640777129,1.722724727803486e-08,0.4108682298434943,0.987880792187077,transverse_energy_fraction,2082.004548245059,2288.0522833553655,accepted,,206.04773511030635,9.005377045324463,0.003007664806607291,0.0030847747659684794,3.3858346168480904e-05
9064,4,9828,4,4,4,0.999269822298505,0.9998704947760351,1.7582398739893916e-08,0.4193385588580671,0.9839574228469711,transverse_energy_fraction,2825.447241292792,3113.024078766073,accepted,,287.5768374732811,9.237861005793105,0.00519250991057987,0.005325637082082777,5.378842028339946e-05
9064,5,9828,5,5,5,0.998930308096867,0.9997188931299449,1.2796426792100503e-08,0.3051935773334964,0.9841819782869801,transverse_energy_fraction,3141.008189565023,3468.9359681752953,accepted,,327.9277786102725,9.453266984999054,0.007334107326701197,0.007522149787672438,5.7897667571478245e-05
9064,6,9828,6,6,6,0.99910071459943,0.9999707262970711,1.2205733639986463e-08,0.2911056011250621,0.9798995674111681,transverse_energy_fraction,3630.9989963268486,3987.463209123901,accepted,,356.46421279705237,8.939623868664418,0.002562040503399073,0.002627671944578472,7.914386754005618e-05
9064,7,9828,7,7,7,0.9988462764067026,0.9997952051198272,1.2548193599979064e-08,0.29927323901192504,0.9800448803916002,transverse_energy_fraction,3945.8039727840446,4351.6118571945,accepted,,405.80788441045524,9.325461408961255,0.0065816364614477135,0.006750368546617879,8.50434350875189e-05
9064,8,9828,8,8,8,0.9988979551906619,0.9999051089509208,1.241214661531828e-08,0.29602853120336,0.9772842966146765,transverse_energy_fraction,4259.106431424616,4685.09959470386,accepted,,425.9931632792441,9.092510301398846,0.004491542921604634,0.0046066551335995016,9.92710641773727e-05
9064,9,9828,9,9,9,0.9983670983968919,0.9996734250169993,9.4405202962601e-09,0.22515552254663113,0.9801161553498134,transverse_energy_fraction,4610.400817094859,5087.522622498181,accepted,,477.12180540332156,9.378273883115144,0.008465114349480487,0.008682136567162728,0.00010342615321224559
9064,10,9828,10,10,10,0.9986362404404595,0.999837258160966,1.2363737839292522e-08,0.2948739864410082,0.9747257151010967,transverse_energy_fraction,5242.678828051665,5773.686956380185,accepted,,531.0081283285199,9.197037046522446,0.006264469749662772,0.006425027510673479,0.00013128734387315584
9167,1,9828,1,1,1,0.9976912106118395,0.999330324248271,4.165600375820965e-08,1.0,0.9961696580117257,transverse_energy_fraction,882.9781490451355,953.8900533998362,accepted,,70.91190435470071,7.433970414300672,0.012082443329417589,0.01239224902082723,1.6167936686326802e-05
9167,2,9828,2,2,2,0.9945583259302752,0.9971697613248868,1.84986535187667e-08,0.4440813292158624,0.9942782280554642,transverse_energy_fraction,1394.144544211658,1588.4385525217842,accepted,,194.29400831012617,12.23176105878742,0.024011604500951366,0.024627285696493206,3.034710875753927e-05
9167,3,9828,3,3,3,0.9964472954190741,0.9990000930921307,1.7063976954531386e-08,0.40964027787155133,0.9900064538725589,transverse_energy_fraction,1943.3022430699127,2053.847974537397,accepted,,110.5457314674843,5.382371667132924,0.016261081426763056,0.01667802658181268,6.0240982040140667e-05
9167,4,9828,4,5,5,0.9932808619309121,0.996742064113953,1.7254493465433635e-08,0.41421384455375376,0.9891640986307224,transverse_energy_fraction,2329.5164617363926,2554.7405459116158,accepted,,225.2240841752232,8.815927884953021,0.02733167672342382,0.02803248394754857,7.346194939561676e-05
9167,5,9828,5,4,4,0.9908270068884756,0.9932108847841897,1.3218456200106327e-08,0.3173241551645771,0.9938405368739407,transverse_energy_fraction,2059.4483554769863,2433.488000000979,accepted,,374.0396445239926,15.370515265488967,0.03648076403333267,0.03741616661625026,4.8357484879280964e-05
9167,6,9828,6,8,8,0.9772445944684763,0.9813894182246129,1.2229096715260593e-08,0.29357344948986996,0.9817415405609122,transverse_energy_fraction,3521.866921053947,3696.8111794730103,accepted,,174.94425841906332,4.732301703437341,0.06472598242771843,0.06638561517247243,0.00014147923422022827
9167,7,9828,7,7,6,0.989527701828858,0.9928952039560989,1.310092955067803e-08,0.31450279356420674,0.9890447192816684,transverse_energy_fraction,2887.1772135439846,3284.560399515882,accepted,,397.38318597189755,12.098519668886851,0.03955465971376342,0.040568876451157,9.104763221972996e-05
9167,8,9828,8,11,9,0.9883321869309539,0.9969425793230431,1.2320106998106125e-08,0.2957582553914105,0.9817335478349254,transverse_energy_fraction,3809.18057619156,4086.4611238026555,accepted,,277.2805476110957,6.785346518923257,0.026073717192982303,0.026742248941966654,0.00016077566185511929
9167,9,9828,9,6,7,0.985693636136036,0.9875396587407813,1.0116943518331468e-08,0.24286879694592883,0.9941413948384941,transverse_energy_fraction,2793.780385742137,3392.172976928441,accepted,,598.3925911863043,17.640391432165096,0.049611613360951934,0.05088370363045622,6.829906177767796e-05
9167,10,9828,10,12,12,0.9882557017867106,0.9932231381838215,1.2389927463735602e-08,0.29743437550208524,0.9819771567516562,transverse_energy_fraction,4251.173726212468,4687.450378012353,quarantined,near_repeated_eigenvalue_use_subspace_target,,,,,
9183,1,9828,1,1,1,0.9999907036705636,0.9999862356453707,4.128252441130089e-08,1.0,0.9880981499763557,transverse_energy_fraction,808.5306994486497,827.5922788623938,accepted,,19.061579413744084,2.3032572802571436,0.001747804203921698,0.0017926195453840071,3.2279057822428978e-06
9183,2,9828,2,2,2,0.9999801326485871,0.9999138926021323,1.76164254961592e-08,0.42672839772697596,0.9789402192751194,transverse_energy_fraction,1448.822605229927,1491.8933128246852,accepted,,43.07070759475823,2.88698308548686,0.004664064981659043,0.004783656054234511,7.881278749993978e-06
9183,3,9828,3,3,3,0.9999651736153663,0.999958286238582,1.7365456266861638e-08,0.4206490885549608,0.9752554799622298,transverse_energy_fraction,1622.1958041278865,1656.7596333100855,accepted,,34.563829182199015,2.086230765602551,0.003380334929137481,0.003467009446618247,9.91997285685253e-06
9183,4,9828,4,4,4,0.9999615960312915,0.9998252280276898,1.7525269717733245e-08,0.4245203016929795,0.9697292351479542,transverse_energy_fraction,2145.3520231319944,2201.232915285095,accepted,,55.880892153100376,2.538617870243091,0.006984366225344783,0.007163451755686726,1.4697509113463127e-05
9183,5,9828,5,5,5,0.9999088199402191,0.9996107987455234,1.2771064551559989e-08,0.3093576454850705,0.9720719919802061,transverse_energy_fraction,2318.684656126908,2396.496963533119,accepted,,77.81230740621095,3.2469186729739663,0.009808335972081274,0.010059831179857506,1.5071305555160406e-05
9183,6,9828,6,6,6,0.9998673289219785,0.999837965790676,1.2273277954167151e-08,0.29729959902373126,0.9625565125234765,transverse_energy_fraction,2761.974754526543,2823.005329366063,accepted,,61.030574839519886,2.1619008014138243,0.009185517310262516,0.009421042027052033,2.227782162771403e-05
9183,7,9828,7,7,7,0.9999494922665068,0.9994118519329701,1.2217006948486796e-08,0.2959365281727406,0.9654837029724787,transverse_energy_fraction,2913.219237080318,3001.702660836955,accepted,,88.48342375663697,2.9477744385236817,0.015758475459574865,0.01616253816681182,2.1835315011685038e-05
9183,8,9828,8,8,8,0.9977888894310992,0.9988163299660087,1.206006969727508e-08,0.2921349861534556,0.9598715057255834,transverse_energy_fraction,3187.2250909439053,3266.904881800609,accepted,,79.67979085670368,2.438999411969008,0.017677387242783095,0.018130652574540575,2.6525292953628262e-05
9183,9,9828,9,9,9,0.9978135562343573,0.9980141627420971,9.18821663706187e-09,0.22256915651569603,0.968371251563808,transverse_energy_fraction,3318.7187488193767,3438.1384669783333,accepted,,119.41971815895658,3.473383032880309,0.021074154022526388,0.02161451619652617,2.4978679119766618e-05
9183,10,9828,10,11,10,0.9999205371335308,0.9990179906569177,1.0718041076444664e-08,0.2596265908949757,0.9584393641508698,transverse_energy_fraction,3843.135639669547,3950.9898628698556,quarantined,near_repeated_eigenvalue_use_subspace_target,,,,,
9311,1,9828,1,1,1,0.9968461417907647,0.9982103247340229,4.2105537354720327e-08,1.0,0.9991097595798135,transverse_energy_fraction,893.6834967629353,978.2735045675034,accepted,,84.59000780456813,8.646866894546584,0.02004022677526336,0.020554078213305797,2.0491789496743172e-05
9311,2,9828,2,2,2,0.9931247835273881,0.993640939954028,1.838769803687011e-08,0.4367049844765541,0.9989063414142353,transverse_energy_fraction,1422.5367860126555,1689.411964789551,accepted,,266.8751787768954,15.79692723498261,0.03614260397936675,0.037069336351894855,3.89500006293451e-05
9311,3,9828,3,3,3,0.9956561395299007,0.9975827516486802,1.7241927770405264e-08,0.4094931178564409,0.9974436545837853,transverse_energy_fraction,1934.024217605934,2053.3411365655666,accepted,,119.31691895963263,5.81086682747724,0.025670626221532742,0.02632884202357042,7.387532217388666e-05
9311,4,9828,4,5,4,0.9922505340735474,0.9930991558473342,1.7555693388031077e-08,0.41694500274707835,0.9974505952575949,transverse_energy_fraction,2340.736607215155,2632.785845714973,quarantined,near_repeated_eigenvalue_use_subspace_target,,,,,
9311,5,9828,5,4,5,0.9888849257420523,0.986175069032603,1.3140826416115034e-08,0.31209259498125974,0.9989963630106893,transverse_energy_fraction,2095.278472433075,2641.271280376941,quarantined,near_repeated_eigenvalue_use_subspace_target,,,,,
9311,6,9828,6,8,7,0.9934571049600394,0.9961271351035214,1.2478994057820716e-08,0.29637417883284023,0.9953339217029307,transverse_energy_fraction,3486.888975618395,3658.5923064518092,accepted,,171.70333083341438,4.693152897375887,0.034656141383366895,0.03554473482795984,0.0001870590343230847
9311,7,9828,7,7,6,0.988069067829828,0.9859394684990209,1.2250620849580569e-08,0.2909503504580541,0.9974843915925596,transverse_energy_fraction,2913.429422366262,3474.7184375594206,accepted,,561.2890151931588,16.153510716897053,0.05568622185059396,0.05711406788939218,0.00011297530836442055
9311,8,9828,8,11,9,0.9881769647235125,0.9939397105979635,1.2585951594762068e-08,0.2989144037928088,0.9952843330759005,transverse_energy_fraction,3787.912741902957,4122.3988695094895,accepted,,334.4861276065326,8.113871029814542,0.03685025317922519,0.03779510521340525,0.00019546498586602346
9311,9,9828,9,6,8,0.9837098804396188,0.9762738435164888,9.358605581768151e-09,0.22226543513567074,0.9989229376429032,transverse_energy_fraction,2829.0984239007944,3739.2662043159953,accepted,,910.1677804152009,24.340812626944096,0.06892369272828593,0.07069096418439577,8.598955491888614e-05
9311,10,9828,10,12,11,0.9880631550113094,0.9802963138213483,9.711150541832967e-09,0.23063832341149967,0.9951260482426431,transverse_energy_fraction,4244.871367697482,4834.587430715491,accepted,,589.7160630180088,12.197857034736346,0.06708527978990676,0.06880539767780697,0.0002152725897815927
9436,1,9828,1,1,1,0.9999264826776342,0.9999079965805963,4.270394435831562e-08,1.0,0.9955155840571254,transverse_energy_fraction,1108.562398307633,1178.4544626220675,accepted,,69.89206431443449,5.930824357771472,0.004115089559273243,0.004220603847714697,1.1603524705483195e-05
9436,2,9828,2,2,2,0.9998313053450908,0.9997691661353622,1.7939308681401324e-08,0.4200855202245048,0.991729640327118,transverse_energy_fraction,2089.249828721009,2206.375079077301,accepted,,117.12525035629187,5.308492262579093,0.0067371668372407535,0.006909910991503921,3.143299601031402e-05
9436,3,9828,3,3,3,0.9997514261557238,0.9999403207345584,1.7666791470432727e-08,0.41370397362351663,0.9910384909196517,transverse_energy_fraction,2123.643871963284,2266.8831506212905,accepted,,143.2392786580067,6.31877644944993,0.0034783432543780543,0.0035675238936897407,3.24160063410629e-05
9436,4,9828,4,4,4,0.9995813749453234,0.9998407182152778,1.8097352110540526e-08,0.42378642962559215,0.9886542293604292,transverse_energy_fraction,2945.099983054703,3122.6199800652203,accepted,,177.51999701051727,5.68496961345932,0.005854521632598968,0.006004625479808915,5.2876156600156955e-05
9436,5,9828,5,5,5,0.98999187715191,0.9985362115246827,1.3864495524042453e-08,0.32466545496850946,0.9887133914921172,transverse_energy_fraction,3421.327159181741,3612.0637902044828,accepted,,190.73663102274168,5.280544367461015,0.01687273721239598,0.017305365874462648,6.122578690268812e-05
9436,6,9828,6,6,6,0.9898039992796883,0.998789088694248,1.2790230908280043e-08,0.2995093568163438,0.9871900307129924,transverse_energy_fraction,3542.565418335192,3777.275284763683,accepted,,234.70986642849084,6.2137347355972485,0.019596330840015157,0.020098795214562815,6.610885838554771e-05
9436,7,9828,7,7,7,0.9993635759165376,0.9997669251225023,1.304674657434781e-08,0.30551619459028384,0.9867256350035415,transverse_energy_fraction,4145.568605895862,4383.79508885763,accepted,,238.22648296176794,5.434252243387754,0.007300029696991292,0.0074871850584948395,8.470580524669494e-05
9436,8,9828,8,8,8,0.998470682862874,0.9998877146201669,1.2852367003266342e-08,0.30096440027708204,0.9857700631226529,transverse_energy_fraction,4224.336317545233,4485.902725164775,accepted,,261.5664076195417,5.830853311914692,0.004994631535618246,0.005122659555631515,8.822000780609531e-05
9436,9,9828,9,9,9,0.9989523357754899,0.9996677330884611,9.974583002790659e-09,0.23357521542031365,0.9868060052963203,transverse_energy_fraction,4964.956520303294,5244.488935155673,accepted,,279.5324148523787,5.3300220156548255,0.00871665019486213,0.008940119692287245,0.00010874894731629385
9436,10,9828,10,11,11,0.998931615915135,0.99981051220519,1.2773598689440472e-08,0.2991198794720494,0.9848723022773173,transverse_energy_fraction,5270.937798528943,5580.973375313741,accepted,,310.03557678479774,5.555224078942479,0.00692458167238615,0.007102083908651646,0.00011826054826712609
9627,1,9828,1,1,1,0.9990419513621259,0.9998863587879233,4.156419283992459e-08,1.0,0.9950522425823232,transverse_energy_fraction,895.4048209440713,908.1358358502756,accepted,,12.731014906204337,1.4018844322209194,0.004723177419713134,0.004844282007410766,2.1705287670345864e-05
9627,2,9828,2,3,3,0.9959050152241744,0.999538146902701,1.7091295668561076e-08,0.41120239563858413,0.988802982957959,transverse_energy_fraction,1811.4152317923838,1839.9800459640358,accepted,,28.56481417165196,1.5524523885086898,0.009758733578253843,0.010008946294441793,6.576426898187368e-05
9627,3,9828,3,2,2,0.9981215249329836,0.9997509345373814,1.7108461960049815e-08,0.4116154023714431,0.9900019633098314,transverse_energy_fraction,1751.2809373771145,1785.5933749960545,accepted,,34.312437618940066,1.9216266200033298,0.007360177479354577,0.007548886791566004,6.191344594020833e-05
9627,4,9828,4,4,4,0.9944899742673259,0.9992975294484963,1.7508640788322886e-08,0.42124337300987874,0.98499340775278,transverse_energy_fraction,2567.971776609477,2621.055545091657,accepted,,53.0837684821804,2.02528208841618,0.012451129394861656,0.012770361929780481,0.00011563723238060055
9627,5,9828,5,6,6,0.9820087168674999,0.9988025504304645,1.2127398560374774e-08,0.29177514903467033,0.9810590829889304,transverse_energy_fraction,3193.403116564779,3248.4619734148673,accepted,,55.05885685008843,1.6949207748369957,0.01719833814477233,0.01763928573383429,0.0001551512988766036
9627,6,9828,6,5,5,0.9890785040971668,0.9992681782992229,1.2740485303978009e-08,0.3065255074974078,0.9848025214314525,transverse_energy_fraction,3007.216090583424,3093.391022304246,accepted,,86.17493172082186,2.7857755808908613,0.01239910237980747,0.012716991472690736,0.0001338916402975486
9627,7,9828,7,8,8,0.9882071027098903,0.9984569587937611,1.232999009176942e-08,0.29664933321947773,0.9783561241362306,transverse_energy_fraction,3864.810139235837,3949.844971593254,accepted,,85.03483235741669,2.1528650610081055,0.018363313037402223,0.0188341057608827,0.00021111761601929735
9627,8,9828,8,7,7,0.9917712916214816,0.9987069950450994,1.2212044397526862e-08,0.29381165765828493,0.9809021827758828,transverse_energy_fraction,3739.9888632508446,3849.856241286658,accepted,,109.86737803581354,2.8538046916550535,0.016750412241268563,0.017179850020517525,0.00019917969155002163
9627,9,9828,9,11,10,0.981027202632325,0.9977508680672583,9.535231037680128e-09,0.22940974878071102,0.9724540519753694,transverse_energy_fraction,4963.405324546619,5057.57466740566,accepted,,94.16934285904063,1.8619466651857828,0.0221390385733211,0.02270660428781809,0.00029855034361375634
9627,10,9828,10,10,11,0.9868596816218607,0.9976779926869415,1.2170218751445887e-08,0.2928053673101948,0.9756153631314993,transverse_energy_fraction,4935.838574265256,5085.201412117191,accepted,,149.36283785193427,2.937205938314015,0.022834308813678643,0.023419701168739062,0.00030439166261068317
9779,1,9828,1,1,1,0.9995388073239716,0.9999405385566226,4.124661286452941e-08,1.0,0.9891298570792513,transverse_energy_fraction,819.2222681641579,824.6955834109439,accepted,,5.473315246786001,0.6636770411875312,0.0033775026265529897,0.003464105016463465,5.676174837319702e-06
9779,2,9828,2,2,2,0.9986258667140276,0.999570109817886,1.7584242699331698e-08,0.4263196776202079,0.9806398511652673,transverse_energy_fraction,1296.6540543036788,1340.7008245733866,accepted,,44.04677026970785,3.2853541567503406,0.009301047987456044,0.009539536082538512,1.0754324275844542e-05
9779,3,9828,3,3,3,0.9988878067474009,0.9998714494606863,1.6798370213091425e-08,0.4072666589197052,0.9752054278012099,transverse_energy_fraction,1850.0839195178996,1840.2252566685522,accepted,,-9.85866284934741,-0.5357313086331082,0.005523800241829106,0.005665433921179375,2.2028150846585978e-05
9779,4,9828,4,5,5,0.9975598064010723,0.9993608025492804,1.692301790817899e-08,0.4102886693693137,0.9692597092109679,transverse_energy_fraction,2204.828492053525,2236.3818290457457,accepted,,31.553336992220466,1.4109100951550897,0.012080779835877341,0.012390541861158047,2.728405772542316e-05
9779,5,9828,5,4,4,0.9969531367823973,0.9985509557405255,1.2539985098568847e-08,0.3040246029354032,0.9749154212620926,transverse_energy_fraction,1968.4867202660344,2067.7925107842475,accepted,,99.30579051821314,4.802502668923471,0.01679028011623388,0.017220799610099823,1.8373860599121926e-05
9779,6,9828,6,8,8,0.99685105569043,0.9995626285627094,1.1931024674567395e-08,0.28926071369190276,0.9570204986374035,transverse_energy_fraction,3360.4444428311363,3334.830758369946,accepted,,-25.613684461190132,-0.7680654976839069,0.011324480081747145,0.011614844377832596,5.590506981956231e-05
9779,7,9828,7,7,6,0.9959367541883651,0.9982324902428775,1.2348866587176855e-08,0.2993910464293283,0.9649184646133123,transverse_energy_fraction,2757.0282716348183,2847.972879076852,accepted,,90.94460744203388,3.193310164930814,0.019431471050306355,0.01992971233984929,3.4576934340513856e-05
9779,8,9828,8,11,10,0.9914420694210133,0.9991653207811755,1.2011556051426978e-08,0.29121314981372637,0.9538844337060322,transverse_energy_fraction,3631.0501797714937,3644.9334358918195,accepted,,13.883256120325768,0.38089189732840484,0.013605700144798597,0.013954557556235396,5.9978313645979625e-05
9779,9,9828,9,6,7,0.9925003134140705,0.9966629644016857,9.589113810574663e-09,0.2324824547913594,0.9718007540936083,transverse_energy_fraction,2742.0744935638286,2912.377354979454,accepted,,170.30286141562556,5.847554786279644,0.025211640876545406,0.025858092442815665,2.7579213053361924e-05
9779,10,9828,10,12,12,0.9924651839641718,0.9979096090619277,1.2047017049430425e-08,0.2920728809659525,0.9514507256424624,transverse_energy_fraction,4069.9462460328587,4142.287866619269,accepted,,72.3416205864105,1.7464170264306658,0.021529835515926576,0.022081877378973998,6.6503861053138e-05
9828,1,9828,1,1,1,1.0,0.9999314869284369,4.2314821534676185e-08,1.0,0.9935773638767984,transverse_energy_fraction,1034.380285264021,1088.262059929998,accepted,,53.88177466597699,4.951176435337911,0.00345825386183211,0.003546926068121423,1.1508025085910675e-05
9828,2,9828,2,2,2,1.0,0.9998239028890602,1.7779099189532167e-08,0.4201624524154624,0.9883707371538376,transverse_energy_fraction,1894.118753103686,1992.8263373082086,accepted,,98.70758420452262,4.953145307074321,0.005924130454700898,0.006076027555231303,2.9344121054230234e-05
9828,3,9828,3,3,3,1.0,0.9999592411566085,1.743038255970951e-08,0.41192144803034664,0.9863827558271497,transverse_energy_fraction,2052.9183877854366,2163.567951129945,accepted,,110.64956334450835,5.114217156282081,0.0028532737906535057,0.002926424132576484,3.44378399977238e-05
9828,4,9828,4,4,4,1.0,0.999862698558898,1.777004551195236e-08,0.4199484924541191,0.9831806785541662,transverse_energy_fraction,2766.484730599534,2914.727389542052,accepted,,148.24265894251812,5.085987096920556,0.005568951249296016,0.005711732047192305,5.3108000094401036e-05
9828,5,9828,5,5,5,1.0,0.9996711356112357,1.30426582523157e-08,0.30822907386310233,0.9844413884961688,transverse_energy_fraction,3059.820147745358,3226.707814470033,accepted,,166.887666724675,5.172072475117654,0.008151216852518295,0.008360212289667593,5.7086464193208606e-05
9828,6,9828,6,6,6,1.0,0.9999397595984045,1.240251332146919e-08,0.29310092472694393,0.9789877839178084,transverse_energy_fraction,3498.542424152469,3689.7560149861797,accepted,,191.2135908337109,5.182282786641846,0.003947783668544727,0.0040489701147279665,7.775375574593221e-05
9828,7,9828,7,7,7,0.9999999999999991,0.9996664993368828,1.2774414251329692e-08,0.30188982933228975,0.9806281646331629,transverse_energy_fraction,3807.863847969678,4017.243371720812,accepted,,209.379523751134,5.212019894663364,0.009196670741777952,0.009432464644615458,8.123178963799031e-05
9828,8,9828,8,8,8,0.9999999999999996,0.999794255211028,1.2636846333204322e-08,0.29863877182723475,0.977336038099315,transverse_energy_fraction,4086.213277133592,4309.596881315306,accepted,,223.38360418171396,5.18339905874297,0.006796941745331356,0.006971189029072539,9.450861809378783e-05
9828,9,9828,9,9,9,1.0,0.9992844140052877,9.540016493686536e-09,0.22545330802987495,0.9819669371718086,transverse_energy_fraction,4401.838872878301,4653.662202852878,accepted,,251.82332997457706,5.411293708000539,0.013436139058758604,0.013780637402892088,9.784599533288662e-05
9828,10,9828,10,10,10,0.9999999999999998,0.9995708347209549,1.2552991681163955e-08,0.29665708671078805,0.9763327942489418,transverse_energy_fraction,4985.705402564939,5262.035020059756,accepted,,276.3296174948173,5.251383094969962,0.00995923227740384,0.01021455998421139,0.00012099967470272991
