run,mode,field_rms,frequency_error_pct,candidate,fold
692,1,0.0016881527252982768,0.49253052514864387,current_pca48_rbf,0
692,2,0.0028189200034439196,2.162381022027994,current_pca48_rbf,0
692,3,0.001706496632302572,0.48663251806923585,current_pca48_rbf,0
692,4,0.0026382169291509676,1.529551012533269,current_pca48_rbf,0
692,5,0.007828258571563617,2.4736956145185838,current_pca48_rbf,0
692,6,0.009629880485769892,0.5160299866720613,current_pca48_rbf,0
692,7,0.007730011084915762,2.7836712823344647,current_pca48_rbf,0
692,8,0.007680116735903875,0.32099470641725697,current_pca48_rbf,0
692,9,0.010327369874551484,0.23351918279268646,current_pca48_rbf,0
818,1,0.001330054431864826,0.04466489794901147,current_pca48_rbf,0
818,4,0.0024656960350209227,0.7505556995952509,current_pca48_rbf,0
818,5,0.09025337271391738,0.898332978549205,current_pca48_rbf,0
818,6,0.08209427684631448,2.2524071249253144,current_pca48_rbf,0
818,9,0.003040405585437914,2.102024307119624,current_pca48_rbf,0
818,10,0.0108538904975149,2.6786157253264737,current_pca48_rbf,0
2612,1,0.002183464873387065,0.46408701348599546,current_pca48_rbf,0
2612,4,0.010062012666765843,0.023306052481295143,current_pca48_rbf,0
2612,5,0.05812211984607396,1.870446257268982,current_pca48_rbf,0
2612,6,0.050014927752483625,0.3610014236874551,current_pca48_rbf,0
2612,7,0.018568131210703664,0.9350119328570045,current_pca48_rbf,0
2612,8,0.02814686761888608,4.813687125048806,current_pca48_rbf,0
2612,9,0.02829834906116823,4.000575003849605,current_pca48_rbf,0
2612,10,0.03305969742328311,2.027016485731108,current_pca48_rbf,0
3261,1,0.005770601279209715,1.0656788872154408,current_pca48_rbf,0
3261,2,0.007324184818709593,1.3359096970176245,current_pca48_rbf,0
3261,3,0.004245207181030303,2.006468664865639,current_pca48_rbf,0
3261,4,0.006070970646998566,0.45061168072067653,current_pca48_rbf,0
3261,5,0.009945343866485934,1.990192429127267,current_pca48_rbf,0
3261,6,0.011062225769923262,1.2017427786726236,current_pca48_rbf,0
3261,7,0.012932228101653412,0.7331693958691522,current_pca48_rbf,0
3261,8,0.014941541178982018,0.1924623838115034,current_pca48_rbf,0
3261,9,0.02395032422950466,0.33638398729601565,current_pca48_rbf,0
3283,1,0.006214893545503576,1.1041959781640407,current_pca48_rbf,0
3283,4,0.004525949302556205,0.940434598640194,current_pca48_rbf,0
3283,10,0.014093734175708117,1.0137112422331138,current_pca48_rbf,0
4367,1,0.000934138732937314,3.206770178665386,current_pca48_rbf,0
4367,2,0.003412541858320977,2.6014965570349946,current_pca48_rbf,0
4367,3,0.0018124551766655313,4.2996799937772305,current_pca48_rbf,0
4367,4,0.0038683826758159436,0.6742206580875814,current_pca48_rbf,0
4367,5,0.009838590476812835,1.4155968273339725,current_pca48_rbf,0
4367,6,0.004761757767831875,1.3008402869491649,current_pca48_rbf,0
4367,7,0.007747009378865695,1.250574131053814,current_pca48_rbf,0
4367,10,0.00495756515546053,2.4645194485844604,current_pca48_rbf,0
4723,1,0.0010639181540693958,1.0568291143594184,current_pca48_rbf,0
4723,2,0.0022667881690537914,1.5518441731653176,current_pca48_rbf,0
4723,3,0.0012418341676672447,0.42944559865527965,current_pca48_rbf,0
4723,4,0.0019853319443890183,1.731782340727197,current_pca48_rbf,0
4723,5,0.028324083780973945,2.7889691265222156,current_pca48_rbf,0
4723,6,0.015898746354940707,0.4671403209251671,current_pca48_rbf,0
4723,7,0.006786505540662444,3.637736281432015,current_pca48_rbf,0
4723,8,0.05785826293762419,3.9963505671682453,current_pca48_rbf,0
4723,9,0.0650383190540596,3.6727337320844757,current_pca48_rbf,0
6667,1,0.0010910250459500073,0.5849041126427269,current_pca48_rbf,0
6667,2,0.002348755929065036,2.941529564790094,current_pca48_rbf,0
6667,3,0.0017698207433442796,0.7098874643790565,current_pca48_rbf,0
6667,4,0.003120402126387495,1.592538851398703,current_pca48_rbf,0
6667,5,0.02090173250061528,2.0198829518500636,current_pca48_rbf,0
6667,6,0.015395171566211159,1.2052025623800062,current_pca48_rbf,0
6667,7,0.0054854503334078805,0.5956713871880476,current_pca48_rbf,0
6667,8,0.010986899076416352,1.363323026489217,current_pca48_rbf,0
6667,9,0.007826383655725714,0.1125877411488844,current_pca48_rbf,0
6667,10,0.013155799961548203,0.011844782992561288,current_pca48_rbf,0
8705,1,0.0015235612811354893,2.123462225980397,current_pca48_rbf,0
8705,2,0.0016917229691064807,2.0095764569929315,current_pca48_rbf,0
8705,3,0.0018044851967096026,4.050193775628577,current_pca48_rbf,0
8705,4,0.002687735323366518,3.548838854271648,current_pca48_rbf,0
8705,5,0.17473161710294385,0.6556660655751816,current_pca48_rbf,0
8705,6,0.1565860965832607,6.033380384388193,current_pca48_rbf,0
8705,9,0.009788876843396839,5.713927800780924,current_pca48_rbf,0
8705,10,0.007018870684479748,0.8579975654147965,current_pca48_rbf,0
970,1,0.00928275431534228,0.3494742733685641,current_pca48_rbf,1
970,2,0.003500856473204192,0.5235513625196213,current_pca48_rbf,1
970,3,0.0030194700853032968,0.20786577457839867,current_pca48_rbf,1
970,4,0.005099374211281228,1.1033436545472803,current_pca48_rbf,1
970,5,0.019580663109908737,2.5894307322339487,current_pca48_rbf,1
970,6,0.018227482904999426,1.0837884511039855,current_pca48_rbf,1
970,7,0.007668074243094884,0.10248081178510315,current_pca48_rbf,1
970,8,0.007403214319299711,1.7570527905688333,current_pca48_rbf,1
970,9,0.012231393904267834,0.6934655177453157,current_pca48_rbf,1
970,10,0.015743288173485036,2.7039291707436783,current_pca48_rbf,1
2892,1,0.016079590055451357,0.5637855848751858,current_pca48_rbf,1
2892,2,0.005540739254222588,2.122866233384036,current_pca48_rbf,1
2892,3,0.0042923178779173616,0.23763808895911873,current_pca48_rbf,1
2892,4,0.012032077208529113,2.2391486051863305,current_pca48_rbf,1
2892,5,0.019461637046109537,5.967633928848397,current_pca48_rbf,1
2892,6,0.01769900170208469,1.9250882683034276,current_pca48_rbf,1
2892,7,0.017467477906836865,1.908842762206681,current_pca48_rbf,1
2892,8,0.011737414493835849,0.9833333359662845,current_pca48_rbf,1
2892,9,0.015840885933578863,1.2670276441720818,current_pca48_rbf,1
2892,10,0.02091572881962213,1.3593733006822613,current_pca48_rbf,1
3144,1,0.013930563619740243,2.2466763577794766,current_pca48_rbf,1
3144,2,0.02640506519863024,8.892313261484592,current_pca48_rbf,1
3144,3,0.024541848031303527,6.164320420024365,current_pca48_rbf,1
3144,4,0.03227650989362732,6.255525219045189,current_pca48_rbf,1
3144,5,0.036028153608643955,8.416874058864092,current_pca48_rbf,1
3144,6,0.03453166646489889,5.886804330822078,current_pca48_rbf,1
3144,7,0.0548522880463362,7.887953018515493,current_pca48_rbf,1
3144,10,0.0644117271030258,9.815608983725253,current_pca48_rbf,1
3565,1,0.0009718550791252716,2.553242428441547,current_pca48_rbf,1
3565,2,0.002179640187255808,0.08637629176844863,current_pca48_rbf,1
3565,3,0.0020965591339590904,0.6149107269678004,current_pca48_rbf,1
3565,4,0.003396585023223353,0.6992458916662881,current_pca48_rbf,1
3565,5,0.02823079794454662,3.027376531072421,current_pca48_rbf,1
3565,6,0.022036497285517345,0.7879004711744986,current_pca48_rbf,1
3565,7,0.007339439006759414,1.3635924554587104,current_pca48_rbf,1
3565,8,0.024207167309722204,1.3871583628352269,current_pca48_rbf,1
3565,9,0.022963079562688355,2.6561776555116965,current_pca48_rbf,1
3565,10,0.016003847604156407,0.32719465157984745,current_pca48_rbf,1
3964,1,0.0022760012862444246,0.35288222802989255,current_pca48_rbf,1
3964,2,0.0017660047549232904,0.8276313645941434,current_pca48_rbf,1
3964,3,0.002963095313596253,1.3368049407274738,current_pca48_rbf,1
3964,4,0.005789235385494718,0.589197133333204,current_pca48_rbf,1
3964,5,0.07693691891596295,2.3111301197895684,current_pca48_rbf,1
3964,6,0.10063138438841698,0.45331703323194195,current_pca48_rbf,1
3964,7,0.012408007958390638,2.0244142228208633,current_pca48_rbf,1
3964,8,0.014017591123566334,0.7753235615201581,current_pca48_rbf,1
3964,9,0.012608726621581091,2.067803900866344,current_pca48_rbf,1
3964,10,0.01343639256862921,0.5173330232435275,current_pca48_rbf,1
4365,1,0.004257375390278706,0.7685827590970491,current_pca48_rbf,1
4365,2,0.0027282029375775628,1.235364922392538,current_pca48_rbf,1
4365,3,0.006600023509049991,0.3639660092541562,current_pca48_rbf,1
4365,4,0.00907689814723754,1.9660015752344095,current_pca48_rbf,1
4365,5,0.009344605001786487,4.227794451297827,current_pca48_rbf,1
4365,6,0.008767800290131918,1.511261310960107,current_pca48_rbf,1
4365,7,0.009636764275333895,0.5217893137554799,current_pca48_rbf,1
6065,1,0.01530339466726327,0.06997857947549845,current_pca48_rbf,1
6065,2,0.0027200455641677615,1.657324916533353,current_pca48_rbf,1
6065,3,0.005040267446890648,0.6982954861418718,current_pca48_rbf,1
6065,4,0.013767140373837401,1.854300191763935,current_pca48_rbf,1
6065,5,0.012353992852056054,2.5450564135134677,current_pca48_rbf,1
6065,6,0.011326333163465594,1.5210968638449442,current_pca48_rbf,1
6065,7,0.005609339324359111,0.15862237383716732,current_pca48_rbf,1
6065,8,0.0048194363085019695,0.26912734422684004,current_pca48_rbf,1
6065,9,0.006465188384006813,0.4323916648113839,current_pca48_rbf,1
9183,1,0.001811185242323424,2.242965776058479,current_pca48_rbf,1
9183,2,0.0020233773503791274,2.987588565794857,current_pca48_rbf,1
9183,3,0.0041012222868154315,2.8770422210133786,current_pca48_rbf,1
9183,4,0.0060363211970743975,2.530518854150844,current_pca48_rbf,1
9183,5,0.016871834064946477,3.7492698096502313,current_pca48_rbf,1
9183,6,0.0074208122690346,2.296350178184686,current_pca48_rbf,1
9183,7,0.016977584777748595,4.54299622787117,current_pca48_rbf,1
9183,8,0.009941919023530114,3.567456772986563,current_pca48_rbf,1
9183,9,0.010348095203609646,8.60805891756404,current_pca48_rbf,1
9828,1,0.016277339817604233,0.6211915225711157,current_pca48_rbf,1
9828,2,0.0017385828311906044,2.2359195614414875,current_pca48_rbf,1
9828,3,0.002478699642763147,1.5688893673526785,current_pca48_rbf,1
9828,4,0.020130148563032,1.9895782462997769,current_pca48_rbf,1
9828,5,0.03958064318583867,4.838418739305757,current_pca48_rbf,1
9828,6,0.03580895005007429,1.0967479795599495,current_pca48_rbf,1
9828,7,0.020621740918121967,1.0413910433012972,current_pca48_rbf,1
9828,8,0.007184939267649206,0.7223274561719818,current_pca48_rbf,1
9828,9,0.004263115374235925,4.794236568267523,current_pca48_rbf,1
9828,10,0.012723696269586707,1.9688369760102944,current_pca48_rbf,1
871,1,0.006845330994062967,2.235180463588111,current_pca48_rbf,2
871,2,0.011604555362343257,1.7575745551657775,current_pca48_rbf,2
871,3,0.010455886823613566,2.837746264215572,current_pca48_rbf,2
871,4,0.014936646287741114,2.462587699367419,current_pca48_rbf,2
871,5,0.01946532128725281,0.32576538229766017,current_pca48_rbf,2
871,6,0.01665177975845827,5.277554022001066,current_pca48_rbf,2
871,7,0.018607709821734028,1.5101025563781891,current_pca48_rbf,2
871,8,0.008758350057359456,2.5367333169649893,current_pca48_rbf,2
871,9,0.012230009346052511,1.1597822384315588,current_pca48_rbf,2
1356,1,0.0022137093263072845,1.7544099371723103,current_pca48_rbf,2
1356,2,0.00409492344283833,0.2375388381117788,current_pca48_rbf,2
1356,3,0.004877093191087127,2.3863704642264874,current_pca48_rbf,2
1356,4,0.006388637187006519,1.085011072525427,current_pca48_rbf,2
1356,5,0.011964250673950124,0.6837545573903879,current_pca48_rbf,2
1356,6,0.01121717381210272,2.492959179614218,current_pca48_rbf,2
1356,7,0.004634443666370554,0.6154476848720286,current_pca48_rbf,2
1356,8,0.015424269898125365,2.7632472086066966,current_pca48_rbf,2
1356,9,0.019310857264391468,0.24095205866740116,current_pca48_rbf,2
3927,1,0.012595779853359164,2.502674458586195,current_pca48_rbf,2
3927,2,0.01883907353982217,4.579257317435263,current_pca48_rbf,2
3927,3,0.01688027725681211,0.6734021145493465,current_pca48_rbf,2
3927,4,0.02340504563887558,1.3413862041401616,current_pca48_rbf,2
3927,5,0.03731607417869166,7.610573449845291,current_pca48_rbf,2
3927,6,0.047297326675472755,1.2234299987350525,current_pca48_rbf,2
3927,7,0.032939127564736326,4.065788838058042,current_pca48_rbf,2
3927,8,0.04724546435993506,0.8228718460210717,current_pca48_rbf,2
3927,9,0.07594556788676438,11.396024679152704,current_pca48_rbf,2
3927,10,0.09876216503193808,2.583386290044083,current_pca48_rbf,2
4919,1,0.003761489213346209,1.753210571731906,current_pca48_rbf,2
4919,2,0.011889756113801392,1.760995716675559,current_pca48_rbf,2
4919,3,0.007479190925424541,0.6060018119038337,current_pca48_rbf,2
4919,4,0.010982672277593558,0.7815908904570031,current_pca48_rbf,2
4919,5,0.012347643625921771,3.483948805446062,current_pca48_rbf,2
4919,6,0.017551792897608387,1.8084191557656693,current_pca48_rbf,2
4919,7,0.013914886897875175,2.7263996600696343,current_pca48_rbf,2
4919,8,0.01605556620278671,0.7539958324610128,current_pca48_rbf,2
4919,9,0.010745915889860022,3.04967402649668,current_pca48_rbf,2
5674,1,0.0018463927640755108,0.149677865892853,current_pca48_rbf,2
5674,2,0.00535767097903367,0.7865111803251373,current_pca48_rbf,2
5674,3,0.0042537557089248265,1.0811347072033766,current_pca48_rbf,2
5674,4,0.006179144092590566,1.6953387928598258,current_pca48_rbf,2
5674,5,0.029036905076930835,3.6199981314475695,current_pca48_rbf,2
5674,6,0.01375310864685899,0.9753243830972244,current_pca48_rbf,2
5674,7,0.010791743624800409,2.9002411004689317,current_pca48_rbf,2
5674,8,0.01985794232020054,0.2836525755449623,current_pca48_rbf,2
5674,9,0.01794114762937754,3.1556619011929627,current_pca48_rbf,2
5674,10,0.015108953708572391,0.46589227162949876,current_pca48_rbf,2
6742,1,0.01178930365597632,2.1138067384928663,current_pca48_rbf,2
6742,2,0.024090050724201815,3.7859193013023145,current_pca48_rbf,2
6742,3,0.016177896580719085,1.5610871947867986,current_pca48_rbf,2
6742,4,0.023152848334952313,3.8475077135396836,current_pca48_rbf,2
6742,5,0.027692863019681328,7.307979845804714,current_pca48_rbf,2
6742,6,0.019860770111101798,0.8619693283971596,current_pca48_rbf,2
6742,7,0.029614973204616837,6.464143654585711,current_pca48_rbf,2
6742,8,0.01915527641155352,0.4105744138384213,current_pca48_rbf,2
6742,9,0.013050699845165705,2.0796412637559105,current_pca48_rbf,2
6742,10,0.020307524698981966,4.031365339801594,current_pca48_rbf,2
9064,1,0.0007691073917193267,3.432136669953241,current_pca48_rbf,2
9064,2,0.0015377526248648884,1.6172390200339124,current_pca48_rbf,2
9064,3,0.0012466623640324398,2.128288953259652,current_pca48_rbf,2
9064,4,0.0018621442139656798,1.1055736173312152,current_pca48_rbf,2
9064,5,0.02539586966668885,0.8789468471991678,current_pca48_rbf,2
9064,6,0.005049394366184025,3.6033253524402507,current_pca48_rbf,2
9064,7,0.0024906677095977137,0.19933056186877887,current_pca48_rbf,2
9064,8,0.011711436042983164,2.660773649418252,current_pca48_rbf,2
9064,9,0.008799090742667999,2.511733166298752,current_pca48_rbf,2
9064,10,0.0059869420888964365,3.3342644817200124,current_pca48_rbf,2
9436,1,0.001051727760030582,1.5987960115680409,current_pca48_rbf,2
9436,2,0.0016307741796781183,0.5367498513810143,current_pca48_rbf,2
9436,3,0.001388149668370784,1.4520891290863829,current_pca48_rbf,2
9436,4,0.003097536035000893,0.6115058630762913,current_pca48_rbf,2
9436,5,0.11953326870785816,0.04880475852249486,current_pca48_rbf,2
9436,6,0.05481967595427017,4.450703429017182,current_pca48_rbf,2
9436,7,0.009435359873301387,0.6114100187773883,current_pca48_rbf,2
9436,8,0.012155874032982027,0.19301349289278993,current_pca48_rbf,2
9436,9,0.005441392125730945,0.5577624434059703,current_pca48_rbf,2
9436,10,0.0065637018409712665,0.950823415719759,current_pca48_rbf,2
1039,1,0.006931149089687887,0.5705755643773855,current_pca48_rbf,3
1039,2,0.004312084168645841,2.5498540573829067,current_pca48_rbf,3
1039,3,0.005108913355745266,1.0230464351612805,current_pca48_rbf,3
1039,4,0.007372845744634657,0.07015408352549814,current_pca48_rbf,3
1039,5,0.024694371935590657,5.964472739782387,current_pca48_rbf,3
1039,6,0.018208244636939198,1.0798344980445103,current_pca48_rbf,3
1039,7,0.009596492004954221,0.7996045175480522,current_pca48_rbf,3
1039,8,0.03204401830138036,0.6967980929230653,current_pca48_rbf,3
1039,9,0.0482728716285255,9.95802569145921,current_pca48_rbf,3
1062,1,0.000854174300171805,1.0146729709610767,current_pca48_rbf,3
1062,2,0.003677065168056447,2.7203974004639635,current_pca48_rbf,3
1062,3,0.0017888212142439259,1.8227143353228499,current_pca48_rbf,3
1062,4,0.0033702644283095406,1.6111845717188786,current_pca48_rbf,3
1062,5,0.030261514037254564,1.287286294581135,current_pca48_rbf,3
1062,6,0.03391541049133058,0.7040612350922296,current_pca48_rbf,3
1062,7,0.005784603827848407,2.069886455470325,current_pca48_rbf,3
1062,8,0.013100191702161498,2.541818023586547,current_pca48_rbf,3
1062,9,0.012822953598807385,1.8455995102916827,current_pca48_rbf,3
1062,10,0.017933111813589513,1.8322405977077205,current_pca48_rbf,3
1063,1,0.004633802540899524,0.4881908677340926,current_pca48_rbf,3
1063,2,0.0034221275180295148,0.6005259601847542,current_pca48_rbf,3
1063,3,0.005521397790537939,1.3555226476027282,current_pca48_rbf,3
1063,4,0.010826450718148431,0.32989444462657375,current_pca48_rbf,3
1063,5,0.019974830833078085,2.039460355602817,current_pca48_rbf,3
1063,6,0.017221528096442066,2.1458587724696043,current_pca48_rbf,3
1063,7,0.01701139230423161,0.12435856321821787,current_pca48_rbf,3
1063,8,0.012931495542224782,1.519486886840307,current_pca48_rbf,3
1063,9,0.02542320711746149,3.7439213598920893,current_pca48_rbf,3
1063,10,0.017568752052840697,2.063258055364169,current_pca48_rbf,3
3455,1,0.0026163464362928945,0.28862392189003355,current_pca48_rbf,3
3455,2,0.004511358702790795,0.02151612556124495,current_pca48_rbf,3
3455,3,0.001879377221385524,0.4491113027749901,current_pca48_rbf,3
3455,4,0.0051511080077046995,0.48329554680055886,current_pca48_rbf,3
3455,5,0.009754793285210563,0.6622154327581151,current_pca48_rbf,3
3455,6,0.005963498142791885,1.762176088614664,current_pca48_rbf,3
3455,7,0.00646208266703246,1.0140484153544291,current_pca48_rbf,3
3455,8,0.00536697200505422,0.4711966538237281,current_pca48_rbf,3
3455,9,0.008371348507799073,0.06289511662309341,current_pca48_rbf,3
4391,1,0.000975362005320218,0.925744038371074,current_pca48_rbf,3
4391,4,0.002988606727753516,1.0186267126347286,current_pca48_rbf,3
4391,5,0.0578708115421681,0.8843644464118161,current_pca48_rbf,3
4391,6,0.04924641159277861,2.004441714953576,current_pca48_rbf,3
4391,9,0.009511791003386403,1.4710415858922152,current_pca48_rbf,3
4391,10,0.014483955534386717,1.5021097945919337,current_pca48_rbf,3
4588,1,0.0008836017819006233,2.0988513545269094,current_pca48_rbf,3
4588,2,0.0019444997069411767,0.2630662500401411,current_pca48_rbf,3
4588,3,0.002221432478848356,3.293990012844469,current_pca48_rbf,3
4588,4,0.003165169067131426,1.3691071190857342,current_pca48_rbf,3
4588,5,0.04282728542872702,0.5323190271499864,current_pca48_rbf,3
4588,6,0.03415609438020241,3.3441545026457167,current_pca48_rbf,3
4588,7,0.008639448408311578,0.43506559435576986,current_pca48_rbf,3
4588,8,0.011026818368550998,1.5426787108213487,current_pca48_rbf,3
7267,1,0.0063326537860193865,2.2081561695610823,current_pca48_rbf,3
7267,2,0.005142610445187481,2.8579442885314865,current_pca48_rbf,3
7267,3,0.0082399449629375,0.28785324513199406,current_pca48_rbf,3
7267,4,0.015358478385364636,1.3234449053689594,current_pca48_rbf,3
7267,5,0.021666839115871018,1.0651172613018425,current_pca48_rbf,3
7267,8,0.030511488316384987,1.664389168264643,current_pca48_rbf,3
7267,9,0.05078053370526973,1.1987233180977754,current_pca48_rbf,3
7267,10,0.029293284884738088,0.3922298630905891,current_pca48_rbf,3
9627,1,0.003929373572614283,0.8289011644313806,current_pca48_rbf,3
9627,2,0.00858665496640595,0.43623799601881585,current_pca48_rbf,3
9627,3,0.004187888550010768,1.607816594693076,current_pca48_rbf,3
9627,4,0.008157859473221774,0.9339708788805079,current_pca48_rbf,3
9627,5,0.0158191405886145,0.9080794105695541,current_pca48_rbf,3
9627,6,0.007590242335281859,1.9505387494752424,current_pca48_rbf,3
9627,7,0.012336183296495969,0.8682584592128925,current_pca48_rbf,3
9627,8,0.011918689083474042,1.7596229462895583,current_pca48_rbf,3
9627,9,0.020221802990915045,0.6449109295116299,current_pca48_rbf,3
9627,10,0.016599255237931407,2.215358098972025,current_pca48_rbf,3
692,1,0.002300507933175289,0.49253052514864387,output_pca_rbf,0
692,2,0.0038768174391233586,2.162381022027994,output_pca_rbf,0
692,3,0.002477345706692177,0.48663251806923585,output_pca_rbf,0
692,4,0.002242021907923865,1.529551012533269,output_pca_rbf,0
692,5,0.008572821766485675,2.4736956145185838,output_pca_rbf,0
692,6,0.005132340378367663,0.5160299866720613,output_pca_rbf,0
692,7,0.007770077280702454,2.7836712823344647,output_pca_rbf,0
692,8,0.007344347614178237,0.32099470641725697,output_pca_rbf,0
692,9,0.01034814863379763,0.23351918279268646,output_pca_rbf,0
818,1,0.0009425237400930858,0.04466489794901147,output_pca_rbf,0
818,4,0.002697478476309475,0.7505556995952509,output_pca_rbf,0
818,5,0.07682609420102213,0.898332978549205,output_pca_rbf,0
818,6,0.080418991586808,2.2524071249253144,output_pca_rbf,0
818,9,0.0031593719269199984,2.102024307119624,output_pca_rbf,0
818,10,0.004345358119411827,2.6786157253264737,output_pca_rbf,0
2612,1,0.0036905938012684685,0.46408701348599546,output_pca_rbf,0
2612,4,0.011375401125886196,0.023306052481295143,output_pca_rbf,0
2612,5,0.062257277970385265,1.870446257268982,output_pca_rbf,0
2612,6,0.0523369535659632,0.3610014236874551,output_pca_rbf,0
2612,7,0.015097157403344452,0.9350119328570045,output_pca_rbf,0
2612,8,0.02845211631846755,4.813687125048806,output_pca_rbf,0
2612,9,0.02815041971854534,4.000575003849605,output_pca_rbf,0
2612,10,0.031096483166175182,2.027016485731108,output_pca_rbf,0
3261,1,0.006415007744918582,1.0656788872154408,output_pca_rbf,0
3261,2,0.007555641328697195,1.3359096970176245,output_pca_rbf,0
3261,3,0.005493993997019196,2.006468664865639,output_pca_rbf,0
3261,4,0.006765194120209337,0.45061168072067653,output_pca_rbf,0
3261,5,0.01558352608744301,1.990192429127267,output_pca_rbf,0
3261,6,0.015043249176030801,1.2017427786726236,output_pca_rbf,0
3261,7,0.01236360388248102,0.7331693958691522,output_pca_rbf,0
3261,8,0.016119041441582434,0.1924623838115034,output_pca_rbf,0
3261,9,0.025382929645276643,0.33638398729601565,output_pca_rbf,0
3283,1,0.006358166199129962,1.1041959781640407,output_pca_rbf,0
3283,4,0.003238849770250719,0.940434598640194,output_pca_rbf,0
3283,10,0.015543280888212207,1.0137112422331138,output_pca_rbf,0
4367,1,0.0006832229211027989,3.206770178665386,output_pca_rbf,0
4367,2,0.0035843729982624143,2.6014965570349946,output_pca_rbf,0
4367,3,0.0019464950337534871,4.2996799937772305,output_pca_rbf,0
4367,4,0.0031394988950549296,0.6742206580875814,output_pca_rbf,0
4367,5,0.0074583134933795476,1.4155968273339725,output_pca_rbf,0
4367,6,0.005864344788832821,1.3008402869491649,output_pca_rbf,0
4367,7,0.009341448151303127,1.250574131053814,output_pca_rbf,0
4367,10,0.0043241622758727425,2.4645194485844604,output_pca_rbf,0
4723,1,0.0014911151726747962,1.0568291143594184,output_pca_rbf,0
4723,2,0.0028915236690040765,1.5518441731653176,output_pca_rbf,0
4723,3,0.002400348335426027,0.42944559865527965,output_pca_rbf,0
4723,4,0.0023247925785068,1.731782340727197,output_pca_rbf,0
4723,5,0.017034568857881495,2.7889691265222156,output_pca_rbf,0
4723,6,0.02146198193592755,0.4671403209251671,output_pca_rbf,0
4723,7,0.007412971432903632,3.637736281432015,output_pca_rbf,0
4723,8,0.05774026575655098,3.9963505671682453,output_pca_rbf,0
4723,9,0.06531590159837114,3.6727337320844757,output_pca_rbf,0
6667,1,0.0013629794583214473,0.5849041126427269,output_pca_rbf,0
6667,2,0.003482393412271268,2.941529564790094,output_pca_rbf,0
6667,3,0.002684578276893946,0.7098874643790565,output_pca_rbf,0
6667,4,0.0030542157761640886,1.592538851398703,output_pca_rbf,0
6667,5,0.014911719347501178,2.0198829518500636,output_pca_rbf,0
6667,6,0.014828589552469584,1.2052025623800062,output_pca_rbf,0
6667,7,0.007862940993348251,0.5956713871880476,output_pca_rbf,0
6667,8,0.01002467073490181,1.363323026489217,output_pca_rbf,0
6667,9,0.0075933402599658055,0.1125877411488844,output_pca_rbf,0
6667,10,0.007038793055696834,0.011844782992561288,output_pca_rbf,0
8705,1,0.001206887058866161,2.123462225980397,output_pca_rbf,0
8705,2,0.0017260525700133144,2.0095764569929315,output_pca_rbf,0
8705,3,0.0016894643672386443,4.050193775628577,output_pca_rbf,0
8705,4,0.0021950462685706544,3.548838854271648,output_pca_rbf,0
8705,5,0.17309864848225445,0.6556660655751816,output_pca_rbf,0
8705,6,0.1573216569082561,6.033380384388193,output_pca_rbf,0
8705,9,0.010352798852394924,5.713927800780924,output_pca_rbf,0
8705,10,0.0072385879983273005,0.8579975654147965,output_pca_rbf,0
970,1,0.010562526466762352,0.3494742733685641,output_pca_rbf,1
970,2,0.00435633755484368,0.5235513625196213,output_pca_rbf,1
970,3,0.0025973555559062013,0.20786577457839867,output_pca_rbf,1
970,4,0.002859721731926673,1.1033436545472803,output_pca_rbf,1
970,5,0.020468424966728144,2.5894307322339487,output_pca_rbf,1
970,6,0.022156322998391934,1.0837884511039855,output_pca_rbf,1
970,7,0.009700173656079574,0.10248081178510315,output_pca_rbf,1
970,8,0.008676289934003023,1.7570527905688333,output_pca_rbf,1
970,9,0.017749854275248077,0.6934655177453157,output_pca_rbf,1
970,10,0.020609597487055296,2.7039291707436783,output_pca_rbf,1
2892,1,0.017487355492200166,0.5637855848751858,output_pca_rbf,1
2892,2,0.0061097057012517355,2.122866233384036,output_pca_rbf,1
2892,3,0.005826770843056226,0.23763808895911873,output_pca_rbf,1
2892,4,0.008144951321283574,2.2391486051863305,output_pca_rbf,1
2892,5,0.018557180901379436,5.967633928848397,output_pca_rbf,1
2892,6,0.024313618199389153,1.9250882683034276,output_pca_rbf,1
2892,7,0.013912518481819909,1.908842762206681,output_pca_rbf,1
2892,8,0.00958215921241965,0.9833333359662845,output_pca_rbf,1
2892,9,0.013586774114249333,1.2670276441720818,output_pca_rbf,1
2892,10,0.018765193664912163,1.3593733006822613,output_pca_rbf,1
3144,1,0.014062673854091219,2.2466763577794766,output_pca_rbf,1
3144,2,0.026649675087863648,8.892313261484592,output_pca_rbf,1
3144,3,0.021361405090085776,6.164320420024365,output_pca_rbf,1
3144,4,0.031378356588308655,6.255525219045189,output_pca_rbf,1
3144,5,0.03377971482394662,8.416874058864092,output_pca_rbf,1
3144,6,0.035229528672771675,5.886804330822078,output_pca_rbf,1
3144,7,0.05374566027527217,7.887953018515493,output_pca_rbf,1
3144,10,0.057172015204550945,9.815608983725253,output_pca_rbf,1
3565,1,0.0009435006211538578,2.553242428441547,output_pca_rbf,1
3565,2,0.0023948656559305195,0.08637629176844863,output_pca_rbf,1
3565,3,0.0022299307800464803,0.6149107269678004,output_pca_rbf,1
3565,4,0.0057561162506749785,0.6992458916662881,output_pca_rbf,1
3565,5,0.02824323427733359,3.027376531072421,output_pca_rbf,1
3565,6,0.01349809235147026,0.7879004711744986,output_pca_rbf,1
3565,7,0.006858600388078817,1.3635924554587104,output_pca_rbf,1
3565,8,0.01637151063319769,1.3871583628352269,output_pca_rbf,1
3565,9,0.023958464503346547,2.6561776555116965,output_pca_rbf,1
3565,10,0.00656483842894186,0.32719465157984745,output_pca_rbf,1
3964,1,0.002332574496141814,0.35288222802989255,output_pca_rbf,1
3964,2,0.002451591355408397,0.8276313645941434,output_pca_rbf,1
3964,3,0.002980904841754163,1.3368049407274738,output_pca_rbf,1
3964,4,0.006328425541621914,0.589197133333204,output_pca_rbf,1
3964,5,0.08468536622987176,2.3111301197895684,output_pca_rbf,1
3964,6,0.0887821032508081,0.45331703323194195,output_pca_rbf,1
3964,7,0.012309896875859245,2.0244142228208633,output_pca_rbf,1
3964,8,0.013695787458868134,0.7753235615201581,output_pca_rbf,1
3964,9,0.025872643426639634,2.067803900866344,output_pca_rbf,1
3964,10,0.009548149178707992,0.5173330232435275,output_pca_rbf,1
4365,1,0.0042866776901805915,0.7685827590970491,output_pca_rbf,1
4365,2,0.0035642843900243813,1.235364922392538,output_pca_rbf,1
4365,3,0.008617793855900693,0.3639660092541562,output_pca_rbf,1
4365,4,0.010069639386432941,1.9660015752344095,output_pca_rbf,1
4365,5,0.006328794559247056,4.227794451297827,output_pca_rbf,1
4365,6,0.015381241791561891,1.511261310960107,output_pca_rbf,1
4365,7,0.0099305810578257,0.5217893137554799,output_pca_rbf,1
6065,1,0.016448149137042133,0.06997857947549845,output_pca_rbf,1
6065,2,0.002976044820928735,1.657324916533353,output_pca_rbf,1
6065,3,0.011191776882710096,0.6982954861418718,output_pca_rbf,1
6065,4,0.0033925082684309097,1.854300191763935,output_pca_rbf,1
6065,5,0.012283290373371461,2.5450564135134677,output_pca_rbf,1
6065,6,0.021814059145297084,1.5210968638449442,output_pca_rbf,1
6065,7,0.005616467216544683,0.15862237383716732,output_pca_rbf,1
6065,8,0.006799530273318473,0.26912734422684004,output_pca_rbf,1
6065,9,0.008144638895287812,0.4323916648113839,output_pca_rbf,1
9183,1,0.0022636145347608608,2.242965776058479,output_pca_rbf,1
9183,2,0.0029772213944107505,2.987588565794857,output_pca_rbf,1
9183,3,0.0037265555851609695,2.8770422210133786,output_pca_rbf,1
9183,4,0.0058476481688611364,2.530518854150844,output_pca_rbf,1
9183,5,0.020180309874477772,3.7492698096502313,output_pca_rbf,1
9183,6,0.007213175135256893,2.296350178184686,output_pca_rbf,1
9183,7,0.01660205642228915,4.54299622787117,output_pca_rbf,1
9183,8,0.009025881511927403,3.567456772986563,output_pca_rbf,1
9183,9,0.018100853031312317,8.60805891756404,output_pca_rbf,1
9828,1,0.0171522258183131,0.6211915225711157,output_pca_rbf,1
9828,2,0.0016082944977744667,2.2359195614414875,output_pca_rbf,1
9828,3,0.010572685254598061,1.5688893673526785,output_pca_rbf,1
9828,4,0.011866771348288405,1.9895782462997769,output_pca_rbf,1
9828,5,0.03796421511946576,4.838418739305757,output_pca_rbf,1
9828,6,0.020534966542956758,1.0967479795599495,output_pca_rbf,1
9828,7,0.016321559244950316,1.0413910433012972,output_pca_rbf,1
9828,8,0.018672601054658247,0.7223274561719818,output_pca_rbf,1
9828,9,0.014167516258018426,4.794236568267523,output_pca_rbf,1
9828,10,0.007428507914382467,1.9688369760102944,output_pca_rbf,1
871,1,0.006105674900949001,2.235180463588111,output_pca_rbf,2
871,2,0.009486505510693532,1.7575745551657775,output_pca_rbf,2
871,3,0.01003603451228959,2.837746264215572,output_pca_rbf,2
871,4,0.014197097970980023,2.462587699367419,output_pca_rbf,2
871,5,0.022112544044612582,0.32576538229766017,output_pca_rbf,2
871,6,0.02214561824995539,5.277554022001066,output_pca_rbf,2
871,7,0.018721074930828644,1.5101025563781891,output_pca_rbf,2
871,8,0.0074512806906129134,2.5367333169649893,output_pca_rbf,2
871,9,0.01397500623585412,1.1597822384315588,output_pca_rbf,2
1356,1,0.002852153459959258,1.7544099371723103,output_pca_rbf,2
1356,2,0.00328882843667555,0.2375388381117788,output_pca_rbf,2
1356,3,0.005239406314347302,2.3863704642264874,output_pca_rbf,2
1356,4,0.007404176404627265,1.085011072525427,output_pca_rbf,2
1356,5,0.008851638471386777,0.6837545573903879,output_pca_rbf,2
1356,6,0.00420682723841269,2.492959179614218,output_pca_rbf,2
1356,7,0.0068233081052485245,0.6154476848720286,output_pca_rbf,2
1356,8,0.015755749171954492,2.7632472086066966,output_pca_rbf,2
1356,9,0.029091830999068178,0.24095205866740116,output_pca_rbf,2
3927,1,0.013864000217675976,2.502674458586195,output_pca_rbf,2
3927,2,0.019688715879274923,4.579257317435263,output_pca_rbf,2
3927,3,0.017343497810890417,0.6734021145493465,output_pca_rbf,2
3927,4,0.022352272250975837,1.3413862041401616,output_pca_rbf,2
3927,5,0.04658707650151713,7.610573449845291,output_pca_rbf,2
3927,6,0.04356971885077622,1.2234299987350525,output_pca_rbf,2
3927,7,0.03627102491858694,4.065788838058042,output_pca_rbf,2
3927,8,0.03884172975364179,0.8228718460210717,output_pca_rbf,2
3927,9,0.08294157230314134,11.396024679152704,output_pca_rbf,2
3927,10,0.09208107040754736,2.583386290044083,output_pca_rbf,2
4919,1,0.004585509445027615,1.753210571731906,output_pca_rbf,2
4919,2,0.011955091367651133,1.760995716675559,output_pca_rbf,2
4919,3,0.007694860518025718,0.6060018119038337,output_pca_rbf,2
4919,4,0.01470666969092833,0.7815908904570031,output_pca_rbf,2
4919,5,0.010456556894463809,3.483948805446062,output_pca_rbf,2
4919,6,0.014882115589866993,1.8084191557656693,output_pca_rbf,2
4919,7,0.013980002769074783,2.7263996600696343,output_pca_rbf,2
4919,8,0.016994935257359633,0.7539958324610128,output_pca_rbf,2
4919,9,0.015787883388519334,3.04967402649668,output_pca_rbf,2
5674,1,0.0024544935994075573,0.149677865892853,output_pca_rbf,2
5674,2,0.004504170431841622,0.7865111803251373,output_pca_rbf,2
5674,3,0.0044983014899481226,1.0811347072033766,output_pca_rbf,2
5674,4,0.007010617278864796,1.6953387928598258,output_pca_rbf,2
5674,5,0.028939920544836396,3.6199981314475695,output_pca_rbf,2
5674,6,0.015019227826396005,0.9753243830972244,output_pca_rbf,2
5674,7,0.010248246774224172,2.9002411004689317,output_pca_rbf,2
5674,8,0.015439495569447348,0.2836525755449623,output_pca_rbf,2
5674,9,0.03176456153567451,3.1556619011929627,output_pca_rbf,2
5674,10,0.014819195739035448,0.46589227162949876,output_pca_rbf,2
6742,1,0.012323837680826588,2.1138067384928663,output_pca_rbf,2
6742,2,0.02475851710766574,3.7859193013023145,output_pca_rbf,2
6742,3,0.015613661129199352,1.5610871947867986,output_pca_rbf,2
6742,4,0.02577553495172945,3.8475077135396836,output_pca_rbf,2
6742,5,0.02005624423357174,7.307979845804714,output_pca_rbf,2
6742,6,0.01749648908217732,0.8619693283971596,output_pca_rbf,2
6742,7,0.02395742413552738,6.464143654585711,output_pca_rbf,2
6742,8,0.02042032813013422,0.4105744138384213,output_pca_rbf,2
6742,9,0.014519191483230887,2.0796412637559105,output_pca_rbf,2
6742,10,0.018290789505213206,4.031365339801594,output_pca_rbf,2
9064,1,0.000702223205620727,3.432136669953241,output_pca_rbf,2
9064,2,0.001946676090233344,1.6172390200339124,output_pca_rbf,2
9064,3,0.000858570910230722,2.128288953259652,output_pca_rbf,2
9064,4,0.002099904863130839,1.1055736173312152,output_pca_rbf,2
9064,5,0.019601735851727423,0.8789468471991678,output_pca_rbf,2
9064,6,0.003850268142214685,3.6033253524402507,output_pca_rbf,2
9064,7,0.003591022906584235,0.19933056186877887,output_pca_rbf,2
9064,8,0.01852841043609994,2.660773649418252,output_pca_rbf,2
9064,9,0.011808028408045115,2.511733166298752,output_pca_rbf,2
9064,10,0.0061984794211209565,3.3342644817200124,output_pca_rbf,2
9436,1,0.0010280179917020844,1.5987960115680409,output_pca_rbf,2
9436,2,0.0017283984779101283,0.5367498513810143,output_pca_rbf,2
9436,3,0.0015598111880789738,1.4520891290863829,output_pca_rbf,2
9436,4,0.0023719022493304447,0.6115058630762913,output_pca_rbf,2
9436,5,0.12274360455292561,0.04880475852249486,output_pca_rbf,2
9436,6,0.10922867474981365,4.450703429017182,output_pca_rbf,2
9436,7,0.007644073133357817,0.6114100187773883,output_pca_rbf,2
9436,8,0.015662770729978227,0.19301349289278993,output_pca_rbf,2
9436,9,0.010109401557841404,0.5577624434059703,output_pca_rbf,2
9436,10,0.006791195049875114,0.950823415719759,output_pca_rbf,2
1039,1,0.007164206145713138,0.5705755643773855,output_pca_rbf,3
1039,2,0.01228873927758499,2.5498540573829067,output_pca_rbf,3
1039,3,0.01001906848065577,1.0230464351612805,output_pca_rbf,3
1039,4,0.006008516773530613,0.07015408352549814,output_pca_rbf,3
1039,5,0.01639102552431797,5.964472739782387,output_pca_rbf,3
1039,6,0.01824531105558925,1.0798344980445103,output_pca_rbf,3
1039,7,0.008764355055260995,0.7996045175480522,output_pca_rbf,3
1039,8,0.02435175110138783,0.6967980929230653,output_pca_rbf,3
1039,9,0.053113950307344907,9.95802569145921,output_pca_rbf,3
1062,1,0.0007776585730096759,1.0146729709610767,output_pca_rbf,3
1062,2,0.0014630252354700126,2.7203974004639635,output_pca_rbf,3
1062,3,0.0029055882373645206,1.8227143353228499,output_pca_rbf,3
1062,4,0.002864765810002675,1.6111845717188786,output_pca_rbf,3
1062,5,0.030748967576680122,1.287286294581135,output_pca_rbf,3
1062,6,0.036017996291915884,0.7040612350922296,output_pca_rbf,3
1062,7,0.00677445004251156,2.069886455470325,output_pca_rbf,3
1062,8,0.014771948114979337,2.541818023586547,output_pca_rbf,3
1062,9,0.012620821765756015,1.8455995102916827,output_pca_rbf,3
1062,10,0.009650682191681406,1.8322405977077205,output_pca_rbf,3
1063,1,0.0017425305092372036,0.4881908677340926,output_pca_rbf,3
1063,2,0.00453398652673132,0.6005259601847542,output_pca_rbf,3
1063,3,0.0022232702193227503,1.3555226476027282,output_pca_rbf,3
1063,4,0.009920681891292497,0.32989444462657375,output_pca_rbf,3
1063,5,0.021550516616779477,2.039460355602817,output_pca_rbf,3
1063,6,0.016492428059928736,2.1458587724696043,output_pca_rbf,3
1063,7,0.013717831116164692,0.12435856321821787,output_pca_rbf,3
1063,8,0.011515033373695959,1.519486886840307,output_pca_rbf,3
1063,9,0.028217649421248672,3.7439213598920893,output_pca_rbf,3
1063,10,0.019102710215120115,2.063258055364169,output_pca_rbf,3
3455,1,0.0033351285625611376,0.28862392189003355,output_pca_rbf,3
3455,2,0.0056900163941688954,0.02151612556124495,output_pca_rbf,3
3455,3,0.0024157747262697612,0.4491113027749901,output_pca_rbf,3
3455,4,0.004249471957632371,0.48329554680055886,output_pca_rbf,3
3455,5,0.009306124713652468,0.6622154327581151,output_pca_rbf,3
3455,6,0.007975598359851444,1.762176088614664,output_pca_rbf,3
3455,7,0.0064557881654328285,1.0140484153544291,output_pca_rbf,3
3455,8,0.007890175188046794,0.4711966538237281,output_pca_rbf,3
3455,9,0.010595778472630608,0.06289511662309341,output_pca_rbf,3
4391,1,0.00040512187621544144,0.925744038371074,output_pca_rbf,3
4391,4,0.0018169794834518372,1.0186267126347286,output_pca_rbf,3
4391,5,0.05907337013819905,0.8843644464118161,output_pca_rbf,3
4391,6,0.056463412532067415,2.004441714953576,output_pca_rbf,3
4391,9,0.011964183230507457,1.4710415858922152,output_pca_rbf,3
4391,10,0.01613618609072142,1.5021097945919337,output_pca_rbf,3
4588,1,0.0011721836458817932,2.0988513545269094,output_pca_rbf,3
4588,2,0.0027012867357393672,0.2630662500401411,output_pca_rbf,3
4588,3,0.002214445089148659,3.293990012844469,output_pca_rbf,3
4588,4,0.0029473148867077107,1.3691071190857342,output_pca_rbf,3
4588,5,0.027160170061142117,0.5323190271499864,output_pca_rbf,3
4588,6,0.024010408529461878,3.3441545026457167,output_pca_rbf,3
4588,7,0.00797849624653167,0.43506559435576986,output_pca_rbf,3
4588,8,0.012685317624923599,1.5426787108213487,output_pca_rbf,3
7267,1,0.0031315744844533457,2.2081561695610823,output_pca_rbf,3
7267,2,0.004832100805024369,2.8579442885314865,output_pca_rbf,3
7267,3,0.003893312225285117,0.28785324513199406,output_pca_rbf,3
7267,4,0.011130960320706432,1.3234449053689594,output_pca_rbf,3
7267,5,0.016208839136764623,1.0651172613018425,output_pca_rbf,3
7267,8,0.032115799404898185,1.664389168264643,output_pca_rbf,3
7267,9,0.04615462789841116,1.1987233180977754,output_pca_rbf,3
7267,10,0.028789466438236058,0.3922298630905891,output_pca_rbf,3
9627,1,0.0036681270023153994,0.8289011644313806,output_pca_rbf,3
9627,2,0.006401859862298115,0.43623799601881585,output_pca_rbf,3
9627,3,0.005487241507776701,1.607816594693076,output_pca_rbf,3
9627,4,0.007376382584195054,0.9339708788805079,output_pca_rbf,3
9627,5,0.013764767357460322,0.9080794105695541,output_pca_rbf,3
9627,6,0.007943935436218762,1.9505387494752424,output_pca_rbf,3
9627,7,0.011764598268379268,0.8682584592128925,output_pca_rbf,3
9627,8,0.010414446526127467,1.7596229462895583,output_pca_rbf,3
9627,9,0.02141346721381234,0.6449109295116299,output_pca_rbf,3
9627,10,0.01749012724782306,2.215358098972025,output_pca_rbf,3
692,1,0.0022425944630810766,0.1552258793597662,output_pca_matern32,0
692,2,0.004078931541424972,2.782160890898659,output_pca_matern32,0
692,3,0.0029019228868492745,0.27220450528480283,output_pca_matern32,0
692,4,0.00282907012773406,1.1922868509566904,output_pca_matern32,0
692,5,0.010661230841673598,2.445213951222591,output_pca_matern32,0
692,6,0.010498162338360019,0.17402194285352626,output_pca_matern32,0
692,7,0.00830259600926307,2.6498293417309973,output_pca_matern32,0
692,8,0.0075424415680540105,0.1018148033131338,output_pca_matern32,0
692,9,0.011085388004626572,1.5603513282938366,output_pca_matern32,0
818,1,0.0009412538347625025,0.8043721747003989,output_pca_matern32,0
818,4,0.002602508674224097,2.9153797339408984,output_pca_matern32,0
818,5,0.08423717054218291,1.3270062024742728,output_pca_matern32,0
818,6,0.08881699529325106,2.3069603568440487,output_pca_matern32,0
818,9,0.0037266642308799443,1.990817011232224,output_pca_matern32,0
818,10,0.0025293796759777634,2.7595109812470073,output_pca_matern32,0
2612,1,0.0021534130557027964,0.35017315723107145,output_pca_matern32,0
2612,4,0.011346063803133273,0.247058435699245,output_pca_matern32,0
2612,5,0.061324026738101105,1.325283419721863,output_pca_matern32,0
2612,6,0.051495391798206884,3.4393997820551814,output_pca_matern32,0
2612,7,0.015546859123894948,2.1040533000888058,output_pca_matern32,0
2612,8,0.027020224632150095,4.750948921224503,output_pca_matern32,0
2612,9,0.027115470239438246,4.429113352371857,output_pca_matern32,0
2612,10,0.028868443797536766,1.8373080483037991,output_pca_matern32,0
3261,1,0.007430952306052505,1.150164462766033,output_pca_matern32,0
3261,2,0.0073517518857514575,0.2399859965232423,output_pca_matern32,0
3261,3,0.005518474695294114,2.39267420528459,output_pca_matern32,0
3261,4,0.006935309892994838,0.8805075147592738,output_pca_matern32,0
3261,5,0.01586870916394206,2.1009717383879685,output_pca_matern32,0
3261,6,0.011666666710010496,2.3341471267919243,output_pca_matern32,0
3261,7,0.011682593108848076,0.2453204569628207,output_pca_matern32,0
3261,8,0.015883969062650112,0.03173075840413382,output_pca_matern32,0
3261,9,0.025909028076384167,0.41346372160264067,output_pca_matern32,0
3283,1,0.00775728872835844,1.0928197483826378,output_pca_matern32,0
3283,4,0.0037775991204240206,0.5622553704670561,output_pca_matern32,0
3283,10,0.015612829113625305,1.206324427515124,output_pca_matern32,0
4367,1,0.0005735205372912126,3.295666100255646,output_pca_matern32,0
4367,2,0.0030512479558464996,1.4648255890254984,output_pca_matern32,0
4367,3,0.0015610378257066414,4.844100606803434,output_pca_matern32,0
4367,4,0.0022586906516925205,2.1799913309752315,output_pca_matern32,0
4367,5,0.00436289965985689,2.2354994969426984,output_pca_matern32,0
4367,6,0.006207337455873379,5.032068267058845,output_pca_matern32,0
4367,7,0.008402151309275813,1.0610322016972353,output_pca_matern32,0
4367,10,0.004334688931786339,1.7904865781217192,output_pca_matern32,0
4723,1,0.0014746499770353207,1.5996481455452831,output_pca_matern32,0
4723,2,0.0030901974567737285,3.791539929243739,output_pca_matern32,0
4723,3,0.002795603565799744,0.8480210722208791,output_pca_matern32,0
4723,4,0.003018847684514283,2.4681495276526095,output_pca_matern32,0
4723,5,0.01820613188344165,2.3122114373100526,output_pca_matern32,0
4723,6,0.01581537834617146,1.0106881669549195,output_pca_matern32,0
4723,7,0.0076513852633452685,3.519774439124777,output_pca_matern32,0
4723,8,0.05765097259318124,3.953613270586622,output_pca_matern32,0
4723,9,0.06564194070719287,1.625451341367629,output_pca_matern32,0
6667,1,0.0014890084493881374,0.9218061508326644,output_pca_matern32,0
6667,2,0.004303581629474909,0.4448028709953138,output_pca_matern32,0
6667,3,0.003982798521771325,1.1170576569446684,output_pca_matern32,0
6667,4,0.004330018342855289,0.38895323590832076,output_pca_matern32,0
6667,5,0.018051858972233707,2.2731892630323776,output_pca_matern32,0
6667,6,0.015201410699960572,1.007275320964991,output_pca_matern32,0
6667,7,0.008356318171327242,0.473783573200195,output_pca_matern32,0
6667,8,0.00912385300494082,0.8342250631949117,output_pca_matern32,0
6667,9,0.008419348450664665,1.0787027774680136,output_pca_matern32,0
6667,10,0.006562437180506617,0.017691698228514293,output_pca_matern32,0
8705,1,0.0009082444573461599,2.1732230736899907,output_pca_matern32,0
8705,2,0.0018025565298505828,0.26855882454943847,output_pca_matern32,0
8705,3,0.0017708826546564277,3.4484002414606665,output_pca_matern32,0
8705,4,0.0021202389845687308,1.1109712844719604,output_pca_matern32,0
8705,5,0.17174069405367823,1.0298279576000375,output_pca_matern32,0
8705,6,0.1557693966258703,3.750969374874532,output_pca_matern32,0
8705,9,0.009575963936660449,0.18977926011704943,output_pca_matern32,0
8705,10,0.007086003430941938,0.6798294076005278,output_pca_matern32,0
970,1,0.011271886797722513,0.20512448545468925,output_pca_matern32,1
970,2,0.003150089620983035,0.9202895097157662,output_pca_matern32,1
970,3,0.005829902411162675,0.45121788049981465,output_pca_matern32,1
970,4,0.0029099719288502852,0.2611100030779054,output_pca_matern32,1
970,5,0.01969969169646564,1.2840711066429515,output_pca_matern32,1
970,6,0.02114620164167641,1.3877212648895239,output_pca_matern32,1
970,7,0.005594281129168111,0.429301404474926,output_pca_matern32,1
970,8,0.007402510037036052,1.2508884078477092,output_pca_matern32,1
970,9,0.01622794576750945,1.4091680666037114,output_pca_matern32,1
970,10,0.0172167197246133,2.5178730773824425,output_pca_matern32,1
2892,1,0.01627767757668567,0.5092537483647694,output_pca_matern32,1
2892,2,0.0038984178578829747,0.25712985140228334,output_pca_matern32,1
2892,3,0.011930764944493398,0.042982761451625315,output_pca_matern32,1
2892,4,0.006567943404374952,0.5341008868049401,output_pca_matern32,1
2892,5,0.01440282863594916,1.0811987899365285,output_pca_matern32,1
2892,6,0.019165505495525523,1.034511991075035,output_pca_matern32,1
2892,7,0.01497174939266106,1.473405455898698,output_pca_matern32,1
2892,8,0.010935300854247468,0.6359351835096401,output_pca_matern32,1
2892,9,0.011701433518449898,1.2584519595543153,output_pca_matern32,1
2892,10,0.018548028736004057,1.4381106412583762,output_pca_matern32,1
3144,1,0.014308662015010406,2.61981181364639,output_pca_matern32,1
3144,2,0.029382563883607056,6.796490939398158,output_pca_matern32,1
3144,3,0.024259312252194225,5.56369441124053,output_pca_matern32,1
3144,4,0.03326728418063275,5.804875796273906,output_pca_matern32,1
3144,5,0.03781135080148769,10.509719334780561,output_pca_matern32,1
3144,6,0.04341610680702861,6.449042835461608,output_pca_matern32,1
3144,7,0.05172811631630522,8.471788020481682,output_pca_matern32,1
3144,10,0.05730010767318965,9.741554876159123,output_pca_matern32,1
3565,1,0.0010008928664511218,2.696731901031037,output_pca_matern32,1
3565,2,0.004184861324872473,1.9453084076911167,output_pca_matern32,1
3565,3,0.0029294912075195716,0.7698850111540374,output_pca_matern32,1
3565,4,0.006258946713161769,1.9631268520371359,output_pca_matern32,1
3565,5,0.030933428738356968,0.2325406453073127,output_pca_matern32,1
3565,6,0.010147555877944591,0.8171100233408298,output_pca_matern32,1
3565,7,0.00773382783571043,1.6343742053764052,output_pca_matern32,1
3565,8,0.015589557978372004,1.5442749329869128,output_pca_matern32,1
3565,9,0.02387670957451827,1.8533896801168221,output_pca_matern32,1
3565,10,0.007527931165645152,0.4147737933264784,output_pca_matern32,1
3964,1,0.0025080957143027898,0.14637755902591376,output_pca_matern32,1
3964,2,0.005943815528573351,0.9624757359214161,output_pca_matern32,1
3964,3,0.0039234721902120856,1.0778369050292556,output_pca_matern32,1
3964,4,0.007241818286476903,0.03289002880790652,output_pca_matern32,1
3964,5,0.06706246363880371,1.3974910952206259,output_pca_matern32,1
3964,6,0.020767161629781525,0.0888863535242208,output_pca_matern32,1
3964,7,0.012823078997507719,1.9282424258895563,output_pca_matern32,1
3964,8,0.013894614344583042,0.7071167709826521,output_pca_matern32,1
3964,9,0.02536760654823276,2.012055445732958,output_pca_matern32,1
3964,10,0.009736294154239503,0.44087110164680626,output_pca_matern32,1
4365,1,0.004144173184438928,0.9939190121086261,output_pca_matern32,1
4365,2,0.00509568146317414,1.094418606255605,output_pca_matern32,1
4365,3,0.008266005415416063,0.3348405562376577,output_pca_matern32,1
4365,4,0.010230663137623183,2.0422124427916777,output_pca_matern32,1
4365,5,0.008319032480250241,1.2423824777727066,output_pca_matern32,1
4365,6,0.015076598459976198,0.7155008622864908,output_pca_matern32,1
4365,7,0.00987652358598174,1.1811089422591452,output_pca_matern32,1
6065,1,0.016542898567153436,0.26547142822727665,output_pca_matern32,1
6065,2,0.009036613484447637,0.2811822237807158,output_pca_matern32,1
6065,3,0.016090635388599582,0.3831113474620984,output_pca_matern32,1
6065,4,0.00583457828828151,0.07878528801287911,output_pca_matern32,1
6065,5,0.008262423941242785,0.4013284851207703,output_pca_matern32,1
6065,6,0.011994718343492044,0.5916888590847798,output_pca_matern32,1
6065,7,0.010785444426399808,0.10190613822607289,output_pca_matern32,1
6065,8,0.006788470867955278,0.3231841190641977,output_pca_matern32,1
6065,9,0.010309561718590123,0.27024110216702246,output_pca_matern32,1
9183,1,0.002292942374281255,1.8106753407390963,output_pca_matern32,1
9183,2,0.004450356525972708,4.108972260030278,output_pca_matern32,1
9183,3,0.0038316768432848365,3.233292670086336,output_pca_matern32,1
9183,4,0.00591630115306296,1.4712911040529608,output_pca_matern32,1
9183,5,0.02549418497496024,6.448326145551849,output_pca_matern32,1
9183,6,0.024016123858472845,2.8263405936070116,output_pca_matern32,1
9183,7,0.015612524296063277,5.199985105049847,output_pca_matern32,1
9183,8,0.008670888052075422,3.45425194542986,output_pca_matern32,1
9183,9,0.015456784839317055,8.276881347091742,output_pca_matern32,1
9828,1,0.017039983957156127,0.014812279876158189,output_pca_matern32,1
9828,2,0.013033229409977977,1.474040351426792,output_pca_matern32,1
9828,3,0.014508318390100508,1.402691732111615,output_pca_matern32,1
9828,4,0.012290827963388592,0.7298640614623068,output_pca_matern32,1
9828,5,0.03561230096381826,1.3714519894368469,output_pca_matern32,1
9828,6,0.022826506670434336,1.1387819958128935,output_pca_matern32,1
9828,7,0.019002731163441505,0.7648326747251458,output_pca_matern32,1
9828,8,0.018666231161554237,0.768635510579034,output_pca_matern32,1
9828,9,0.017050526408373002,4.624508518284837,output_pca_matern32,1
9828,10,0.005952117242898982,1.091047720101637,output_pca_matern32,1
871,1,0.0057517040226739945,1.3477934614804667,output_pca_matern32,2
871,2,0.008771751536556802,1.046758526643948,output_pca_matern32,2
871,3,0.008007314543674418,2.6433270253102727,output_pca_matern32,2
871,4,0.012722128157909723,2.327879778531321,output_pca_matern32,2
871,5,0.023041843549561715,0.8905806569821494,output_pca_matern32,2
871,6,0.02243361373830092,4.067034522729156,output_pca_matern32,2
871,7,0.015095276724341368,1.7248221173364855,output_pca_matern32,2
871,8,0.009964094038981183,2.7698935149910273,output_pca_matern32,2
871,9,0.012850706628142106,1.2815715968556187,output_pca_matern32,2
1356,1,0.003322922914471749,0.751067420223501,output_pca_matern32,2
1356,2,0.0037886829599861394,0.52396635056218,output_pca_matern32,2
1356,3,0.006449706184851653,2.3308248279187254,output_pca_matern32,2
1356,4,0.008397130486394361,1.1848390498192518,output_pca_matern32,2
1356,5,0.008631112461760787,0.4414257967241283,output_pca_matern32,2
1356,6,0.00440936115405304,2.7202010997454362,output_pca_matern32,2
1356,7,0.007134363303466705,0.7106078609130155,output_pca_matern32,2
1356,8,0.014957766459970928,2.327908858877531,output_pca_matern32,2
1356,9,0.025787897754940916,0.03514532157680577,output_pca_matern32,2
3927,1,0.014514852362793337,1.345497783483178,output_pca_matern32,2
3927,2,0.020850908698579747,4.8073780441013465,output_pca_matern32,2
3927,3,0.018752648745560648,0.4286151694233422,output_pca_matern32,2
3927,4,0.023093273731322833,1.496525022016122,output_pca_matern32,2
3927,5,0.04675838653045366,7.293770676964792,output_pca_matern32,2
3927,6,0.04308690280430024,1.2554616744360625,output_pca_matern32,2
3927,7,0.03778940951432357,4.10579111827827,output_pca_matern32,2
3927,8,0.04721218537727787,0.9207898118009213,output_pca_matern32,2
3927,9,0.08093799526059635,11.540646638758968,output_pca_matern32,2
3927,10,0.09228650935535411,0.6105046013534116,output_pca_matern32,2
4919,1,0.005692679819261811,0.5895544470087762,output_pca_matern32,2
4919,2,0.012589070726244753,2.059249985475622,output_pca_matern32,2
4919,3,0.00898269111762678,0.8641498564611161,output_pca_matern32,2
4919,4,0.015500091286861101,1.2093902263980643,output_pca_matern32,2
4919,5,0.015815826958701422,2.903281001962116,output_pca_matern32,2
4919,6,0.01929830351947168,0.8585176660082308,output_pca_matern32,2
4919,7,0.015169427847138438,2.235025539121583,output_pca_matern32,2
4919,8,0.01588199370058868,1.2188401375056142,output_pca_matern32,2
4919,9,0.015067953681214639,3.4424659174074983,output_pca_matern32,2
5674,1,0.0026398055824218827,0.7468468207303885,output_pca_matern32,2
5674,2,0.005444318038453858,1.7805687150896816,output_pca_matern32,2
5674,3,0.0054951746091480985,0.7286645422432655,output_pca_matern32,2
5674,4,0.007615344027861233,1.3847100175554239,output_pca_matern32,2
5674,5,0.027271444152423958,3.0040888615824337,output_pca_matern32,2
5674,6,0.015055241916311341,0.24441480630900983,output_pca_matern32,2
5674,7,0.012236744272320087,2.7687989829648796,output_pca_matern32,2
5674,8,0.0209964352598692,1.0424830504656935,output_pca_matern32,2
5674,9,0.026084135066679556,4.431809432483709,output_pca_matern32,2
5674,10,0.014981853401943482,2.291766299303689,output_pca_matern32,2
6742,1,0.012337773833867987,2.070010420867189,output_pca_matern32,2
6742,2,0.02440749009720802,4.725863504846481,output_pca_matern32,2
6742,3,0.015694803053375433,1.5347903236739213,output_pca_matern32,2
6742,4,0.0254808848304417,3.646027728800415,output_pca_matern32,2
6742,5,0.01996701079053858,7.2337010373605475,output_pca_matern32,2
6742,6,0.016911396635243024,1.2792211874456618,output_pca_matern32,2
6742,7,0.023250569576136113,6.103290257877907,output_pca_matern32,2
6742,8,0.019710957728832825,0.3292157916695208,output_pca_matern32,2
6742,9,0.013874367651045673,2.968379112991962,output_pca_matern32,2
6742,10,0.020055609069649025,3.933580347819952,output_pca_matern32,2
9064,1,0.0006156702753958726,1.4949013351997007,output_pca_matern32,2
9064,2,0.0018743590271978112,0.2155602341793333,output_pca_matern32,2
9064,3,0.0006432079639960036,2.4160047018008113,output_pca_matern32,2
9064,4,0.0016424875463713175,1.2162656781103436,output_pca_matern32,2
9064,5,0.020886243089003952,0.31653682343767303,output_pca_matern32,2
9064,6,0.009012840249115,1.9493531859961366,output_pca_matern32,2
9064,7,0.003494124641127469,0.5686756565933541,output_pca_matern32,2
9064,8,0.009689223927282477,1.3269304879894182,output_pca_matern32,2
9064,9,0.012352102956497694,0.44643318050762654,output_pca_matern32,2
9064,10,0.006839344809441707,3.9212296398698006,output_pca_matern32,2
9436,1,0.0010199880150516352,0.9112289259624331,output_pca_matern32,2
9436,2,0.00194387088580303,0.44479596317364334,output_pca_matern32,2
9436,3,0.0014029352368063006,1.431291639387725,output_pca_matern32,2
9436,4,0.002229307971489846,0.6246169204537605,output_pca_matern32,2
9436,5,0.1225059386440221,0.3697849382259412,output_pca_matern32,2
9436,6,0.095248970466159,1.7823329798069223,output_pca_matern32,2
9436,7,0.006960683098416863,0.4538543813058066,output_pca_matern32,2
9436,8,0.011482678261142883,0.0012978095931364987,output_pca_matern32,2
9436,9,0.008813923281603386,0.8082833592467568,output_pca_matern32,2
9436,10,0.006489643760824573,0.4614570421417703,output_pca_matern32,2
1039,1,0.0071212987760361345,0.6494158655107743,output_pca_matern32,3
1039,2,0.011180248252356733,3.0345721843912137,output_pca_matern32,3
1039,3,0.010690066090196569,0.6438624618349506,output_pca_matern32,3
1039,4,0.006571852842485566,0.17244213083811188,output_pca_matern32,3
1039,5,0.017045573396109397,5.999857561985157,output_pca_matern32,3
1039,6,0.018431690682031387,1.2204159929284164,output_pca_matern32,3
1039,7,0.010343575535472044,0.8251544012520222,output_pca_matern32,3
1039,8,0.029670147421723594,0.4811317044489895,output_pca_matern32,3
1039,9,0.0469334183649032,9.358230996188606,output_pca_matern32,3
1062,1,0.0007385657877217969,1.004691872738746,output_pca_matern32,3
1062,2,0.0026031280908050077,2.658276929843836,output_pca_matern32,3
1062,3,0.002728988772692733,1.362803094239743,output_pca_matern32,3
1062,4,0.003292505831792065,1.5131928750661474,output_pca_matern32,3
1062,5,0.02895306645740892,1.144865171495177,output_pca_matern32,3
1062,6,0.031483952409356065,0.8152908761528522,output_pca_matern32,3
1062,7,0.004573286822848011,2.587905703807608,output_pca_matern32,3
1062,8,0.01466091777791576,2.2092939033349386,output_pca_matern32,3
1062,9,0.012532987473359623,1.6467586425175114,output_pca_matern32,3
1062,10,0.013082711911265308,1.7793520186366902,output_pca_matern32,3
1063,1,0.0029012847547723866,0.0149323687561804,output_pca_matern32,3
1063,2,0.005710407072106285,0.02747533438161497,output_pca_matern32,3
1063,3,0.0034503293060331877,0.6704542578581009,output_pca_matern32,3
1063,4,0.00912230125917451,0.1893206458988422,output_pca_matern32,3
1063,5,0.02105712910978016,2.2174773402391526,output_pca_matern32,3
1063,6,0.016796946932470882,1.3435199476777853,output_pca_matern32,3
1063,7,0.012718123444759089,0.49890577439589273,output_pca_matern32,3
1063,8,0.011239207275576243,1.6325862510618157,output_pca_matern32,3
1063,9,0.0235034680735078,3.272460571285103,output_pca_matern32,3
1063,10,0.01554004485259237,1.0845353957182284,output_pca_matern32,3
3455,1,0.002863327137472801,0.02395182477161888,output_pca_matern32,3
3455,2,0.005559044223933106,0.1451666327989422,output_pca_matern32,3
3455,3,0.002233489911665671,0.637502395209479,output_pca_matern32,3
3455,4,0.00451647325863489,0.41497620557630044,output_pca_matern32,3
3455,5,0.0101619813880703,0.591545032874201,output_pca_matern32,3
3455,6,0.009674981235543131,1.4942017699815495,output_pca_matern32,3
3455,7,0.012515149495877958,0.896221825332745,output_pca_matern32,3
3455,8,0.008659362421984038,0.14297255859638067,output_pca_matern32,3
3455,9,0.010299264799558444,0.595079408266489,output_pca_matern32,3
4391,1,0.0005659717612938864,0.6330694711285,output_pca_matern32,3
4391,4,0.0015042905009845797,1.120774284842921,output_pca_matern32,3
4391,5,0.06513641301248863,0.006884141434843794,output_pca_matern32,3
4391,6,0.06154433173811578,1.461187570265217,output_pca_matern32,3
4391,9,0.010894697926876376,1.217823465147993,output_pca_matern32,3
4391,10,0.010621797328858379,1.6041876360874476,output_pca_matern32,3
4588,1,0.0010646235840673266,1.9301411272488622,output_pca_matern32,3
4588,2,0.0025589203389253952,0.2246206331760748,output_pca_matern32,3
4588,3,0.002617829719224276,3.1282358385960998,output_pca_matern32,3
4588,4,0.003396141121930824,1.341124923925357,output_pca_matern32,3
4588,5,0.021255617179335457,0.8420420253824477,output_pca_matern32,3
4588,6,0.022298179208843912,3.1905553242017475,output_pca_matern32,3
4588,7,0.009459585041729337,0.5474985853520763,output_pca_matern32,3
4588,8,0.012483883656534162,1.7101294801132607,output_pca_matern32,3
7267,1,0.002536260011126408,1.4474488070895253,output_pca_matern32,3
7267,2,0.004600239938480541,3.0038201484393596,output_pca_matern32,3
7267,3,0.00422173556436852,0.5325477726776217,output_pca_matern32,3
7267,4,0.011550220473618224,1.3891921852305824,output_pca_matern32,3
7267,5,0.017204346197961674,1.9058599825424822,output_pca_matern32,3
7267,8,0.03117020200528334,1.9194455355968751,output_pca_matern32,3
7267,9,0.046445791253328074,1.6988730324944377,output_pca_matern32,3
7267,10,0.028872806795757027,1.5920646296641907,output_pca_matern32,3
9627,1,0.003798259572121078,0.8945020321609156,output_pca_matern32,3
9627,2,0.006463520079246084,0.7720451905662212,output_pca_matern32,3
9627,3,0.005200615403094886,1.179220974418839,output_pca_matern32,3
9627,4,0.007496718446006363,0.758994711940189,output_pca_matern32,3
9627,5,0.014430938220100215,0.7609102159302871,output_pca_matern32,3
9627,6,0.009289775181004692,1.9246169042659627,output_pca_matern32,3
9627,7,0.013702677869340133,0.8539956438034961,output_pca_matern32,3
9627,8,0.010917605845699264,1.7288315134195769,output_pca_matern32,3
9627,9,0.019637290573584914,0.8466603069786302,output_pca_matern32,3
9627,10,0.01616980312008225,1.5790312692518533,output_pca_matern32,3
692,1,0.010850142192429264,2.1829783435734753,direct_hf_rbf,0
692,2,0.006990457773594829,1.4695600544905596,direct_hf_rbf,0
692,3,0.007035467765659626,1.3795562471762475,direct_hf_rbf,0
692,4,0.007250111104347037,4.683679622095574,direct_hf_rbf,0
692,5,0.010737861741370794,6.210477510464297,direct_hf_rbf,0
692,6,0.007606393633750473,7.69768875697819,direct_hf_rbf,0
692,7,0.005270601999060675,2.6082741061708217,direct_hf_rbf,0
692,8,0.015314237903199676,5.088547783827404,direct_hf_rbf,0
692,9,0.012839760721689093,12.414988622772148,direct_hf_rbf,0
818,1,0.006549207645195608,5.05375688778082,direct_hf_rbf,0
818,4,0.0058286635489396,5.844718169168879,direct_hf_rbf,0
818,5,0.11272381173787309,8.916981247263129,direct_hf_rbf,0
818,6,0.11956157316873954,4.321924471613626,direct_hf_rbf,0
818,9,0.018561659844201637,8.48648284191988,direct_hf_rbf,0
818,10,0.015722948355922226,3.7428142343874655,direct_hf_rbf,0
2612,1,0.006873345083305428,3.4594679704139324,direct_hf_rbf,0
2612,4,0.003506014209158645,4.0171786325585,direct_hf_rbf,0
2612,5,0.12600894045713518,4.384779958232831,direct_hf_rbf,0
2612,6,0.11708980992606977,1.4531128443428727,direct_hf_rbf,0
2612,7,0.0037090759209729603,9.386140249059824,direct_hf_rbf,0
2612,8,0.006757948650727185,5.073129017208489,direct_hf_rbf,0
2612,9,0.0064259232036483665,4.944762339840116,direct_hf_rbf,0
2612,10,0.0069566842111988296,0.97696244050203,direct_hf_rbf,0
3261,1,0.003981631673220329,10.538289495597256,direct_hf_rbf,0
3261,2,0.0057210494783243755,16.732451338026635,direct_hf_rbf,0
3261,3,0.004886157277062601,14.610688252005954,direct_hf_rbf,0
3261,4,0.008692989946273443,12.93875406220306,direct_hf_rbf,0
3261,5,0.0202640952115061,15.282665003576618,direct_hf_rbf,0
3261,6,0.014060536395541378,16.684631056977285,direct_hf_rbf,0
3261,7,0.015094735359640595,5.612667791739097,direct_hf_rbf,0
3261,8,0.01877964351614575,17.86630093030823,direct_hf_rbf,0
3261,9,0.017584890956934,13.386605235718443,direct_hf_rbf,0
3283,1,0.009641718304386204,14.534226783055518,direct_hf_rbf,0
3283,4,0.011756059189403487,17.52947617174992,direct_hf_rbf,0
3283,10,0.03000272419454902,20.18347001463933,direct_hf_rbf,0
4367,1,0.0017875663274603498,3.584015719601749,direct_hf_rbf,0
4367,2,0.00963242364327741,12.648834014954886,direct_hf_rbf,0
4367,3,0.005716581292855073,7.0715438965849335,direct_hf_rbf,0
4367,4,0.010562161491781977,4.6447650033892005,direct_hf_rbf,0
4367,5,0.010838029521276157,10.303416165600789,direct_hf_rbf,0
4367,6,0.013479970039917754,7.23343180975189,direct_hf_rbf,0
4367,7,0.009884361446471509,15.307220291065953,direct_hf_rbf,0
4367,10,0.011558842014892677,7.061809331382931,direct_hf_rbf,0
4723,1,0.002531674401393743,11.613354844743867,direct_hf_rbf,0
4723,2,0.0031730496506789476,6.078181396655393,direct_hf_rbf,0
4723,3,0.001625209118963854,7.876612349156956,direct_hf_rbf,0
4723,4,0.004289473383229524,10.533283252717148,direct_hf_rbf,0
4723,5,0.01610404965580227,3.578634671000234,direct_hf_rbf,0
4723,6,0.019650912849838935,4.008961897949671,direct_hf_rbf,0
4723,7,0.0058641626018020344,7.757873033364467,direct_hf_rbf,0
4723,8,0.019962024921612597,6.861010191972602,direct_hf_rbf,0
4723,9,0.019193518653895587,9.274354425767008,direct_hf_rbf,0
6667,1,0.007231068931146722,3.3313580779223284,direct_hf_rbf,0
6667,2,0.004854153256125806,1.0022262289362853,direct_hf_rbf,0
6667,3,0.005178127092529511,3.6739081942633383,direct_hf_rbf,0
6667,4,0.008912350754767763,5.673222473511687,direct_hf_rbf,0
6667,5,0.03111215438088232,3.661941708262296,direct_hf_rbf,0
6667,6,0.017628788227559984,0.7190375462008546,direct_hf_rbf,0
6667,7,0.007764404568134673,7.52797841244937,direct_hf_rbf,0
6667,8,0.04369123716865332,6.342618745832237,direct_hf_rbf,0
6667,9,0.0349294208022664,10.336870062105268,direct_hf_rbf,0
6667,10,0.021791695308503962,1.7700818653418926,direct_hf_rbf,0
8705,1,0.0029679980922598056,0.0743494542588819,direct_hf_rbf,0
8705,2,0.010360520396403495,11.739960975485712,direct_hf_rbf,0
8705,3,0.008223500149270736,2.7731096618473035,direct_hf_rbf,0
8705,4,0.014284009023992407,6.014178049898439,direct_hf_rbf,0
8705,5,0.22594045841731716,10.298871207839916,direct_hf_rbf,0
8705,6,0.22776645439225754,3.824395525633837,direct_hf_rbf,0
8705,9,0.02470935074173706,5.74466832228018,direct_hf_rbf,0
8705,10,0.021069655839386723,8.669233318122942,direct_hf_rbf,0
970,1,0.0028958983961522005,0.10008043524601486,direct_hf_rbf,1
970,2,0.004731397930260653,9.31608040494349,direct_hf_rbf,1
970,3,0.004374281176395876,1.5920559368901595,direct_hf_rbf,1
970,4,0.006157278155608097,4.363923834021068,direct_hf_rbf,1
970,5,0.08935057179971602,8.368463210145661,direct_hf_rbf,1
970,6,0.09144313658256249,1.8811003692261792,direct_hf_rbf,1
970,7,0.006869898969285639,7.501728601849082,direct_hf_rbf,1
970,8,0.005906529277122509,0.6660557722651959,direct_hf_rbf,1
970,9,0.006311746540733402,8.316357287530321,direct_hf_rbf,1
970,10,0.01970630496756571,3.0747619215548734,direct_hf_rbf,1
2892,1,0.003751162741767818,12.992488484616853,direct_hf_rbf,1
2892,2,0.006658087315815034,5.70241636396138,direct_hf_rbf,1
2892,3,0.005066520696636993,5.145981078958888,direct_hf_rbf,1
2892,4,0.006161271130348268,0.4388577766942302,direct_hf_rbf,1
2892,5,0.009544793791709435,3.407257881736318,direct_hf_rbf,1
2892,6,0.013010714906862309,6.306480422819206,direct_hf_rbf,1
2892,7,0.011373697474994136,15.699819084075221,direct_hf_rbf,1
2892,8,0.008591504501240077,10.321907959523546,direct_hf_rbf,1
2892,9,0.01104739427582676,8.54748574600705,direct_hf_rbf,1
2892,10,0.018897882486209355,6.3874480706547,direct_hf_rbf,1
3144,1,0.005113273542971639,3.204922835265101,direct_hf_rbf,1
3144,2,0.004737850362362961,1.7187630515797947,direct_hf_rbf,1
3144,3,0.004269434653573099,9.71176861707695,direct_hf_rbf,1
3144,4,0.004037376837878361,16.239745101410293,direct_hf_rbf,1
3144,5,0.030304800172419405,3.719471210670998,direct_hf_rbf,1
3144,6,0.033275471995477174,18.27136258681598,direct_hf_rbf,1
3144,7,0.0068056712227922075,30.124326137785502,direct_hf_rbf,1
3144,10,0.03360398024047794,30.64952129559375,direct_hf_rbf,1
3565,1,0.0014330255139766404,6.166431354730713,direct_hf_rbf,1
3565,2,0.0034257654500738444,5.252377069951503,direct_hf_rbf,1
3565,3,0.0013494075199865423,2.5610651364919486,direct_hf_rbf,1
3565,4,0.00394179243188636,2.5087534794831177,direct_hf_rbf,1
3565,5,0.03999377326151485,0.0786452318276911,direct_hf_rbf,1
3565,6,0.0377219131160825,3.741570513711409,direct_hf_rbf,1
3565,7,0.014444530467110656,0.695565038470023,direct_hf_rbf,1
3565,8,0.025541200883037796,15.679092834248392,direct_hf_rbf,1
3565,9,0.016820133113610997,2.9553590944342103,direct_hf_rbf,1
3565,10,0.009487200626605309,6.057309380434393,direct_hf_rbf,1
3964,1,0.0037932093976709683,0.3248031883774392,direct_hf_rbf,1
3964,2,0.0035794945298972826,2.0396438876447527,direct_hf_rbf,1
3964,3,0.0026861374632891127,1.1283797685191232,direct_hf_rbf,1
3964,4,0.0025038255160357683,2.6828349205154867,direct_hf_rbf,1
3964,5,0.014412168394216567,1.125071605146309,direct_hf_rbf,1
3964,6,0.015668091071768,2.2595441671419922,direct_hf_rbf,1
3964,7,0.007578164042866497,6.23766443121545,direct_hf_rbf,1
3964,8,0.019320823954924505,25.18599426153661,direct_hf_rbf,1
3964,9,0.009549270272402802,1.8342735905176597,direct_hf_rbf,1
3964,10,0.013645226981558742,6.582377057183336,direct_hf_rbf,1
4365,1,0.0068101058143584,10.722952883178639,direct_hf_rbf,1
4365,2,0.009807333232784645,3.0316483286331124,direct_hf_rbf,1
4365,3,0.00846655315416049,5.113715600707441,direct_hf_rbf,1
4365,4,0.009511890794105885,1.3469151571688083,direct_hf_rbf,1
4365,5,0.005627813895187999,0.22455789154658362,direct_hf_rbf,1
4365,6,0.009646976739070392,7.923172924698397,direct_hf_rbf,1
4365,7,0.012727861164569188,8.063161339874883,direct_hf_rbf,1
6065,1,0.005476777222213663,13.111858437775405,direct_hf_rbf,1
6065,2,0.007622640789084126,0.2747702605900187,direct_hf_rbf,1
6065,3,0.0070213603184216475,6.094630863988952,direct_hf_rbf,1
6065,4,0.008120097515525075,1.9222460683922566,direct_hf_rbf,1
6065,5,0.026333903069536896,2.021644860253021,direct_hf_rbf,1
6065,6,0.03422474557688438,5.376900711802177,direct_hf_rbf,1
6065,7,0.006381086545423449,1.7016024275092172,direct_hf_rbf,1
6065,8,0.009761217643702755,9.295666602167623,direct_hf_rbf,1
6065,9,0.015081074016094967,2.115632229953664,direct_hf_rbf,1
9183,1,0.0019446618786533925,3.8344176362448414,direct_hf_rbf,1
9183,2,0.006037101209392625,2.299511430639966,direct_hf_rbf,1
9183,3,0.005629341216960404,9.489323682760187,direct_hf_rbf,1
9183,4,0.010226853655709267,6.540283956162534,direct_hf_rbf,1
9183,5,0.044842837461178134,2.8390595682102298,direct_hf_rbf,1
9183,6,0.04142872002999288,6.5979999469225605,direct_hf_rbf,1
9183,7,0.012191247344876142,12.686566173608274,direct_hf_rbf,1
9183,8,0.01990041984950708,7.407325445681183,direct_hf_rbf,1
9183,9,0.017009359509516646,2.8085173732779567,direct_hf_rbf,1
9828,1,0.0037151864129955857,11.966192818248752,direct_hf_rbf,1
9828,2,0.007836844274307503,6.136284928647199,direct_hf_rbf,1
9828,3,0.007050094677344357,5.994630572435637,direct_hf_rbf,1
9828,4,0.008199148628129219,0.03908996506304366,direct_hf_rbf,1
9828,5,0.02610570321329933,9.697314498814873,direct_hf_rbf,1
9828,6,0.02505052398478723,8.912413958812868,direct_hf_rbf,1
9828,7,0.010222494363744965,12.842752736433843,direct_hf_rbf,1
9828,8,0.004480504786996077,9.225487871695895,direct_hf_rbf,1
9828,9,0.011717371682014357,6.683726334447278,direct_hf_rbf,1
9828,10,0.020381653163491477,5.602440119373719,direct_hf_rbf,1
871,1,0.003509011025366861,2.544246261703644,direct_hf_rbf,2
871,2,0.0032062068110108788,1.1014410777456387,direct_hf_rbf,2
871,3,0.0051543008419736,5.106562302761943,direct_hf_rbf,2
871,4,0.0035433083110571156,2.839126525897214,direct_hf_rbf,2
871,5,0.032762543906972676,5.406226538560571,direct_hf_rbf,2
871,6,0.04853288773594349,10.189698891174395,direct_hf_rbf,2
871,7,0.004805224657446051,11.715672737138306,direct_hf_rbf,2
871,8,0.011635511152799243,2.0194128214308056,direct_hf_rbf,2
871,9,0.011574587167483306,14.476420932400295,direct_hf_rbf,2
1356,1,0.0062813185832269235,2.4376049902388672,direct_hf_rbf,2
1356,2,0.01243434786737131,15.59642128850115,direct_hf_rbf,2
1356,3,0.013540413553481533,11.201850401853243,direct_hf_rbf,2
1356,4,0.006926737400781004,1.0469257321208478,direct_hf_rbf,2
1356,5,0.02240541348182362,12.489359096367373,direct_hf_rbf,2
1356,6,0.02171481437737487,10.369624930539283,direct_hf_rbf,2
1356,7,0.011764095683177631,9.344411768719784,direct_hf_rbf,2
1356,8,0.021589637618407778,21.098868308703977,direct_hf_rbf,2
1356,9,0.02861943081368254,11.980914150604917,direct_hf_rbf,2
3927,1,0.005561222847778476,19.376260968677048,direct_hf_rbf,2
3927,2,0.01431043154717329,24.72326733623525,direct_hf_rbf,2
3927,3,0.009342788841742842,0.9838209017373367,direct_hf_rbf,2
3927,4,0.012145991512389277,5.8619208611294855,direct_hf_rbf,2
3927,5,0.03161547787913298,23.91483177635376,direct_hf_rbf,2
3927,6,0.025073032160853072,0.16546583639278262,direct_hf_rbf,2
3927,7,0.01551892050935611,17.81498085570068,direct_hf_rbf,2
3927,8,0.018566802699152844,13.08533681070304,direct_hf_rbf,2
3927,9,0.029184842982369348,19.054934866494836,direct_hf_rbf,2
3927,10,0.07402934268243888,4.040423788910364,direct_hf_rbf,2
4919,1,0.006601344775939982,5.72889173434507,direct_hf_rbf,2
4919,2,0.010501515243571203,13.869851064239905,direct_hf_rbf,2
4919,3,0.008054398359405874,1.9777043373361831,direct_hf_rbf,2
4919,4,0.007192667887542941,1.1322821290494551,direct_hf_rbf,2
4919,5,0.02940303830985607,10.351793269911038,direct_hf_rbf,2
4919,6,0.02733144394717035,1.9577201883234852,direct_hf_rbf,2
4919,7,0.017839070093747172,6.745230557651695,direct_hf_rbf,2
4919,8,0.019336432519544165,6.6127772233634055,direct_hf_rbf,2
4919,9,0.02104682531385206,9.607180312800924,direct_hf_rbf,2
5674,1,0.0027787883213014537,15.826979770200738,direct_hf_rbf,2
5674,2,0.004195813171842892,2.2181132360638744,direct_hf_rbf,2
5674,3,0.0028979786119052373,5.949042599678973,direct_hf_rbf,2
5674,4,0.0057988735964993755,0.10048401559856358,direct_hf_rbf,2
5674,5,0.03298428193794712,11.019237842364257,direct_hf_rbf,2
5674,6,0.0126828596479413,6.22486655456753,direct_hf_rbf,2
5674,7,0.0066407917343515805,1.6698759957825027,direct_hf_rbf,2
5674,8,0.010642225684075964,2.571450574009878,direct_hf_rbf,2
5674,9,0.016111858955167573,7.931068753347535,direct_hf_rbf,2
5674,10,0.00853496828484331,1.018177070926769,direct_hf_rbf,2
6742,1,0.007788631556716984,6.22076431842125,direct_hf_rbf,2
6742,2,0.009368311615016653,7.944604432108234,direct_hf_rbf,2
6742,3,0.008476944519981213,1.0863153833521635,direct_hf_rbf,2
6742,4,0.008186977015147945,12.490583874999457,direct_hf_rbf,2
6742,5,0.04232690033519815,2.078329292971462,direct_hf_rbf,2
6742,6,0.021662953957191335,1.7509042479266526,direct_hf_rbf,2
6742,7,0.012679286725687437,3.6665576444682997,direct_hf_rbf,2
6742,8,0.016717370838288437,0.25664674887088834,direct_hf_rbf,2
6742,9,0.01640519594869867,9.405631751010267,direct_hf_rbf,2
6742,10,0.01753151075723398,1.78918000786373,direct_hf_rbf,2
9064,1,0.0011029172043336777,11.202825398585412,direct_hf_rbf,2
9064,2,0.0035007940847773937,9.694406312968754,direct_hf_rbf,2
9064,3,0.002556477134497111,2.3348489893286932,direct_hf_rbf,2
9064,4,0.0022452544876436515,5.695275993899572,direct_hf_rbf,2
9064,5,0.007943079688288677,7.316945042729229,direct_hf_rbf,2
9064,6,0.01331262385475799,1.5609588177200724,direct_hf_rbf,2
9064,7,0.0021007193648755968,10.108536226242384,direct_hf_rbf,2
9064,8,0.007158942809848001,7.104441995541466,direct_hf_rbf,2
9064,9,0.009126768398589327,2.0321924993098373,direct_hf_rbf,2
9064,10,0.003997944743713688,1.3575483979404006,direct_hf_rbf,2
9436,1,0.0022203952370061283,11.65635097657479,direct_hf_rbf,2
9436,2,0.005205629077911135,19.583541479415114,direct_hf_rbf,2
9436,3,0.006926944735756055,9.857047470512407,direct_hf_rbf,2
9436,4,0.006328190281653452,0.016547170791314018,direct_hf_rbf,2
9436,5,0.23216176983699813,16.477131104610525,direct_hf_rbf,2
9436,6,0.23865462358229772,12.769189133793796,direct_hf_rbf,2
9436,7,0.007931646615297518,8.722092816111735,direct_hf_rbf,2
9436,8,0.013296096356810241,14.600377803524438,direct_hf_rbf,2
9436,9,0.022473421302972026,9.247500930678726,direct_hf_rbf,2
9436,10,0.01038882746703571,4.7682597775356035,direct_hf_rbf,2
1039,1,0.002995706186207019,0.4293104512604453,direct_hf_rbf,3
1039,2,0.005500142588109167,4.0009822743102355,direct_hf_rbf,3
1039,3,0.0054892163398480645,0.17034664682710896,direct_hf_rbf,3
1039,4,0.004874382955547409,2.565712312843336,direct_hf_rbf,3
1039,5,0.025159535296582637,3.2583906835714687,direct_hf_rbf,3
1039,6,0.0345593464228539,0.22726197858745828,direct_hf_rbf,3
1039,7,0.006963591340124547,4.20421301060803,direct_hf_rbf,3
1039,8,0.012430024294428433,3.446709469298211,direct_hf_rbf,3
1039,9,0.01773145264367786,8.044680547222372,direct_hf_rbf,3
1062,1,0.0021783028070062947,0.6839997863764634,direct_hf_rbf,3
1062,2,0.005808247275294693,3.0529572282686956,direct_hf_rbf,3
1062,3,0.006308694832857019,0.22302369755701557,direct_hf_rbf,3
1062,4,0.0046059831192865365,1.629517036745615,direct_hf_rbf,3
1062,5,0.016015366016041564,1.7875836350499748,direct_hf_rbf,3
1062,6,0.01463260440003731,2.1743642891609003,direct_hf_rbf,3
1062,7,0.009093329454561094,1.5419263549785174,direct_hf_rbf,3
1062,8,0.009008582324869651,1.8501751778266986,direct_hf_rbf,3
1062,9,0.006173108168944383,9.49852397433319,direct_hf_rbf,3
1062,10,0.02068805959461515,2.931679716142683,direct_hf_rbf,3
1063,1,0.0032430207142406645,6.4667668507165965,direct_hf_rbf,3
1063,2,0.007165869411716213,2.2904587922701047,direct_hf_rbf,3
1063,3,0.007190007181157087,2.4706092889157376,direct_hf_rbf,3
1063,4,0.009950355741635452,5.020444432288996,direct_hf_rbf,3
1063,5,0.01548204278129267,1.7043455355818558,direct_hf_rbf,3
1063,6,0.012301166940914883,3.0719394798838464,direct_hf_rbf,3
1063,7,0.011840462759276527,0.3985815044076984,direct_hf_rbf,3
1063,8,0.010530403040706135,2.0276137949455304,direct_hf_rbf,3
1063,9,0.0073066442355385255,12.90555128567889,direct_hf_rbf,3
1063,10,0.011184377612741775,8.675239363260992,direct_hf_rbf,3
3455,1,0.0022729129746723096,5.028378752859758,direct_hf_rbf,3
3455,2,0.003143352350015545,5.612489738791114,direct_hf_rbf,3
3455,3,0.0020406788531328966,4.297141966170557,direct_hf_rbf,3
3455,4,0.0026788264378429585,4.632555203240171,direct_hf_rbf,3
3455,5,0.018066216917061353,5.8122625578817395,direct_hf_rbf,3
3455,6,0.01757705420206606,5.835249516020018,direct_hf_rbf,3
3455,7,0.004707661275092291,4.5232826097228696,direct_hf_rbf,3
3455,8,0.008111074758197194,4.952065147797991,direct_hf_rbf,3
3455,9,0.010931048267964837,3.5881448131806093,direct_hf_rbf,3
4391,1,0.0008299232212704326,9.868756329084723,direct_hf_rbf,3
4391,4,0.0015774418336307403,6.051435853670828,direct_hf_rbf,3
4391,5,0.07682660780135774,0.37791900956278585,direct_hf_rbf,3
4391,6,0.0883750678609956,0.19091717497194097,direct_hf_rbf,3
4391,9,0.004198864177509173,15.328560792791047,direct_hf_rbf,3
4391,10,0.014888995568152092,1.3534471618557622,direct_hf_rbf,3
4588,1,0.002689474101289453,1.678274411324815,direct_hf_rbf,3
4588,2,0.0047132238661087,8.593567166065913,direct_hf_rbf,3
4588,3,0.0038506227034657376,5.1758666846559445,direct_hf_rbf,3
4588,4,0.005797370706452975,1.3853287222377397,direct_hf_rbf,3
4588,5,0.04560508387460396,7.385305933978566,direct_hf_rbf,3
4588,6,0.018974289935078926,4.154347407195121,direct_hf_rbf,3
4588,7,0.011740874274410396,5.974982228608418,direct_hf_rbf,3
4588,8,0.020794319980888213,18.920937964716643,direct_hf_rbf,3
7267,1,0.022561919062727035,17.492315756717478,direct_hf_rbf,3
7267,2,0.01973516712237826,19.0277458188632,direct_hf_rbf,3
7267,3,0.023663531198051254,16.155420848894156,direct_hf_rbf,3
7267,4,0.02156550317332426,29.937173263432683,direct_hf_rbf,3
7267,5,0.0435331661463932,20.180850195596054,direct_hf_rbf,3
7267,8,0.0713983469875524,26.190484371528942,direct_hf_rbf,3
7267,9,0.07939222941222479,30.535434071183637,direct_hf_rbf,3
7267,10,0.02662942204626345,36.41018724060231,direct_hf_rbf,3
9627,1,0.0043736873246805735,0.41168618812647717,direct_hf_rbf,3
9627,2,0.007967596348795779,0.25669694962688117,direct_hf_rbf,3
9627,3,0.005526558960229788,2.62856139143073,direct_hf_rbf,3
9627,4,0.009358837760690677,0.2891507164562824,direct_hf_rbf,3
9627,5,0.028330407919074162,2.4144298568111147,direct_hf_rbf,3
9627,6,0.022763542506123113,4.218386290356451,direct_hf_rbf,3
9627,7,0.013309995351408865,0.9503964464736774,direct_hf_rbf,3
9627,8,0.011938686177820027,1.2179784264141555,direct_hf_rbf,3
9627,9,0.021509113257291042,1.1007672989259942,direct_hf_rbf,3
9627,10,0.023077117214595586,10.194610645428494,direct_hf_rbf,3
692,1,0.007454209950985179,0.7684090111355755,direct_hf_matern32,0
692,2,0.0030410882953411764,4.17319003807871,direct_hf_matern32,0
692,3,0.004830161494477267,0.636847002171118,direct_hf_matern32,0
692,4,0.003569460376953706,3.8387544580277027,direct_hf_matern32,0
692,5,0.009685671324542745,7.658249014622594,direct_hf_matern32,0
692,6,0.007181346173819165,2.2637148577809065,direct_hf_matern32,0
692,7,0.0031490528435105945,5.2361567342711135,direct_hf_matern32,0
692,8,0.017122675142384153,2.9603501044778846,direct_hf_matern32,0
692,9,0.01558741984928058,10.306807560083163,direct_hf_matern32,0
818,1,0.004370130546607986,2.720979854095075,direct_hf_matern32,0
818,4,0.008232433148989115,4.48207268439826,direct_hf_matern32,0
818,5,0.13790767943043583,6.761507629485911,direct_hf_matern32,0
818,6,0.1353684821550116,5.6855606943634225,direct_hf_matern32,0
818,9,0.019660991520287902,6.10923786631402,direct_hf_matern32,0
818,10,0.015521075968363359,3.4100450845325874,direct_hf_matern32,0
2612,1,0.010430087055616365,0.4279136995509137,direct_hf_matern32,0
2612,4,0.0022633020083480623,4.6973455031196405,direct_hf_matern32,0
2612,5,0.12382814013392156,6.05489149220152,direct_hf_matern32,0
2612,6,0.11461702321016959,0.58102048898232,direct_hf_matern32,0
2612,7,0.003779730734789729,7.071988441567658,direct_hf_matern32,0
2612,8,0.006356305006326042,2.237753182437796,direct_hf_matern32,0
2612,9,0.006586410045621336,0.4553710280876804,direct_hf_matern32,0
2612,10,0.007219836607075239,9.906823372582032,direct_hf_matern32,0
3261,1,0.0039984378740825265,12.01193874515409,direct_hf_matern32,0
3261,2,0.004438719476845688,14.864354921046397,direct_hf_matern32,0
3261,3,0.00507172683284831,16.29404339296443,direct_hf_matern32,0
3261,4,0.007712958534310595,13.580882366745705,direct_hf_matern32,0
3261,5,0.01804672675704715,13.679075711757875,direct_hf_matern32,0
3261,6,0.015555460212715026,17.86154736082593,direct_hf_matern32,0
3261,7,0.015617983559704257,7.778072746464092,direct_hf_matern32,0
3261,8,0.02210518389803452,18.112444519989857,direct_hf_matern32,0
3261,9,0.02097287777664164,13.425908115070945,direct_hf_matern32,0
3283,1,0.009500842252290939,14.94600780021175,direct_hf_matern32,0
3283,4,0.01333642326961676,19.100858836928996,direct_hf_matern32,0
3283,10,0.0324560343332673,24.810945489959558,direct_hf_matern32,0
4367,1,0.0017030524057131402,1.3408172312337678,direct_hf_matern32,0
4367,2,0.007167155153935071,13.999756295953926,direct_hf_matern32,0
4367,3,0.004811086578527654,3.871858365237101,direct_hf_matern32,0
4367,4,0.008182647665023381,6.032562372333148,direct_hf_matern32,0
4367,5,0.009804446913251545,13.212259436532912,direct_hf_matern32,0
4367,6,0.013220800553309452,5.898455482726969,direct_hf_matern32,0
4367,7,0.01020040496257482,14.081580896438265,direct_hf_matern32,0
4367,10,0.01380760451079144,7.811621198703119,direct_hf_matern32,0
4723,1,0.0032602810817358493,11.407935874863695,direct_hf_matern32,0
4723,2,0.0030442359944547314,8.240889923495677,direct_hf_matern32,0
4723,3,0.0021913706032050165,7.380146570936221,direct_hf_matern32,0
4723,4,0.004226367947600563,9.560278564597743,direct_hf_matern32,0
4723,5,0.01524069073461444,7.306920307861238,direct_hf_matern32,0
4723,6,0.015899710146752257,3.8128520797362944,direct_hf_matern32,0
4723,7,0.006037749968447927,7.948914382976257,direct_hf_matern32,0
4723,8,0.022231258586818365,5.786278753263776,direct_hf_matern32,0
4723,9,0.020717706099348487,9.29323286185438,direct_hf_matern32,0
6667,1,0.00719361744323834,1.6454275204304294,direct_hf_matern32,0
6667,2,0.00625223414840634,1.6722203281199801,direct_hf_matern32,0
6667,3,0.005358154013538902,1.678665201521017,direct_hf_matern32,0
6667,4,0.009564692347688628,4.521976084112752,direct_hf_matern32,0
6667,5,0.030083094616078294,4.053471173853743,direct_hf_matern32,0
6667,6,0.0227846016277379,0.051422013346252425,direct_hf_matern32,0
6667,7,0.009484374417702172,4.411201592011219,direct_hf_matern32,0
6667,8,0.04461730569987006,4.072124064029669,direct_hf_matern32,0
6667,9,0.03918872197295149,7.574428448792298,direct_hf_matern32,0
6667,10,0.02128521890549231,1.0639352306221883,direct_hf_matern32,0
8705,1,0.002723166950738678,3.597589270347082,direct_hf_matern32,0
8705,2,0.007834268485138211,9.901466950550624,direct_hf_matern32,0
8705,3,0.007800656463491,0.05671739683641093,direct_hf_matern32,0
8705,4,0.01165095386630991,6.049767706460415,direct_hf_matern32,0
8705,5,0.22263227995678295,9.4756174078822,direct_hf_matern32,0
8705,6,0.22877346443782667,1.7175410920033094,direct_hf_matern32,0
8705,9,0.025656511481137102,6.1297008545514995,direct_hf_matern32,0
8705,10,0.021763466337410272,11.673959185042687,direct_hf_matern32,0
970,1,0.0026936597601731603,1.7516591919526499,direct_hf_matern32,1
970,2,0.0039085673719448455,9.289209972451255,direct_hf_matern32,1
970,3,0.0032783273961427516,1.8445232038455548,direct_hf_matern32,1
970,4,0.004576468500182545,0.43395126153322644,direct_hf_matern32,1
970,5,0.0856022642612928,10.509010742351183,direct_hf_matern32,1
970,6,0.0930732701882586,1.723246622826842,direct_hf_matern32,1
970,7,0.006357123964163672,13.119181500500906,direct_hf_matern32,1
970,8,0.005689634167379143,0.268206635815527,direct_hf_matern32,1
970,9,0.006087922113470558,11.018268997904567,direct_hf_matern32,1
970,10,0.016774724984057795,2.8519950470857642,direct_hf_matern32,1
2892,1,0.003535618204531012,10.587204853512633,direct_hf_matern32,1
2892,2,0.0074630503874602095,6.466203460450454,direct_hf_matern32,1
2892,3,0.0056631578517459214,4.869884894716128,direct_hf_matern32,1
2892,4,0.006774929470627399,0.14261564147535893,direct_hf_matern32,1
2892,5,0.008576456084992794,4.5086179005512514,direct_hf_matern32,1
2892,6,0.014825912346317143,7.282558451260347,direct_hf_matern32,1
2892,7,0.011273577354742373,15.230700518334048,direct_hf_matern32,1
2892,8,0.010642565663980736,7.354531341916679,direct_hf_matern32,1
2892,9,0.013728705232245599,0.01787239442404131,direct_hf_matern32,1
2892,10,0.018546185305049524,4.358545502870573,direct_hf_matern32,1
3144,1,0.004525723433083612,6.752111560598366,direct_hf_matern32,1
3144,2,0.004679752108811931,5.167119919223308,direct_hf_matern32,1
3144,3,0.0036003415919319322,16.458924874810123,direct_hf_matern32,1
3144,4,0.004469199297293441,10.615075168765745,direct_hf_matern32,1
3144,5,0.02379448160352923,7.39590202238155,direct_hf_matern32,1
3144,6,0.03452037373525495,14.35201193533107,direct_hf_matern32,1
3144,7,0.008189469117286087,31.934925425133,direct_hf_matern32,1
3144,10,0.03192996442492191,23.866353919349194,direct_hf_matern32,1
3565,1,0.001587283251985163,5.549962431856233,direct_hf_matern32,1
3565,2,0.0035734296803007957,1.528556810648397,direct_hf_matern32,1
3565,3,0.001654936459346812,4.0672086180168945,direct_hf_matern32,1
3565,4,0.0035129944110195675,4.252614494857727,direct_hf_matern32,1
3565,5,0.04258113291303713,6.374531363601698,direct_hf_matern32,1
3565,6,0.03826645951381037,3.3616900240510414,direct_hf_matern32,1
3565,7,0.014659345903257905,0.7229563217081385,direct_hf_matern32,1
3565,8,0.02532783947055613,13.910761857388193,direct_hf_matern32,1
3565,9,0.021924764468756994,7.810042082376648,direct_hf_matern32,1
3565,10,0.010400688535931958,4.723110623047484,direct_hf_matern32,1
3964,1,0.0022163789228119395,0.5409646352341193,direct_hf_matern32,1
3964,2,0.0014341440430881347,1.8613092351613942,direct_hf_matern32,1
3964,3,0.0020910880640026123,10.725363112959139,direct_hf_matern32,1
3964,4,0.0029358192301026068,4.878103656580894,direct_hf_matern32,1
3964,5,0.015070122935564383,3.0793311185507486,direct_hf_matern32,1
3964,6,0.021170410470031705,0.967125951392176,direct_hf_matern32,1
3964,7,0.00919002049375733,4.568930942709958,direct_hf_matern32,1
3964,8,0.022649874682616176,23.883530174609614,direct_hf_matern32,1
3964,9,0.015462153552937022,3.095992267252105,direct_hf_matern32,1
3964,10,0.015624501642495901,6.250797415148631,direct_hf_matern32,1
4365,1,0.0071018110085186315,7.086994063541596,direct_hf_matern32,1
4365,2,0.00921073736577896,1.4347339003422792,direct_hf_matern32,1
4365,3,0.008053508021218342,9.090925601475458,direct_hf_matern32,1
4365,4,0.00889838946976719,1.3043957906944845,direct_hf_matern32,1
4365,5,0.00430284012261217,0.45312800120689045,direct_hf_matern32,1
4365,6,0.011212654809438645,8.522393534481187,direct_hf_matern32,1
4365,7,0.012184440147859086,5.518730156584355,direct_hf_matern32,1
6065,1,0.004437091216799081,10.976582084182281,direct_hf_matern32,1
6065,2,0.006934876285457795,2.2546258770343286,direct_hf_matern32,1
6065,3,0.006093395254889895,4.286172427358707,direct_hf_matern32,1
6065,4,0.006551811504994116,2.425596050426131,direct_hf_matern32,1
6065,5,0.027003947811756263,3.2071506759251993,direct_hf_matern32,1
6065,6,0.03616680718220864,7.3233597191373905,direct_hf_matern32,1
6065,7,0.007042027449185398,0.46519208307142046,direct_hf_matern32,1
6065,8,0.010800735639206385,9.221359185947934,direct_hf_matern32,1
6065,9,0.015575787015163408,3.2613260937784467,direct_hf_matern32,1
9183,1,0.002545973266743545,3.7243989342914774,direct_hf_matern32,1
9183,2,0.006568178573813028,1.7836526431992508,direct_hf_matern32,1
9183,3,0.005731941746813402,0.31328234106677955,direct_hf_matern32,1
9183,4,0.009692746845753542,8.951992079079274,direct_hf_matern32,1
9183,5,0.03531307848715764,3.1606987523302346,direct_hf_matern32,1
9183,6,0.03988739951816509,8.460508336062267,direct_hf_matern32,1
9183,7,0.012592343172172697,13.297664496234251,direct_hf_matern32,1
9183,8,0.020175018502027065,6.406932535331065,direct_hf_matern32,1
9183,9,0.01603731202859253,6.806931769426909,direct_hf_matern32,1
9828,1,0.003913958631088224,12.238811698189659,direct_hf_matern32,1
9828,2,0.007919978594582044,8.697367784640946,direct_hf_matern32,1
9828,3,0.0066590995177032335,11.46404747362482,direct_hf_matern32,1
9828,4,0.007753492882811926,6.145645037151028,direct_hf_matern32,1
9828,5,0.023210597061409533,10.304722509889775,direct_hf_matern32,1
9828,6,0.026078203859458273,8.075288433948272,direct_hf_matern32,1
9828,7,0.010809295377189438,12.829806930616494,direct_hf_matern32,1
9828,8,0.00720878933246887,6.631040788005507,direct_hf_matern32,1
9828,9,0.015461476203262277,6.2727957323752195,direct_hf_matern32,1
9828,10,0.019272367135609512,6.448684194616441,direct_hf_matern32,1
871,1,0.004511297437912156,2.1506090437956433,direct_hf_matern32,2
871,2,0.0038375948153640625,8.085984445564598,direct_hf_matern32,2
871,3,0.006224938680786471,4.058727077747597,direct_hf_matern32,2
871,4,0.0037105305640228224,0.5833553011917758,direct_hf_matern32,2
871,5,0.034085694633577544,6.974918109670992,direct_hf_matern32,2
871,6,0.04555597859929503,9.907515845780745,direct_hf_matern32,2
871,7,0.0051005471477664046,13.301546202857995,direct_hf_matern32,2
871,8,0.013422177982902161,1.6134325467731678,direct_hf_matern32,2
871,9,0.01468402901683805,15.417673379349052,direct_hf_matern32,2
1356,1,0.007242557686142834,2.9566074138674074,direct_hf_matern32,2
1356,2,0.010780389280293588,10.08679175214069,direct_hf_matern32,2
1356,3,0.01276006157981368,11.945750976605986,direct_hf_matern32,2
1356,4,0.007931686748182957,3.9118311463245683,direct_hf_matern32,2
1356,5,0.019982488944550177,12.487059551750788,direct_hf_matern32,2
1356,6,0.01923516058100007,9.760452874917377,direct_hf_matern32,2
1356,7,0.011189941516902013,9.981623729230357,direct_hf_matern32,2
1356,8,0.024309563584941907,19.815135134842098,direct_hf_matern32,2
1356,9,0.02910348641625395,10.940486205914521,direct_hf_matern32,2
3927,1,0.005356904894507847,17.501340102348035,direct_hf_matern32,2
3927,2,0.012392750171850554,23.587334311246064,direct_hf_matern32,2
3927,3,0.007169260391705173,0.5655933483112007,direct_hf_matern32,2
3927,4,0.011262195466702957,4.167241034501623,direct_hf_matern32,2
3927,5,0.021842295754419414,16.389080016778866,direct_hf_matern32,2
3927,6,0.019867676370229282,0.5147907445494044,direct_hf_matern32,2
3927,7,0.013908348269371835,11.84793920366292,direct_hf_matern32,2
3927,8,0.01774760416058022,9.575993158003566,direct_hf_matern32,2
3927,9,0.027849819641172315,16.51138690323681,direct_hf_matern32,2
3927,10,0.07230484293293561,4.114456539138494,direct_hf_matern32,2
4919,1,0.006551397181472121,4.670248118099928,direct_hf_matern32,2
4919,2,0.010997720957317955,8.398281601988467,direct_hf_matern32,2
4919,3,0.007839059208302666,4.108876832524184,direct_hf_matern32,2
4919,4,0.006994604596145133,2.934577314554285,direct_hf_matern32,2
4919,5,0.035557409473352085,7.673142813477486,direct_hf_matern32,2
4919,6,0.02758414410424849,2.1515750198803096,direct_hf_matern32,2
4919,7,0.018698885488488727,5.954622001636732,direct_hf_matern32,2
4919,8,0.01993657712138419,6.495414757912156,direct_hf_matern32,2
4919,9,0.023612362070833684,9.374097961162366,direct_hf_matern32,2
5674,1,0.001353864303174942,10.276449694323679,direct_hf_matern32,2
5674,2,0.0036335820947851353,3.7845662455447235,direct_hf_matern32,2
5674,3,0.0026018915941819114,2.4971313113919202,direct_hf_matern32,2
5674,4,0.003994537942761918,0.9941569488935098,direct_hf_matern32,2
5674,5,0.019531108230143708,9.96260032655573,direct_hf_matern32,2
5674,6,0.015095547018226688,3.329525955828651,direct_hf_matern32,2
5674,7,0.0053463420093607696,2.013402147422876,direct_hf_matern32,2
5674,8,0.009397427253072797,3.380443681218428,direct_hf_matern32,2
5674,9,0.013635748239624223,6.897314434432911,direct_hf_matern32,2
5674,10,0.00751699916779622,0.5010367187927844,direct_hf_matern32,2
6742,1,0.007395258574115184,6.4241978470839385,direct_hf_matern32,2
6742,2,0.009587732506046517,6.25929511052786,direct_hf_matern32,2
6742,3,0.008857997395271633,0.15685487566037834,direct_hf_matern32,2
6742,4,0.0081504265074653,10.686141013037041,direct_hf_matern32,2
6742,5,0.04602837535968728,0.7996785391709433,direct_hf_matern32,2
6742,6,0.02115589747210537,1.1198566142018942,direct_hf_matern32,2
6742,7,0.012996840878351713,3.354127686175854,direct_hf_matern32,2
6742,8,0.016789115744826826,0.418335005866069,direct_hf_matern32,2
6742,9,0.017886146353578627,8.627073814214526,direct_hf_matern32,2
6742,10,0.016215957708227903,1.870216081216068,direct_hf_matern32,2
9064,1,0.0012834146070535878,11.406414909586182,direct_hf_matern32,2
9064,2,0.0016371745416593607,10.024864497536168,direct_hf_matern32,2
9064,3,0.0013097289107588679,4.633679661540899,direct_hf_matern32,2
9064,4,0.0024018477845922336,5.119997823903089,direct_hf_matern32,2
9064,5,0.012824522830763935,7.522669466856611,direct_hf_matern32,2
9064,6,0.014591499170337512,2.894428504114505,direct_hf_matern32,2
9064,7,0.0016678185041015404,9.974259860688798,direct_hf_matern32,2
9064,8,0.007645368541339281,8.162513942486264,direct_hf_matern32,2
9064,9,0.012538522711599345,2.0752022298431316,direct_hf_matern32,2
9064,10,0.00695006911610931,2.0077062455184014,direct_hf_matern32,2
9436,1,0.0018439479234776083,11.202753635805086,direct_hf_matern32,2
9436,2,0.0022081813669182263,19.51861436319328,direct_hf_matern32,2
9436,3,0.0057844369748296836,11.774115901550562,direct_hf_matern32,2
9436,4,0.006472843297216672,0.18693489830165863,direct_hf_matern32,2
9436,5,0.21769626256651495,12.682066760825668,direct_hf_matern32,2
9436,6,0.22554088817242904,12.217617669785808,direct_hf_matern32,2
9436,7,0.009171033622422949,8.318780471042198,direct_hf_matern32,2
9436,8,0.017058177974291416,13.94789640569549,direct_hf_matern32,2
9436,9,0.024464176539375534,9.5682853283398,direct_hf_matern32,2
9436,10,0.009493376506387964,2.1934850238951085,direct_hf_matern32,2
1039,1,0.004020649132113625,2.026524494388714,direct_hf_matern32,3
1039,2,0.006769603519975349,8.495250123726185,direct_hf_matern32,3
1039,3,0.006322741963981669,1.8514046046180714,direct_hf_matern32,3
1039,4,0.004862395273128599,2.9758560671554597,direct_hf_matern32,3
1039,5,0.029129950456751246,1.5367209952042322,direct_hf_matern32,3
1039,6,0.03864606140872768,1.9090285609770496,direct_hf_matern32,3
1039,7,0.0078091922484307226,0.7287345329816878,direct_hf_matern32,3
1039,8,0.01353702873870559,10.967322100960041,direct_hf_matern32,3
1039,9,0.019180176640494713,0.0870009461656443,direct_hf_matern32,3
1062,1,0.002839477143481984,1.7967796978578483,direct_hf_matern32,3
1062,2,0.005328596641411889,3.3549789086005584,direct_hf_matern32,3
1062,3,0.005998115751244571,3.52087768340094,direct_hf_matern32,3
1062,4,0.005243219493648498,1.5059623731248126,direct_hf_matern32,3
1062,5,0.019930061285254895,2.805446010508138,direct_hf_matern32,3
1062,6,0.017611214809678675,3.616586146380278,direct_hf_matern32,3
1062,7,0.00786943030844991,3.5747249884817056,direct_hf_matern32,3
1062,8,0.0075452082813994865,9.728277172880711,direct_hf_matern32,3
1062,9,0.00637135662699543,9.106279553220336,direct_hf_matern32,3
1062,10,0.019823665041297543,2.459387209335852,direct_hf_matern32,3
1063,1,0.0026431785690280373,4.336398681745765,direct_hf_matern32,3
1063,2,0.006626156036825888,12.436427458022921,direct_hf_matern32,3
1063,3,0.006005828507140269,7.446559386364606,direct_hf_matern32,3
1063,4,0.006299565394656719,4.644391573811208,direct_hf_matern32,3
1063,5,0.01653351487200998,1.1371039586984186,direct_hf_matern32,3
1063,6,0.012871705698864394,1.100995247189829,direct_hf_matern32,3
1063,7,0.008998660819948915,4.43216516334928,direct_hf_matern32,3
1063,8,0.010104388447058972,13.388213209926121,direct_hf_matern32,3
1063,9,0.0079577447834198,9.748963573313361,direct_hf_matern32,3
1063,10,0.011273770566363646,7.614388150578528,direct_hf_matern32,3
3455,1,0.002202065170744492,3.831481299409881,direct_hf_matern32,3
3455,2,0.003160182888254307,2.6623872225403167,direct_hf_matern32,3
3455,3,0.0020522402970891054,1.3802950854494023,direct_hf_matern32,3
3455,4,0.002740456989623716,3.916436814691793,direct_hf_matern32,3
3455,5,0.022348028034239624,5.640021081743777,direct_hf_matern32,3
3455,6,0.01860180536822655,4.099952212158317,direct_hf_matern32,3
3455,7,0.005518792974888055,5.053341044637027,direct_hf_matern32,3
3455,8,0.008081437990373534,3.809654560066975,direct_hf_matern32,3
3455,9,0.011900690813218758,2.7573096618102353,direct_hf_matern32,3
4391,1,0.0009428980225080072,6.72029181816953,direct_hf_matern32,3
4391,4,0.002042706716966126,5.862015034706544,direct_hf_matern32,3
4391,5,0.09086038639831649,3.6089877103791816,direct_hf_matern32,3
4391,6,0.09760331078295759,1.8557147175570803,direct_hf_matern32,3
4391,9,0.004580791715175659,11.035951309026672,direct_hf_matern32,3
4391,10,0.014785656479586793,1.0880809979441113,direct_hf_matern32,3
4588,1,0.0032226609447887555,0.9684096760864188,direct_hf_matern32,3
4588,2,0.0044653832880774446,4.93516139056619,direct_hf_matern32,3
4588,3,0.0038303426851492802,0.40652526192562044,direct_hf_matern32,3
4588,4,0.006432234847799323,1.0593932271984374,direct_hf_matern32,3
4588,5,0.04563709943829578,3.73214602193593,direct_hf_matern32,3
4588,6,0.020415917925463083,1.4595638378906757,direct_hf_matern32,3
4588,7,0.010593762615387579,0.4528462369380549,direct_hf_matern32,3
4588,8,0.019253025102785846,5.966460548949947,direct_hf_matern32,3
7267,1,0.02130908714109217,17.412490342176596,direct_hf_matern32,3
7267,2,0.020673238233446623,27.602323876886988,direct_hf_matern32,3
7267,3,0.026183512433603034,15.905886546311732,direct_hf_matern32,3
7267,4,0.019824895283518232,29.20808475222048,direct_hf_matern32,3
7267,5,0.04680743020617533,19.326141858570164,direct_hf_matern32,3
7267,8,0.07440164435805988,9.217183866468387,direct_hf_matern32,3
7267,9,0.07950478377459089,27.780196740326883,direct_hf_matern32,3
7267,10,0.02805818062276361,32.836818938417274,direct_hf_matern32,3
9627,1,0.004312996972290502,1.0005438334000196,direct_hf_matern32,3
9627,2,0.00805333930863204,1.9203715893437963,direct_hf_matern32,3
9627,3,0.005476565836632765,3.1778646846530254,direct_hf_matern32,3
9627,4,0.008763260730796104,0.7937754870849602,direct_hf_matern32,3
9627,5,0.031127220687934432,2.7022722838337643,direct_hf_matern32,3
9627,6,0.024197768205797766,3.6884277342221026,direct_hf_matern32,3
9627,7,0.013044826101014702,0.8750602453463479,direct_hf_matern32,3
9627,8,0.011555040383964151,9.204826047012114,direct_hf_matern32,3
9627,9,0.021398223195420864,1.2607454569699508,direct_hf_matern32,3
9627,10,0.0238660460619518,10.07769119141585,direct_hf_matern32,3
692,1,0.0031292274823751165,0.49253052514864387,cokriging_rbf,0
692,2,0.003592539312373373,2.162381022027994,cokriging_rbf,0
692,3,0.004604040637102776,0.48663251806923585,cokriging_rbf,0
692,4,0.0025627167877941173,1.529551012533269,cokriging_rbf,0
692,5,0.012069135966244706,2.4736956145185838,cokriging_rbf,0
692,6,0.010771522898249243,0.5160299866720613,cokriging_rbf,0
692,7,0.002163524640002264,2.7836712823344647,cokriging_rbf,0
692,8,0.006875422071844152,0.32099470641725697,cokriging_rbf,0
692,9,0.009320880609077768,0.23351918279268646,cokriging_rbf,0
818,1,0.001643134005629264,0.04466489794901147,cokriging_rbf,0
818,4,0.0033418400510373232,0.7505556995952509,cokriging_rbf,0
818,5,0.09941880329402489,0.898332978549205,cokriging_rbf,0
818,6,0.07378647469640585,2.2524071249253144,cokriging_rbf,0
818,9,0.005086654400307861,2.102024307119624,cokriging_rbf,0
818,10,0.0024797717890676103,2.6786157253264737,cokriging_rbf,0
2612,1,0.0030344491552487573,0.46408701348599546,cokriging_rbf,0
2612,4,0.0029701921719066586,0.023306052481295143,cokriging_rbf,0
2612,5,0.0680792689446297,1.870446257268982,cokriging_rbf,0
2612,6,0.06077020986320315,0.3610014236874551,cokriging_rbf,0
2612,7,0.006189474084036284,0.9350119328570045,cokriging_rbf,0
2612,8,0.026846974814321366,4.813687125048806,cokriging_rbf,0
2612,9,0.025507582344261464,4.000575003849605,cokriging_rbf,0
2612,10,0.02464079118308534,2.027016485731108,cokriging_rbf,0
3261,1,0.011622351381433776,1.0656788872154408,cokriging_rbf,0
3261,2,0.012605024088032423,1.3359096970176245,cokriging_rbf,0
3261,3,0.01493040310987323,2.006468664865639,cokriging_rbf,0
3261,4,0.008918547531379838,0.45061168072067653,cokriging_rbf,0
3261,5,0.03334578152189906,1.990192429127267,cokriging_rbf,0
3261,6,0.038277802129816296,1.2017427786726236,cokriging_rbf,0
3261,7,0.01014980796264222,0.7331693958691522,cokriging_rbf,0
3261,8,0.012631381773731156,0.1924623838115034,cokriging_rbf,0
3261,9,0.02208619022920502,0.33638398729601565,cokriging_rbf,0
3283,1,0.012382134294175423,1.1041959781640407,cokriging_rbf,0
3283,4,0.010945940693530202,0.940434598640194,cokriging_rbf,0
3283,10,0.010478980782403467,1.0137112422331138,cokriging_rbf,0
4367,1,0.002818559778805212,3.206770178665386,cokriging_rbf,0
4367,2,0.004238869434069463,2.6014965570349946,cokriging_rbf,0
4367,3,0.004517708232555761,4.2996799937772305,cokriging_rbf,0
4367,4,0.0031177207780172874,0.6742206580875814,cokriging_rbf,0
4367,5,0.01406442004377432,1.4155968273339725,cokriging_rbf,0
4367,6,0.008991490525514735,1.3008402869491649,cokriging_rbf,0
4367,7,0.0055334478256345255,1.250574131053814,cokriging_rbf,0
4367,10,0.00417586304854326,2.4645194485844604,cokriging_rbf,0
4723,1,0.0015715468231266732,1.0568291143594184,cokriging_rbf,0
4723,2,0.0022828498686214235,1.5518441731653176,cokriging_rbf,0
4723,3,0.0036859992245404033,0.42944559865527965,cokriging_rbf,0
4723,4,0.0013988489255129287,1.731782340727197,cokriging_rbf,0
4723,5,0.02341634498730186,2.7889691265222156,cokriging_rbf,0
4723,6,0.014328791917509074,0.4671403209251671,cokriging_rbf,0
4723,7,0.001999904583117393,3.637736281432015,cokriging_rbf,0
4723,8,0.057670493682560366,3.9963505671682453,cokriging_rbf,0
4723,9,0.06351137431138153,3.6727337320844757,cokriging_rbf,0
6667,1,0.001147961142995328,0.5849041126427269,cokriging_rbf,0
6667,2,0.002272743856435179,2.941529564790094,cokriging_rbf,0
6667,3,0.001731373443020987,0.7098874643790565,cokriging_rbf,0
6667,4,0.0024885845964289976,1.592538851398703,cokriging_rbf,0
6667,5,0.015053674036682504,2.0198829518500636,cokriging_rbf,0
6667,6,0.016503670358983806,1.2052025623800062,cokriging_rbf,0
6667,7,0.0033166608651826993,0.5956713871880476,cokriging_rbf,0
6667,8,0.004038609520755241,1.363323026489217,cokriging_rbf,0
6667,9,0.004496693397062446,0.1125877411488844,cokriging_rbf,0
6667,10,0.004963585089582773,0.011844782992561288,cokriging_rbf,0
8705,1,0.0010772002820614586,2.123462225980397,cokriging_rbf,0
8705,2,0.002433002450484166,2.0095764569929315,cokriging_rbf,0
8705,3,0.0016981688273610697,4.050193775628577,cokriging_rbf,0
8705,4,0.0026383893384929226,3.548838854271648,cokriging_rbf,0
8705,5,0.1755546531058469,0.6556660655751816,cokriging_rbf,0
8705,6,0.15885577241908486,6.033380384388193,cokriging_rbf,0
8705,9,0.008631176418661183,5.713927800780924,cokriging_rbf,0
8705,10,0.00813825765695258,0.8579975654147965,cokriging_rbf,0
970,1,0.001596296781083959,0.3494742733685641,cokriging_rbf,1
970,2,0.001982568513253965,0.5235513625196213,cokriging_rbf,1
970,3,0.0016540945183492616,0.20786577457839867,cokriging_rbf,1
970,4,0.0036736278120060575,1.1033436545472803,cokriging_rbf,1
970,5,0.029967739629907775,2.5894307322339487,cokriging_rbf,1
970,6,0.03270451933333767,1.0837884511039855,cokriging_rbf,1
970,7,0.002387313383646998,0.10248081178510315,cokriging_rbf,1
970,8,0.009315596404107387,1.7570527905688333,cokriging_rbf,1
970,9,0.012871850325872812,0.6934655177453157,cokriging_rbf,1
970,10,0.018172998904226925,2.7039291707436783,cokriging_rbf,1
2892,1,0.0022356340633496318,0.5637855848751858,cokriging_rbf,1
2892,2,0.004827899212994296,2.122866233384036,cokriging_rbf,1
2892,3,0.003223655773588045,0.23763808895911873,cokriging_rbf,1
2892,4,0.006327500923445508,2.2391486051863305,cokriging_rbf,1
2892,5,0.006481046841967395,5.967633928848397,cokriging_rbf,1
2892,6,0.006722289410986883,1.9250882683034276,cokriging_rbf,1
2892,7,0.01117330138822063,1.908842762206681,cokriging_rbf,1
2892,8,0.010292827161222234,0.9833333359662845,cokriging_rbf,1
2892,9,0.011319414840909616,1.2670276441720818,cokriging_rbf,1
2892,10,0.012425699325878621,1.3593733006822613,cokriging_rbf,1
3144,1,0.011197988458765004,2.2466763577794766,cokriging_rbf,1
3144,2,0.024140465192866823,8.892313261484592,cokriging_rbf,1
3144,3,0.023047433040745205,6.164320420024365,cokriging_rbf,1
3144,4,0.024531455113337923,6.255525219045189,cokriging_rbf,1
3144,5,0.06001050191694296,8.416874058864092,cokriging_rbf,1
3144,6,0.05436669469676129,5.886804330822078,cokriging_rbf,1
3144,7,0.034181959428400056,7.887953018515493,cokriging_rbf,1
3144,10,0.058873500897852295,9.815608983725253,cokriging_rbf,1
3565,1,0.0007253108113971398,2.553242428441547,cokriging_rbf,1
3565,2,0.0007666047834639791,0.08637629176844863,cokriging_rbf,1
3565,3,0.0011078360003164518,0.6149107269678004,cokriging_rbf,1
3565,4,0.001599591144451647,0.6992458916662881,cokriging_rbf,1
3565,5,0.023120973484648016,3.027376531072421,cokriging_rbf,1
3565,6,0.016350299801094887,0.7879004711744986,cokriging_rbf,1
3565,7,0.001947902035664772,1.3635924554587104,cokriging_rbf,1
3565,8,0.023801839202293746,1.3871583628352269,cokriging_rbf,1
3565,9,0.009413212089605277,2.6561776555116965,cokriging_rbf,1
3565,10,0.004439309549127332,0.32719465157984745,cokriging_rbf,1
3964,1,0.0011176408051618257,0.35288222802989255,cokriging_rbf,1
3964,2,0.0011073753028327594,0.8276313645941434,cokriging_rbf,1
3964,3,0.001363113910932438,1.3368049407274738,cokriging_rbf,1
3964,4,0.001967193333190225,0.589197133333204,cokriging_rbf,1
3964,5,0.019712577372883167,2.3111301197895684,cokriging_rbf,1
3964,6,0.012380684880630825,0.45331703323194195,cokriging_rbf,1
3964,7,0.004436422641403646,2.0244142228208633,cokriging_rbf,1
3964,8,0.01178540478031505,0.7753235615201581,cokriging_rbf,1
3964,9,0.01007457722463724,2.067803900866344,cokriging_rbf,1
3964,10,0.0067465470062738385,0.5173330232435275,cokriging_rbf,1
4365,1,0.007619098893146775,0.7685827590970491,cokriging_rbf,1
4365,2,0.004157537391460469,1.235364922392538,cokriging_rbf,1
4365,3,0.0025844596768092175,0.3639660092541562,cokriging_rbf,1
4365,4,0.002627486301934734,1.9660015752344095,cokriging_rbf,1
4365,5,0.020553446861520757,4.227794451297827,cokriging_rbf,1
4365,6,0.012988434600670737,1.511261310960107,cokriging_rbf,1
4365,7,0.005698030871430708,0.5217893137554799,cokriging_rbf,1
6065,1,0.0019222147159809353,0.06997857947549845,cokriging_rbf,1
6065,2,0.002525697890281095,1.657324916533353,cokriging_rbf,1
6065,3,0.0014058651713736994,0.6982954861418718,cokriging_rbf,1
6065,4,0.004746426095891287,1.854300191763935,cokriging_rbf,1
6065,5,0.009501533554224508,2.5450564135134677,cokriging_rbf,1
6065,6,0.007057578443611062,1.5210968638449442,cokriging_rbf,1
6065,7,0.005756096125984292,0.15862237383716732,cokriging_rbf,1
6065,8,0.006219455036217915,0.26912734422684004,cokriging_rbf,1
6065,9,0.012599027636619057,0.4323916648113839,cokriging_rbf,1
9183,1,0.001257385410562372,2.242965776058479,cokriging_rbf,1
9183,2,0.004819001372394521,2.987588565794857,cokriging_rbf,1
9183,3,0.001881227741849946,2.8770422210133786,cokriging_rbf,1
9183,4,0.003998249661396079,2.530518854150844,cokriging_rbf,1
9183,5,0.011157205396314878,3.7492698096502313,cokriging_rbf,1
9183,6,0.010960797950802325,2.296350178184686,cokriging_rbf,1
9183,7,0.012247687937238787,4.54299622787117,cokriging_rbf,1
9183,8,0.014938086524085207,3.567456772986563,cokriging_rbf,1
9183,9,0.017993978662807823,8.60805891756404,cokriging_rbf,1
9828,1,0.001109660046734049,0.6211915225711157,cokriging_rbf,1
9828,2,0.002389591926156461,2.2359195614414875,cokriging_rbf,1
9828,3,0.0017745819756940224,1.5688893673526785,cokriging_rbf,1
9828,4,0.0015635663160586987,1.9895782462997769,cokriging_rbf,1
9828,5,0.015638010657771366,4.838418739305757,cokriging_rbf,1
9828,6,0.013892513778892876,1.0967479795599495,cokriging_rbf,1
9828,7,0.003118901404834813,1.0413910433012972,cokriging_rbf,1
9828,8,0.004617434497818338,0.7223274561719818,cokriging_rbf,1
9828,9,0.00634365126271467,4.794236568267523,cokriging_rbf,1
9828,10,0.0055752780135141745,1.9688369760102944,cokriging_rbf,1
871,1,0.007238588046563347,2.235180463588111,cokriging_rbf,2
871,2,0.017902144388214775,1.7575745551657775,cokriging_rbf,2
871,3,0.01830704770998155,2.837746264215572,cokriging_rbf,2
871,4,0.018356630781014894,2.462587699367419,cokriging_rbf,2
871,5,0.022714327817100075,0.32576538229766017,cokriging_rbf,2
871,6,0.02544573301334942,5.277554022001066,cokriging_rbf,2
871,7,0.019646483741252566,1.5101025563781891,cokriging_rbf,2
871,8,0.010279518882463274,2.5367333169649893,cokriging_rbf,2
871,9,0.013530451394054253,1.1597822384315588,cokriging_rbf,2
1356,1,0.0016074377448936444,1.7544099371723103,cokriging_rbf,2
1356,2,0.0025962349068884096,0.2375388381117788,cokriging_rbf,2
1356,3,0.003937834182988632,2.3863704642264874,cokriging_rbf,2
1356,4,0.00389846652996444,1.085011072525427,cokriging_rbf,2
1356,5,0.01137637138892408,0.6837545573903879,cokriging_rbf,2
1356,6,0.00702601551401602,2.492959179614218,cokriging_rbf,2
1356,7,0.003825981075524088,0.6154476848720286,cokriging_rbf,2
1356,8,0.02366172008450421,2.7632472086066966,cokriging_rbf,2
1356,9,0.023450500369630967,0.24095205866740116,cokriging_rbf,2
3927,1,0.012931221065139569,2.502674458586195,cokriging_rbf,2
3927,2,0.014872984743306257,4.579257317435263,cokriging_rbf,2
3927,3,0.014229134941142396,0.6734021145493465,cokriging_rbf,2
3927,4,0.015464739519734073,1.3413862041401616,cokriging_rbf,2
3927,5,0.055579573648525685,7.610573449845291,cokriging_rbf,2
3927,6,0.04268641452883402,1.2234299987350525,cokriging_rbf,2
3927,7,0.022084559177152047,4.065788838058042,cokriging_rbf,2
3927,8,0.03844000702962764,0.8228718460210717,cokriging_rbf,2
3927,9,0.04609009770327566,11.396024679152704,cokriging_rbf,2
3927,10,0.08416196317676504,2.583386290044083,cokriging_rbf,2
4919,1,0.004344232228963973,1.753210571731906,cokriging_rbf,2
4919,2,0.008716151518691572,1.760995716675559,cokriging_rbf,2
4919,3,0.005905603429781104,0.6060018119038337,cokriging_rbf,2
4919,4,0.010836383580636925,0.7815908904570031,cokriging_rbf,2
4919,5,0.009926580409291293,3.483948805446062,cokriging_rbf,2
4919,6,0.01214388154535369,1.8084191557656693,cokriging_rbf,2
4919,7,0.0160836818157096,2.7263996600696343,cokriging_rbf,2
4919,8,0.02657994425012742,0.7539958324610128,cokriging_rbf,2
4919,9,0.02763793168736723,3.04967402649668,cokriging_rbf,2
5674,1,0.001272425132893992,0.149677865892853,cokriging_rbf,2
5674,2,0.002858949963904374,0.7865111803251373,cokriging_rbf,2
5674,3,0.004447762288356308,1.0811347072033766,cokriging_rbf,2
5674,4,0.00675208355991947,1.6953387928598258,cokriging_rbf,2
5674,5,0.027128256971470987,3.6199981314475695,cokriging_rbf,2
5674,6,0.021761187072732724,0.9753243830972244,cokriging_rbf,2
5674,7,0.007267915479630507,2.9002411004689317,cokriging_rbf,2
5674,8,0.01579845601215326,0.2836525755449623,cokriging_rbf,2
5674,9,0.04143356462982248,3.1556619011929627,cokriging_rbf,2
5674,10,0.017074369006462357,0.46589227162949876,cokriging_rbf,2
6742,1,0.012599134999151489,2.1138067384928663,cokriging_rbf,2
6742,2,0.020231593011486936,3.7859193013023145,cokriging_rbf,2
6742,3,0.013592137030628582,1.5610871947867986,cokriging_rbf,2
6742,4,0.02345483320229735,3.8475077135396836,cokriging_rbf,2
6742,5,0.014454615885552611,7.307979845804714,cokriging_rbf,2
6742,6,0.012392919653602499,0.8619693283971596,cokriging_rbf,2
6742,7,0.03135894356663964,6.464143654585711,cokriging_rbf,2
6742,8,0.02322140108949706,0.4105744138384213,cokriging_rbf,2
6742,9,0.015206709069596373,2.0796412637559105,cokriging_rbf,2
6742,10,0.024984522093333596,4.031365339801594,cokriging_rbf,2
9064,1,0.0005977163767631425,3.432136669953241,cokriging_rbf,2
9064,2,0.0020899979063901016,1.6172390200339124,cokriging_rbf,2
9064,3,0.001122409751108138,2.128288953259652,cokriging_rbf,2
9064,4,0.0016550128804077044,1.1055736173312152,cokriging_rbf,2
9064,5,0.002835362128048547,0.8789468471991678,cokriging_rbf,2
9064,6,0.003437568451166949,3.6033253524402507,cokriging_rbf,2
9064,7,0.0023752634614324177,0.19933056186877887,cokriging_rbf,2
9064,8,0.045999076087558544,2.660773649418252,cokriging_rbf,2
9064,9,0.04153378867788281,2.511733166298752,cokriging_rbf,2
9064,10,0.004520947323973285,3.3342644817200124,cokriging_rbf,2
9436,1,0.0008574633071731869,1.5987960115680409,cokriging_rbf,2
9436,2,0.0014195872843672267,0.5367498513810143,cokriging_rbf,2
9436,3,0.000917499350196621,1.4520891290863829,cokriging_rbf,2
9436,4,0.001524750635783241,0.6115058630762913,cokriging_rbf,2
9436,5,0.17428270411341182,0.04880475852249486,cokriging_rbf,2
9436,6,0.15527132844875224,4.450703429017182,cokriging_rbf,2
9436,7,0.0037621018183654877,0.6114100187773883,cokriging_rbf,2
9436,8,0.02527685928556503,0.19301349289278993,cokriging_rbf,2
9436,9,0.010819642097593766,0.5577624434059703,cokriging_rbf,2
9436,10,0.003990030191104575,0.950823415719759,cokriging_rbf,2
1039,1,0.006481610227300692,0.5705755643773855,cokriging_rbf,3
1039,2,0.016434170205357836,2.5498540573829067,cokriging_rbf,3
1039,3,0.009576201269576139,1.0230464351612805,cokriging_rbf,3
1039,4,0.012145006096728464,0.07015408352549814,cokriging_rbf,3
1039,5,0.03529190990385043,5.964472739782387,cokriging_rbf,3
1039,6,0.029528619418646446,1.0798344980445103,cokriging_rbf,3
1039,7,0.010372384585817978,0.7996045175480522,cokriging_rbf,3
1039,8,0.026488353284950132,0.6967980929230653,cokriging_rbf,3
1039,9,0.037686119804970275,9.95802569145921,cokriging_rbf,3
1062,1,0.0009290929165982546,1.0146729709610767,cokriging_rbf,3
1062,2,0.0016387909048681106,2.7203974004639635,cokriging_rbf,3
1062,3,0.003023533823252609,1.8227143353228499,cokriging_rbf,3
1062,4,0.003082243526740878,1.6111845717188786,cokriging_rbf,3
1062,5,0.013065151868836472,1.287286294581135,cokriging_rbf,3
1062,6,0.009903613141122774,0.7040612350922296,cokriging_rbf,3
1062,7,0.006178668979457697,2.069886455470325,cokriging_rbf,3
1062,8,0.016778808601087644,2.541818023586547,cokriging_rbf,3
1062,9,0.013858398928430464,1.8455995102916827,cokriging_rbf,3
1062,10,0.0057410204546157525,1.8322405977077205,cokriging_rbf,3
1063,1,0.0018870487747812519,0.4881908677340926,cokriging_rbf,3
1063,2,0.007271075957917482,0.6005259601847542,cokriging_rbf,3
1063,3,0.006597847652370855,1.3555226476027282,cokriging_rbf,3
1063,4,0.01613556786847013,0.32989444462657375,cokriging_rbf,3
1063,5,0.017689436148460684,2.039460355602817,cokriging_rbf,3
1063,6,0.012357946879483647,2.1458587724696043,cokriging_rbf,3
1063,7,0.020493976313878177,0.12435856321821787,cokriging_rbf,3
1063,8,0.019942215833460668,1.519486886840307,cokriging_rbf,3
1063,9,0.01313392370831596,3.7439213598920893,cokriging_rbf,3
1063,10,0.013168730012540854,2.063258055364169,cokriging_rbf,3
3455,1,0.0034105509769063592,0.28862392189003355,cokriging_rbf,3
3455,2,0.008496340950313382,0.02151612556124495,cokriging_rbf,3
3455,3,0.0020395466464816865,0.4491113027749901,cokriging_rbf,3
3455,4,0.003002480852847994,0.48329554680055886,cokriging_rbf,3
3455,5,0.006767845870669814,0.6622154327581151,cokriging_rbf,3
3455,6,0.015412782420876195,1.762176088614664,cokriging_rbf,3
3455,7,0.004842313704229888,1.0140484153544291,cokriging_rbf,3
3455,8,0.010598790590760378,0.4711966538237281,cokriging_rbf,3
3455,9,0.00918113202471702,0.06289511662309341,cokriging_rbf,3
4391,1,0.0005648611357178266,0.925744038371074,cokriging_rbf,3
4391,4,0.0016138919647354611,1.0186267126347286,cokriging_rbf,3
4391,5,0.04215094681976605,0.8843644464118161,cokriging_rbf,3
4391,6,0.033132076333637885,2.004441714953576,cokriging_rbf,3
4391,9,0.01033141641747566,1.4710415858922152,cokriging_rbf,3
4391,10,0.004254857325803534,1.5021097945919337,cokriging_rbf,3
4588,1,0.0011791161041793546,2.0988513545269094,cokriging_rbf,3
4588,2,0.0027992988124410107,0.2630662500401411,cokriging_rbf,3
4588,3,0.0029864749778916112,3.293990012844469,cokriging_rbf,3
4588,4,0.003839793625482527,1.3691071190857342,cokriging_rbf,3
4588,5,0.06549826991506938,0.5323190271499864,cokriging_rbf,3
4588,6,0.01624786812642484,3.3441545026457167,cokriging_rbf,3
4588,7,0.007707694651724718,0.43506559435576986,cokriging_rbf,3
4588,8,0.016168397286451395,1.5426787108213487,cokriging_rbf,3
7267,1,0.004293846377972809,2.2081561695610823,cokriging_rbf,3
7267,2,0.011180255857083321,2.8579442885314865,cokriging_rbf,3
7267,3,0.012037860144110428,0.28785324513199406,cokriging_rbf,3
7267,4,0.01858186222644423,1.3234449053689594,cokriging_rbf,3
7267,5,0.017839627395758277,1.0651172613018425,cokriging_rbf,3
7267,8,0.03287488173940386,1.664389168264643,cokriging_rbf,3
7267,9,0.04843602818385496,1.1987233180977754,cokriging_rbf,3
7267,10,0.03450660570363169,0.3922298630905891,cokriging_rbf,3
9627,1,0.0033066566654894867,0.8289011644313806,cokriging_rbf,3
9627,2,0.007567359339522214,0.43623799601881585,cokriging_rbf,3
9627,3,0.0045650788369369505,1.607816594693076,cokriging_rbf,3
9627,4,0.007443540279161989,0.9339708788805079,cokriging_rbf,3
9627,5,0.017450397620552557,0.9080794105695541,cokriging_rbf,3
9627,6,0.012799534774050634,1.9505387494752424,cokriging_rbf,3
9627,7,0.009771573220881482,0.8682584592128925,cokriging_rbf,3
9627,8,0.013183134953268935,1.7596229462895583,cokriging_rbf,3
9627,9,0.020187775680797188,0.6449109295116299,cokriging_rbf,3
9627,10,0.029796185513704835,2.215358098972025,cokriging_rbf,3
692,1,0.0025333779114122537,0.1552258793597662,cokriging_matern32,0
692,2,0.0015503148438500206,2.782160890898659,cokriging_matern32,0
692,3,0.001023334259906868,0.27220450528480283,cokriging_matern32,0
692,4,0.0013151843061230176,1.1922868509566904,cokriging_matern32,0
692,5,0.013838975787663332,2.445213951222591,cokriging_matern32,0
692,6,0.010580598457262667,0.17402194285352626,cokriging_matern32,0
692,7,0.0012893693872378406,2.6498293417309973,cokriging_matern32,0
692,8,0.006527979560586207,0.1018148033131338,cokriging_matern32,0
692,9,0.009642876912478919,1.5603513282938366,cokriging_matern32,0
818,1,0.0013203830097268945,0.8043721747003989,cokriging_matern32,0
818,4,0.004490778760995702,2.9153797339408984,cokriging_matern32,0
818,5,0.10300891230299009,1.3270062024742728,cokriging_matern32,0
818,6,0.10689852188257272,2.3069603568440487,cokriging_matern32,0
818,9,0.004279591564177239,1.990817011232224,cokriging_matern32,0
818,10,0.002745620588536453,2.7595109812470073,cokriging_matern32,0
2612,1,0.0016159220236334794,0.35017315723107145,cokriging_matern32,0
2612,4,0.004483741886296741,0.247058435699245,cokriging_matern32,0
2612,5,0.06667367146176528,1.325283419721863,cokriging_matern32,0
2612,6,0.05268774743586559,3.4393997820551814,cokriging_matern32,0
2612,7,0.008655820010200108,2.1040533000888058,cokriging_matern32,0
2612,8,0.02567842517757958,4.750948921224503,cokriging_matern32,0
2612,9,0.024929991375897916,4.429113352371857,cokriging_matern32,0
2612,10,0.024118780230501836,1.8373080483037991,cokriging_matern32,0
3261,1,0.011722466810306843,1.150164462766033,cokriging_matern32,0
3261,2,0.010907664491217802,0.2399859965232423,cokriging_matern32,0
3261,3,0.0028277952455552924,2.39267420528459,cokriging_matern32,0
3261,4,0.008307367249803391,0.8805075147592738,cokriging_matern32,0
3261,5,0.03156352292667011,2.1009717383879685,cokriging_matern32,0
3261,6,0.009471811652210994,2.3341471267919243,cokriging_matern32,0
3261,7,0.007286093236207685,0.2453204569628207,cokriging_matern32,0
3261,8,0.012860406142902212,0.03173075840413382,cokriging_matern32,0
3261,9,0.022500964208672865,0.41346372160264067,cokriging_matern32,0
3283,1,0.013505723728775072,1.0928197483826378,cokriging_matern32,0
3283,4,0.010359747903534907,0.5622553704670561,cokriging_matern32,0
3283,10,0.006946369347503374,1.206324427515124,cokriging_matern32,0
4367,1,0.0011366465278421344,3.295666100255646,cokriging_matern32,0
4367,2,0.0028499233789244334,1.4648255890254984,cokriging_matern32,0
4367,3,0.0011314886241798419,4.844100606803434,cokriging_matern32,0
4367,4,0.0020573710601697157,2.1799913309752315,cokriging_matern32,0
4367,5,0.012753419470172334,2.2354994969426984,cokriging_matern32,0
4367,6,0.008792626240371252,5.032068267058845,cokriging_matern32,0
4367,7,0.003277823961003875,1.0610322016972353,cokriging_matern32,0
4367,10,0.004287369231632714,1.7904865781217192,cokriging_matern32,0
4723,1,0.0013112801844304518,1.5996481455452831,cokriging_matern32,0
4723,2,0.0019489036377621143,3.791539929243739,cokriging_matern32,0
4723,3,0.0009996579020980982,0.8480210722208791,cokriging_matern32,0
4723,4,0.0013900681363660575,2.4681495276526095,cokriging_matern32,0
4723,5,0.02158157830779003,2.3122114373100526,cokriging_matern32,0
4723,6,0.027635436023166954,1.0106881669549195,cokriging_matern32,0
4723,7,0.0016712114015577546,3.519774439124777,cokriging_matern32,0
4723,8,0.05730226782459315,3.953613270586622,cokriging_matern32,0
4723,9,0.0637202426980495,1.625451341367629,cokriging_matern32,0
6667,1,0.0011242643388217307,0.9218061508326644,cokriging_matern32,0
6667,2,0.0014350193885654741,0.4448028709953138,cokriging_matern32,0
6667,3,0.001885361608548194,1.1170576569446684,cokriging_matern32,0
6667,4,0.0011902513310238804,0.38895323590832076,cokriging_matern32,0
6667,5,0.014998736471259716,2.2731892630323776,cokriging_matern32,0
6667,6,0.012410299525597314,1.007275320964991,cokriging_matern32,0
6667,7,0.0026516809248178356,0.473783573200195,cokriging_matern32,0
6667,8,0.005861158777157087,0.8342250631949117,cokriging_matern32,0
6667,9,0.005332824908027453,1.0787027774680136,cokriging_matern32,0
6667,10,0.004759103515152043,0.017691698228514293,cokriging_matern32,0
8705,1,0.0013791808777953369,2.1732230736899907,cokriging_matern32,0
8705,2,0.0018522804368973403,0.26855882454943847,cokriging_matern32,0
8705,3,0.001555972122211364,3.4484002414606665,cokriging_matern32,0
8705,4,0.002190559187903589,1.1109712844719604,cokriging_matern32,0
8705,5,0.17594049463259315,1.0298279576000375,cokriging_matern32,0
8705,6,0.15911022032122804,3.750969374874532,cokriging_matern32,0
8705,9,0.007585817351477989,0.18977926011704943,cokriging_matern32,0
8705,10,0.007700498706425054,0.6798294076005278,cokriging_matern32,0
970,1,0.0014580847129755659,0.20512448545468925,cokriging_matern32,1
970,2,0.0009716185302290891,0.9202895097157662,cokriging_matern32,1
970,3,0.0012669789818111458,0.45121788049981465,cokriging_matern32,1
970,4,0.002317055618023026,0.2611100030779054,cokriging_matern32,1
970,5,0.02757399573828954,1.2840711066429515,cokriging_matern32,1
970,6,0.025568223076637735,1.3877212648895239,cokriging_matern32,1
970,7,0.003200897341584166,0.429301404474926,cokriging_matern32,1
970,8,0.0077021382300591695,1.2508884078477092,cokriging_matern32,1
970,9,0.012391270941905213,1.4091680666037114,cokriging_matern32,1
970,10,0.011895613624692368,2.5178730773824425,cokriging_matern32,1
2892,1,0.0028161653586582787,0.5092537483647694,cokriging_matern32,1
2892,2,0.00579942827231025,0.25712985140228334,cokriging_matern32,1
2892,3,0.003789642344141351,0.042982761451625315,cokriging_matern32,1
2892,4,0.007057061701711671,0.5341008868049401,cokriging_matern32,1
2892,5,0.012703580298502304,1.0811987899365285,cokriging_matern32,1
2892,6,0.01422440972822312,1.034511991075035,cokriging_matern32,1
2892,7,0.010782515667613783,1.473405455898698,cokriging_matern32,1
2892,8,0.010025343208287518,0.6359351835096401,cokriging_matern32,1
2892,9,0.0058124975371774915,1.2584519595543153,cokriging_matern32,1
2892,10,0.024487296494077906,1.4381106412583762,cokriging_matern32,1
3144,1,0.010642692709348596,2.61981181364639,cokriging_matern32,1
3144,2,0.025403911232837632,6.796490939398158,cokriging_matern32,1
3144,3,0.024164305435135782,5.56369441124053,cokriging_matern32,1
3144,4,0.02741306498460306,5.804875796273906,cokriging_matern32,1
3144,5,0.058542062495414514,10.509719334780561,cokriging_matern32,1
3144,6,0.047979980676067215,6.449042835461608,cokriging_matern32,1
3144,7,0.036874217365574544,8.471788020481682,cokriging_matern32,1
3144,10,0.07377547829765498,9.741554876159123,cokriging_matern32,1
3565,1,0.0004829216831695716,2.696731901031037,cokriging_matern32,1
3565,2,0.002060829173594207,1.9453084076911167,cokriging_matern32,1
3565,3,0.000496298958812567,0.7698850111540374,cokriging_matern32,1
3565,4,0.0019369164897547662,1.9631268520371359,cokriging_matern32,1
3565,5,0.02344280253705791,0.2325406453073127,cokriging_matern32,1
3565,6,0.020960128632335012,0.8171100233408298,cokriging_matern32,1
3565,7,0.0034628891906926832,1.6343742053764052,cokriging_matern32,1
3565,8,0.021965699587955446,1.5442749329869128,cokriging_matern32,1
3565,9,0.010264154918457226,1.8533896801168221,cokriging_matern32,1
3565,10,0.005293822437494234,0.4147737933264784,cokriging_matern32,1
3964,1,0.0007957047548296517,0.14637755902591376,cokriging_matern32,1
3964,2,0.0030260162381777,0.9624757359214161,cokriging_matern32,1
3964,3,0.0015088925458984473,1.0778369050292556,cokriging_matern32,1
3964,4,0.0033736205365449477,0.03289002880790652,cokriging_matern32,1
3964,5,0.02212711402622063,1.3974910952206259,cokriging_matern32,1
3964,6,0.017197991348075096,0.0888863535242208,cokriging_matern32,1
3964,7,0.006194699217526634,1.9282424258895563,cokriging_matern32,1
3964,8,0.012665989592263787,0.7071167709826521,cokriging_matern32,1
3964,9,0.009181714924995605,2.012055445732958,cokriging_matern32,1
3964,10,0.008234261673742764,0.44087110164680626,cokriging_matern32,1
4365,1,0.005571242425733129,0.9939190121086261,cokriging_matern32,1
4365,2,0.0057149995997537745,1.094418606255605,cokriging_matern32,1
4365,3,0.0037041268708901476,0.3348405562376577,cokriging_matern32,1
4365,4,0.004358888545768376,2.0422124427916777,cokriging_matern32,1
4365,5,0.014023040878357245,1.2423824777727066,cokriging_matern32,1
4365,6,0.011846234142233241,0.7155008622864908,cokriging_matern32,1
4365,7,0.0074853128910210495,1.1811089422591452,cokriging_matern32,1
6065,1,0.0020405684859057176,0.26547142822727665,cokriging_matern32,1
6065,2,0.0035412259546132225,0.2811822237807158,cokriging_matern32,1
6065,3,0.0017290069160031105,0.3831113474620984,cokriging_matern32,1
6065,4,0.004241219978091992,0.07878528801287911,cokriging_matern32,1
6065,5,0.00958180612667995,0.4013284851207703,cokriging_matern32,1
6065,6,0.009999004053665132,0.5916888590847798,cokriging_matern32,1
6065,7,0.007285283354372307,0.10190613822607289,cokriging_matern32,1
6065,8,0.005771260044009315,0.3231841190641977,cokriging_matern32,1
6065,9,0.011193439341273247,0.27024110216702246,cokriging_matern32,1
9183,1,0.0009136380142318911,1.8106753407390963,cokriging_matern32,1
9183,2,0.004337673525577757,4.108972260030278,cokriging_matern32,1
9183,3,0.002000871751105691,3.233292670086336,cokriging_matern32,1
9183,4,0.004524515770477994,1.4712911040529608,cokriging_matern32,1
9183,5,0.028376103923640608,6.448326145551849,cokriging_matern32,1
9183,6,0.01854554314633591,2.8263405936070116,cokriging_matern32,1
9183,7,0.011161694964210399,5.199985105049847,cokriging_matern32,1
9183,8,0.012348354489491902,3.45425194542986,cokriging_matern32,1
9183,9,0.015679100161941097,8.276881347091742,cokriging_matern32,1
9828,1,0.0009382129305048785,0.014812279876158189,cokriging_matern32,1
9828,2,0.0018298830266712564,1.474040351426792,cokriging_matern32,1
9828,3,0.0015520978643741243,1.402691732111615,cokriging_matern32,1
9828,4,0.0016365128830823537,0.7298640614623068,cokriging_matern32,1
9828,5,0.02411764925524516,1.3714519894368469,cokriging_matern32,1
9828,6,0.017958392167400222,1.1387819958128935,cokriging_matern32,1
9828,7,0.0028505069645467077,0.7648326747251458,cokriging_matern32,1
9828,8,0.005293388427012449,0.768635510579034,cokriging_matern32,1
9828,9,0.00300497561250733,4.624508518284837,cokriging_matern32,1
9828,10,0.003105528260782467,1.091047720101637,cokriging_matern32,1
871,1,0.007192306201452734,1.3477934614804667,cokriging_matern32,2
871,2,0.014408219118007009,1.046758526643948,cokriging_matern32,2
871,3,0.016805146463728955,2.6433270253102727,cokriging_matern32,2
871,4,0.01604357564731126,2.327879778531321,cokriging_matern32,2
871,5,0.023488186579996323,0.8905806569821494,cokriging_matern32,2
871,6,0.024985505326067067,4.067034522729156,cokriging_matern32,2
871,7,0.016933316713078808,1.7248221173364855,cokriging_matern32,2
871,8,0.007523484884013778,2.7698935149910273,cokriging_matern32,2
871,9,0.014144385608426678,1.2815715968556187,cokriging_matern32,2
1356,1,0.002123101216865225,0.751067420223501,cokriging_matern32,2
1356,2,0.0024834106542405954,0.52396635056218,cokriging_matern32,2
1356,3,0.004228517982947803,2.3308248279187254,cokriging_matern32,2
1356,4,0.003953832739133261,1.1848390498192518,cokriging_matern32,2
1356,5,0.00967591269525972,0.4414257967241283,cokriging_matern32,2
1356,6,0.006076167314827443,2.7202010997454362,cokriging_matern32,2
1356,7,0.006179071805468658,0.7106078609130155,cokriging_matern32,2
1356,8,0.021459960788889423,2.327908858877531,cokriging_matern32,2
1356,9,0.018518385409064884,0.03514532157680577,cokriging_matern32,2
3927,1,0.012597054916765197,1.345497783483178,cokriging_matern32,2
3927,2,0.017109826196974855,4.8073780441013465,cokriging_matern32,2
3927,3,0.014827252800460582,0.4286151694233422,cokriging_matern32,2
3927,4,0.01789449483017446,1.496525022016122,cokriging_matern32,2
3927,5,0.05100242046844073,7.293770676964792,cokriging_matern32,2
3927,6,0.041153049473350134,1.2554616744360625,cokriging_matern32,2
3927,7,0.025210465871564683,4.10579111827827,cokriging_matern32,2
3927,8,0.04314049702483276,0.9207898118009213,cokriging_matern32,2
3927,9,0.04604317892855396,11.540646638758968,cokriging_matern32,2
3927,10,0.08425608602655017,0.6105046013534116,cokriging_matern32,2
4919,1,0.003586105069423528,0.5895544470087762,cokriging_matern32,2
4919,2,0.009213202121381006,2.059249985475622,cokriging_matern32,2
4919,3,0.006191166641149838,0.8641498564611161,cokriging_matern32,2
4919,4,0.011351996638850236,1.2093902263980643,cokriging_matern32,2
4919,5,0.006765435123830315,2.903281001962116,cokriging_matern32,2
4919,6,0.009498245150094665,0.8585176660082308,cokriging_matern32,2
4919,7,0.017933739507690543,2.235025539121583,cokriging_matern32,2
4919,8,0.02960798545262839,1.2188401375056142,cokriging_matern32,2
4919,9,0.03780046366792505,3.4424659174074983,cokriging_matern32,2
5674,1,0.00179580245611875,0.7468468207303885,cokriging_matern32,2
5674,2,0.0033632321058677792,1.7805687150896816,cokriging_matern32,2
5674,3,0.004337498849917165,0.7286645422432655,cokriging_matern32,2
5674,4,0.006326568409091937,1.3847100175554239,cokriging_matern32,2
5674,5,0.02574855885541385,3.0040888615824337,cokriging_matern32,2
5674,6,0.020388901226538834,0.24441480630900983,cokriging_matern32,2
5674,7,0.009748490747564498,2.7687989829648796,cokriging_matern32,2
5674,8,0.018836789791374195,1.0424830504656935,cokriging_matern32,2
5674,9,0.03927988298783588,4.431809432483709,cokriging_matern32,2
5674,10,0.019409809413472572,2.291766299303689,cokriging_matern32,2
6742,1,0.011220803986600754,2.070010420867189,cokriging_matern32,2
6742,2,0.02109005102108334,4.725863504846481,cokriging_matern32,2
6742,3,0.013829589710555444,1.5347903236739213,cokriging_matern32,2
6742,4,0.024708249317248646,3.646027728800415,cokriging_matern32,2
6742,5,0.014701935930896111,7.2337010373605475,cokriging_matern32,2
6742,6,0.012367025526122732,1.2792211874456618,cokriging_matern32,2
6742,7,0.03290615336310667,6.103290257877907,cokriging_matern32,2
6742,8,0.025031045718971835,0.3292157916695208,cokriging_matern32,2
6742,9,0.01965050209723054,2.968379112991962,cokriging_matern32,2
6742,10,0.023062514929198932,3.933580347819952,cokriging_matern32,2
9064,1,0.0006778556132367266,1.4949013351997007,cokriging_matern32,2
9064,2,0.00214731386440734,0.2155602341793333,cokriging_matern32,2
9064,3,0.0009809823660378262,2.4160047018008113,cokriging_matern32,2
9064,4,0.0013213475998685097,1.2162656781103436,cokriging_matern32,2
9064,5,0.009201125431750732,0.31653682343767303,cokriging_matern32,2
9064,6,0.009070944174381344,1.9493531859961366,cokriging_matern32,2
9064,7,0.0026072896942986963,0.5686756565933541,cokriging_matern32,2
9064,8,0.043669437664379016,1.3269304879894182,cokriging_matern32,2
9064,9,0.03881374929252827,0.44643318050762654,cokriging_matern32,2
9064,10,0.0037468876604590134,3.9212296398698006,cokriging_matern32,2
9436,1,0.000958693667365685,0.9112289259624331,cokriging_matern32,2
9436,2,0.001245616540220596,0.44479596317364334,cokriging_matern32,2
9436,3,0.0010793192390189726,1.431291639387725,cokriging_matern32,2
9436,4,0.0020035320181380632,0.6246169204537605,cokriging_matern32,2
9436,5,0.16644022592157978,0.3697849382259412,cokriging_matern32,2
9436,6,0.14550441600221434,1.7823329798069223,cokriging_matern32,2
9436,7,0.003064758897753155,0.4538543813058066,cokriging_matern32,2
9436,8,0.02887451863820565,0.0012978095931364987,cokriging_matern32,2
9436,9,0.009796805197247066,0.8082833592467568,cokriging_matern32,2
9436,10,0.004669385851535702,0.4614570421417703,cokriging_matern32,2
1039,1,0.00619652941784167,0.6494158655107743,cokriging_matern32,3
1039,2,0.008206363611326359,3.0345721843912137,cokriging_matern32,3
1039,3,0.007284471612609756,0.6438624618349506,cokriging_matern32,3
1039,4,0.00941081444718826,0.17244213083811188,cokriging_matern32,3
1039,5,0.040401037170327087,5.999857561985157,cokriging_matern32,3
1039,6,0.029384127780308886,1.2204159929284164,cokriging_matern32,3
1039,7,0.0073365267245939485,0.8251544012520222,cokriging_matern32,3
1039,8,0.025833132730649522,0.4811317044489895,cokriging_matern32,3
1039,9,0.035696827423747704,9.358230996188606,cokriging_matern32,3
1062,1,0.0013931140037338947,1.004691872738746,cokriging_matern32,3
1062,2,0.0032665966422629296,2.658276929843836,cokriging_matern32,3
1062,3,0.0023819583449279304,1.362803094239743,cokriging_matern32,3
1062,4,0.0029901067905816776,1.5131928750661474,cokriging_matern32,3
1062,5,0.003620606917137487,1.144865171495177,cokriging_matern32,3
1062,6,0.011027767242309677,0.8152908761528522,cokriging_matern32,3
1062,7,0.002054058340011482,2.587905703807608,cokriging_matern32,3
1062,8,0.01764914342668215,2.2092939033349386,cokriging_matern32,3
1062,9,0.01477371754409296,1.6467586425175114,cokriging_matern32,3
1062,10,0.003083489642947992,1.7793520186366902,cokriging_matern32,3
1063,1,0.0034866815525397567,0.0149323687561804,cokriging_matern32,3
1063,2,0.00772678676497941,0.02747533438161497,cokriging_matern32,3
1063,3,0.003783989308746191,0.6704542578581009,cokriging_matern32,3
1063,4,0.014020995100297983,0.1893206458988422,cokriging_matern32,3
1063,5,0.014180382534515772,2.2174773402391526,cokriging_matern32,3
1063,6,0.012098335171966122,1.3435199476777853,cokriging_matern32,3
1063,7,0.011186075648603423,0.49890577439589273,cokriging_matern32,3
1063,8,0.0179994426591179,1.6325862510618157,cokriging_matern32,3
1063,9,0.013641091618627756,3.272460571285103,cokriging_matern32,3
1063,10,0.010341461293867512,1.0845353957182284,cokriging_matern32,3
3455,1,0.004455061293369038,0.02395182477161888,cokriging_matern32,3
3455,2,0.008250030771878842,0.1451666327989422,cokriging_matern32,3
3455,3,0.004588835552234154,0.637502395209479,cokriging_matern32,3
3455,4,0.002874795545337797,0.41497620557630044,cokriging_matern32,3
3455,5,0.013204374213444649,0.591545032874201,cokriging_matern32,3
3455,6,0.014735377442235773,1.4942017699815495,cokriging_matern32,3
3455,7,0.012507988607134249,0.896221825332745,cokriging_matern32,3
3455,8,0.011423666835989691,0.14297255859638067,cokriging_matern32,3
3455,9,0.009973992590773997,0.595079408266489,cokriging_matern32,3
4391,1,0.00047549205831309187,0.6330694711285,cokriging_matern32,3
4391,4,0.0011997013344648055,1.120774284842921,cokriging_matern32,3
4391,5,0.0427458307218449,0.006884141434843794,cokriging_matern32,3
4391,6,0.040115563783709,1.461187570265217,cokriging_matern32,3
4391,9,0.008634897696006486,1.217823465147993,cokriging_matern32,3
4391,10,0.006156011185042471,1.6041876360874476,cokriging_matern32,3
4588,1,0.0011734240933516554,1.9301411272488622,cokriging_matern32,3
4588,2,0.003789627884537655,0.2246206331760748,cokriging_matern32,3
4588,3,0.003369431367965488,3.1282358385960998,cokriging_matern32,3
4588,4,0.0035262977018011587,1.341124923925357,cokriging_matern32,3
4588,5,0.10531974247833449,0.8420420253824477,cokriging_matern32,3
4588,6,0.019225612101277222,3.1905553242017475,cokriging_matern32,3
4588,7,0.007712233678866166,0.5474985853520763,cokriging_matern32,3
4588,8,0.017955971382417304,1.7101294801132607,cokriging_matern32,3
7267,1,0.003981401925514836,1.4474488070895253,cokriging_matern32,3
7267,2,0.008647179388883533,3.0038201484393596,cokriging_matern32,3
7267,3,0.006887765579633112,0.5325477726776217,cokriging_matern32,3
7267,4,0.015595244263080909,1.3891921852305824,cokriging_matern32,3
7267,5,0.026265906695358946,1.9058599825424822,cokriging_matern32,3
7267,8,0.030335166768525264,1.9194455355968751,cokriging_matern32,3
7267,9,0.04624041307632461,1.6988730324944377,cokriging_matern32,3
7267,10,0.028352443579471958,1.5920646296641907,cokriging_matern32,3
9627,1,0.004061810755549,0.8945020321609156,cokriging_matern32,3
9627,2,0.0073721071989470725,0.7720451905662212,cokriging_matern32,3
9627,3,0.004384253227076871,1.179220974418839,cokriging_matern32,3
9627,4,0.007334291685487461,0.758994711940189,cokriging_matern32,3
9627,5,0.05162517038182658,0.7609102159302871,cokriging_matern32,3
9627,6,0.012918960126147721,1.9246169042659627,cokriging_matern32,3
9627,7,0.013808340479443565,0.8539956438034961,cokriging_matern32,3
9627,8,0.012697061980474527,1.7288315134195769,cokriging_matern32,3
9627,9,0.019919133703385154,0.8466603069786302,cokriging_matern32,3
9627,10,0.029815702023552063,1.5790312692518533,cokriging_matern32,3
692,1,0.0029195022927112216,0.8666786858285664,neural_inr_lr0.001,0
692,2,0.00668070241535733,0.11831762773264225,neural_inr_lr0.001,0
692,3,0.004310341236693165,0.7917415871322587,neural_inr_lr0.001,0
692,4,0.006898407117407445,0.5769900608529724,neural_inr_lr0.001,0
692,5,0.00876184246344276,2.2776537217921846,neural_inr_lr0.001,0
692,6,0.005574170003798629,0.22826367678411627,neural_inr_lr0.001,0
692,7,0.008871163058992984,1.8382335144068156,neural_inr_lr0.001,0
692,8,0.00804145437260328,1.8642693589155603,neural_inr_lr0.001,0
692,9,0.01751408735269526,3.678980522935172,neural_inr_lr0.001,0
818,1,0.0017989623654201892,2.5799069283794864,neural_inr_lr0.001,0
818,4,0.005560304932697455,2.2747082752298877,neural_inr_lr0.001,0
818,5,0.11395032487457278,1.1425428503307333,neural_inr_lr0.001,0
818,6,0.11197727234564911,2.6802158635164557,neural_inr_lr0.001,0
818,9,0.011344785127265188,0.43210280751015906,neural_inr_lr0.001,0
818,10,0.008180702317704692,0.7376273766740682,neural_inr_lr0.001,0
2612,1,0.01973339657572196,0.8460859035003557,neural_inr_lr0.001,0
2612,4,0.021672531844459882,3.017151020412103,neural_inr_lr0.001,0
2612,5,0.0578892195139937,4.079580799009877,neural_inr_lr0.001,0
2612,6,0.05482701129702269,3.9815820431863047,neural_inr_lr0.001,0
2612,7,0.026649918131984647,4.404258739960211,neural_inr_lr0.001,0
2612,8,0.02978122576180504,5.0576188554290304,neural_inr_lr0.001,0
2612,9,0.033282489642173875,5.097972578610284,neural_inr_lr0.001,0
2612,10,0.03805256464253654,5.5660158221080165,neural_inr_lr0.001,0
3261,1,0.0024427454979362457,0.44216840603319996,neural_inr_lr0.001,0
3261,2,0.006134584188959743,0.5529701576779894,neural_inr_lr0.001,0
3261,3,0.004099313907934861,0.48926862009691446,neural_inr_lr0.001,0
3261,4,0.00603510201285526,0.7822943682349432,neural_inr_lr0.001,0
3261,5,0.008968466540135937,0.22870664353789708,neural_inr_lr0.001,0
3261,6,0.005616163223552643,0.5379679667997193,neural_inr_lr0.001,0
3261,7,0.007420780186507289,0.06687396672921571,neural_inr_lr0.001,0
3261,8,0.018168189374782553,1.1931650428006995,neural_inr_lr0.001,0
3261,9,0.0281913512300757,0.39523395732293487,neural_inr_lr0.001,0
3283,1,0.0034669961500960727,1.3699828346727245,neural_inr_lr0.001,0
3283,4,0.007640256531587686,0.7938526121700437,neural_inr_lr0.001,0
3283,10,0.01090014574568533,0.5764393762781342,neural_inr_lr0.001,0
4367,1,0.0016312329028799824,0.8155678812959428,neural_inr_lr0.001,0
4367,2,0.004965874325942493,1.1201405767326806,neural_inr_lr0.001,0
4367,3,0.002561661972007167,0.30075441900602373,neural_inr_lr0.001,0
4367,4,0.004215426476236432,0.368115559893017,neural_inr_lr0.001,0
4367,5,0.007589243536340875,2.82381577344383,neural_inr_lr0.001,0
4367,6,0.004855245146704147,0.14239139253871758,neural_inr_lr0.001,0
4367,7,0.005823977594207194,0.8913890002715881,neural_inr_lr0.001,0
4367,10,0.006887594252023026,0.4045894694139108,neural_inr_lr0.001,0
4723,1,0.0021406209258828393,0.98766062567462,neural_inr_lr0.001,0
4723,2,0.0057345437347787985,0.6056104630128396,neural_inr_lr0.001,0
4723,3,0.0035571542637653337,0.9254086258393546,neural_inr_lr0.001,0
4723,4,0.005740841179415381,1.1357752347136132,neural_inr_lr0.001,0
4723,5,0.00838140924469417,1.5998406111737615,neural_inr_lr0.001,0
4723,6,0.006231505890783881,0.7817323407356896,neural_inr_lr0.001,0
4723,7,0.007891062014610808,0.08302788114002495,neural_inr_lr0.001,0
4723,8,0.057299423664251094,2.974946989353379,neural_inr_lr0.001,0
4723,9,0.06834113593012946,2.801252906054523,neural_inr_lr0.001,0
6667,1,0.0035227248704598267,2.4314213017900053,neural_inr_lr0.001,0
6667,2,0.007167763069472128,3.4628493261849354,neural_inr_lr0.001,0
6667,3,0.004521290877690969,1.7301725004608715,neural_inr_lr0.001,0
6667,4,0.007113289083488508,2.3229734616021833,neural_inr_lr0.001,0
6667,5,0.00841734578111622,4.889566277833449,neural_inr_lr0.001,0
6667,6,0.004973156358607748,2.0144230453682037,neural_inr_lr0.001,0
6667,7,0.009104459879888095,3.7003410528839966,neural_inr_lr0.001,0
6667,8,0.006208565342389443,0.5649274653407472,neural_inr_lr0.001,0
6667,9,0.013443160807592528,5.906853887492506,neural_inr_lr0.001,0
6667,10,0.009309780053434602,3.4874754602118636,neural_inr_lr0.001,0
8705,1,0.002455278958045478,3.010079027705947,neural_inr_lr0.001,0
8705,2,0.006187915869936692,1.1234808752707213,neural_inr_lr0.001,0
8705,3,0.0052541151639824285,4.714829611178824,neural_inr_lr0.001,0
8705,4,0.006179322476401031,2.4390340421627728,neural_inr_lr0.001,0
8705,5,0.17690352181373892,0.8617112029762771,neural_inr_lr0.001,0
8705,6,0.15985783446088386,5.041697486636407,neural_inr_lr0.001,0
8705,9,0.010920790885346067,0.31510651521070143,neural_inr_lr0.001,0
8705,10,0.009768514207359417,0.9827500796242835,neural_inr_lr0.001,0
970,1,0.00359342687920894,1.0856793600203736,neural_inr_lr0.001,1
970,2,0.005576385614385256,0.5557753495824861,neural_inr_lr0.001,1
970,3,0.005444144758489598,1.1634877673123993,neural_inr_lr0.001,1
970,4,0.006610542306551759,0.8365567599620656,neural_inr_lr0.001,1
970,5,0.02367255737090584,0.15194657318059487,neural_inr_lr0.001,1
970,6,0.024013504187065222,1.188640567888507,neural_inr_lr0.001,1
970,7,0.015277510953836655,0.24518264950671936,neural_inr_lr0.001,1
970,8,0.010387088684906344,1.3270811824912605,neural_inr_lr0.001,1
970,9,0.021947895385144484,0.36455625459539776,neural_inr_lr0.001,1
970,10,0.019895161411127193,0.5707205056141352,neural_inr_lr0.001,1
2892,1,0.0029211846027957147,2.326792571110159,neural_inr_lr0.001,1
2892,2,0.008665814341416828,1.21311671169808,neural_inr_lr0.001,1
2892,3,0.004917950180374413,1.9268684356841306,neural_inr_lr0.001,1
2892,4,0.012789201385044791,1.5469634783948618,neural_inr_lr0.001,1
2892,5,0.023093669768246915,0.22735843653454504,neural_inr_lr0.001,1
2892,6,0.016428755215167765,2.5540764531470797,neural_inr_lr0.001,1
2892,7,0.022804527015940455,0.4771067843722563,neural_inr_lr0.001,1
2892,8,0.017613311218978477,1.8669647068053186,neural_inr_lr0.001,1
2892,9,0.03327438569848779,0.21390876768633954,neural_inr_lr0.001,1
2892,10,0.027466146517791352,0.3483716615961355,neural_inr_lr0.001,1
3144,1,0.01594869124311819,2.4158788179455692,neural_inr_lr0.001,1
3144,2,0.03060862892751256,6.58018058551141,neural_inr_lr0.001,1
3144,3,0.025108185564354176,3.5653684518456155,neural_inr_lr0.001,1
3144,4,0.04015836362858751,6.261070393457959,neural_inr_lr0.001,1
3144,5,0.05013148687179448,9.998037251197104,neural_inr_lr0.001,1
3144,6,0.041805065643699596,5.178369255522405,neural_inr_lr0.001,1
3144,7,0.06221745065850802,9.704958828621212,neural_inr_lr0.001,1
3144,10,0.06670509251966714,10.286757099808122,neural_inr_lr0.001,1
3565,1,0.0016793700101180296,1.6755363071805394,neural_inr_lr0.001,1
3565,2,0.005414202890717073,1.3124172910245453,neural_inr_lr0.001,1
3565,3,0.003788575218102533,1.4056783885400082,neural_inr_lr0.001,1
3565,4,0.005696226183458922,0.9936364437552885,neural_inr_lr0.001,1
3565,5,0.021447902224707327,1.0566998552444462,neural_inr_lr0.001,1
3565,6,0.01949881180955755,1.6627636668379784,neural_inr_lr0.001,1
3565,7,0.008494134796410993,0.6025513798237709,neural_inr_lr0.001,1
3565,8,0.007909211058938551,1.0155393642041157,neural_inr_lr0.001,1
3565,9,0.013693187102309799,1.729483691164904,neural_inr_lr0.001,1
3565,10,0.009317261504504976,0.07183944433661586,neural_inr_lr0.001,1
3964,1,0.0024358379251482737,1.0642379326321216,neural_inr_lr0.001,1
3964,2,0.006874805836804421,1.9808686103236375,neural_inr_lr0.001,1
3964,3,0.005445937507430913,1.059791185680515,neural_inr_lr0.001,1
3964,4,0.007491472751029894,1.0078149961033425,neural_inr_lr0.001,1
3964,5,0.027802257115332997,2.13577929818287,neural_inr_lr0.001,1
3964,6,0.023990412395631044,0.13962257506055087,neural_inr_lr0.001,1
3964,7,0.010398175717490899,1.436086299536817,neural_inr_lr0.001,1
3964,8,0.010271635867387918,0.1996930004480412,neural_inr_lr0.001,1
3964,9,0.015946296415782445,1.6291808301815855,neural_inr_lr0.001,1
3964,10,0.011540315809619702,0.6170550606421875,neural_inr_lr0.001,1
4365,1,0.004309985112306603,0.8200601788877443,neural_inr_lr0.001,1
4365,2,0.011778336465538115,0.40553929703460273,neural_inr_lr0.001,1
4365,3,0.00669291866441294,0.6913239053907674,neural_inr_lr0.001,1
4365,4,0.016396627577783155,0.10932576321466039,neural_inr_lr0.001,1
4365,5,0.02817002687548022,1.372253534403039,neural_inr_lr0.001,1
4365,6,0.017171431274825535,1.1199167287821423,neural_inr_lr0.001,1
4365,7,0.02882632996785029,0.9706732157229386,neural_inr_lr0.001,1
6065,1,0.0015567669799026694,0.2651519413852602,neural_inr_lr0.001,1
6065,2,0.00448076520816492,0.13448797463733614,neural_inr_lr0.001,1
6065,3,0.0030546313936849717,0.2415960624576542,neural_inr_lr0.001,1
6065,4,0.00732410627772379,0.2667714036744023,neural_inr_lr0.001,1
6065,5,0.016295901919061495,0.34698851992784746,neural_inr_lr0.001,1
6065,6,0.01587462816728226,0.43238395892112463,neural_inr_lr0.001,1
6065,7,0.013200632110848763,0.11862447945251624,neural_inr_lr0.001,1
6065,8,0.010040929692168889,0.9155603977944855,neural_inr_lr0.001,1
6065,9,0.01880128695283319,0.6036397638817251,neural_inr_lr0.001,1
9183,1,0.004547388285718148,4.440142243155364,neural_inr_lr0.001,1
9183,2,0.00774110011995528,4.597043277906017,neural_inr_lr0.001,1
9183,3,0.00744999175037351,4.114652147841512,neural_inr_lr0.001,1
9183,4,0.0073875434013300255,4.347216400781671,neural_inr_lr0.001,1
9183,5,0.02095357735703572,5.116679379441282,neural_inr_lr0.001,1
9183,6,0.021310563779682774,4.6182329740209545,neural_inr_lr0.001,1
9183,7,0.010955295029822523,4.840495173204292,neural_inr_lr0.001,1
9183,8,0.013810781137874642,4.252645238036403,neural_inr_lr0.001,1
9183,9,0.017337265334267542,7.102556616464666,neural_inr_lr0.001,1
9828,1,0.0026065438718026117,2.0663916968030613,neural_inr_lr0.001,1
9828,2,0.004618589044679363,2.6114272841037245,neural_inr_lr0.001,1
9828,3,0.004106131915903071,1.4936915585912438,neural_inr_lr0.001,1
9828,4,0.0055223774911245666,1.978927429252895,neural_inr_lr0.001,1
9828,5,0.018265063918665787,3.071380893224209,neural_inr_lr0.001,1
9828,6,0.017364919337399403,2.0071878695897793,neural_inr_lr0.001,1
9828,7,0.007936255255505233,2.562978248574466,neural_inr_lr0.001,1
9828,8,0.00669309098551118,1.7738139220904336,neural_inr_lr0.001,1
9828,9,0.011970796450009463,5.052434289425858,neural_inr_lr0.001,1
9828,10,0.009249009614138388,1.3384148695967613,neural_inr_lr0.001,1
871,1,0.009672575855371368,1.6458296529080227,neural_inr_lr0.001,2
871,2,0.016028832538496712,1.4949504422158104,neural_inr_lr0.001,2
871,3,0.012778428128145709,0.7966865722543098,neural_inr_lr0.001,2
871,4,0.013486651536826667,1.3837504671476464,neural_inr_lr0.001,2
871,5,0.02322817769322913,3.019948815852252,neural_inr_lr0.001,2
871,6,0.025128159577723044,1.0212170598563157,neural_inr_lr0.001,2
871,7,0.01887418760585619,3.049874817660797,neural_inr_lr0.001,2
871,8,0.017459575171601932,1.1249342862217402,neural_inr_lr0.001,2
871,9,0.024123846392223206,3.0585713493079707,neural_inr_lr0.001,2
1356,1,0.0031978344509555907,0.7189043792216157,neural_inr_lr0.001,2
1356,2,0.006226138767166247,0.6761961089563854,neural_inr_lr0.001,2
1356,3,0.004296604089532845,2.104357635670401,neural_inr_lr0.001,2
1356,4,0.009999151810262648,0.657562191433625,neural_inr_lr0.001,2
1356,5,0.021016205442484764,0.9997567290868641,neural_inr_lr0.001,2
1356,6,0.01353373181893028,1.9165530826078583,neural_inr_lr0.001,2
1356,7,0.020619867543924576,0.6314590059033613,neural_inr_lr0.001,2
1356,8,0.01896188676016694,0.7328984543426741,neural_inr_lr0.001,2
1356,9,0.03687191063108048,2.660240741498412,neural_inr_lr0.001,2
3927,1,0.014057527483233957,2.5154397537795794,neural_inr_lr0.001,2
3927,2,0.030500911093757185,3.9677258849293477,neural_inr_lr0.001,2
3927,3,0.019468803026529077,1.196455520241329,neural_inr_lr0.001,2
3927,4,0.03560090901897004,2.8150235149743597,neural_inr_lr0.001,2
3927,5,0.059206183231304985,7.052464921243966,neural_inr_lr0.001,2
3927,6,0.03780362522514146,1.440468721449008,neural_inr_lr0.001,2
3927,7,0.06260379393497967,4.825507172295521,neural_inr_lr0.001,2
3927,8,0.03737972893522589,2.7602998362656392,neural_inr_lr0.001,2
3927,9,0.08668869200410252,11.676656889858895,neural_inr_lr0.001,2
3927,10,0.09417389227304045,4.4162698118071155,neural_inr_lr0.001,2
4919,1,0.0042977071251324465,1.547819729316648,neural_inr_lr0.001,2
4919,2,0.007935235595068573,2.791847431906414,neural_inr_lr0.001,2
4919,3,0.007056071778858104,2.9206019112094554,neural_inr_lr0.001,2
4919,4,0.010417949720749513,2.539031689316855,neural_inr_lr0.001,2
4919,5,0.023002055804371337,1.8465625526871774,neural_inr_lr0.001,2
4919,6,0.022900554544331785,3.5141722769454224,neural_inr_lr0.001,2
4919,7,0.01485614027742956,2.483758527200218,neural_inr_lr0.001,2
4919,8,0.015480113224341,2.4897892308461227,neural_inr_lr0.001,2
4919,9,0.012781892906506151,1.8225719771104563,neural_inr_lr0.001,2
5674,1,0.002720223353137081,1.9472309793256526,neural_inr_lr0.001,2
5674,2,0.005274776842180508,3.267369809733135,neural_inr_lr0.001,2
5674,3,0.004801703582378561,2.1865317206774266,neural_inr_lr0.001,2
5674,4,0.006624931841802096,2.1673091562161217,neural_inr_lr0.001,2
5674,5,0.02470791049380779,2.230035944514054,neural_inr_lr0.001,2
5674,6,0.018514861993086072,1.4902247657813004,neural_inr_lr0.001,2
5674,7,0.008307351958620767,2.0097466419979457,neural_inr_lr0.001,2
5674,8,0.010802241958479787,1.352763901103218,neural_inr_lr0.001,2
5674,9,0.007415869571440037,2.6594641057004207,neural_inr_lr0.001,2
5674,10,0.013402386136915875,0.7843849503808954,neural_inr_lr0.001,2
6742,1,0.004947844791182692,1.392602058399611,neural_inr_lr0.001,2
6742,2,0.0082674744404591,2.626703386593164,neural_inr_lr0.001,2
6742,3,0.010623008416850516,1.8896687501509928,neural_inr_lr0.001,2
6742,4,0.014111795529242459,1.7158498176657855,neural_inr_lr0.001,2
6742,5,0.014365956504466244,1.4637925836903127,neural_inr_lr0.001,2
6742,6,0.021852291299157556,1.54041199028802,neural_inr_lr0.001,2
6742,7,0.01820849757488407,1.4985263361272945,neural_inr_lr0.001,2
6742,8,0.0226124713072291,0.9432864177967983,neural_inr_lr0.001,2
6742,9,0.020573178603094763,1.1979999979859772,neural_inr_lr0.001,2
6742,10,0.0266709545962126,0.5989284500839734,neural_inr_lr0.001,2
9064,1,0.0026177970129825164,3.8132281411882665,neural_inr_lr0.001,2
9064,2,0.00564801994478094,2.201918685365941,neural_inr_lr0.001,2
9064,3,0.0033538136864703703,2.8861254245370267,neural_inr_lr0.001,2
9064,4,0.005743767303472286,2.860347217308319,neural_inr_lr0.001,2
9064,5,0.019483653317981874,1.9759978887021583,neural_inr_lr0.001,2
9064,6,0.01564563952243501,2.7177625716436333,neural_inr_lr0.001,2
9064,7,0.007847925110866504,1.8295065466934386,neural_inr_lr0.001,2
9064,8,0.005712633351701366,3.3656721737693625,neural_inr_lr0.001,2
9064,9,0.01007392538056516,2.3615937468515202,neural_inr_lr0.001,2
9064,10,0.008174550285310897,2.8520466711425123,neural_inr_lr0.001,2
9436,1,0.003316925787697829,1.4988975804704647,neural_inr_lr0.001,2
9436,2,0.006449870907362651,0.7784680215210985,neural_inr_lr0.001,2
9436,3,0.004244225961112001,0.7186138375443586,neural_inr_lr0.001,2
9436,4,0.0063949763480967365,0.07829398782690697,neural_inr_lr0.001,2
9436,5,0.028863690021727544,0.7188925162992535,neural_inr_lr0.001,2
9436,6,0.02661195180387759,0.07167799937602602,neural_inr_lr0.001,2
9436,7,0.008418355300921915,0.8923706392373302,neural_inr_lr0.001,2
9436,8,0.007438999302691634,0.39849607044126956,neural_inr_lr0.001,2
9436,9,0.010097758470374947,0.7152622861938941,neural_inr_lr0.001,2
9436,10,0.008843933090895043,0.2052178841801232,neural_inr_lr0.001,2
1039,1,0.009088343905132216,3.054977881583322,neural_inr_lr0.001,3
1039,2,0.013645733264937428,5.2805855013015695,neural_inr_lr0.001,3
1039,3,0.011554517530634682,3.727764789410184,neural_inr_lr0.001,3
1039,4,0.021013978115910468,4.038394914853164,neural_inr_lr0.001,3
1039,5,0.030783792168230375,4.013525941746966,neural_inr_lr0.001,3
1039,6,0.02109903854576939,4.390645558496659,neural_inr_lr0.001,3
1039,7,0.03616339477287264,3.85469479270043,neural_inr_lr0.001,3
1039,8,0.03175793362881494,2.7127417878257956,neural_inr_lr0.001,3
1039,9,0.054297381005258834,4.18082302020447,neural_inr_lr0.001,3
1062,1,0.0019731582271720915,0.8372505994177629,neural_inr_lr0.001,3
1062,2,0.0061371967453370665,2.7670618371239213,neural_inr_lr0.001,3
1062,3,0.004333133889546706,0.2876802440252493,neural_inr_lr0.001,3
1062,4,0.006506037019127692,0.6455598789085786,neural_inr_lr0.001,3
1062,5,0.013418045776308781,0.8483053674605349,neural_inr_lr0.001,3
1062,6,0.011306669336538195,0.06229607769023317,neural_inr_lr0.001,3
1062,7,0.008450243445674941,0.24389053079716708,neural_inr_lr0.001,3
1062,8,0.0069634784697949125,0.9111931699663081,neural_inr_lr0.001,3
1062,9,0.011794014759149036,1.2323320411226992,neural_inr_lr0.001,3
1062,10,0.010360213123998296,0.794666080997236,neural_inr_lr0.001,3
1063,1,0.004890992530443377,5.341992400169612,neural_inr_lr0.001,3
1063,2,0.012179545200167327,6.235079006758537,neural_inr_lr0.001,3
1063,3,0.010259885093143637,5.164059920643408,neural_inr_lr0.001,3
1063,4,0.011409952396258747,5.009744597685823,neural_inr_lr0.001,3
1063,5,0.016183476326747073,3.3518240036714575,neural_inr_lr0.001,3
1063,6,0.01583044016234476,5.483550653482348,neural_inr_lr0.001,3
1063,7,0.019534735306954317,3.5505322842630784,neural_inr_lr0.001,3
1063,8,0.0179643707146773,3.718665662719412,neural_inr_lr0.001,3
1063,9,0.03037597317141561,2.7128564079379416,neural_inr_lr0.001,3
1063,10,0.025794471475956503,4.358536573908487,neural_inr_lr0.001,3
3455,1,0.004537941280328734,0.9178582789603104,neural_inr_lr0.001,3
3455,2,0.008808829108821262,0.7201135443540257,neural_inr_lr0.001,3
3455,3,0.005131002191108895,1.1752768616354277,neural_inr_lr0.001,3
3455,4,0.0066606304503062114,0.8669042311639041,neural_inr_lr0.001,3
3455,5,0.0168178479604909,0.23320480004171312,neural_inr_lr0.001,3
3455,6,0.018506902085830414,1.4419030884953885,neural_inr_lr0.001,3
3455,7,0.010645219983447895,0.4717864011815956,neural_inr_lr0.001,3
3455,8,0.007993900896449838,0.7284187422064863,neural_inr_lr0.001,3
3455,9,0.014327766097573831,0.006099927589977171,neural_inr_lr0.001,3
4391,1,0.002213626537678458,0.1945503934815748,neural_inr_lr0.001,3
4391,4,0.006886940720669358,0.08559730471504083,neural_inr_lr0.001,3
4391,5,0.07070035173990212,1.3893836464456328,neural_inr_lr0.001,3
4391,6,0.06612225106832195,0.0687084008075059,neural_inr_lr0.001,3
4391,9,0.013364974700278713,1.1186510878595068,neural_inr_lr0.001,3
4391,10,0.01000209893584542,0.6930751553014487,neural_inr_lr0.001,3
4588,1,0.0015198684138762837,0.9521413602665206,neural_inr_lr0.001,3
4588,2,0.00457529334528382,1.4669234356842764,neural_inr_lr0.001,3
4588,3,0.0048409312424034295,1.1761264315794104,neural_inr_lr0.001,3
4588,4,0.005053358856198953,1.1066488018541996,neural_inr_lr0.001,3
4588,5,0.009968380891158332,0.20790456721184974,neural_inr_lr0.001,3
4588,6,0.008108992949251187,1.2347932584258876,neural_inr_lr0.001,3
4588,7,0.005811805934486642,0.615026225339592,neural_inr_lr0.001,3
4588,8,0.006561369705134263,0.48882851464364313,neural_inr_lr0.001,3
7267,1,0.0076837934684938864,5.984264877352601,neural_inr_lr0.001,3
7267,2,0.010157425799736898,9.878419444910893,neural_inr_lr0.001,3
7267,3,0.008679099979277547,6.7712763849282815,neural_inr_lr0.001,3
7267,4,0.014664269511140426,8.209802131262395,neural_inr_lr0.001,3
7267,5,0.022046256613233183,11.64333518318043,neural_inr_lr0.001,3
7267,8,0.03561546563082066,6.740205703800483,neural_inr_lr0.001,3
7267,9,0.04705826257059814,13.633801428339078,neural_inr_lr0.001,3
7267,10,0.031491920521472025,11.244182854163345,neural_inr_lr0.001,3
9627,1,0.006983514181672962,1.0207262266544792,neural_inr_lr0.001,3
9627,2,0.012694940170631955,1.2734878215361407,neural_inr_lr0.001,3
9627,3,0.005840269888088297,1.3913053861200857,neural_inr_lr0.001,3
9627,4,0.010642644508480787,1.354670194836668,neural_inr_lr0.001,3
9627,5,0.015957443397540617,1.377587973207595,neural_inr_lr0.001,3
9627,6,0.010653661668456974,1.9553150883026666,neural_inr_lr0.001,3
9627,7,0.0157990863236856,1.3360952672620412,neural_inr_lr0.001,3
9627,8,0.013428499498663267,2.1596701442027486,neural_inr_lr0.001,3
9627,9,0.019485216696099508,0.9423595760085227,neural_inr_lr0.001,3
9627,10,0.019235984057495485,2.4257418162973368,neural_inr_lr0.001,3
692,1,0.0040995965343792184,1.9440785203969295,neural_inr_lr0.0003,0
692,2,0.00606087268769578,1.1409624098342654,neural_inr_lr0.0003,0
692,3,0.004308424316748127,1.707544004203343,neural_inr_lr0.0003,0
692,4,0.006752726160159624,1.497778858821712,neural_inr_lr0.0003,0
692,5,0.007959464028558204,0.70337554162174,neural_inr_lr0.0003,0
692,6,0.005797596570268986,1.13540359658238,neural_inr_lr0.0003,0
692,7,0.00848873605309762,0.3448747339487544,neural_inr_lr0.0003,0
692,8,0.010110440357421816,2.695296676422026,neural_inr_lr0.0003,0
692,9,0.016359014213001337,1.5958629190570854,neural_inr_lr0.0003,0
818,1,0.002848599396507577,2.7304024346500735,neural_inr_lr0.0003,0
818,4,0.0059157678992821944,1.9841782645796604,neural_inr_lr0.0003,0
818,5,0.11512249130926645,0.47703635894913293,neural_inr_lr0.0003,0
818,6,0.11452919942189453,2.5549702147038733,neural_inr_lr0.0003,0
818,9,0.010512655215372448,0.07990021702315468,neural_inr_lr0.0003,0
818,10,0.008755539683674731,0.23875317268073243,neural_inr_lr0.0003,0
2612,1,0.010005773997020415,0.9416738199140253,neural_inr_lr0.0003,0
2612,4,0.025283294528082496,1.3566171583050266,neural_inr_lr0.0003,0
2612,5,0.05573458765177076,1.6934566251707208,neural_inr_lr0.0003,0
2612,6,0.054229556421901734,2.7566558425300483,neural_inr_lr0.0003,0
2612,7,0.037613283643637814,2.209402890454575,neural_inr_lr0.0003,0
2612,8,0.03849324446259311,3.7604460762670557,neural_inr_lr0.0003,0
2612,9,0.047923398731589816,3.4119872542826144,neural_inr_lr0.0003,0
2612,10,0.04638126111293797,3.5558611058885288,neural_inr_lr0.0003,0
3261,1,0.004059270824990952,0.35681170755342556,neural_inr_lr0.0003,0
3261,2,0.006165694247186412,0.19614760991029506,neural_inr_lr0.0003,0
3261,3,0.004130360166862553,0.017005257068704642,neural_inr_lr0.0003,0
3261,4,0.005511642931341224,0.13785786620443916,neural_inr_lr0.0003,0
3261,5,0.009110291372462382,0.6670753307709787,neural_inr_lr0.0003,0
3261,6,0.005662436874304782,0.25571779461537486,neural_inr_lr0.0003,0
3261,7,0.006678387005731107,0.7928498470895816,neural_inr_lr0.0003,0
3261,8,0.02129819193527699,0.6776756180741937,neural_inr_lr0.0003,0
3261,9,0.027653144797128385,0.9871733137944444,neural_inr_lr0.0003,0
3283,1,0.004825606042252944,0.3667198256078428,neural_inr_lr0.0003,0
3283,4,0.00689875520502454,1.1937154945256487,neural_inr_lr0.0003,0
3283,10,0.010662804561188604,3.088591200609172,neural_inr_lr0.0003,0
4367,1,0.002961391769982403,0.5838795973891308,neural_inr_lr0.0003,0
4367,2,0.004888821650959602,0.0036560074759529725,neural_inr_lr0.0003,0
4367,3,0.0026636609221896567,1.7858563450417015,neural_inr_lr0.0003,0
4367,4,0.004406498220744315,0.8685518884321725,neural_inr_lr0.0003,0
4367,5,0.006681289161996849,1.2818486936670344,neural_inr_lr0.0003,0
4367,6,0.004585607556785412,2.02723747243211,neural_inr_lr0.0003,0
4367,7,0.0058464860570516764,1.8228557766934546,neural_inr_lr0.0003,0
4367,10,0.007333559288569182,2.4629545179970713,neural_inr_lr0.0003,0
4723,1,0.0030840383936352263,2.711079160476377,neural_inr_lr0.0003,0
4723,2,0.005503802958893303,2.8207822581003397,neural_inr_lr0.0003,0
4723,3,0.0038620705533406138,1.7719558351004485,neural_inr_lr0.0003,0
4723,4,0.006207776327783309,2.539120104197619,neural_inr_lr0.0003,0
4723,5,0.007172572255232398,1.329366304560822,neural_inr_lr0.0003,0
4723,6,0.005822117385764339,1.1949835484079592,neural_inr_lr0.0003,0
4723,7,0.008295009359344609,1.3905260441238312,neural_inr_lr0.0003,0
4723,8,0.059813244975315406,3.1661060524129354,neural_inr_lr0.0003,0
4723,9,0.06808564191468562,0.7352759603148729,neural_inr_lr0.0003,0
6667,1,0.0049144464119335925,1.1516679425356275,neural_inr_lr0.0003,0
6667,2,0.006806720159683399,1.8259843561038103,neural_inr_lr0.0003,0
6667,3,0.004716494929569253,0.9112336243962316,neural_inr_lr0.0003,0
6667,4,0.007287342254648531,1.2736798738812878,neural_inr_lr0.0003,0
6667,5,0.009426187574871093,2.798545901985142,neural_inr_lr0.0003,0
6667,6,0.00547494067675884,1.2765298076279954,neural_inr_lr0.0003,0
6667,7,0.00931765030567795,2.586601921135225,neural_inr_lr0.0003,0
6667,8,0.007804587778906799,0.2393802310764941,neural_inr_lr0.0003,0
6667,9,0.012503533229309622,3.0816752838057586,neural_inr_lr0.0003,0
6667,10,0.010162633375640542,2.6716369438547227,neural_inr_lr0.0003,0
8705,1,0.004361482882600686,3.0685746470859376,neural_inr_lr0.0003,0
8705,2,0.005755394039414286,0.5627460039682078,neural_inr_lr0.0003,0
8705,3,0.005049903606321231,4.494017720917859,neural_inr_lr0.0003,0
8705,4,0.00563849544931363,1.7514055209904826,neural_inr_lr0.0003,0
8705,5,0.176314600309034,0.5089078284952416,neural_inr_lr0.0003,0
8705,6,0.16151241132163383,4.46135231843471,neural_inr_lr0.0003,0
8705,9,0.009207601993370278,0.9840389797180347,neural_inr_lr0.0003,0
8705,10,0.0084401355661238,0.28666416944704143,neural_inr_lr0.0003,0
970,1,0.002585439162756768,2.919057861659941,neural_inr_lr0.0003,1
970,2,0.009375338798307287,2.122153727444959,neural_inr_lr0.0003,1
970,3,0.006000801730792574,2.4335589914003704,neural_inr_lr0.0003,1
970,4,0.01330150070341734,2.5279328692384895,neural_inr_lr0.0003,1
970,5,0.022406761244737783,1.7265480397101058,neural_inr_lr0.0003,1
970,6,0.020474693659012028,2.710521104666655,neural_inr_lr0.0003,1
970,7,0.02389563239065999,1.8417960555649036,neural_inr_lr0.0003,1
970,8,0.018283236862162457,2.4499685659138546,neural_inr_lr0.0003,1
970,9,0.03223755395109001,1.226027115098395,neural_inr_lr0.0003,1
970,10,0.028150441512566078,1.258744405177122,neural_inr_lr0.0003,1
2892,1,0.00310603406881419,3.4894207050595156,neural_inr_lr0.0003,1
2892,2,0.011644698682147786,2.4900711654791157,neural_inr_lr0.0003,1
2892,3,0.006330290080635494,3.2635385882965653,neural_inr_lr0.0003,1
2892,4,0.015078413191626209,2.930357437463915,neural_inr_lr0.0003,1
2892,5,0.019941577164932597,1.9332705381396005,neural_inr_lr0.0003,1
2892,6,0.010755194273711013,3.9223660591646503,neural_inr_lr0.0003,1
2892,7,0.02630030638026816,2.2011302802329893,neural_inr_lr0.0003,1
2892,8,0.02152450340000556,3.1513945213843493,neural_inr_lr0.0003,1
2892,9,0.03709822012425482,1.7468080562717578,neural_inr_lr0.0003,1
2892,10,0.030148364424054153,1.740262922945293,neural_inr_lr0.0003,1
3144,1,0.023333074983217173,1.9804207131812137,neural_inr_lr0.0003,1
3144,2,0.05065105049494102,6.426743218905344,neural_inr_lr0.0003,1
3144,3,0.040901065055409705,3.5974868334756693,neural_inr_lr0.0003,1
3144,4,0.06027650859560349,5.837186332742089,neural_inr_lr0.0003,1
3144,5,0.06717847959437769,9.830046861938644,neural_inr_lr0.0003,1
3144,6,0.05242658675621897,5.0061095193176035,neural_inr_lr0.0003,1
3144,7,0.08125510300529701,9.392617714081322,neural_inr_lr0.0003,1
3144,10,0.0872591355788323,10.340164119592103,neural_inr_lr0.0003,1
3565,1,0.0024875781607581484,0.6522574260358384,neural_inr_lr0.0003,1
3565,2,0.004935319115354716,0.5189690510105964,neural_inr_lr0.0003,1
3565,3,0.0037463702743345258,0.45321996166914413,neural_inr_lr0.0003,1
3565,4,0.00545878172164068,0.6832965334362029,neural_inr_lr0.0003,1
3565,5,0.013388688971006937,1.1450804167886446,neural_inr_lr0.0003,1
3565,6,0.007245193015478494,0.9850064703775605,neural_inr_lr0.0003,1
3565,7,0.00714848178179581,0.9939443909104306,neural_inr_lr0.0003,1
3565,8,0.0057985798575423825,0.792508629142324,neural_inr_lr0.0003,1
3565,9,0.010248013680256702,2.072833259732953,neural_inr_lr0.0003,1
3565,10,0.007633634370041843,0.38996085414080955,neural_inr_lr0.0003,1
3964,1,0.0036805264412799557,0.7020590634444037,neural_inr_lr0.0003,1
3964,2,0.007104356628370784,0.7078759497540246,neural_inr_lr0.0003,1
3964,3,0.004949001726195125,0.9580922248291533,neural_inr_lr0.0003,1
3964,4,0.007259575384786333,0.02598710198603463,neural_inr_lr0.0003,1
3964,5,0.017469690113647598,0.4097006677552047,neural_inr_lr0.0003,1
3964,6,0.01472657041714626,0.04774433535068289,neural_inr_lr0.0003,1
3964,7,0.00923054735960591,0.19456979763282048,neural_inr_lr0.0003,1
3964,8,0.007974820658480906,0.5049820996246376,neural_inr_lr0.0003,1
3964,9,0.011552059499761002,0.07345200446012377,neural_inr_lr0.0003,1
3964,10,0.009524006026474715,0.2692649574264756,neural_inr_lr0.0003,1
4365,1,0.005443985065032074,2.371991717432841,neural_inr_lr0.0003,1
4365,2,0.019049528845791426,0.9236156942457315,neural_inr_lr0.0003,1
4365,3,0.011040709651920612,2.0403969209717987,neural_inr_lr0.0003,1
4365,4,0.02338470900681635,1.5762727719629477,neural_inr_lr0.0003,1
4365,5,0.028839149259237855,0.06770243237226677,neural_inr_lr0.0003,1
4365,6,0.014634113857091872,2.5731525478525294,neural_inr_lr0.0003,1
4365,7,0.03793278680578927,0.5484132430381994,neural_inr_lr0.0003,1
6065,1,0.002476782086355857,1.5746465555242546,neural_inr_lr0.0003,1
6065,2,0.006761797603065627,0.9283732716415478,neural_inr_lr0.0003,1
6065,3,0.0037224347140258256,1.0053262694285172,neural_inr_lr0.0003,1
6065,4,0.00853569027461082,1.5183726204605004,neural_inr_lr0.0003,1
6065,5,0.014265644046112335,0.7324868812238912,neural_inr_lr0.0003,1
6065,6,0.008605528123072784,1.4482043597328191,neural_inr_lr0.0003,1
6065,7,0.015564394761185743,1.0189552209416703,neural_inr_lr0.0003,1
6065,8,0.01226894505904631,1.5689321858511671,neural_inr_lr0.0003,1
6065,9,0.021093091099191327,0.3026694728222011,neural_inr_lr0.0003,1
9183,1,0.0026541949655871228,4.084905783270107,neural_inr_lr0.0003,1
9183,2,0.004998304877154037,4.112199401717335,neural_inr_lr0.0003,1
9183,3,0.0029716137999951666,4.136374166132937,neural_inr_lr0.0003,1
9183,4,0.0059396896766424866,4.3917484830135995,neural_inr_lr0.0003,1
9183,5,0.020282330119887036,5.0458359712127345,neural_inr_lr0.0003,1
9183,6,0.018506774740238287,4.677700893666597,neural_inr_lr0.0003,1
9183,7,0.013429287446233402,5.101003303342939,neural_inr_lr0.0003,1
9183,8,0.015462127247070282,4.526154309536556,neural_inr_lr0.0003,1
9183,9,0.020191525830613836,6.741466846082935,neural_inr_lr0.0003,1
9828,1,0.0036365344340864637,2.1190463508662085,neural_inr_lr0.0003,1
9828,2,0.0062128890351497695,2.702503887214872,neural_inr_lr0.0003,1
9828,3,0.00325781383847736,1.7140863891947395,neural_inr_lr0.0003,1
9828,4,0.005480984552272559,2.3815194813105407,neural_inr_lr0.0003,1
9828,5,0.015022091355232343,3.617514351562454,neural_inr_lr0.0003,1
9828,6,0.012636287285826884,2.2743513817433674,neural_inr_lr0.0003,1
9828,7,0.008717352100831691,3.2677656760501588,neural_inr_lr0.0003,1
9828,8,0.007106037306266325,2.1801523607574875,neural_inr_lr0.0003,1
9828,9,0.011616922486347497,5.397812485338049,neural_inr_lr0.0003,1
9828,10,0.009742409086964771,2.055499165999322,neural_inr_lr0.0003,1
871,1,0.0037955433840235345,1.8931432339095142,neural_inr_lr0.0003,2
871,2,0.007616619001258437,1.9061529052716464,neural_inr_lr0.0003,2
871,3,0.005180939047256057,1.1523168660414815,neural_inr_lr0.0003,2
871,4,0.010340827531027092,1.730083320295991,neural_inr_lr0.0003,2
871,5,0.02467195976849602,3.691642869208682,neural_inr_lr0.0003,2
871,6,0.022576218884006873,1.3913404214547578,neural_inr_lr0.0003,2
871,7,0.018442189299119997,3.485260325837321,neural_inr_lr0.0003,2
871,8,0.012678812422563204,1.5112024744999888,neural_inr_lr0.0003,2
871,9,0.025579179127956514,3.5823104283214082,neural_inr_lr0.0003,2
1356,1,0.002950356084391512,0.58165498334828,neural_inr_lr0.0003,2
1356,2,0.011555815811929389,0.30352531598789473,neural_inr_lr0.0003,2
1356,3,0.007032165942220925,1.8663632868071063,neural_inr_lr0.0003,2
1356,4,0.01654281910293073,0.5294408069563804,neural_inr_lr0.0003,2
1356,5,0.0220983605623631,1.3111212337444031,neural_inr_lr0.0003,2
1356,6,0.01419171192107809,1.7624322605425873,neural_inr_lr0.0003,2
1356,7,0.02897095269683204,0.7611653705438667,neural_inr_lr0.0003,2
1356,8,0.027161979828852937,0.5318358560987994,neural_inr_lr0.0003,2
1356,9,0.044606460057170824,2.80001198736341,neural_inr_lr0.0003,2
3927,1,0.02402593492045783,2.8866921773848717,neural_inr_lr0.0003,2
3927,2,0.04958348521770673,4.595377866124992,neural_inr_lr0.0003,2
3927,3,0.0340895235920892,1.626179655935448,neural_inr_lr0.0003,2
3927,4,0.05446400416379185,3.113527700759647,neural_inr_lr0.0003,2
3927,5,0.06747193501501562,7.427032627297336,neural_inr_lr0.0003,2
3927,6,0.04600748884501831,1.7960482893216914,neural_inr_lr0.0003,2
3927,7,0.07639847321375971,5.167516775955263,neural_inr_lr0.0003,2
3927,8,0.0547559139199743,3.0843791543940458,neural_inr_lr0.0003,2
3927,9,0.0957908258865498,11.840555575190498,neural_inr_lr0.0003,2
3927,10,0.1077275210039045,4.6319104925480525,neural_inr_lr0.0003,2
4919,1,0.005635686710390366,1.4131824698985889,neural_inr_lr0.0003,2
4919,2,0.009729154272106348,2.562032443803947,neural_inr_lr0.0003,2
4919,3,0.0074607583428367395,2.630534572652124,neural_inr_lr0.0003,2
4919,4,0.011076090342642756,2.46710554408077,neural_inr_lr0.0003,2
4919,5,0.02030216449134512,1.667546730109676,neural_inr_lr0.0003,2
4919,6,0.019764682573367873,3.3640463205192606,neural_inr_lr0.0003,2
4919,7,0.015206159837805646,2.4391575532784384,neural_inr_lr0.0003,2
4919,8,0.01634940770543153,2.3469263815970196,neural_inr_lr0.0003,2
4919,9,0.011959567955985627,1.7932109251567763,neural_inr_lr0.0003,2
5674,1,0.004528578348599154,2.1596576731662185,neural_inr_lr0.0003,2
5674,2,0.0067409279905812965,3.295930694479605,neural_inr_lr0.0003,2
5674,3,0.005511424855084013,2.2371117459846044,neural_inr_lr0.0003,2
5674,4,0.007477486668831978,2.3447425997555036,neural_inr_lr0.0003,2
5674,5,0.026494909706493996,2.273460622288374,neural_inr_lr0.0003,2
5674,6,0.026581690641678708,1.6645969198839663,neural_inr_lr0.0003,2
5674,7,0.009924643934206143,2.261121717795959,neural_inr_lr0.0003,2
5674,8,0.012322948085744552,1.4154182682367078,neural_inr_lr0.0003,2
5674,9,0.009318938895494035,2.8313969066335725,neural_inr_lr0.0003,2
5674,10,0.01393484865749764,0.7674889925430726,neural_inr_lr0.0003,2
6742,1,0.005613330022491172,1.3038011503783096,neural_inr_lr0.0003,2
6742,2,0.010379908018785985,2.330318959588894,neural_inr_lr0.0003,2
6742,3,0.011415224431087187,1.548759095618102,neural_inr_lr0.0003,2
6742,4,0.016153193759565223,1.566214139464819,neural_inr_lr0.0003,2
6742,5,0.017584911383108675,1.1225932487273995,neural_inr_lr0.0003,2
6742,6,0.02453226098635474,1.3199174441331833,neural_inr_lr0.0003,2
6742,7,0.021928927479928893,1.3221418674736203,neural_inr_lr0.0003,2
6742,8,0.0261558705089864,0.6889725922566756,neural_inr_lr0.0003,2
6742,9,0.02383327358605359,1.034900539674638,neural_inr_lr0.0003,2
6742,10,0.029978844330692936,0.2908580335080261,neural_inr_lr0.0003,2
9064,1,0.003613976442417337,3.858288133721147,neural_inr_lr0.0003,2
9064,2,0.0060975696048030615,2.31347184751067,neural_inr_lr0.0003,2
9064,3,0.004029022729593002,2.9833048272326645,neural_inr_lr0.0003,2
9064,4,0.006033311832455054,2.787601217276568,neural_inr_lr0.0003,2
9064,5,0.012148040383849147,2.0124774055743644,neural_inr_lr0.0003,2
9064,6,0.00925001822215443,2.718730690840823,neural_inr_lr0.0003,2
9064,7,0.007649753613150398,1.72337836619389,neural_inr_lr0.0003,2
9064,8,0.006072394500062238,3.482186224423146,neural_inr_lr0.0003,2
9064,9,0.009885139262635099,2.287617780662072,neural_inr_lr0.0003,2
9064,10,0.00757681870156734,2.815344568736472,neural_inr_lr0.0003,2
9436,1,0.005107316738059862,1.627902827644452,neural_inr_lr0.0003,2
9436,2,0.008174630256238232,0.6061687861301627,neural_inr_lr0.0003,2
9436,3,0.005358278254843212,0.8674798207493094,neural_inr_lr0.0003,2
9436,4,0.006968740290913884,0.04629301772600099,neural_inr_lr0.0003,2
9436,5,0.023078589075048308,0.6575995566282415,neural_inr_lr0.0003,2
9436,6,0.027855181151316678,0.09893492254077693,neural_inr_lr0.0003,2
9436,7,0.008229485657622031,0.9653876967284728,neural_inr_lr0.0003,2
9436,8,0.00756220843794092,0.4622869743912018,neural_inr_lr0.0003,2
9436,9,0.008960641802190111,0.7850542393828306,neural_inr_lr0.0003,2
9436,10,0.008045885441729031,0.2004279661719149,neural_inr_lr0.0003,2
1039,1,0.009261857531167619,2.770004189131482,neural_inr_lr0.0003,3
1039,2,0.025988905354276063,3.597591375405764,neural_inr_lr0.0003,3
1039,3,0.020163629164811694,2.561694555653553,neural_inr_lr0.0003,3
1039,4,0.033688450824877945,2.629607136604837,neural_inr_lr0.0003,3
1039,5,0.03947251435591848,3.8216254444956834,neural_inr_lr0.0003,3
1039,6,0.027331108998111583,3.1550272946140763,neural_inr_lr0.0003,3
1039,7,0.05013718781751295,3.126104559921577,neural_inr_lr0.0003,3
1039,8,0.04552019143184666,1.5561411922340596,neural_inr_lr0.0003,3
1039,9,0.06714950606819091,3.9482498849923067,neural_inr_lr0.0003,3
1062,1,0.003278379849781609,0.09536705761925954,neural_inr_lr0.0003,3
1062,2,0.005027651715858288,1.495558739549242,neural_inr_lr0.0003,3
1062,3,0.003682967505720844,0.6017135209289501,neural_inr_lr0.0003,3
1062,4,0.005524277653570252,0.19239491902679934,neural_inr_lr0.0003,3
1062,5,0.01048693842003232,1.8720962394391754,neural_inr_lr0.0003,3
1062,6,0.008459879557630874,0.311094985479583,neural_inr_lr0.0003,3
1062,7,0.0070067250066513905,0.8089768647039571,neural_inr_lr0.0003,3
1062,8,0.005947561569008236,1.4149714205163557,neural_inr_lr0.0003,3
1062,9,0.008790585236888694,2.7463016339807074,neural_inr_lr0.0003,3
1062,10,0.0076937610802468035,0.39745213357841097,neural_inr_lr0.0003,3
1063,1,0.004862540854856245,5.3621935321103695,neural_inr_lr0.0003,3
1063,2,0.013509276604433983,5.308121319865384,neural_inr_lr0.0003,3
1063,3,0.00808839386687368,4.664701379560914,neural_inr_lr0.0003,3
1063,4,0.017744491689199036,4.284155003408177,neural_inr_lr0.0003,3
1063,5,0.02313785295469211,4.109711624672712,neural_inr_lr0.0003,3
1063,6,0.011754114488166415,5.219671388607304,neural_inr_lr0.0003,3
1063,7,0.030435285240601875,3.76601017303597,neural_inr_lr0.0003,3
1063,8,0.026414043367635524,3.2681594922780763,neural_inr_lr0.0003,3
1063,9,0.044007441791582155,3.490592462799189,neural_inr_lr0.0003,3
1063,10,0.03391879224472846,3.6663554180517366,neural_inr_lr0.0003,3
3455,1,0.0026808102652658445,1.9851757862777357,neural_inr_lr0.0003,3
3455,2,0.006380363852975388,1.0251098999980799,neural_inr_lr0.0003,3
3455,3,0.0037375431500745546,1.595212245771857,neural_inr_lr0.0003,3
3455,4,0.007452466717421996,0.9156330817038428,neural_inr_lr0.0003,3
3455,5,0.018226263055516223,0.7511595240856277,neural_inr_lr0.0003,3
3455,6,0.014534814015556395,1.7160965611198704,neural_inr_lr0.0003,3
3455,7,0.013181749082440353,0.5102778292913299,neural_inr_lr0.0003,3
3455,8,0.008905999100104908,0.8072658478889503,neural_inr_lr0.0003,3
3455,9,0.01757422963232771,1.8550620750497209,neural_inr_lr0.0003,3
4391,1,0.003573057347505768,0.3667854706755636,neural_inr_lr0.0003,3
4391,4,0.007078942981537998,0.44475493224113183,neural_inr_lr0.0003,3
4391,5,0.07513401325512782,0.621299727493933,neural_inr_lr0.0003,3
4391,6,0.07465425725322225,0.3615279379877512,neural_inr_lr0.0003,3
4391,9,0.012027876742919292,0.5697412096081073,neural_inr_lr0.0003,3
4391,10,0.009464620061401141,0.7006975975468126,neural_inr_lr0.0003,3
4588,1,0.003795658816371017,0.8924122312023,neural_inr_lr0.0003,3
4588,2,0.005660533238836787,1.5132518128665173,neural_inr_lr0.0003,3
4588,3,0.004713947394141042,0.5662514698494203,neural_inr_lr0.0003,3
4588,4,0.005548131407017111,1.0901864947881093,neural_inr_lr0.0003,3
4588,5,0.01636801394855809,0.5830922061253445,neural_inr_lr0.0003,3
4588,6,0.014016801903177228,1.0793516939091665,neural_inr_lr0.0003,3
4588,7,0.006505471318997638,1.0000795727404308,neural_inr_lr0.0003,3
4588,8,0.006165691646205525,0.645990092878467,neural_inr_lr0.0003,3
7267,1,0.008981769958788969,5.345902539818966,neural_inr_lr0.0003,3
7267,2,0.02134655973408549,8.003525623246636,neural_inr_lr0.0003,3
7267,3,0.01589654639885188,5.429123217495588,neural_inr_lr0.0003,3
7267,4,0.02574162003955342,6.661506356247286,neural_inr_lr0.0003,3
7267,5,0.03134797217270823,10.514642175440077,neural_inr_lr0.0003,3
7267,8,0.0438188741892488,5.566741592744362,neural_inr_lr0.0003,3
7267,9,0.056266535337012515,12.525492571950865,neural_inr_lr0.0003,3
7267,10,0.040041909507419746,9.577126884617547,neural_inr_lr0.0003,3
9627,1,0.0044899093195084425,0.08245575710858528,neural_inr_lr0.0003,3
9627,2,0.008375417967878123,1.3857870621837056,neural_inr_lr0.0003,3
9627,3,0.006675288291117958,0.9435888442744432,neural_inr_lr0.0003,3
9627,4,0.011599151042531852,1.4415933058649788,neural_inr_lr0.0003,3
9627,5,0.019940602876796287,3.7637697070408014,neural_inr_lr0.0003,3
9627,6,0.01514519831656214,1.5052051941489828,neural_inr_lr0.0003,3
9627,7,0.017543666362938474,3.1797193410384788,neural_inr_lr0.0003,3
9627,8,0.01496559245069214,1.9132105959552428,neural_inr_lr0.0003,3
9627,9,0.022268424714954143,4.448752609556228,neural_inr_lr0.0003,3
9627,10,0.020791453715499186,3.367216251095275,neural_inr_lr0.0003,3
