model,fold,row,run,mode,field_interior_rms,field_edge_rms,field_relative_rms,field_coverage_50,field_coverage_90,field_coverage_95,mean_field_std,frequency_error_pct,frequency_coverage_50,frequency_coverage_90,frequency_coverage_95,frequency_std
latent_gp,1,43,1062,1,0.0007116695659504426,8.294701830816293e-06,0.2296176034401764,1.0,1.0,1.0,0.004928345233217687,-0.561948569719469,1.0,1.0,1.0,16.362115048708187
latent_gp,1,44,1062,2,0.00319885937244696,2.12775471526786e-05,0.6096903025579519,0.965154503616042,1.0,1.0,0.009527230934339891,-5.032392266885133,0.0,0.0,0.0,55.83700368494448
latent_gp,1,45,1062,3,0.00261187753635232,2.5285319380809335e-05,0.9745763537179538,1.0,1.0,1.0,0.010938677469615387,-0.6153762768311857,1.0,1.0,1.0,36.65934207851764
latent_gp,1,46,1062,4,0.0021198148212410004,3.9288851561942625e-05,0.471009159989613,0.9955621301775148,1.0,1.0,0.010086319946462889,-3.261344785325003,0.0,0.0,1.0,60.96766093517342
latent_gp,1,47,1062,5,0.04709132905921674,4.202772681805109e-05,7.547983463491719,0.29092702169625245,0.6030571992110454,0.6919789612097305,0.02240452715342718,-3.946617699517288,0.0,1.0,1.0,99.57678843922102
latent_gp,1,48,1062,6,0.029628315779171462,5.7991586055941394e-05,13.24708756227348,0.44099276791584485,0.9962195923734385,1.0,0.030120999702124278,-0.3165443916465746,1.0,1.0,1.0,40.85490231830867
latent_gp,1,49,1062,7,0.005416279596034709,6.061655588208002e-05,0.9726309870580816,0.9927679158448389,1.0,1.0,0.01735854427846042,-5.734316165229146,0.0,0.0,0.0,105.70911154512241
latent_gp,1,50,1062,8,0.009700711358691294,7.118201073771617e-05,2.3691924704870893,0.9089414858645628,1.0,1.0,0.024033957840739337,-3.0256504460400184,0.0,0.0,1.0,76.15434894816892
latent_gp,1,51,1062,9,0.009824469120163038,7.312894628511034e-05,1.3260379431793137,0.903517422748192,1.0,1.0,0.020068549927981773,0.48878040697076214,1.0,1.0,1.0,141.32156472616956
latent_gp,1,52,1062,10,0.007025169289545875,9.183915482517662e-05,1.4683890875046726,0.982577251808021,1.0,1.0,0.027096912626760235,-1.1160812811229124,1.0,1.0,1.0,150.10064062405252
latent_gp,1,176,3927,1,0.0028936453111451477,1.2353791347088266e-05,0.10090354198522825,0.8420447074293228,1.0,1.0,0.005355497943175026,0.39934374268554546,1.0,1.0,1.0,14.33639750666484
latent_gp,1,177,3927,2,0.0018753404302416388,2.047145783714116e-05,0.03520468135867761,1.0,1.0,1.0,0.008542069525087894,-2.2909596888172814,0.0,1.0,1.0,38.329983622019775
latent_gp,1,178,3927,3,0.005000250320008307,4.142940241384082e-05,0.13345573641068526,0.7766272189349113,1.0,1.0,0.008820209989263092,-0.7874972543741052,1.0,1.0,1.0,28.703232506918503
latent_gp,1,179,3927,4,0.0020082821933238818,4.7147848665977074e-05,0.03469485293916173,1.0,1.0,1.0,0.011474427740865717,-0.7632169526024665,1.0,1.0,1.0,53.88149249892256
latent_gp,1,180,3927,5,0.015111209632343671,2.9820493027206876e-05,0.19943549226443147,0.7662721893491125,1.0,1.0,0.025407135647668413,-3.7730142473114725,0.0,1.0,1.0,85.36588256115238
latent_gp,1,181,3927,6,0.03760410852673617,8.954536790151909e-05,0.6845419688901268,0.3137738330046022,0.8418803418803419,0.9217619986850756,0.031192053868296515,-1.21481205743421,0.0,1.0,1.0,44.575599282072496
latent_gp,1,182,3927,7,0.0031267840883988894,5.487524206978496e-05,0.039322746996076394,0.9764957264957265,1.0,1.0,0.013608695222563841,-2.6739343537073244,0.0,1.0,1.0,77.93908628656038
latent_gp,1,183,3927,8,0.016592505120633698,9.087559496667083e-05,0.2848423427800509,0.5384615384615384,0.9104207758053912,0.9648257725180802,0.022951527966368273,-1.3472847028444128,0.0,1.0,1.0,47.80664549720861
latent_gp,1,184,3927,9,0.017142437761799797,3.9707874021006765e-05,0.17376876722794152,0.5803747534516766,0.8906969099276791,0.9416502301117686,0.021089718145507145,-7.137633633812351,0.0,0.0,1.0,124.42627467382728
latent_gp,1,185,3927,10,0.07001582584154363,9.61131846103789e-05,0.6192078107959129,0.16551610782380013,0.5226824457593688,0.6259040105193951,0.03491714549146889,-1.499140096677497,1.0,1.0,1.0,135.46442421886996
latent_gp,1,213,4367,1,0.0006340814478398149,7.5565693302165805e-06,0.3155193797254051,1.0,1.0,1.0,0.0050286548670914945,2.218178159669048,0.0,1.0,1.0,13.345830505979684
latent_gp,1,214,4367,2,0.0011969924089538146,1.7614876464442874e-05,0.3257214234904548,1.0,1.0,1.0,0.008959544078234263,2.010086013815165,0.0,1.0,1.0,32.573156437494816
latent_gp,1,215,4367,3,0.001484917101001884,2.6700482649013738e-05,0.9615363255561606,0.9998356344510191,1.0,1.0,0.008123625357760794,3.536458811872009,0.0,0.0,0.0,25.37621577545094
latent_gp,1,216,4367,4,0.0015783223458219005,3.8844051887911525e-05,0.5742178402762453,0.9995069033530573,1.0,1.0,0.010130676842174856,3.8014757931694962,0.0,0.0,0.0,39.14850854778212
latent_gp,1,217,4367,5,0.030241484737425304,3.5692812545952326e-05,6.458847950109656,0.470249835634451,0.8344838921761999,0.9068047337278107,0.02321260147348092,2.298360679164419,0.0,1.0,1.0,62.57459327943712
latent_gp,1,218,4367,6,0.004347246990576228,6.492485946685439e-05,1.840645791874319,0.9998356344510191,1.0,1.0,0.028200823115328094,5.099199558973848,0.0,0.0,0.0,34.011690112218595
latent_gp,1,219,4367,7,0.0011369272367552947,5.860221170468645e-05,0.2801147774683174,0.9996712689020382,1.0,1.0,0.013019117572762763,2.70105934467908,0.0,1.0,1.0,62.280512049292156
latent_gp,1,220,4367,10,0.007975682679763634,9.970883915209513e-05,1.4708209684149312,0.9988494411571335,1.0,1.0,0.03272140721551397,3.698031116319017,0.0,0.0,1.0,100.21561352772157
latent_gp,1,245,4723,1,0.0004989896415506465,9.612264624812335e-06,0.18231069967233104,1.0,1.0,1.0,0.0042337415960772475,-0.9943091578539383,0.0,1.0,1.0,13.572668767267523
latent_gp,1,246,4723,2,0.0013922759127728693,2.38786910878e-05,0.280182536758915,0.9967126890203813,1.0,1.0,0.0076548742695839,-1.781601599191807,0.0,1.0,1.0,49.6826047939061
latent_gp,1,247,4723,3,0.0005682297999661599,3.239028706034797e-05,0.22129198217855853,1.0,1.0,1.0,0.007386993251296776,-0.8169350426127875,0.0,1.0,1.0,23.948412841345593
latent_gp,1,248,4723,4,0.0010550795103795897,4.924843855233705e-05,0.2456175156305583,1.0,1.0,1.0,0.008426503099454618,-1.4719581379668927,0.0,1.0,1.0,55.149724239837305
latent_gp,1,249,4723,5,0.005457676859233495,4.8849129101165806e-05,0.848653816930409,1.0,1.0,1.0,0.020155762609526687,-0.6815435988373308,1.0,1.0,1.0,110.20727236422066
latent_gp,1,250,4723,6,0.012783320897803383,7.85778932334829e-05,4.125445600751203,0.8027613412228797,1.0,1.0,0.024951359860272207,-0.966482137807239,0.0,1.0,1.0,26.79563855033893
latent_gp,1,251,4723,7,0.003359542323618751,7.617547051469397e-05,0.586211853853988,0.9817554240631163,1.0,1.0,0.013179910161294328,-1.1779654072330212,1.0,1.0,1.0,115.64366141240309
latent_gp,1,252,4723,8,0.057159871871035765,9.56665638818347e-05,0.9517698375118799,0.2289612097304405,0.4921104536489152,0.5609796186719264,0.022082041960060764,-1.759569445394017,0.0,1.0,1.0,65.75017563567074
latent_gp,1,253,4723,9,0.061897358640647306,8.185900788369647e-05,0.9390909080127495,0.2412886259040105,0.4477317554240631,0.4912886259040105,0.019906568480612813,-3.3093324483074533,0.0,1.0,1.0,123.64850146625758
latent_gp,1,263,5674,1,0.0031612017234771868,2.8545215189248597e-05,1.0240821110357081,0.9066403681788298,1.0,1.0,0.00652355370297128,-0.06028867690793799,1.0,1.0,1.0,17.02413559166373
latent_gp,1,264,5674,2,0.004278279424037373,8.454573967448832e-05,0.8046903995095229,0.8854372123602893,1.0,1.0,0.010584225998904424,1.7089035292568246,1.0,1.0,1.0,64.19148028515328
latent_gp,1,265,5674,3,0.007846646556796667,8.149653513218103e-05,1.5139087425593927,0.6936226166995397,0.9980276134122288,1.0,0.010821213407974978,-0.13209005975207833,1.0,1.0,1.0,33.01750434547439
latent_gp,1,266,5674,4,0.00751489388377141,0.00014811577843914175,0.9995661190845494,0.8170611439842209,1.0,1.0,0.013666749320010968,1.8310393434578285,0.0,1.0,1.0,74.01734075019935
latent_gp,1,267,5674,5,0.03074482608026748,0.00018979143757432066,0.8117390906765749,0.5820184089414858,0.9294871794871795,0.997698882314267,0.02797566130363062,3.381636180108459,0.0,1.0,1.0,157.9561510452419
latent_gp,1,268,5674,6,0.02399791629616843,0.0001728949200877859,0.786984863182743,0.6944444444444444,1.0,1.0,0.03223860894155867,-1.2019748456339931,0.0,1.0,1.0,53.08172065218389
latent_gp,1,269,5674,7,0.020257001891241126,0.0002645086378720579,1.9733027681108344,0.44838921761998685,0.9896449704142012,1.0,0.01659906641822525,2.06315393940248,1.0,1.0,1.0,130.54767862089713
latent_gp,1,270,5674,8,0.014193721444753714,0.0002537232054502621,1.1877475940718942,0.8099934253780408,0.9986850756081526,1.0,0.024784058810530744,0.31755306789110355,1.0,1.0,1.0,67.44160317632654
latent_gp,1,271,5674,9,0.020648541381585495,0.00036742331389037563,1.9589311391695925,0.6300131492439185,1.0,1.0,0.02247721089096078,3.1841560371691036,0.0,1.0,1.0,202.49409408878373
latent_gp,1,272,5674,10,0.02033425560904819,0.0003781722021685058,1.3382213865669643,0.8052268244575936,1.0,1.0,0.03490700141106775,2.856100975768392,0.0,1.0,1.0,179.87026743829466
latent_gp,1,300,6742,1,0.0035376374840169916,2.153007427599424e-05,0.5765337808271276,0.5405982905982906,0.9995069033530573,1.0,0.0050661333586776765,0.18645168886007987,1.0,1.0,1.0,15.8104522526648
latent_gp,1,301,6742,2,0.010919925995855968,6.116266212372473e-05,0.9680281955165536,0.4046679815910585,0.8918474687705457,0.9612097304404996,0.008345093047161247,-1.5272750498926575,1.0,1.0,1.0,49.66623252043205
latent_gp,1,302,6742,3,0.011753214229725221,5.523650385992457e-05,0.8953998240185399,0.36439842209072976,0.77465483234714,0.8671926364234056,0.009082595684070292,1.9517035567958805,0.0,1.0,1.0,32.267140033834536
latent_gp,1,303,6742,4,0.014673249919455254,9.455493139879392e-05,0.8231882170011907,0.373767258382643,0.7398093359631821,0.8505917159763313,0.011399811416310501,-0.6690601855905487,1.0,1.0,1.0,57.170080096845204
latent_gp,1,304,6742,5,0.0146947992124085,0.0001329113316947689,0.7674953761052219,0.7705456936226167,1.0,1.0,0.023102317492030726,-2.175845747086828,1.0,1.0,1.0,112.58156536473615
latent_gp,1,305,6742,6,0.01161492222819009,0.00010532663764500722,0.5103470289278216,0.8048980933596318,1.0,1.0,0.031130344644193186,2.524246573991995,0.0,0.0,1.0,44.28283209384113
latent_gp,1,306,6742,7,0.023185326431608613,0.00015984815921738372,0.9698667418527686,0.35387902695595,0.7417817225509533,0.8555226824457594,0.013296316880037684,-1.6765418035708783,0.0,1.0,1.0,94.40046356281114
latent_gp,1,307,6742,8,0.01995810436487583,0.000144476894631176,0.7246073522043311,0.5295857988165681,0.9621959237343852,0.9901380670611439,0.024252032406715317,-1.9702323700014437,0.0,1.0,1.0,51.12072018824501
latent_gp,1,308,6742,9,0.01987530682843324,0.000225519169264342,0.7366291327690333,0.5415844838921762,0.9643326758711374,0.9857001972386588,0.022396244864544435,-2.5404719459720915,1.0,1.0,1.0,260.2793709554128
latent_gp,1,309,6742,10,0.03297564097804259,0.00020502839236847365,0.9966920432005134,0.4740302432610125,0.9492110453648915,0.9840565417488495,0.03351539386053541,2.5018933519903395,0.0,1.0,1.0,167.29119291391177
latent_gp,1,328,7846,1,0.0033590989572425886,1.1516802866115344e-05,1.5354939603786084,0.8284023668639053,1.0,1.0,0.005942632344292305,2.988391698975939,0.0,0.0,1.0,13.028221807650866
latent_gp,1,329,7846,2,0.004518404238164178,2.5409307542556827e-05,0.6731248806669984,0.9400065746219592,1.0,1.0,0.009541319889259145,3.17565869627585,0.0,1.0,1.0,35.42867515635885
latent_gp,1,330,7846,3,0.005904717671534893,4.264119863457769e-05,1.4336154592682233,0.8428665351742275,1.0,1.0,0.01138419083877935,4.503048226980544,0.0,0.0,0.0,28.508989218192315
latent_gp,1,331,7846,4,0.008244348328521743,5.896931203154875e-05,0.8407033926099247,0.7802432610124918,1.0,1.0,0.013235071583043656,4.254547024653524,0.0,0.0,0.0,48.51032132210425
latent_gp,1,332,7846,5,0.009657224152158025,4.984502027141832e-05,0.7083367846137899,0.9641683103221564,1.0,1.0,0.02408103870956055,4.483186767360908,0.0,1.0,1.0,72.51862440101554
latent_gp,1,333,7846,7,0.006544264721187023,8.489102545058878e-05,0.3834544236138539,0.9868507560815253,1.0,1.0,0.0176397066173609,3.637521428048943,0.0,0.0,1.0,68.93036446890667
latent_gp,1,334,7846,8,0.019305590935169484,0.0001236606078397149,0.7013633341329977,0.5945101906640368,0.9779750164365549,1.0,0.025064107372519826,3.3860664889307266,0.0,0.0,0.0,49.99218886634625
latent_gp,1,335,7846,10,0.018845906842983134,0.0001506087444608675,0.6646862041090328,0.7689020381328073,1.0,1.0,0.036080880149269086,3.1162743003401974,0.0,1.0,1.0,152.68108145594863
latent_gp,1,392,9183,1,0.0009291679124765457,3.2279057822428978e-06,0.5183296784134435,0.9893162393162394,1.0,1.0,0.005357983469574064,2.0225023983957486,0.0,1.0,1.0,14.025375595979316
latent_gp,1,393,9183,2,0.00198316370989658,7.881278749993978e-06,0.4145707148282694,0.9942472057856673,1.0,1.0,0.008591250134035546,0.052509055415348706,1.0,1.0,1.0,50.067025990361216
latent_gp,1,394,9183,3,0.0026702561469007444,9.91997285685253e-06,0.7701900407295795,0.9536489151873767,0.9998356344510191,1.0,0.007853058607437853,2.9525584133745326,0.0,0.0,1.0,25.278587599997874
latent_gp,1,395,9183,4,0.0046285332457222965,1.4697509113463127e-05,0.6461316978993992,0.8481262327416174,0.9998356344510191,1.0,0.01039281435692746,1.7081341679207895,1.0,1.0,1.0,56.81129778366631
latent_gp,1,396,9183,5,0.05519116122901015,1.5071305555160406e-05,5.486290996564409,0.36522024983563445,0.6145627876397107,0.705456936226167,0.026947251110926166,0.48286972264777633,1.0,1.0,1.0,113.71697120771967
latent_gp,1,397,9183,6,0.01668352539549173,2.227782162771403e-05,1.7708789906239515,0.8525641025641025,1.0,1.0,0.031105184891802022,3.3037895191107536,0.0,0.0,0.0,37.474560641767866
latent_gp,1,398,9183,7,0.012420454552601169,2.1835315011685038e-05,0.7684717848404127,0.4143655489809336,0.8547008547008547,0.8964497041420119,0.010632660466267017,1.5295189990636107,1.0,1.0,1.0,100.55714213883371
latent_gp,1,399,9183,8,0.008736023841299638,2.6525292953628262e-05,0.481837253534213,0.8629191321499013,0.9996712689020382,1.0,0.02201373496699323,1.9618213400805906,0.0,1.0,1.0,60.68511639472626
latent_gp,1,400,9183,9,0.008220148967236166,2.4978679119766618e-05,0.38030686842564104,0.9258711374095989,1.0,1.0,0.022521461780506527,5.597596809175613,0.0,1.0,1.0,118.07680223383636
latent_gp,1,401,9436,1,0.0013754847890806467,1.1603524705483195e-05,0.3258976295122845,0.9981919789612097,1.0,1.0,0.0047070881554532006,1.9238708072805057,0.0,1.0,1.0,17.62749664693934
latent_gp,1,402,9436,2,0.002424438753753414,3.143299601031402e-05,0.350863962898275,0.9626890203813281,1.0,1.0,0.009997080005458422,1.3790630309980647,0.0,1.0,1.0,40.57144845712687
latent_gp,1,403,9436,3,0.0013654457917205562,3.24160063410629e-05,0.3827432786465048,0.9942472057856673,1.0,1.0,0.009502014639498485,2.8455313593399962,0.0,0.0,1.0,35.606804452728
latent_gp,1,404,9436,4,0.0014570243960174592,5.2876156600156955e-05,0.24265033696386773,0.9929322813938198,1.0,1.0,0.009887223799470086,2.0718757737997815,0.0,0.0,0.0,30.170902896770976
latent_gp,1,405,9436,5,0.14171520905839002,6.122578690268812e-05,8.189090602673573,0.1306706114398422,0.29076265614727154,0.3325115055884287,0.022953872910334152,1.222626207557245,0.0,1.0,1.0,51.21777197516135
latent_gp,1,406,9436,6,0.12447131251590658,6.610885838554771e-05,6.192973816943986,0.05637738330046022,0.19986850756081526,0.24539776462853385,0.02510484978420016,4.3403264608727055,0.0,0.0,0.0,32.7044096582638
latent_gp,1,407,9436,7,0.005984158793516618,8.470580524669494e-05,0.7992534906996973,0.8374424720578567,0.9957264957264957,1.0,0.017622560801284583,-1.4549991808804639,1.0,1.0,1.0,171.47380868765353
latent_gp,1,408,9436,8,0.007847652612767049,8.822000780609531e-05,1.5319488885689967,0.8612754766600921,1.0,1.0,0.024829999087895585,-0.05727448611800399,1.0,1.0,1.0,87.6558902796082
latent_gp,1,409,9436,9,0.006210903149056961,0.00010874894731629385,0.6947225946443633,0.9861932938856016,1.0,1.0,0.02063741872813007,0.6443747577289154,1.0,1.0,1.0,163.68122266127295
latent_gp,1,410,9436,10,0.00460567526303054,0.00011826054826712609,0.6484963177385134,1.0,1.0,1.0,0.0323257792629709,1.8499970373807633,0.0,1.0,1.0,83.5195383716467
latent_gp,1,421,9828,1,0.0023367553109532604,1.1508025085910675e-05,0.658811395014751,0.8078566732412886,1.0,1.0,0.004635362165245524,1.4764414286045657,0.0,1.0,1.0,15.544288849136374
latent_gp,1,422,9828,2,0.003869757899151441,2.9344121054230234e-05,0.6368894584455397,0.90844838921762,1.0,1.0,0.007736452574725287,1.6518630245658106,0.0,1.0,1.0,47.663177921186886
latent_gp,1,423,9828,3,0.0037568295426663213,3.44378399977238e-05,1.2837611270512355,0.9137080867850098,1.0,1.0,0.008939687480880153,3.1136967747899416,0.0,0.0,0.0,32.59051826673743
latent_gp,1,424,9828,4,0.0035465349535423654,5.3108000094401036e-05,0.6209211013821494,0.9779750164365549,1.0,1.0,0.01029606750272429,0.9445406225790135,1.0,1.0,1.0,62.261819993856534
latent_gp,1,425,9828,5,0.0928948153682645,5.7086464193208606e-05,11.111537859280611,0.24441157133464825,0.388724523339908,0.4253780407626562,0.019384678753019583,0.7143770286860954,1.0,1.0,1.0,106.448690977957
latent_gp,1,426,9828,6,0.07174073385723188,7.775375574593221e-05,17.718267071490065,0.22583826429980275,0.4520052596975674,0.5195595003287311,0.027101726622971785,2.9871557156004145,0.0,0.0,0.0,45.144710501264896
latent_gp,1,427,9828,7,0.010841901782094043,8.123178963799031e-05,1.149424057293781,0.7684089414858646,0.9990138067061144,1.0,0.014588874534200293,0.5783011511406636,1.0,1.0,1.0,127.02930294458116
latent_gp,1,428,9828,8,0.005986277007280535,9.450861809378783e-05,0.8587167816444882,0.9891518737672583,1.0,1.0,0.022844841008265688,1.1821299854473775,0.0,1.0,1.0,64.87790601182681
latent_gp,1,429,9828,9,0.006630301449976832,9.784599533288662e-05,0.4811316963165547,0.9395134779750164,1.0,1.0,0.01976589120085227,3.953418267948448,0.0,1.0,1.0,186.08423985095433
latent_gp,1,430,9828,10,0.00583199577226235,0.00012099967470272991,0.5709492901580534,0.9985207100591716,1.0,1.0,0.03056560262156908,2.2814387091585675,0.0,1.0,1.0,149.1511267876062
inr_baseline,1,43,1062,1,0.015861725951513587,8.294701830816293e-06,5.117728330207987,,,,,,,,,
inr_baseline,1,44,1062,2,0.03132048214357979,2.12775471526786e-05,5.969563525942939,,,,,,,,,
inr_baseline,1,45,1062,3,0.030242757097378656,2.5285319380809335e-05,11.284555086569451,,,,,,,,,
inr_baseline,1,46,1062,4,0.03239345683597617,3.9288851561942625e-05,7.197616858127579,,,,,,,,,
inr_baseline,1,47,1062,5,0.030123770013469962,4.202772681805109e-05,4.828356354813844,,,,,,,,,
inr_baseline,1,48,1062,6,0.02391913990278143,5.7991586055941394e-05,10.69446346758479,,,,,,,,,
inr_baseline,1,49,1062,7,0.025651238382317088,6.061655588208002e-05,4.606333344630264,,,,,,,,,
inr_baseline,1,50,1062,8,0.04498990622396002,7.118201073771617e-05,10.98782791616904,,,,,,,,,
inr_baseline,1,51,1062,9,0.05156080063929553,7.312894628511034e-05,6.9593152761902575,,,,,,,,,
inr_baseline,1,52,1062,10,0.03157738284591729,9.183915482517662e-05,6.600251534422387,,,,,,,,,
inr_baseline,1,176,3927,1,0.02525867500141637,1.2353791347088266e-05,0.8807885899768478,,,,,,,,,
inr_baseline,1,177,3927,2,0.0654549653167012,2.047145783714116e-05,1.2287482102760652,,,,,,,,,
inr_baseline,1,178,3927,3,0.03423076729851104,4.142940241384082e-05,0.9136127124367656,,,,,,,,,
inr_baseline,1,179,3927,4,0.06352051707358677,4.7147848665977074e-05,1.0973731708690133,,,,,,,,,
inr_baseline,1,180,3927,5,0.10191931010397724,2.9820493027206876e-05,1.3451158627521096,,,,,,,,,
inr_baseline,1,181,3927,6,0.06547250009646825,8.954536790151909e-05,1.1918557806610341,,,,,,,,,
inr_baseline,1,182,3927,7,0.10502798711290805,5.487524206978496e-05,1.3208423888529093,,,,,,,,,
inr_baseline,1,183,3927,8,0.07441327263733559,9.087559496667083e-05,1.2774473027337423,,,,,,,,,
inr_baseline,1,184,3927,9,0.11719003937426369,3.9707874021006765e-05,1.187927233945617,,,,,,,,,
inr_baseline,1,185,3927,10,0.11782492800601874,9.61131846103789e-05,1.0420232119079496,,,,,,,,,
inr_baseline,1,213,4367,1,0.04100734331948359,7.5565693302165805e-06,20.405283220995322,,,,,,,,,
inr_baseline,1,214,4367,2,0.04895394591465368,1.7614876464442874e-05,13.32117800373701,,,,,,,,,
inr_baseline,1,215,4367,3,0.02076505218751375,2.6700482649013738e-05,13.446105487567252,,,,,,,,,
inr_baseline,1,216,4367,4,0.04497259264975189,3.8844051887911525e-05,16.361717928739182,,,,,,,,,
inr_baseline,1,217,4367,5,0.029865456713345083,3.5692812545952326e-05,6.378537480779138,,,,,,,,,
inr_baseline,1,218,4367,6,0.03212896878691306,6.492485946685439e-05,13.603563662954915,,,,,,,,,
inr_baseline,1,219,4367,7,0.048014932376853094,5.860221170468645e-05,11.829861809171648,,,,,,,,,
inr_baseline,1,220,4367,10,0.03870251487383002,9.970883915209513e-05,7.1372536612134825,,,,,,,,,
inr_baseline,1,245,4723,1,0.028168178046565163,9.612264624812335e-06,10.291516738114213,,,,,,,,,
inr_baseline,1,246,4723,2,0.02026914673007188,2.38786910878e-05,4.078976657334922,,,,,,,,,
inr_baseline,1,247,4723,3,0.028363658435386345,3.239028706034797e-05,11.045971537177447,,,,,,,,,
inr_baseline,1,248,4723,4,0.01759632680763922,4.924843855233705e-05,4.096341585821157,,,,,,,,,
inr_baseline,1,249,4723,5,0.023337780695052417,4.8849129101165806e-05,3.628961035322759,,,,,,,,,
inr_baseline,1,250,4723,6,0.025969811766183168,7.85778932334829e-05,8.381002601721985,,,,,,,,,
inr_baseline,1,251,4723,7,0.043967408038892514,7.617547051469397e-05,7.671942572186758,,,,,,,,,
inr_baseline,1,252,4723,8,0.06621773593450206,9.56665638818347e-05,1.1025924605461082,,,,,,,,,
inr_baseline,1,253,4723,9,0.07285564595339394,8.185900788369647e-05,1.1053472428353144,,,,,,,,,
inr_baseline,1,263,5674,1,0.040795043341993444,2.8545215189248597e-05,13.215693827823305,,,,,,,,,
inr_baseline,1,264,5674,2,0.013528670383911838,8.454573967448832e-05,2.544572267743391,,,,,,,,,
inr_baseline,1,265,5674,3,0.05000463287295369,8.149653513218103e-05,9.647745737861083,,,,,,,,,
inr_baseline,1,266,5674,4,0.025046617277594153,0.00014811577843914175,3.3314841720421495,,,,,,,,,
inr_baseline,1,267,5674,5,0.035095228856419476,0.00018979143757432066,0.9266004330166109,,,,,,,,,
inr_baseline,1,268,5674,6,0.03701294227657584,0.0001728949200877859,1.2137981045534587,,,,,,,,,
inr_baseline,1,269,5674,7,0.03259177369714961,0.0002645086378720579,3.1748744261131523,,,,,,,,,
inr_baseline,1,270,5674,8,0.034703882460771454,0.0002537232054502621,2.9040624094374237,,,,,,,,,
inr_baseline,1,271,5674,9,0.0604850347709839,0.00036742331389037563,5.738227019381743,,,,,,,,,
inr_baseline,1,272,5674,10,0.02907066083234758,0.0003781722021685058,1.9131745363804398,,,,,,,,,
inr_baseline,1,300,6742,1,0.015445271917876348,2.153007427599424e-05,2.5171377946292535,,,,,,,,,
inr_baseline,1,301,6742,2,0.019308607194022873,6.116266212372473e-05,1.7116669276935677,,,,,,,,,
inr_baseline,1,302,6742,3,0.047878458796430046,5.523650385992457e-05,3.6475437903767918,,,,,,,,,
inr_baseline,1,303,6742,4,0.033043745359973654,9.455493139879392e-05,1.8537966691245402,,,,,,,,,
inr_baseline,1,304,6742,5,0.03738761232979866,0.0001329113316947689,1.9527194058224855,,,,,,,,,
inr_baseline,1,305,6742,6,0.040300417702336555,0.00010532663764500722,1.7707564488912255,,,,,,,,,
inr_baseline,1,306,6742,7,0.03738293426489424,0.00015984815921738372,1.5637677029623644,,,,,,,,,
inr_baseline,1,307,6742,8,0.038911659955203286,0.000144476894631176,1.4127431330420632,,,,,,,,,
inr_baseline,1,308,6742,9,0.04732774187611261,0.000225519169264342,1.7540857987783691,,,,,,,,,
inr_baseline,1,309,6742,10,0.0581073755509926,0.00020502839236847365,1.7563012316122133,,,,,,,,,
inr_baseline,1,328,7846,1,0.017312402955894805,1.1516802866115344e-05,7.913756193785587,,,,,,,,,
inr_baseline,1,329,7846,2,0.04833014252365355,2.5409307542556827e-05,7.199936018135271,,,,,,,,,
inr_baseline,1,330,7846,3,0.01850572956577875,4.264119863457769e-05,4.493034462669087,,,,,,,,,
inr_baseline,1,331,7846,4,0.02315344289801632,5.896931203154875e-05,2.361032942727773,,,,,,,,,
inr_baseline,1,332,7846,5,0.02871864158492931,4.984502027141832e-05,2.1064510793403226,,,,,,,,,
inr_baseline,1,333,7846,7,0.05001663038894625,8.489102545058878e-05,2.930672733150345,,,,,,,,,
inr_baseline,1,334,7846,8,0.04068840857896835,0.0001236606078397149,1.4781913693987827,,,,,,,,,
inr_baseline,1,335,7846,10,0.048462323476927416,0.0001506087444608675,1.7092431848763214,,,,,,,,,
inr_baseline,1,392,9183,1,0.023258164408232015,3.2279057822428978e-06,12.974400769043134,,,,,,,,,
inr_baseline,1,393,9183,2,0.03553017220938529,7.881278749993978e-06,7.427409455563564,,,,,,,,,
inr_baseline,1,394,9183,3,0.021413799161266216,9.91997285685253e-06,6.176446730525478,,,,,,,,,
inr_baseline,1,395,9183,4,0.04211177217673181,1.4697509113463127e-05,5.878698372373522,,,,,,,,,
inr_baseline,1,396,9183,5,0.03356164701831334,1.5071305555160406e-05,3.3362038008662416,,,,,,,,,
inr_baseline,1,397,9183,6,0.03140825395732818,2.227782162771403e-05,3.3338407648687913,,,,,,,,,
inr_baseline,1,398,9183,7,0.04998455027140066,2.1835315011685038e-05,3.092617617079415,,,,,,,,,
inr_baseline,1,399,9183,8,0.035440319389968514,2.6525292953628262e-05,1.9547183557934653,,,,,,,,,
inr_baseline,1,400,9183,9,0.045837444328321465,2.4978679119766618e-05,2.1206787101572204,,,,,,,,,
inr_baseline,1,401,9436,1,0.026735775782296783,1.1603524705483195e-05,6.334585463824858,,,,,,,,,
inr_baseline,1,402,9436,2,0.033321206044530066,3.143299601031402e-05,4.822233757497043,,,,,,,,,
inr_baseline,1,403,9436,3,0.023812967322565957,3.24160063410629e-05,6.6749286149663885,,,,,,,,,
inr_baseline,1,404,9436,4,0.029717067697836164,5.2876156600156955e-05,4.949029343755482,,,,,,,,,
inr_baseline,1,405,9436,5,0.032522069530347655,6.122578690268812e-05,1.8793055151951537,,,,,,,,,
inr_baseline,1,406,9436,6,0.040138300813229756,6.610885838554771e-05,1.9970500910495912,,,,,,,,,
inr_baseline,1,407,9436,7,0.029352838024702406,8.470580524669494e-05,3.9204103805874477,,,,,,,,,
inr_baseline,1,408,9436,8,0.04931571362048613,8.822000780609531e-05,9.626974637865928,,,,,,,,,
inr_baseline,1,409,9436,9,0.04267999058666073,0.00010874894731629385,4.773984248049978,,,,,,,,,
inr_baseline,1,410,9436,10,0.025142291484389952,0.00011826054826712609,3.540128757668156,,,,,,,,,
inr_baseline,1,421,9828,1,0.02270511634227262,1.1508025085910675e-05,6.401350325945206,,,,,,,,,
inr_baseline,1,422,9828,2,0.039665328365934685,2.9344121054230234e-05,6.528167952724944,,,,,,,,,
inr_baseline,1,423,9828,3,0.020980002722077607,3.44378399977238e-05,7.169159961651348,,,,,,,,,
inr_baseline,1,424,9828,4,0.033331587672231114,5.3108000094401036e-05,5.8356357400581835,,,,,,,,,
inr_baseline,1,425,9828,5,0.02679771900115454,5.7086464193208606e-05,3.2053873840349616,,,,,,,,,
inr_baseline,1,426,9828,6,0.03191099556594787,7.775375574593221e-05,7.881262311587063,,,,,,,,,
inr_baseline,1,427,9828,7,0.03431465129520491,8.123178963799031e-05,3.6379305502929715,,,,,,,,,
inr_baseline,1,428,9828,8,0.043142735375090495,9.450861809378783e-05,6.1887197715007725,,,,,,,,,
inr_baseline,1,429,9828,9,0.04421504019457379,9.784599533288662e-05,3.208490209988005,,,,,,,,,
inr_baseline,1,430,9828,10,0.029960079332936745,0.00012099967470272991,2.9330758622247006,,,,,,,,,
cokriging_baseline,1,43,1062,1,0.0003708111207056768,8.294701830816293e-06,0.1196408627530555,0.9764957264957265,0.9952333990795529,0.9960552268244576,0.0038601535726373354,-0.561948569719469,1.0,1.0,1.0,16.362115048708187
cokriging_baseline,1,44,1062,2,0.0022374235516739627,2.12775471526786e-05,0.4264443301009801,0.9847140039447732,1.0,1.0,0.007544475512441414,-5.032392266885133,0.0,0.0,0.0,55.83700368494448
cokriging_baseline,1,45,1062,3,0.0014680064866234124,2.5285319380809335e-05,0.5477609072612974,0.9980276134122288,1.0,1.0,0.007043379872473484,-0.6153762768311857,1.0,1.0,1.0,36.65934207851764
cokriging_baseline,1,46,1062,4,0.001102681323406396,3.9288851561942625e-05,0.24500866711075522,0.9452662721893491,0.9855358316896778,0.9896449704142012,0.006554309343278537,-3.261344785325003,0.0,0.0,1.0,60.96766093517342
cokriging_baseline,1,47,1062,5,0.05283534577139887,4.202772681805109e-05,8.468657057202602,0.24227481919789612,0.40927021696252464,0.4640039447731755,0.017824476749587644,-3.946617699517288,0.0,1.0,1.0,99.57678843922102
cokriging_baseline,1,48,1062,6,0.04647113305873408,5.7991586055941394e-05,20.777663277771612,0.20627876397107167,0.5678829717291256,0.8857659434582511,0.024056111258883343,-0.3165443916465746,1.0,1.0,1.0,40.85490231830867
cokriging_baseline,1,49,1062,7,0.0026621046875267285,6.061655588208002e-05,0.4780487166461403,0.9868507560815253,0.9996712689020382,1.0,0.011673952534879876,-5.734316165229146,0.0,0.0,0.0,105.70911154512241
cokriging_baseline,1,50,1062,8,0.00884886101525834,7.118201073771617e-05,2.1611461381080717,0.8602892833662065,1.0,1.0,0.016349120621856898,-3.0256504460400184,0.0,0.0,1.0,76.15434894816892
cokriging_baseline,1,51,1062,9,0.007950858545526789,7.312894628511034e-05,1.0731511273807177,0.8277449046679816,1.0,1.0,0.018770714105977696,0.48878040697076214,1.0,1.0,1.0,141.32156472616956
cokriging_baseline,1,52,1062,10,0.0054110401104926755,9.183915482517662e-05,1.1310065171128625,0.9865220249835635,1.0,1.0,0.01670503055608662,-1.1160812811229124,1.0,1.0,1.0,150.10064062405252
cokriging_baseline,1,176,3927,1,0.005433674789089191,1.2353791347088266e-05,0.18947623957338405,0.2966798159105851,0.9625246548323472,0.9996712689020382,0.004124028091135417,0.39934374268554546,1.0,1.0,1.0,14.33639750666484
cokriging_baseline,1,177,3927,2,0.0014514112716288298,2.047145783714116e-05,0.02724650442879974,0.8300460223537146,0.9871794871794872,0.9894806048652203,0.00640116824833483,-2.2909596888172814,0.0,1.0,1.0,38.329983622019775
cokriging_baseline,1,178,3927,3,0.002336025396777794,4.142940241384082e-05,0.06234807652600197,0.8752465483234714,0.9939184746877054,0.997698882314267,0.006166819067398523,-0.7874972543741052,1.0,1.0,1.0,28.703232506918503
cokriging_baseline,1,179,3927,4,0.0028418685168439058,4.7147848665977074e-05,0.04909579470061643,0.9153517422748192,0.9922748191978962,0.9967126890203813,0.006886874442778571,-0.7632169526024665,1.0,1.0,1.0,53.88149249892256
cokriging_baseline,1,180,3927,5,0.029832065993922956,2.9820493027206876e-05,0.3937191602470201,0.20512820512820512,0.9171597633136095,0.9891518737672583,0.023108757715828775,-3.7730142473114725,0.0,1.0,1.0,85.36588256115238
cokriging_baseline,1,181,3927,6,0.04128434133848933,8.954536790151909e-05,0.7515366115936061,0.2126890203813281,0.6835963182117029,0.8287310979618672,0.029967506821870934,-1.21481205743421,0.0,1.0,1.0,44.575599282072496
cokriging_baseline,1,182,3927,7,0.003077073280815379,5.487524206978496e-05,0.038697578946632345,0.8681788297172912,0.9832347140039448,0.9906311637080868,0.010349697371634006,-2.6739343537073244,0.0,1.0,1.0,77.93908628656038
cokriging_baseline,1,183,3927,8,0.016079272965778966,9.087559496667083e-05,0.2760317232674445,0.47830374753451677,0.9797830374753451,0.9980276134122288,0.01873169983971436,-1.3472847028444128,0.0,1.0,1.0,47.80664549720861
cokriging_baseline,1,184,3927,9,0.012628193235179786,3.9707874021006765e-05,0.1280089565606235,0.5626232741617357,0.8798487836949376,0.9516765285996055,0.018854829512980037,-7.137633633812351,0.0,0.0,1.0,124.42627467382728
cokriging_baseline,1,185,3927,10,0.09135560175797643,9.61131846103789e-05,0.8079330849645618,0.1398750821827745,0.29026955950032873,0.3336620644312952,0.017622630729394857,-1.499140096677497,1.0,1.0,1.0,135.46442421886996
cokriging_baseline,1,213,4367,1,0.0006796653131503193,7.5565693302165805e-06,0.3382019435462759,0.9783037475345168,0.9963839579224194,0.997698882314267,0.003371364109931382,2.218178159669048,0.0,1.0,1.0,13.345830505979684
cokriging_baseline,1,214,4367,2,0.0012965475246115995,1.7614876464442874e-05,0.35281201633402376,0.98767258382643,0.9993425378040762,0.9995069033530573,0.006307295833795178,2.010086013815165,0.0,1.0,1.0,32.573156437494816
cokriging_baseline,1,215,4367,3,0.0020716935781438495,2.6700482649013738e-05,1.3414948413367382,0.9618671926364234,0.9972057856673241,0.9986850756081526,0.005971244785085919,3.536458811872009,0.0,0.0,0.0,25.37621577545094
cokriging_baseline,1,216,4367,4,0.001435029079241469,3.8844051887911525e-05,0.5220855554614497,0.930637738330046,0.9833990795529257,0.9894806048652203,0.006752142742942785,3.8014757931694962,0.0,0.0,0.0,39.14850854778212
cokriging_baseline,1,217,4367,5,0.009077101346481842,3.5692812545952326e-05,1.9386487777866053,0.7107166337935569,0.9978632478632479,0.9993425378040762,0.0139781660500608,2.298360679164419,0.0,1.0,1.0,62.57459327943712
cokriging_baseline,1,218,4367,6,0.006842692687910669,6.492485946685439e-05,2.8972297935670044,0.9352399737015121,1.0,1.0,0.018254455687501746,5.099199558973848,0.0,0.0,0.0,34.011690112218595
cokriging_baseline,1,219,4367,7,0.0026569060190077495,5.860221170468645e-05,0.6546053381503906,0.9350756081525312,0.9932610124917817,0.995069033530572,0.010333288991088492,2.70105934467908,0.0,1.0,1.0,62.280512049292156
cokriging_baseline,1,220,4367,10,0.005253890178267042,9.970883915209513e-05,0.9688865706193616,0.7095660749506904,0.9766600920447074,0.9861932938856016,0.008221339531438191,3.698031116319017,0.0,0.0,1.0,100.21561352772157
cokriging_baseline,1,245,4723,1,0.0004203258002809802,9.612264624812335e-06,0.1535701031817515,0.9748520710059172,0.9983563445101906,0.9990138067061144,0.0026386864196213076,-0.9943091578539383,0.0,1.0,1.0,13.572668767267523
cokriging_baseline,1,246,4723,2,0.0009727277040362562,2.38786910878e-05,0.19575237436217482,0.97534516765286,0.9991781722550953,0.9995069033530573,0.005358560605433294,-1.781601599191807,0.0,1.0,1.0,49.6826047939061
cokriging_baseline,1,247,4723,3,0.0005481204228376761,3.239028706034797e-05,0.21346056621726373,0.9781393819855358,0.9991781722550953,0.9995069033530573,0.005118070358570606,-0.8169350426127875,0.0,1.0,1.0,23.948412841345593
cokriging_baseline,1,248,4723,4,0.0011602654506171698,4.924843855233705e-05,0.27010430460357504,0.9541420118343196,0.9945759368836292,0.9955621301775148,0.005728187506743694,-1.4719581379668927,0.0,1.0,1.0,55.149724239837305
cokriging_baseline,1,249,4723,5,0.007471295020996768,4.8849129101165806e-05,1.1617659309115942,0.9771531886916502,1.0,1.0,0.018154522660789395,-0.6815435988373308,1.0,1.0,1.0,110.20727236422066
cokriging_baseline,1,250,4723,6,0.0047697137527796035,7.85778932334829e-05,1.5392866044400362,1.0,1.0,1.0,0.021761964387974744,-0.966482137807239,0.0,1.0,1.0,26.79563855033893
cokriging_baseline,1,251,4723,7,0.0028121447339835093,7.617547051469397e-05,0.4906955826168899,0.9294871794871795,0.9932610124917817,0.9952333990795529,0.00918832708496896,-1.1779654072330212,1.0,1.0,1.0,115.64366141240309
cokriging_baseline,1,252,4723,8,0.058590491384756145,9.56665638818347e-05,0.9755911033325427,0.1809664694280079,0.36439842209072976,0.4089414858645628,0.01528147991479936,-1.759569445394017,0.0,1.0,1.0,65.75017563567074
cokriging_baseline,1,253,4723,9,0.06081791816719123,8.185900788369647e-05,0.9227139129902528,0.19773175542406313,0.40483234714003946,0.44970414201183434,0.018390327728834276,-3.3093324483074533,0.0,1.0,1.0,123.64850146625758
cokriging_baseline,1,263,5674,1,0.004930385042708948,2.8545215189248597e-05,1.5972150986943168,0.7084155161078238,0.9995069033530573,1.0,0.005580770031762501,-0.06028867690793799,1.0,1.0,1.0,17.02413559166373
cokriging_baseline,1,264,5674,2,0.00659651229296854,8.454573967448832e-05,1.2407207632523172,0.5872781065088757,0.9960552268244576,1.0,0.0085060236895017,1.7089035292568246,1.0,1.0,1.0,64.19148028515328
cokriging_baseline,1,265,5674,3,0.005386606542608224,8.149653513218103e-05,1.039275909594603,0.7287968441814595,0.9929322813938198,1.0,0.007818479550209994,-0.13209005975207833,1.0,1.0,1.0,33.01750434547439
cokriging_baseline,1,266,5674,4,0.005004364448385235,0.00014811577843914175,0.6656372302155157,0.6295200525969756,0.9735371466140696,0.9866863905325444,0.008914919054397624,1.8310393434578285,0.0,1.0,1.0,74.01734075019935
cokriging_baseline,1,267,5674,5,0.03395464446944135,0.00018979143757432066,0.8964861975121288,0.42291255752794216,0.9465811965811965,0.9814266929651545,0.02520976578601201,3.381636180108459,0.0,1.0,1.0,157.9561510452419
cokriging_baseline,1,268,5674,6,0.03000113857051434,0.0001728949200877859,0.9838538330518489,0.41896778435239973,1.0,1.0,0.029787091862743295,-1.2019748456339931,0.0,1.0,1.0,53.08172065218389
cokriging_baseline,1,269,5674,7,0.007098589543588727,0.0002645086378720579,0.6914975113915055,0.6625575279421433,0.9707429322813939,0.9850427350427351,0.012605793224934797,2.06315393940248,1.0,1.0,1.0,130.54767862089713
cokriging_baseline,1,270,5674,8,0.019067723858536622,0.0002537232054502621,1.5956099480714518,0.4329388560157791,0.997534516765286,0.9998356344510191,0.01840826467400594,0.31755306789110355,1.0,1.0,1.0,67.44160317632654
cokriging_baseline,1,271,5674,9,0.014661183679921037,0.00036742331389037563,1.3909093488460769,0.7486850756081526,1.0,1.0,0.021564236820956855,3.1841560371691036,0.0,1.0,1.0,202.49409408878373
cokriging_baseline,1,272,5674,10,0.022132782905744264,0.0003781722021685058,1.4565845929236398,0.4165023011176857,0.9520052596975674,0.9880013149243918,0.018808087285367526,2.856100975768392,0.0,1.0,1.0,179.87026743829466
cokriging_baseline,1,300,6742,1,0.004349661275670212,2.153007427599424e-05,0.708870445858112,0.6076594345825115,0.8643984220907298,0.9125575279421433,0.0038429547202893924,0.18645168886007987,1.0,1.0,1.0,15.8104522526648
cokriging_baseline,1,301,6742,2,0.012476051677116838,6.116266212372473e-05,1.1059754248109266,0.1814595660749507,0.6094674556213018,0.769723865877712,0.006336839092294792,-1.5272750498926575,1.0,1.0,1.0,49.66623252043205
cokriging_baseline,1,302,6742,3,0.008998865874390511,5.523650385992457e-05,0.685564200805356,0.18162393162393162,0.7858316896778436,0.9095989480604865,0.006190898125601546,1.9517035567958805,0.0,1.0,1.0,32.267140033834536
cokriging_baseline,1,303,6742,4,0.011419266293737284,9.455493139879392e-05,0.6406355450498844,0.1990466798159106,0.6967455621301775,0.8310322156476002,0.006579667341821144,-0.6690601855905487,1.0,1.0,1.0,57.170080096845204
cokriging_baseline,1,304,6742,5,0.013508112775071307,0.0001329113316947689,0.7055158729913581,0.7692307692307693,0.9746877054569362,0.9878369493754109,0.020804641052407417,-2.175845747086828,1.0,1.0,1.0,112.58156536473615
cokriging_baseline,1,305,6742,6,0.008881971475930997,0.00010532663764500722,0.39026415026365485,0.8473044049967127,1.0,1.0,0.027959103463581183,2.524246573991995,0.0,0.0,1.0,44.28283209384113
cokriging_baseline,1,306,6742,7,0.01625249982950013,0.00015984815921738372,0.6798592680200766,0.29815910585141353,0.7365220249835635,0.930637738330046,0.009696417975078368,-1.6765418035708783,0.0,1.0,1.0,94.40046356281114
cokriging_baseline,1,307,6742,8,0.019124966285679133,0.000144476894631176,0.6943590898167586,0.3791913214990138,0.9791255752794215,0.9945759368836292,0.020205272310079098,-1.9702323700014437,0.0,1.0,1.0,51.12072018824501
cokriging_baseline,1,308,6742,9,0.021259273912254666,0.000225519169264342,0.7879224527432351,0.3938198553583169,0.9081196581196581,0.935733070348455,0.019768939539541893,-2.5404719459720915,1.0,1.0,1.0,260.2793709554128
cokriging_baseline,1,309,6742,10,0.04060193066897805,0.00020502839236847365,1.2271974110615589,0.24474030243261014,0.6308349769888232,0.7296186719263642,0.02192566798874882,2.5018933519903395,0.0,1.0,1.0,167.29119291391177
cokriging_baseline,1,328,7846,1,0.0034675822957495103,1.1516802866115344e-05,1.5850833035921899,0.5986193293885601,0.9912886259040106,0.9962195923734385,0.004465370013616925,2.988391698975939,0.0,0.0,1.0,13.028221807650866
cokriging_baseline,1,329,7846,2,0.004308800674386711,2.5409307542556827e-05,0.6418993934333884,0.9447731755424064,1.0,1.0,0.007594073131628288,3.17565869627585,0.0,1.0,1.0,35.42867515635885
cokriging_baseline,1,330,7846,3,0.003082310239987716,4.264119863457769e-05,0.7483588303652943,0.9081196581196581,0.98767258382643,0.9930966469428008,0.007263592906705966,4.503048226980544,0.0,0.0,0.0,28.508989218192315
cokriging_baseline,1,331,7846,4,0.003322736179109128,5.896931203154875e-05,0.3388303680547739,0.8331689677843525,0.9787968441814595,0.9870151216305062,0.007839328085186616,4.254547024653524,0.0,0.0,0.0,48.51032132210425
cokriging_baseline,1,332,7846,5,0.008797397377823887,4.984502027141832e-05,0.6452703254469918,0.8642340565417489,1.0,1.0,0.018208975491649498,4.483186767360908,0.0,1.0,1.0,72.51862440101554
cokriging_baseline,1,333,7846,7,0.004076519257171976,8.489102545058878e-05,0.23885943015858385,0.8745890861275477,0.9810979618671927,0.9894806048652203,0.011237231285989076,3.637521428048943,0.0,0.0,1.0,68.93036446890667
cokriging_baseline,1,334,7846,8,0.022764019053872358,0.0001236606078397149,0.8270064540114964,0.41863905325443784,0.8402366863905325,0.9822485207100592,0.019573577678030207,3.3860664889307266,0.0,0.0,0.0,49.99218886634625
cokriging_baseline,1,335,7846,10,0.012413707418469195,0.0001506087444608675,0.43782557834167546,0.7430966469428008,0.9812623274161736,0.9914529914529915,0.024786430415713663,3.1162743003401974,0.0,1.0,1.0,152.68108145594863
cokriging_baseline,1,392,9183,1,0.0016132998356769741,3.2279057822428978e-06,0.8999677816920043,0.8361275476660092,0.9526627218934911,0.9656476002629849,0.004500537554167619,2.0225023983957486,0.0,1.0,1.0,14.025375595979316
cokriging_baseline,1,393,9183,2,0.0018144051979691637,7.881278749993978e-06,0.379292569824924,0.8770545693622617,0.9835634451019066,0.9878369493754109,0.0063150685401610245,0.052509055415348706,1.0,1.0,1.0,50.067025990361216
cokriging_baseline,1,394,9183,3,0.0020548952409568176,9.91997285685253e-06,0.59269963713574,0.7840236686390533,0.9040105193951348,0.9229125575279421,0.00599184569776564,2.9525584133745326,0.0,0.0,1.0,25.278587599997874
cokriging_baseline,1,395,9183,4,0.00352432569862968,1.4697509113463127e-05,0.49198707813337117,0.722879684418146,0.9235700197238659,0.9386916502301118,0.007104816412123764,1.7081341679207895,1.0,1.0,1.0,56.81129778366631
cokriging_baseline,1,396,9183,5,0.04711702865713509,1.5071305555160406e-05,4.6836798565244395,0.3241288625904011,0.8106508875739645,0.9990138067061144,0.0289464384794983,0.48286972264777633,1.0,1.0,1.0,113.71697120771967
cokriging_baseline,1,397,9183,6,0.033172156092145855,2.227782162771403e-05,3.5210708111580153,0.4314595660749507,1.0,1.0,0.032837240391061846,3.3037895191107536,0.0,0.0,0.0,37.474560641767866
cokriging_baseline,1,398,9183,7,0.011267922220690996,2.1835315011685038e-05,0.6971629149082887,0.4626890203813281,0.7986522024983563,0.8380999342537804,0.010785482941727069,1.5295189990636107,1.0,1.0,1.0,100.55714213883371
cokriging_baseline,1,399,9183,8,0.009701550902263928,2.6525292953628262e-05,0.5350911039951778,0.6650230111768574,0.9520052596975674,0.9695923734385273,0.014166660123652565,1.9618213400805906,0.0,1.0,1.0,60.68511639472626
cokriging_baseline,1,400,9183,9,0.009390024941298078,2.4978679119766618e-05,0.43443141895571175,0.8333333333333334,0.9769888231426693,0.9888231426692965,0.0213589331991605,5.597596809175613,0.0,1.0,1.0,118.07680223383636
cokriging_baseline,1,401,9436,1,0.0019925117123140573,1.1603524705483195e-05,0.472091621058662,0.64086127547666,0.9335963182117029,0.957922419460881,0.0028388797435546656,1.9238708072805057,0.0,1.0,1.0,17.62749664693934
cokriging_baseline,1,402,9436,2,0.0017920282532695917,3.143299601031402e-05,0.2593417274799892,0.826758711374096,0.9953977646285339,0.9985207100591716,0.007076243152643895,1.3790630309980647,0.0,1.0,1.0,40.57144845712687
cokriging_baseline,1,403,9436,3,0.0016076406850446747,3.24160063410629e-05,0.45063207225837504,0.9179815910585142,0.9817554240631163,0.98767258382643,0.006430315575889354,2.8455313593399962,0.0,0.0,1.0,35.606804452728
cokriging_baseline,1,404,9436,4,0.0014626206548501493,5.2876156600156955e-05,0.2435823282848099,0.8890532544378699,0.9907955292570677,0.9939184746877054,0.006273895062218245,2.0718757737997815,0.0,0.0,0.0,30.170902896770976
cokriging_baseline,1,405,9436,5,0.17372211466552745,6.122578690268812e-05,10.038627089756444,0.027120315581854043,0.1051939513477975,0.13724523339907954,0.012542896567147771,1.222626207557245,0.0,1.0,1.0,51.21777197516135
cokriging_baseline,1,406,9436,6,0.15401644136329426,6.610885838554771e-05,7.662968835649406,0.02021696252465483,0.07182774490466798,0.08974358974358974,0.014618486844516203,4.3403264608727055,0.0,0.0,0.0,32.7044096582638
cokriging_baseline,1,407,9436,7,0.00306677737136944,8.470580524669494e-05,0.4096035222062428,0.9332675871137409,0.9940828402366864,0.9957264957264957,0.012956025196277865,-1.4549991808804639,1.0,1.0,1.0,171.47380868765353
cokriging_baseline,1,408,9436,8,0.007854372819115793,8.822000780609531e-05,1.533260747433667,0.8666995397764629,1.0,1.0,0.020299278326911484,-0.05727448611800399,1.0,1.0,1.0,87.6558902796082
cokriging_baseline,1,409,9436,9,0.005598908115194687,0.00010874894731629385,0.6262676908033945,0.9015450361604208,1.0,1.0,0.01905111639154801,0.6443747577289154,1.0,1.0,1.0,163.68122266127295
cokriging_baseline,1,410,9436,10,0.007670453121266013,0.00011826054826712609,1.080028512747081,0.9298159105851413,1.0,1.0,0.016330513226737325,1.8499970373807633,0.0,1.0,1.0,83.5195383716467
cokriging_baseline,1,421,9828,1,0.0019734069238336064,1.1508025085910675e-05,0.5563710339411704,0.6755424063116371,0.960223537146614,0.9745233399079553,0.003400191189374504,1.4764414286045657,0.0,1.0,1.0,15.544288849136374
cokriging_baseline,1,422,9828,2,0.00449679556049877,2.9344121054230234e-05,0.7400880788677703,0.6569690992767916,0.9983563445101906,0.9990138067061144,0.005836555679121686,1.6518630245658106,0.0,1.0,1.0,47.663177921186886
cokriging_baseline,1,423,9828,3,0.0036407177593270742,3.44378399977238e-05,1.2440841089297987,0.6766929651545036,0.950525969756739,0.9656476002629849,0.00574065095176844,3.1136967747899416,0.0,0.0,0.0,32.59051826673743
cokriging_baseline,1,424,9828,4,0.004615554803639034,5.3108000094401036e-05,0.8080832163525397,0.5751150558842867,0.9327744904667982,0.9569362261669954,0.006133762660751923,0.9445406225790135,1.0,1.0,1.0,62.261819993856534
cokriging_baseline,1,425,9828,5,0.06682769346307267,5.7086464193208606e-05,7.99354025323797,0.15236686390532544,0.3418803418803419,0.3757396449704142,0.016036268188700867,0.7143770286860954,1.0,1.0,1.0,106.448690977957
cokriging_baseline,1,426,9828,6,0.07006681894545971,7.775375574593221e-05,17.304849618572007,0.16568047337278108,0.3395792241946088,0.4017094017094017,0.022396798373038793,2.9871557156004145,0.0,0.0,0.0,45.144710501264896
cokriging_baseline,1,427,9828,7,0.008577523335198225,8.123178963799031e-05,0.9093618326038171,0.5113412228796844,0.9774819197896121,0.9873438527284681,0.010726986251746997,0.5783011511406636,1.0,1.0,1.0,127.02930294458116
cokriging_baseline,1,428,9828,8,0.0057746087000208135,9.450861809378783e-05,0.8283534811548611,0.9958908612754767,1.0,1.0,0.018907322160182694,1.1821299854473775,0.0,1.0,1.0,64.87790601182681
cokriging_baseline,1,429,9828,9,0.005895276063614723,9.784599533288662e-05,0.42779414995546616,0.9209401709401709,0.9998356344510191,1.0,0.017981966464200815,3.953418267948448,0.0,1.0,1.0,186.08423985095433
cokriging_baseline,1,430,9828,10,0.01382474450084346,0.00012099967470272991,1.3534351476923452,0.6252465483234714,0.9972057856673241,1.0,0.016311968065257892,2.2814387091585675,0.0,1.0,1.0,149.1511267876062
latent_gp,2,34,1039,1,0.0050693114552201515,1.444474529352184e-05,0.39897814660379555,0.7062787639710717,1.0,1.0,0.007010832869912637,0.0968409674016931,1.0,1.0,1.0,16.80101236338194
latent_gp,2,35,1039,2,0.007477366626156397,3.1885259913649194e-05,0.24897991648798823,0.8686719263642341,1.0,1.0,0.012034840279997676,-0.07019331974834289,1.0,1.0,1.0,48.63975543329336
latent_gp,2,36,1039,3,0.007021170634600563,3.917225287547397e-05,0.3045744406407922,0.693129520052597,1.0,1.0,0.012368029302355001,-0.44168134102075796,1.0,1.0,1.0,32.62099275078704
latent_gp,2,37,1039,4,0.006658960655105349,5.328946768849054e-05,0.17786406837403987,0.9117357001972387,1.0,1.0,0.017633243270437002,-0.35971898190735224,1.0,1.0,1.0,55.42722255232903
latent_gp,2,38,1039,5,0.017491953299289487,5.371678410378196e-05,0.37015717290884276,0.7761341222879684,1.0,1.0,0.030650457168454753,-2.0518494634854756,1.0,1.0,1.0,104.49423592934802
latent_gp,2,39,1039,6,0.026041878279513337,7.683887293878289e-05,0.7426921683073296,0.5514464168310322,0.7679158448389217,0.8149243918474688,0.029758298733717204,-0.7482848951565808,1.0,1.0,1.0,67.59342074521106
latent_gp,2,40,1039,7,0.013861617724425648,7.232678893849549e-05,0.2587499857521684,0.712853385930309,0.9962195923734385,0.9990138067061144,0.020559051664284865,-0.7868633591769227,1.0,1.0,1.0,108.8775570085195
latent_gp,2,41,1039,8,0.02048727378797906,8.606162622140755e-05,0.4191917802969772,0.5831689677843525,0.9490466798159106,0.9863576594345825,0.02743568254336558,-0.9498648667184079,1.0,1.0,1.0,66.93789973106014
latent_gp,2,42,1039,9,0.0382977959258695,8.020904723782408e-05,0.5421611730408128,0.3050624589086128,0.8101577909270217,0.8941485864562788,0.025258958791818015,-4.410780117359937,0.0,1.0,1.0,214.15974411764012
latent_gp,2,63,1356,1,0.00403013261450452,1.0928518137449703e-05,0.8599870080563542,0.6640368178829718,0.9937541091387245,1.0,0.005137310657585607,0.2520473941481881,1.0,1.0,1.0,9.938694471770365
latent_gp,2,64,1356,2,0.007796799583765775,2.803590205167428e-05,0.5791674929908309,0.6060157790927022,0.995069033530572,1.0,0.008904656640056442,-0.43021747843422065,1.0,1.0,1.0,20.21183655907481
latent_gp,2,65,1356,3,0.004540503434223841,3.466278776328698e-05,0.5136896000076573,0.7532873109796187,0.9960552268244576,1.0,0.009942111475851936,1.0844524260133175,1.0,1.0,1.0,28.773500362059327
latent_gp,2,66,1356,4,0.00926999350103155,5.404431561499371e-05,0.5007096280298301,0.6928007889546351,0.9963839579224194,0.9993425378040762,0.014398236885873918,0.14480880857526607,1.0,1.0,1.0,35.42273931933004
latent_gp,2,67,1356,5,0.007472756596355955,5.664587020476936e-05,0.2907327618063648,0.9784681130834977,1.0,1.0,0.028911994785625852,-0.5068017336424911,1.0,1.0,1.0,42.11631412040077
latent_gp,2,68,1356,6,0.010811383079105365,8.169346494834807e-05,0.8287586740923822,0.977810650887574,1.0,1.0,0.031165333715197217,3.4202128524090174,0.0,1.0,1.0,65.39071941074396
latent_gp,2,69,1356,7,0.012119620172026864,8.420401885486219e-05,0.39085892153911284,0.5854700854700855,0.9924391847468771,0.9968770545693623,0.015149115413024017,1.05041809206257,1.0,1.0,1.0,50.29691015797589
latent_gp,2,70,1356,8,0.011642839918138739,0.0001012843698917042,0.3968881935851998,0.8699868507560815,0.9985207100591716,1.0,0.027646721760485427,1.9207778695283786,0.0,1.0,1.0,53.43990562718052
latent_gp,2,71,1356,9,0.01675598619609215,0.00010075577257863992,0.3544837218861631,0.6005917159763313,0.9674556213017751,0.9904667981591059,0.024384490471592413,5.860347277640662,0.0,0.0,1.0,126.08463250394036
latent_gp,2,82,2304,1,0.00351101528673027,2.520853840938905e-05,1.1913796415906204,0.6711045364891519,1.0,1.0,0.0070657983305729075,1.754906563588026,0.0,1.0,1.0,16.766995420195244
latent_gp,2,83,2304,2,0.004056519880449003,7.154513563154683e-05,0.559919199610061,0.8203484549638396,1.0,1.0,0.011799221983953714,5.565419697090942,0.0,0.0,0.0,46.788899545427945
latent_gp,2,84,2304,3,0.005410333990026948,7.810383952649968e-05,1.0665143207391303,0.8121301775147929,1.0,1.0,0.012571753065090051,1.1733456582073822,1.0,1.0,1.0,38.37799026561709
latent_gp,2,85,2304,4,0.006052496795260421,0.0001372326303904756,0.6056450321654337,0.8828073635765944,1.0,1.0,0.01757850600973493,2.0280739028614665,0.0,1.0,1.0,59.14529840294287
latent_gp,2,86,2304,5,0.02195514990526522,0.00015613556897398794,0.9431304882899509,0.6181788297172912,0.9799474030243261,1.0,0.03186189819650309,8.18824085030104,0.0,0.0,0.0,110.52310011854519
latent_gp,2,87,2304,6,0.025007104205197393,0.00018851644675668545,1.045337837076342,0.428172255095332,0.9998356344510191,1.0,0.03183938971311333,3.4256456874324255,0.0,1.0,1.0,83.88554210701275
latent_gp,2,88,2304,7,0.011067056088202024,0.00023657819797010224,0.6701270302195413,0.9140368178829718,1.0,1.0,0.01966830475417386,6.01957769733632,0.0,0.0,0.0,105.53903596642773
latent_gp,2,89,2304,8,0.010889045570081753,0.0002561465116340679,0.8268230796520275,0.9561143984220908,1.0,1.0,0.02847678712149553,1.9174999769288916,0.0,1.0,1.0,78.06869197774711
latent_gp,2,90,2304,9,0.03647836509224987,0.00029670535920341145,1.7323928169496636,0.5106837606837606,0.9015450361604208,1.0,0.025773014719239908,14.467758982267371,0.0,0.0,0.0,289.9305018529727
latent_gp,2,91,2304,10,0.021135315226043862,0.0003701029311849768,1.0599803482180135,0.826758711374096,1.0,1.0,0.03732276292348614,7.507042149713281,0.0,0.0,0.0,147.82038399159512
latent_gp,2,147,3455,1,0.0040644583628289405,1.758181301588638e-05,1.5932005379381187,0.6875410913872453,1.0,1.0,0.005194590178889262,-0.4957596028873814,1.0,1.0,1.0,9.733064331019502
latent_gp,2,148,3455,2,0.0055418605767546605,5.0332595543368884e-05,0.859540138257579,0.7133464825772519,0.9741946088099934,0.9953977646285339,0.009097586323917113,-2.7731152732867366,0.0,0.0,0.0,23.082807616380894
latent_gp,2,149,3455,3,0.0026560000962718567,5.389890517907845e-05,0.6905632860955624,0.9837278106508875,1.0,1.0,0.008842909228040017,0.9568075110035748,1.0,1.0,1.0,26.93030444485151
latent_gp,2,150,3455,4,0.004844455409042248,9.569045433422728e-05,0.5878387986475876,0.8941485864562788,0.9965483234714004,0.9998356344510191,0.013990160948017583,-0.749973528618214,1.0,1.0,1.0,36.40809117099068
latent_gp,2,151,3455,5,0.010780209347835568,0.00011048748861150265,0.6706392879555098,0.8990795529257067,1.0,1.0,0.02863724703628277,-2.8226968502059346,0.0,0.0,1.0,49.390963910922146
latent_gp,2,152,3455,6,0.014854939898748452,0.0001279443706653419,0.9088014353080688,0.6352728468113084,0.9768244575936884,0.997698882314267,0.027086040122905428,2.1103689145071747,0.0,1.0,1.0,52.59025195662258
latent_gp,2,153,3455,7,0.006173087053159887,0.00016707864778934541,0.4319542191955888,0.9002301117685733,1.0,1.0,0.017264050865671364,-0.5344447168602302,1.0,1.0,1.0,67.67016691302318
latent_gp,2,154,3455,8,0.01388247122650162,0.00017614357828667974,1.3216100793102226,0.8523997370151216,1.0,1.0,0.026929240374671277,0.7001093026332184,1.0,1.0,1.0,48.59718966998498
latent_gp,2,155,3455,9,0.01738233941179018,0.00021426289828483687,0.912391426739833,0.8034188034188035,1.0,1.0,0.024552376172243397,1.6005782867929432,1.0,1.0,1.0,118.01291231567514
latent_gp,2,156,3565,1,0.0005049255513855718,9.022985446712368e-06,0.1778646735215812,1.0,1.0,1.0,0.004217027449801388,1.5090184655356789,0.0,1.0,1.0,11.764420731493779
latent_gp,2,157,3565,2,0.0006102641719498152,2.558863124267902e-05,0.11840567323930026,1.0,1.0,1.0,0.010103352245586799,0.15442211865971026,1.0,1.0,1.0,39.00403001799205
latent_gp,2,158,3565,3,0.0006434614003967006,2.7370770382402355e-05,0.23155622585875055,1.0,1.0,1.0,0.008307045428405881,1.1620757569450293,0.0,1.0,1.0,27.42887464606265
latent_gp,2,159,3565,4,0.001594576663564475,4.825460495624767e-05,0.3295014924582167,0.9983563445101906,1.0,1.0,0.012805579227022823,1.375406793868726,0.0,1.0,1.0,42.726049628705034
latent_gp,2,160,3565,5,0.036411560913134265,5.5539578920571574e-05,5.087303717888785,0.45660749506903353,0.8259368836291914,0.8994082840236687,0.02817210836781462,0.8472652974027604,1.0,1.0,1.0,55.622687415554424
latent_gp,2,161,3565,6,0.018296129964445167,6.287811968565489e-05,4.50602848495101,0.64086127547666,1.0,1.0,0.03380557991052549,1.0681644589367114,0.0,1.0,1.0,36.532545730401566
latent_gp,2,162,3565,7,0.009250276941149696,8.37583253260539e-05,1.4095398445830138,0.9972057856673241,1.0,1.0,0.02076033095264178,3.2730791734712588,0.0,1.0,1.0,119.33603986771918
latent_gp,2,163,3565,8,0.020709075845329904,8.742050041077751e-05,4.770700954560509,0.7092373438527285,1.0,1.0,0.027651518220472134,0.970544356186622,1.0,1.0,1.0,62.4321079244212
latent_gp,2,164,3565,9,0.01847109595338315,0.00010795972205139707,2.212326845125034,0.5853057199211046,0.992603550295858,1.0,0.02516347968401961,0.1458037549588818,1.0,1.0,1.0,127.19750625636385
latent_gp,2,165,3565,10,0.021286612821530482,0.00012733886406537468,3.57766562236324,0.8183760683760684,1.0,1.0,0.03694409336038173,2.448359747604655,0.0,1.0,1.0,100.58369557171322
latent_gp,2,186,3964,1,0.0009126343774260068,9.474461848986734e-06,0.246979774860596,0.9886587771203156,1.0,1.0,0.0056160282631004645,0.994037935841512,1.0,1.0,1.0,14.282863485550054
latent_gp,2,187,3964,2,0.0011811134614696179,3.126878498401904e-05,0.1786827958673959,1.0,1.0,1.0,0.011448847533958816,-1.1429852181183169,1.0,1.0,1.0,58.502715387439885
latent_gp,2,188,3964,3,0.001956824271462596,2.4321879546164863e-05,0.5578096128929029,0.9935897435897436,1.0,1.0,0.010171711362399747,2.1890889161666314,0.0,1.0,1.0,28.91850071889595
latent_gp,2,189,3964,4,0.0026429117798118544,4.8476270795336405e-05,0.4206679117199349,0.9991781722550953,1.0,1.0,0.015772506239370973,0.6046317538791462,1.0,1.0,1.0,52.00892371882712
latent_gp,2,190,3964,5,0.09593919009824993,7.464627066757797e-05,11.187192805558071,0.2274819197896121,0.4526627218934911,0.5083826429980276,0.029366653477490946,-0.2624165356552406,1.0,1.0,1.0,108.5679529514397
latent_gp,2,191,3964,6,0.01802228269361418,5.110131758082714e-05,5.506726194300232,0.6947731755424064,1.0,1.0,0.03348794207270246,1.9160477266989147,0.0,1.0,1.0,49.20685383402991
latent_gp,2,192,3964,7,0.009658625072516585,9.286674380941951e-05,1.1510053637246398,0.9924391847468771,1.0,1.0,0.022785381542269945,0.3339944287342341,1.0,1.0,1.0,159.5544943962942
latent_gp,2,193,3964,8,0.011345284395966293,7.717285856873892e-05,1.9431097153662973,0.9483892176199868,1.0,1.0,0.02839674028307175,0.3953048897913957,1.0,1.0,1.0,68.41865727039973
latent_gp,2,194,3964,9,0.0117553288496285,0.00014277933206735218,1.2448600562478727,0.9763313609467456,1.0,1.0,0.02520253196754453,0.9752979509985018,1.0,1.0,1.0,270.10971340242594
latent_gp,2,195,3964,10,0.018553251983461673,0.00012286250827494696,2.266636829709758,0.9066403681788298,1.0,1.0,0.03724748685985764,0.7175563154450526,1.0,1.0,1.0,99.63510858348249
latent_gp,2,254,4919,1,0.002356328008326746,1.7245494231611693e-05,0.4664040234989879,0.8451676528599605,1.0,1.0,0.0070842333513199554,0.3509910862399411,1.0,1.0,1.0,19.829336414870156
latent_gp,2,255,4919,2,0.002750391676454104,5.1478356846543475e-05,0.3149189079436778,0.8620973044049968,1.0,1.0,0.012319519751942358,-0.2808920310236844,1.0,1.0,1.0,66.88026700079624
latent_gp,2,256,4919,3,0.004193927249699537,4.311697083884445e-05,0.5464476374232323,0.8727810650887574,0.9990138067061144,1.0,0.013667669116343257,1.3002171198500712,1.0,1.0,1.0,41.417020490107134
latent_gp,2,257,4919,4,0.0041431910455691804,7.76397455988184e-05,0.3740150580931634,0.9386916502301118,1.0,1.0,0.01877498874347722,-0.06388108797994284,1.0,1.0,1.0,69.12635284144932
latent_gp,2,258,4919,5,0.03525588661275574,0.00011555663372074945,3.1304721705534004,0.45660749506903353,0.8275805391190006,0.9263642340565418,0.030855589947021356,-0.5668543754269274,1.0,1.0,1.0,150.47696282218544
latent_gp,2,259,4919,6,0.028663648752503594,8.194517677725615e-05,2.2044247164740116,0.517422748191979,0.997698882314267,1.0,0.032737168900692525,1.4366034943815877,1.0,1.0,1.0,84.56390961655597
latent_gp,2,260,4919,7,0.007910973409616738,0.00013831409675774586,0.5101141085758389,0.789447731755424,0.9707429322813939,0.9911242603550295,0.021130877764357042,1.8267888667710377,1.0,1.0,1.0,157.18191585382394
latent_gp,2,261,4919,8,0.011959201094096794,0.00011609591210692974,0.7492566113336866,0.8583168967784353,0.9991781722550953,1.0,0.027916025911331528,1.2309948074027963,1.0,1.0,1.0,89.26461009646204
latent_gp,2,262,4919,9,0.00874561330053293,0.00020610561789838214,0.6651594984035561,0.9352399737015121,0.9988494411571335,1.0,0.025294509161374573,2.7124191859022337,1.0,1.0,1.0,352.11938858502833
latent_gp,2,281,6065,1,0.006073556171374383,2.4917390472437894e-05,1.9909344224554684,0.23011176857330704,0.7666009204470743,0.9025312294543064,0.004216283693247325,-0.7690138801759766,0.0,1.0,1.0,10.46262136671803
latent_gp,2,282,6065,2,0.009241245930026008,6.922874170708549e-05,1.299847499980235,0.4543063773833005,0.9534845496383958,0.9924391847468771,0.007682693648234239,-3.4138837327683884,0.0,0.0,0.0,27.039250851517618
latent_gp,2,283,6065,3,0.004301995454358546,7.314533213934545e-05,0.9709457981565728,0.665844838921762,1.0,1.0,0.007547450340389916,0.48048728643761124,1.0,1.0,1.0,26.69715301045321
latent_gp,2,284,6065,4,0.007399807588465363,0.00012368108377028527,0.7872775438954202,0.6901709401709402,1.0,1.0,0.012549986865734275,-1.4413289891484635,0.0,1.0,1.0,39.83636286628883
latent_gp,2,285,6065,5,0.004715808562304631,0.00014355389223146898,0.3482286844858244,1.0,1.0,1.0,0.026027140005871332,-4.68591921092361,0.0,0.0,0.0,61.014571693735995
latent_gp,2,286,6065,6,0.010426000927744457,0.0001644656374338449,1.0989380910692315,0.8201840894148587,1.0,1.0,0.028335730230190394,0.9357614172333405,1.0,1.0,1.0,48.40897641469193
latent_gp,2,287,6065,7,0.01331333040676872,0.00020517433527967146,0.8187790412698288,0.5815253122945431,1.0,1.0,0.015556533221584859,-1.497132181385549,1.0,1.0,1.0,92.41876719553792
latent_gp,2,288,6065,8,0.011025957350379785,0.00021790639926419934,0.8381421424430139,0.9797830374753451,1.0,1.0,0.025470565483104925,-0.367851081984319,1.0,1.0,1.0,51.20121350675456
latent_gp,2,289,6065,9,0.010885272062153565,0.00026360839182149406,0.4610735526722611,0.9390203813280736,1.0,1.0,0.0233131273159575,-2.0211230238901057,0.0,1.0,1.0,142.42217491318
latent_gp,2,336,7876,1,0.011121318939953037,1.3960403227916975e-05,0.3897669808277005,0.2873109796186719,0.6923076923076923,0.7642998027613412,0.006267586712723582,2.5910307901395395,0.0,0.0,1.0,14.359630614415194
latent_gp,2,337,7876,2,0.010503827034017634,2.1061284268218902e-05,0.2085844735207936,0.5294214332675871,0.9861932938856016,1.0,0.010765484739335812,7.900522449277384,0.0,0.0,0.0,35.066268060451094
latent_gp,2,338,7876,3,0.006751122693112244,5.0769847872135675e-05,0.2040997850266026,0.7140039447731755,1.0,1.0,0.011178763589929608,1.81274867053816,0.0,1.0,1.0,35.01545476421915
latent_gp,2,339,7876,4,0.006226212328186137,5.5702514935361464e-05,0.12063024287424595,0.8331689677843525,1.0,1.0,0.016728214397448805,4.480124031251532,0.0,0.0,0.0,50.932719242277884
latent_gp,2,340,7876,5,0.006937595153653258,2.9341900335567855e-05,0.0975280013901506,1.0,1.0,1.0,0.02999678353430927,15.170566999946228,0.0,0.0,0.0,80.84453428148977
latent_gp,2,341,7876,6,0.022111101923282063,0.00011149249529008543,0.7160412100500485,0.5920447074293228,0.8902038132807364,0.9462524654832347,0.03278524511159943,1.6793626701659872,0.0,1.0,1.0,63.46804154714776
latent_gp,2,342,7876,7,0.00715577016492324,6.30000206028454e-05,0.09993899825885587,0.9358974358974359,1.0,1.0,0.019704094424393834,9.47290985724511,0.0,0.0,0.0,107.5810163316843
latent_gp,2,343,7876,8,0.026685761321639793,0.00011667163522183697,0.49487564415129764,0.5810322156476002,0.916009204470743,0.9638395792241946,0.027527121431953554,3.08107735562745,0.0,1.0,1.0,67.55372312409816
latent_gp,2,344,7876,9,0.01961029424141814,3.8391807019213905e-05,0.21282324024712532,0.608809993425378,0.9870151216305062,1.0,0.024715919768356097,9.116858031105815,0.0,0.0,1.0,130.67975636992296
latent_gp,2,345,7876,10,0.02203435913582747,0.00011937492810941682,0.3330444574558528,0.7587113740959894,1.0,1.0,0.035286425100341474,4.930638997476294,0.0,0.0,0.0,96.96902244764051
latent_gp,2,383,9167,1,0.005835388212648449,1.6167936686326802e-05,0.47089016713924253,0.4531558185404339,0.7353714661406969,0.8458251150558843,0.003721113957128848,-3.751464541895417,0.0,0.0,0.0,10.467120083455098
latent_gp,2,384,9167,2,0.008631448713783239,3.034710875753927e-05,0.350483151905462,0.5374753451676528,0.9255424063116371,0.977810650887574,0.00696285532209556,-3.649825593002406,0.0,0.0,0.0,24.403594432917366
latent_gp,2,385,9167,3,0.007945352692121299,6.0240982040140667e-05,0.4763964521309538,0.5210387902695595,0.7925706771860618,0.8925049309664694,0.006518843238430653,-3.330834931339499,0.0,0.0,0.0,29.519791711562707
latent_gp,2,386,9167,4,0.00974807662802966,7.346194939561676e-05,0.3477421639220139,0.6400394477317555,0.9784681130834977,0.9958908612754767,0.01150375534142503,-3.9561568899955395,0.0,0.0,0.0,36.83371900902615
latent_gp,2,387,9167,5,0.011625649752932107,4.8357484879280964e-05,0.3107119409683983,0.8864234056541749,1.0,1.0,0.026154864416374986,-3.5866961893862666,0.0,0.0,1.0,49.74191182078867
latent_gp,2,388,9167,6,0.06122435640142405,0.00014147923422022827,0.9222533562784764,0.16255752794214332,0.5330374753451677,0.6199868507560815,0.029308980401155392,-0.18016850905013582,1.0,1.0,1.0,95.31220605002555
latent_gp,2,389,9167,7,0.010501690782163002,9.104763221972996e-05,0.25886077458434276,0.7495069033530573,0.9996712689020382,1.0,0.015318375214910427,-5.147987816819324,0.0,0.0,0.0,70.39085681765077
latent_gp,2,390,9167,8,0.01814253203394713,0.00016077566185511929,0.678422075619677,0.5405982905982906,1.0,1.0,0.025752120798291298,-3.3834504796681433,0.0,0.0,0.0,47.100037603054844
latent_gp,2,391,9167,9,0.019423016005475267,6.829906177767796e-05,0.3817138812562713,0.5754437869822485,0.9212689020381328,0.9697567389875082,0.023449425271633045,6.7723296548859695,0.0,1.0,1.0,216.24881555490245
inr_baseline,2,34,1039,1,0.03677313671036479,1.444474529352184e-05,2.8942151333789323,,,,,,,,,
inr_baseline,2,35,1039,2,0.02919114314762838,3.1885259913649194e-05,0.9720010728992984,,,,,,,,,
inr_baseline,2,36,1039,3,0.03006566192979418,3.917225287547397e-05,1.3042315364955066,,,,,,,,,
inr_baseline,2,37,1039,4,0.040803500041772196,5.328946768849054e-05,1.0898812738540038,,,,,,,,,
inr_baseline,2,38,1039,5,0.07008690420929736,5.371678410378196e-05,1.4831488442803114,,,,,,,,,
inr_baseline,2,39,1039,6,0.05381721794367723,7.683887293878289e-05,1.5348211775608034,,,,,,,,,
inr_baseline,2,40,1039,7,0.06252836897056553,7.232678893849549e-05,1.1671952655086326,,,,,,,,,
inr_baseline,2,41,1039,8,0.055878466959763645,8.606162622140755e-05,1.1433338709454397,,,,,,,,,
inr_baseline,2,42,1039,9,0.08346723410676851,8.020904723782408e-05,1.1816004670710134,,,,,,,,,
inr_baseline,2,63,1356,1,0.013441623551836833,1.0928518137449703e-05,2.8682980753935237,,,,,,,,,
inr_baseline,2,64,1356,2,0.02018443132915747,2.803590205167428e-05,1.4993544934378686,,,,,,,,,
inr_baseline,2,65,1356,3,0.027478925969732178,3.466278776328698e-05,3.108826740144222,,,,,,,,,
inr_baseline,2,66,1356,4,0.025645306417578537,5.404431561499371e-05,1.3852061315499147,,,,,,,,,
inr_baseline,2,67,1356,5,0.04258347874996297,5.664587020476936e-05,1.6567396816238622,,,,,,,,,
inr_baseline,2,68,1356,6,0.03706959005144116,8.169346494834807e-05,2.841610927611562,,,,,,,,,
inr_baseline,2,69,1356,7,0.04340104250115354,8.420401885486219e-05,1.399687814047814,,,,,,,,,
inr_baseline,2,70,1356,8,0.04727647752605035,0.0001012843698917042,1.6115892596919779,,,,,,,,,
inr_baseline,2,71,1356,9,0.059358180086301046,0.00010075577257863992,1.2557606789082012,,,,,,,,,
inr_baseline,2,82,2304,1,0.011871910227283865,2.520853840938905e-05,4.028450746151384,,,,,,,,,
inr_baseline,2,83,2304,2,0.026213223833664867,7.154513563154683e-05,3.618196814191485,,,,,,,,,
inr_baseline,2,84,2304,3,0.0426975989705551,7.810383952649968e-05,8.416781819239691,,,,,,,,,
inr_baseline,2,85,2304,4,0.03365836127509797,0.0001372326303904756,3.368034711402997,,,,,,,,,
inr_baseline,2,86,2304,5,0.027501335280403442,0.00015613556897398794,1.181378760042642,,,,,,,,,
inr_baseline,2,87,2304,6,0.045945434953388035,0.00018851644675668545,1.920594292070184,,,,,,,,,
inr_baseline,2,88,2304,7,0.03860598922888303,0.00023657819797010224,2.3376511968904303,,,,,,,,,
inr_baseline,2,89,2304,8,0.03396694567514081,0.0002561465116340679,2.579165864330402,,,,,,,,,
inr_baseline,2,90,2304,9,0.04663103995626304,0.00029670535920341145,2.214553159463989,,,,,,,,,
inr_baseline,2,91,2304,10,0.10210505475830277,0.0003701029311849768,5.1207824600676,,,,,,,,,
inr_baseline,2,147,3455,1,0.012506808501156229,1.758181301588638e-05,4.902462334012537,,,,,,,,,
inr_baseline,2,148,3455,2,0.02238980489473793,5.0332595543368884e-05,3.472648892595054,,,,,,,,,
inr_baseline,2,149,3455,3,0.027101717339339353,5.389890517907845e-05,7.0464797840020985,,,,,,,,,
inr_baseline,2,150,3455,4,0.021643218230377362,9.569045433422728e-05,2.6262442997546107,,,,,,,,,
inr_baseline,2,151,3455,5,0.03215688367555903,0.00011048748861150265,2.000487084731335,,,,,,,,,
inr_baseline,2,152,3455,6,0.0351160272460541,0.0001279443706653419,2.1483423144795064,,,,,,,,,
inr_baseline,2,153,3455,7,0.039589731165117784,0.00016707864778934541,2.7702430350205516,,,,,,,,,
inr_baseline,2,154,3455,8,0.04731778322859482,0.00017614357828667974,4.504648936433351,,,,,,,,,
inr_baseline,2,155,3455,9,0.04494472189792872,0.00021426289828483687,2.359128881643034,,,,,,,,,
inr_baseline,2,156,3565,1,0.02021373207988414,9.022985446712368e-06,7.120473200802332,,,,,,,,,
inr_baseline,2,157,3565,2,0.04953204906168712,2.558863124267902e-05,9.610388231268162,,,,,,,,,
inr_baseline,2,158,3565,3,0.03744526092699941,2.7370770382402355e-05,13.475063603203791,,,,,,,,,
inr_baseline,2,159,3565,4,0.04752827941563036,4.825460495624767e-05,9.821189133932238,,,,,,,,,
inr_baseline,2,160,3565,5,0.03613148902922248,5.5539578920571574e-05,5.0481729940041475,,,,,,,,,
inr_baseline,2,161,3565,6,0.030680266823127238,6.287811968565489e-05,7.556032696508073,,,,,,,,,
inr_baseline,2,162,3565,7,0.03368050264885266,8.37583253260539e-05,5.132171801035951,,,,,,,,,
inr_baseline,2,163,3565,8,0.0559579864029311,8.742050041077751e-05,12.890909335674152,,,,,,,,,
inr_baseline,2,164,3565,9,0.020446000114562986,0.00010795972205139707,2.4488657870131596,,,,,,,,,
inr_baseline,2,165,3565,10,0.04544452270064083,0.00012733886406537468,7.637913460160304,,,,,,,,,
inr_baseline,2,186,3964,1,0.020034329846142986,9.474461848986734e-06,5.421748727939503,,,,,,,,,
inr_baseline,2,187,3964,2,0.045017947844156365,3.126878498401904e-05,6.810465757453722,,,,,,,,,
inr_baseline,2,188,3964,3,0.025171598774475366,2.4321879546164863e-05,7.175381036024705,,,,,,,,,
inr_baseline,2,189,3964,4,0.043893935961891666,4.8476270795336405e-05,6.986525437323528,,,,,,,,,
inr_baseline,2,190,3964,5,0.06020635355375437,7.464627066757797e-05,7.0204895896628265,,,,,,,,,
inr_baseline,2,191,3964,6,0.04464021559642624,5.110131758082714e-05,13.639861760194886,,,,,,,,,
inr_baseline,2,192,3964,7,0.029790118797870094,9.286674380941951e-05,3.550048403877913,,,,,,,,,
inr_baseline,2,193,3964,8,0.07673300932695652,7.717285856873892e-05,13.142081829655432,,,,,,,,,
inr_baseline,2,194,3964,9,0.029392421519636357,0.00014277933206735218,3.1125842564031734,,,,,,,,,
inr_baseline,2,195,3964,10,0.050772315226891504,0.00012286250827494696,6.202815534736984,,,,,,,,,
inr_baseline,2,254,4919,1,0.01963900861324277,1.7245494231611693e-05,3.887282501578427,,,,,,,,,
inr_baseline,2,255,4919,2,0.036667245145384095,5.1478356846543475e-05,4.1983870505943806,,,,,,,,,
inr_baseline,2,256,4919,3,0.027453236881761156,4.311697083884445e-05,3.577018756043871,,,,,,,,,
inr_baseline,2,257,4919,4,0.04309868126086058,7.76397455988184e-05,3.890613683565982,,,,,,,,,
inr_baseline,2,258,4919,5,0.05393478498553176,0.00011555663372074945,4.789025596675847,,,,,,,,,
inr_baseline,2,259,4919,6,0.06230391244148314,8.194517677725615e-05,4.791584131697188,,,,,,,,,
inr_baseline,2,260,4919,7,0.03298234732572434,0.00013831409675774586,2.1267623886016427,,,,,,,,,
inr_baseline,2,261,4919,8,0.04079728598361282,0.00011609591210692974,2.555993164357911,,,,,,,,,
inr_baseline,2,262,4919,9,0.02155797044460066,0.00020610561789838214,1.639620723529528,,,,,,,,,
inr_baseline,2,281,6065,1,0.014103209332117566,2.4917390472437894e-05,4.623084752018382,,,,,,,,,
inr_baseline,2,282,6065,2,0.03599277901333664,6.922874170708549e-05,5.062642437186501,,,,,,,,,
inr_baseline,2,283,6065,3,0.029800577232150856,7.314533213934545e-05,6.725889311873216,,,,,,,,,
inr_baseline,2,284,6065,4,0.04265044306448661,0.00012368108377028527,4.53764988622145,,,,,,,,,
inr_baseline,2,285,6065,5,0.02565757778392251,0.00014355389223146898,1.8946283422543408,,,,,,,,,
inr_baseline,2,286,6065,6,0.026609453634098806,0.0001644656374338449,2.8047323593877675,,,,,,,,,
inr_baseline,2,287,6065,7,0.048856564568786155,0.00020517433527967146,3.004712560655008,,,,,,,,,
inr_baseline,2,288,6065,8,0.0370521440039017,0.00021790639926419934,2.8165321496067244,,,,,,,,,
inr_baseline,2,289,6065,9,0.042118305975141164,0.00026360839182149406,1.7840286267180019,,,,,,,,,
inr_baseline,2,336,7876,1,0.0219740147023867,1.3960403227916975e-05,0.7701195706602884,,,,,,,,,
inr_baseline,2,337,7876,2,0.06466689745571416,2.1061284268218902e-05,1.2841520253846022,,,,,,,,,
inr_baseline,2,338,7876,3,0.03646962262861294,5.0769847872135675e-05,1.1025487873439643,,,,,,,,,
inr_baseline,2,339,7876,4,0.0633641731275149,5.5702514935361464e-05,1.2276541805834442,,,,,,,,,
inr_baseline,2,340,7876,5,0.0920403286248374,2.9341900335567855e-05,1.2938935033339516,,,,,,,,,
inr_baseline,2,341,7876,6,0.04762831746799256,0.00011149249529008543,1.542385277348812,,,,,,,,,
inr_baseline,2,342,7876,7,0.07803104015424421,6.30000206028454e-05,1.0897979960757136,,,,,,,,,
inr_baseline,2,343,7876,8,0.07416628746021274,0.00011667163522183697,1.3753810070773633,,,,,,,,,
inr_baseline,2,344,7876,9,0.10643383875028672,3.8391807019213905e-05,1.155086923016918,,,,,,,,,
inr_baseline,2,345,7876,10,0.11284357259423052,0.00011937492810941682,1.705605603519374,,,,,,,,,
inr_baseline,2,383,9167,1,0.025498538130532496,1.6167936686326802e-05,2.0576198951197617,,,,,,,,,
inr_baseline,2,384,9167,2,0.027982906956534652,3.034710875753927e-05,1.1362562363305537,,,,,,,,,
inr_baseline,2,385,9167,3,0.035709110484058795,6.0240982040140667e-05,2.1410872748577723,,,,,,,,,
inr_baseline,2,386,9167,4,0.03592512195110598,7.346194939561676e-05,1.2815532871908635,,,,,,,,,
inr_baseline,2,387,9167,5,0.05238921115013843,4.8357484879280964e-05,1.4001758033487377,,,,,,,,,
inr_baseline,2,388,9167,6,0.06924118681222141,0.00014147923422022827,1.0430149156911492,,,,,,,,,
inr_baseline,2,389,9167,7,0.05424625495608904,9.104763221972996e-05,1.3371396918373857,,,,,,,,,
inr_baseline,2,390,9167,8,0.03448450471209753,0.00016077566185511929,1.2895140115901376,,,,,,,,,
inr_baseline,2,391,9167,9,0.06613217678302849,6.829906177767796e-05,1.2996730203311178,,,,,,,,,
cokriging_baseline,2,34,1039,1,0.004675540246949271,1.444474529352184e-05,0.3679865399034275,0.6987179487179487,0.9972057856673241,0.9990138067061144,0.005140428975654827,0.0968409674016931,1.0,1.0,1.0,16.80101236338194
cokriging_baseline,2,35,1039,2,0.010329857483936439,3.1885259913649194e-05,0.3439616087148273,0.4690992767915845,0.9462524654832347,0.9804404996712689,0.00896737262593519,-0.07019331974834289,1.0,1.0,1.0,48.63975543329336
cokriging_baseline,2,36,1039,3,0.0019308699320282397,3.917225287547397e-05,0.0837600537151854,0.9641683103221564,0.997370151216305,0.9995069033530573,0.007775139584973792,-0.44168134102075796,1.0,1.0,1.0,32.62099275078704
cokriging_baseline,2,37,1039,4,0.004806901764624949,5.328946768849054e-05,0.12839467724967638,0.8362919132149902,0.9978632478632479,0.9998356344510191,0.008562198239941312,-0.35971898190735224,1.0,1.0,1.0,55.42722255232903
cokriging_baseline,2,38,1039,5,0.018682011085709136,5.371678410378196e-05,0.39534066261305695,0.6576265614727154,0.9963839579224194,0.9995069033530573,0.03083681250781361,-2.0518494634854756,1.0,1.0,1.0,104.49423592934802
cokriging_baseline,2,39,1039,6,0.028135907904798297,7.683887293878289e-05,0.8024121080985441,0.4906311637080868,0.75,0.8083497698882314,0.03174079337475954,-0.7482848951565808,1.0,1.0,1.0,67.59342074521106
cokriging_baseline,2,40,1039,7,0.0056794390909933766,7.232678893849549e-05,0.10601610959775153,0.8898750821827744,0.9789612097304405,0.9850427350427351,0.013594820527158033,-0.7868633591769227,1.0,1.0,1.0,108.8775570085195
cokriging_baseline,2,41,1039,8,0.030370345764779844,8.606162622140755e-05,0.6214101222605204,0.28172255095332016,0.7715318869165023,0.8902038132807364,0.02040663561291927,-0.9498648667184079,1.0,1.0,1.0,66.93789973106014
cokriging_baseline,2,42,1039,9,0.03186055089035379,8.020904723782408e-05,0.4510325784250351,0.34368836291913213,0.7993096646942801,0.8859303090072321,0.02757462471134943,-4.410780117359937,0.0,1.0,1.0,214.15974411764012
cokriging_baseline,2,63,1356,1,0.0032739445110934596,1.0928518137449703e-05,0.6986245897975103,0.3238001314924392,0.789447731755424,0.8826429980276134,0.0027372987498620865,0.2520473941481881,1.0,1.0,1.0,9.938694471770365
cokriging_baseline,2,64,1356,2,0.005018496525389193,2.803590205167428e-05,0.3727875803354972,0.4265285996055227,0.7978303747534516,0.8527284681130834,0.0048663325056852655,-0.43021747843422065,1.0,1.0,1.0,20.21183655907481
cokriging_baseline,2,65,1356,3,0.004434780085552912,3.466278776328698e-05,0.501728594917145,0.3788625904010519,0.9289940828402367,0.9664694280078896,0.004828065923259534,1.0844524260133175,1.0,1.0,1.0,28.773500362059327
cokriging_baseline,2,66,1356,4,0.00683055390586066,5.404431561499371e-05,0.3689456853514092,0.4263642340565417,0.903517422748192,0.9575936883629191,0.006724341621483436,0.14480880857526607,1.0,1.0,1.0,35.42273931933004
cokriging_baseline,2,67,1356,5,0.016849739113176696,5.664587020476936e-05,0.6555507495693684,0.893655489809336,0.9891518737672583,0.9945759368836292,0.02886718542975759,-0.5068017336424911,1.0,1.0,1.0,42.11631412040077
cokriging_baseline,2,68,1356,6,0.0090164604644697,8.169346494834807e-05,0.6911668715154466,0.990302432610125,1.0,1.0,0.03279083380996295,3.4202128524090174,0.0,1.0,1.0,65.39071941074396
cokriging_baseline,2,69,1356,7,0.009964728009023682,8.420401885486219e-05,0.321363441077727,0.24917817225509534,0.6525312294543064,0.7958579881656804,0.0063495060398152,1.05041809206257,1.0,1.0,1.0,50.29691015797589
cokriging_baseline,2,70,1356,8,0.008100557635587632,0.0001012843698917042,0.2761367251998716,0.967948717948718,1.0,1.0,0.022113950124210597,1.9207778695283786,0.0,1.0,1.0,53.43990562718052
cokriging_baseline,2,71,1356,9,0.01832174524024555,0.00010075577257863992,0.387608366837104,0.4878369493754109,0.9475673898750822,0.9939184746877054,0.02528910410334686,5.860347277640662,0.0,0.0,1.0,126.08463250394036
cokriging_baseline,2,82,2304,1,0.003923751682079612,2.520853840938905e-05,1.3314319337641007,0.5772518080210388,0.7209072978303748,0.7807363576594346,0.0049605022509656175,1.754906563588026,0.0,1.0,1.0,16.766995420195244
cokriging_baseline,2,83,2304,2,0.006259626552653734,7.154513563154683e-05,0.8640127973024552,0.413379355687048,0.6507232084155161,0.7003616042077581,0.00813162902519963,5.565419697090942,0.0,0.0,0.0,46.788899545427945
cokriging_baseline,2,84,2304,3,0.008791260315077258,7.810383952649968e-05,1.7329808179418502,0.19115713346482577,0.7319197896120972,0.8356344510190664,0.00700436700862414,1.1733456582073822,1.0,1.0,1.0,38.37799026561709
cokriging_baseline,2,85,2304,4,0.008571357043916011,0.0001372326303904756,0.8576955904593035,0.49342537804076264,0.8507560815253123,0.9501972386587771,0.009311554218061773,2.0280739028614665,0.0,1.0,1.0,59.14529840294287
cokriging_baseline,2,86,2304,5,0.0274572066883213,0.00015613556897398794,1.179483121853991,0.46729125575279423,0.8826429980276134,0.9230769230769231,0.029972535789383834,8.18824085030104,0.0,0.0,0.0,110.52310011854519
cokriging_baseline,2,87,2304,6,0.027583710891141786,0.00018851644675668545,1.1530442087529857,0.3972715318869165,0.9215976331360947,0.9424720578566732,0.03311423012704637,3.4256456874324255,0.0,1.0,1.0,83.88554210701275
cokriging_baseline,2,88,2304,7,0.01255514985705824,0.00023657819797010224,0.7602333647374347,0.3336620644312952,0.7386587771203156,0.8270874424720579,0.012293951475249627,6.01957769733632,0.0,0.0,0.0,105.53903596642773
cokriging_baseline,2,89,2304,8,0.013728359119549827,0.0002561465116340679,1.0424168117160304,0.8208415516107824,1.0,1.0,0.021760127126308364,1.9174999769288916,0.0,1.0,1.0,78.06869197774711
cokriging_baseline,2,90,2304,9,0.032854037275594154,0.00029670535920341145,1.5602699857874964,0.34171597633136097,1.0,1.0,0.027028709959593573,14.467758982267371,0.0,0.0,0.0,289.9305018529727
cokriging_baseline,2,91,2304,10,0.0283782560458511,0.0003701029311849768,1.4232290081122052,0.2279750164365549,0.7314266929651545,0.8349769888231426,0.01787985331137761,7.507042149713281,0.0,0.0,0.0,147.82038399159512
cokriging_baseline,2,147,3455,1,0.005941809697734941,1.758181301588638e-05,2.329091249484071,0.22140039447731755,0.6928007889546351,0.8297172912557528,0.003655164140900016,-0.4957596028873814,1.0,1.0,1.0,9.733064331019502
cokriging_baseline,2,148,3455,2,0.0072677911473931255,5.0332595543368884e-05,1.1272312107345983,0.3948060486522025,0.7273175542406312,0.7728468113083498,0.004968114787138487,-2.7731152732867366,0.0,0.0,0.0,23.082807616380894
cokriging_baseline,2,149,3455,3,0.005726468437566441,5.389890517907845e-05,1.4888888247855085,0.4413214990138067,0.9092702169625246,0.9656476002629849,0.005378761431253896,0.9568075110035748,1.0,1.0,1.0,26.93030444485151
cokriging_baseline,2,150,3455,4,0.0042552356809696275,9.569045433422728e-05,0.5163413468508037,0.6275476660092044,0.9470742932281394,0.9783037475345168,0.0073506440155341884,-0.749973528618214,1.0,1.0,1.0,36.40809117099068
cokriging_baseline,2,151,3455,5,0.010704387678885234,0.00011048748861150265,0.665922404596778,0.9219263642340565,0.9935897435897436,0.9996712689020382,0.032956148400131835,-2.8226968502059346,0.0,0.0,1.0,49.390963910922146
cokriging_baseline,2,152,3455,6,0.018101922982288358,0.0001279443706653419,1.1074466608596512,0.527120315581854,0.8254437869822485,0.9763313609467456,0.026799764003735484,2.1103689145071747,0.0,1.0,1.0,52.59025195662258
cokriging_baseline,2,153,3455,7,0.010082829553563526,0.00016707864778934541,0.7055336705258892,0.48898750821827747,0.834155161078238,0.891190006574622,0.0086815490598106,-0.5344447168602302,1.0,1.0,1.0,67.67016691302318
cokriging_baseline,2,154,3455,8,0.01315680937943357,0.00017614357828667974,1.2525271332260126,0.8162393162393162,1.0,1.0,0.02152877433757537,0.7001093026332184,1.0,1.0,1.0,48.59718966998498
cokriging_baseline,2,155,3455,9,0.01989381552715116,0.00021426289828483687,1.044217714435203,0.5726495726495726,0.9875082182774491,1.0,0.024317026429792873,1.6005782867929432,1.0,1.0,1.0,118.01291231567514
cokriging_baseline,2,156,3565,1,0.00038003498595318955,9.022985446712368e-06,0.13387082217933935,0.9722222222222222,0.9968770545693623,0.997370151216305,0.002677884168097087,1.5090184655356789,0.0,1.0,1.0,11.764420731493779
cokriging_baseline,2,157,3565,2,0.0028628519480194633,2.558863124267902e-05,0.5554609427694904,0.8162393162393162,0.9916173570019724,0.9944115713346483,0.004896602815315569,0.15442211865971026,1.0,1.0,1.0,39.00403001799205
cokriging_baseline,2,158,3565,3,0.0012296935981740184,2.7370770382402355e-05,0.4425179325135828,0.9791255752794215,0.9990138067061144,0.9996712689020382,0.006581753241295558,1.1620757569450293,0.0,1.0,1.0,27.42887464606265
cokriging_baseline,2,159,3565,4,0.0011852055028770156,4.825460495624767e-05,0.24490950544497125,0.9416502301117686,0.9853714661406969,0.9891518737672583,0.007038168592082716,1.375406793868726,0.0,1.0,1.0,42.726049628705034
cokriging_baseline,2,160,3565,5,0.02610476334896137,5.5539578920571574e-05,3.647271808989486,0.5558842866535174,1.0,1.0,0.031608445427439055,0.8472652974027604,1.0,1.0,1.0,55.622687415554424
cokriging_baseline,2,161,3565,6,0.018369422181067123,6.287811968565489e-05,4.5240791227889305,0.6640368178829718,1.0,1.0,0.03517476835131045,1.0681644589367114,0.0,1.0,1.0,36.532545730401566
cokriging_baseline,2,162,3565,7,0.003461811094746057,8.37583253260539e-05,0.5275042794402695,0.8527284681130834,0.970249835634451,0.9812623274161736,0.012075540740000211,3.2730791734712588,0.0,1.0,1.0,119.33603986771918
cokriging_baseline,2,163,3565,8,0.01719131439903354,8.742050041077751e-05,3.9603225477642074,0.6347797501643655,1.0,1.0,0.021666999152416502,0.970544356186622,1.0,1.0,1.0,62.4321079244212
cokriging_baseline,2,164,3565,9,0.017783329824339254,0.00010795972205139707,2.129951469332952,0.5524326101249178,0.9635108481262328,0.9995069033530573,0.0247972299771685,0.1458037549588818,1.0,1.0,1.0,127.19750625636385
cokriging_baseline,2,165,3565,10,0.0070838408747062424,0.00012733886406537468,1.1905893241076901,0.8468113083497699,0.992603550295858,0.997370151216305,0.016297418513049965,2.448359747604655,0.0,1.0,1.0,100.58369557171322
cokriging_baseline,2,186,3964,1,0.0011875255658431562,9.474461848986734e-06,0.32137162937073765,0.8152531229454306,0.9799474030243261,0.9860289283366206,0.004634355884768912,0.994037935841512,1.0,1.0,1.0,14.282863485550054
cokriging_baseline,2,187,3964,2,0.0033486416231229238,3.126878498401904e-05,0.5065937076299508,0.7902695595003287,0.9907955292570677,0.9945759368836292,0.007247494610596039,-1.1429852181183169,1.0,1.0,1.0,58.502715387439885
cokriging_baseline,2,188,3964,3,0.002210644235441363,2.4321879546164863e-05,0.6301631798004016,0.851413543721236,0.9487179487179487,0.9597304404996713,0.008028198991043328,2.1890889161666314,0.0,1.0,1.0,28.91850071889595
cokriging_baseline,2,189,3964,4,0.0024355908842991357,4.8476270795336405e-05,0.3876689865051664,0.8338264299802761,0.9534845496383958,0.9630177514792899,0.008282284083908855,0.6046317538791462,1.0,1.0,1.0,52.00892371882712
cokriging_baseline,2,190,3964,5,0.11438436844454598,7.464627066757797e-05,13.338031959834847,0.1678172255095332,0.3433596318211703,0.3880670611439842,0.03040452496071032,-0.2624165356552406,1.0,1.0,1.0,108.5679529514397
cokriging_baseline,2,191,3964,6,0.01660543034696553,5.110131758082714e-05,5.073805566908763,0.7928994082840237,1.0,1.0,0.03520927835649836,1.9160477266989147,0.0,1.0,1.0,49.20685383402991
cokriging_baseline,2,192,3964,7,0.007391735910934669,9.286674380941951e-05,0.8808632302056086,0.7601906640368179,0.9360618014464168,0.9585798816568047,0.016482275080712507,0.3339944287342341,1.0,1.0,1.0,159.5544943962942
cokriging_baseline,2,193,3964,8,0.011074405449237825,7.717285856873892e-05,1.8967162099497723,0.9036817882971729,1.0,1.0,0.022761473504579792,0.3953048897913957,1.0,1.0,1.0,68.41865727039973
cokriging_baseline,2,194,3964,9,0.009871934202052967,0.00014277933206735218,1.04541325242733,0.9467455621301775,0.9996712689020382,1.0,0.025937217399662087,0.9752979509985018,1.0,1.0,1.0,270.10971340242594
cokriging_baseline,2,195,3964,10,0.008406629756229182,0.00012286250827494696,1.0270316296134183,0.9334319526627219,0.9995069033530573,1.0,0.02105844546085572,0.7175563154450526,1.0,1.0,1.0,99.63510858348249
cokriging_baseline,2,254,4919,1,0.0020537380488477174,1.7245494231611693e-05,0.40651033549260884,0.6291913214990138,0.9649901380670611,0.9861932938856016,0.00514361961786432,0.3509910862399411,1.0,1.0,1.0,19.829336414870156
cokriging_baseline,2,255,4919,2,0.008328932413490652,5.1478356846543475e-05,0.9536599177666053,0.3683431952662722,0.8502629848783695,0.9403353057199211,0.009460797467730757,-0.2808920310236844,1.0,1.0,1.0,66.88026700079624
cokriging_baseline,2,256,4919,3,0.003695420590986623,4.311697083884445e-05,0.4814947258263663,0.678007889546351,0.9855358316896778,0.9947403024326101,0.007872998194432447,1.3002171198500712,1.0,1.0,1.0,41.417020490107134
cokriging_baseline,2,257,4919,4,0.004049651232972225,7.76397455988184e-05,0.3655710114494809,0.7380013149243918,0.9924391847468771,0.9957264957264957,0.008655253096866376,-0.06388108797994284,1.0,1.0,1.0,69.12635284144932
cokriging_baseline,2,258,4919,5,0.019297120764762768,0.00011555663372074945,1.7134471808756528,0.5731426692965155,0.9723865877712031,0.9875082182774491,0.028047442216236493,-0.5668543754269274,1.0,1.0,1.0,150.47696282218544
cokriging_baseline,2,259,4919,6,0.02612702339930185,8.194517677725615e-05,2.0093414012507838,0.604043392504931,1.0,1.0,0.03507875637282986,1.4366034943815877,1.0,1.0,1.0,84.56390961655597
cokriging_baseline,2,260,4919,7,0.007314392777072396,0.00013831409675774586,0.471645492666446,0.6697896120973044,0.9163379355687048,0.9544707429322814,0.014716751619104036,1.8267888667710377,1.0,1.0,1.0,157.18191585382394
cokriging_baseline,2,261,4919,8,0.009672759988916183,0.00011609591210692974,0.6060086551364038,0.7789283366206443,0.9737015121630507,0.9896449704142012,0.019803762913859345,1.2309948074027963,1.0,1.0,1.0,89.26461009646204
cokriging_baseline,2,262,4919,9,0.010239611266607789,0.00020610561789838214,0.7787875429535857,0.8803418803418803,0.9963839579224194,0.9991781722550953,0.027776805168783676,2.7124191859022337,1.0,1.0,1.0,352.11938858502833
cokriging_baseline,2,281,6065,1,0.006667333666780625,2.4917390472437894e-05,2.1855769056279204,0.021860618014464168,0.5475016436554898,0.8448389217619987,0.0032819594683898253,-0.7690138801759766,0.0,1.0,1.0,10.46262136671803
cokriging_baseline,2,282,6065,2,0.008346272584592562,6.922874170708549e-05,1.1739630819678535,0.11850756081525313,0.784845496383958,0.9339250493096647,0.004400004192547273,-3.4138837327683884,0.0,0.0,0.0,27.039250851517618
cokriging_baseline,2,283,6065,3,0.007372780773165903,7.314533213934545e-05,1.6640116402685479,0.11160420775805391,0.9718934911242604,1.0,0.005161633561583175,0.48048728643761124,1.0,1.0,1.0,26.69715301045321
cokriging_baseline,2,284,6065,4,0.00826873043013337,0.00012368108377028527,0.8797236558307292,0.2049638395792242,0.9927679158448389,0.9998356344510191,0.00618135350703945,-1.4413289891484635,0.0,1.0,1.0,39.83636286628883
cokriging_baseline,2,285,6065,5,0.015247130514254295,0.00014355389223146898,1.1258913781198276,0.913379355687048,1.0,1.0,0.025061914584665723,-4.68591921092361,0.0,0.0,0.0,61.014571693735995
cokriging_baseline,2,286,6065,6,0.014429999287423848,0.0001644656374338449,1.520973955493648,0.6916502301117686,1.0,1.0,0.03112110462996709,0.9357614172333405,1.0,1.0,1.0,48.40897641469193
cokriging_baseline,2,287,6065,7,0.017201993276332796,0.00020517433527967146,1.0579345011647083,0.09171597633136094,0.5473372781065089,0.7324128862590401,0.008124986388298816,-1.497132181385549,1.0,1.0,1.0,92.41876719553792
cokriging_baseline,2,288,6065,8,0.01414729242458989,0.00021790639926419934,1.0754115588978914,0.6729125575279421,1.0,1.0,0.01782303822591023,-0.367851081984319,1.0,1.0,1.0,51.20121350675456
cokriging_baseline,2,289,6065,9,0.011625555774298784,0.00026360839182149406,0.49243016362284464,0.9204470742932281,1.0,1.0,0.0237327080998798,-2.0211230238901057,0.0,1.0,1.0,142.42217491318
cokriging_baseline,2,336,7876,1,0.013375075668811812,1.3960403227916975e-05,0.46875401109545295,0.07741617357001973,0.35453648915187375,0.4533201840894149,0.004269639617232629,2.5910307901395395,0.0,0.0,1.0,14.359630614415194
cokriging_baseline,2,337,7876,2,0.013522159204477807,2.1061284268218902e-05,0.2685223632677748,0.24260355029585798,0.591387245233399,0.7123602892833663,0.006750165075819441,7.900522449277384,0.0,0.0,0.0,35.066268060451094
cokriging_baseline,2,338,7876,3,0.009017715475889827,5.0769847872135675e-05,0.27262336558302286,0.24145299145299146,0.8474687705456936,0.9492110453648915,0.006640556047696558,1.81274867053816,0.0,1.0,1.0,35.01545476421915
cokriging_baseline,2,339,7876,4,0.010004231740535677,5.5702514935361464e-05,0.19382777859466865,0.28303747534516766,0.841715976331361,0.9378698224852071,0.00814786279106669,4.480124031251532,0.0,0.0,0.0,50.932719242277884
cokriging_baseline,2,340,7876,5,0.013740881530648843,2.9341900335567855e-05,0.1931679037681123,0.8696581196581197,1.0,1.0,0.030605350673972503,15.170566999946228,0.0,0.0,0.0,80.84453428148977
cokriging_baseline,2,341,7876,6,0.023340555467365232,0.00011149249529008543,0.7558555714717501,0.5632807363576594,0.868836291913215,0.9087771203155819,0.03365604986409689,1.6793626701659872,0.0,1.0,1.0,63.46804154714776
cokriging_baseline,2,342,7876,7,0.012792051468461843,6.30000206028454e-05,0.17865649398585967,0.49638395792241946,0.7761341222879684,0.8282380013149244,0.012294221202389861,9.47290985724511,0.0,0.0,0.0,107.5810163316843
cokriging_baseline,2,343,7876,8,0.03544610435966145,0.00011667163522183697,0.657332332258291,0.2034845496383958,0.6992110453648915,0.8178829717291256,0.021334974080322932,3.08107735562745,0.0,1.0,1.0,67.55372312409816
cokriging_baseline,2,344,7876,9,0.015449069686751887,3.8391807019213905e-05,0.1676630156111522,0.7108809993425378,1.0,1.0,0.02617708677793274,9.116858031105815,0.0,0.0,1.0,130.67975636992296
cokriging_baseline,2,345,7876,10,0.01145183116001658,0.00011937492810941682,0.17309189126187507,0.6761998685075609,0.9649901380670611,0.9750164365548981,0.01830352746289622,4.930638997476294,0.0,0.0,0.0,96.96902244764051
cokriging_baseline,2,383,9167,1,0.004315462405672202,1.6167936686326802e-05,0.3482388385207037,0.35387902695595,0.8241288625904011,0.8997370151216305,0.002503869415802662,-3.751464541895417,0.0,0.0,0.0,10.467120083455098
cokriging_baseline,2,384,9167,2,0.00899325675755657,3.034710875753927e-05,0.3651745006895811,0.21597633136094674,0.6515450361604208,0.7483563445101906,0.0040580588198007835,-3.649825593002406,0.0,0.0,0.0,24.403594432917366
cokriging_baseline,2,385,9167,3,0.004588397341700899,6.0240982040140667e-05,0.275116322617241,0.5253122945430638,0.9529914529914529,0.9893162393162394,0.004723867393010359,-3.330834931339499,0.0,0.0,0.0,29.519791711562707
cokriging_baseline,2,386,9167,4,0.005425358349738218,7.346194939561676e-05,0.19353826652998632,0.6170282708744247,0.9659763313609467,0.9863576594345825,0.005663002217618159,-3.9561568899955395,0.0,0.0,0.0,36.83371900902615
cokriging_baseline,2,387,9167,5,0.008510226747496855,4.8357484879280964e-05,0.22744785254940492,0.9018737672583826,1.0,1.0,0.023423855138432502,-3.5866961893862666,0.0,0.0,1.0,49.74191182078867
cokriging_baseline,2,388,9167,6,0.06185677390772699,0.00014147923422022827,0.9317797801077938,0.1349441157133465,0.4888231426692965,0.5848126232741617,0.028411647592717505,-0.18016850905013582,1.0,1.0,1.0,95.31220605002555
cokriging_baseline,2,389,9167,7,0.0065930289629067525,9.104763221972996e-05,0.16251445787128088,0.6482577251808022,0.9120644312952005,0.9421433267587114,0.007943578441141885,-5.147987816819324,0.0,0.0,0.0,70.39085681765077
cokriging_baseline,2,390,9167,8,0.01767350245895645,0.00016077566185511929,0.6608831776755093,0.42291255752794216,0.9995069033530573,1.0,0.019256687402890153,-3.3834504796681433,0.0,0.0,0.0,47.100037603054844
cokriging_baseline,2,391,9167,9,0.016290908088848834,6.829906177767796e-05,0.32015963710428463,0.65844838921762,0.9955621301775148,1.0,0.025500464958835126,6.7723296548859695,0.0,1.0,1.0,216.24881555490245
latent_gp,3,135,3261,1,0.0008811504667188086,5.837143933868248e-06,0.3875726705679289,1.0,1.0,1.0,0.004842936695062084,0.6766737904408899,1.0,1.0,1.0,20.569877218503276
latent_gp,3,136,3261,2,0.0027692244256255854,1.4375995307092355e-05,0.7110272078052575,0.9983563445101906,1.0,1.0,0.009372701407488656,0.6274157213629575,1.0,1.0,1.0,46.65009953890205
latent_gp,3,137,3261,3,0.0014994778966873233,1.852799502368574e-05,0.8229918278661085,0.9970414201183432,1.0,1.0,0.008655298084291897,1.796557069378298,0.0,1.0,1.0,33.08163779130092
latent_gp,3,138,3261,4,0.0037882365213111483,2.773438252211626e-05,1.1873692402119151,0.9801117685733071,1.0,1.0,0.013049894951823864,5.352188481171349,0.0,0.0,0.0,72.63605433507456
latent_gp,3,139,3261,5,0.006960168723521435,2.81356651000646e-05,1.4162236732693234,0.9809335963182118,1.0,1.0,0.019829863023969187,0.930604220402446,1.0,1.0,1.0,99.35017828692064
latent_gp,3,140,3261,6,0.011379942649595473,4.286281470455069e-05,5.550936594277146,0.8670282708744247,1.0,1.0,0.02343677806317971,-0.35094808378496223,1.0,1.0,1.0,53.55032751400108
latent_gp,3,141,3261,7,0.008616761874853034,4.176110274858792e-05,1.912315611643256,0.8328402366863905,0.9911242603550295,0.9968770545693623,0.015789601256614168,9.243151848530282,0.0,0.0,0.0,158.42640271873046
latent_gp,3,142,3261,8,0.01714358697630977,5.173320967343822e-05,0.8043843583178589,0.5162721893491125,1.0,1.0,0.023216980410849877,0.640624946310774,1.0,1.0,1.0,70.98183242427503
latent_gp,3,143,3261,9,0.02287337718038752,4.6973158345997216e-05,0.9527402604537814,0.4413214990138067,0.9199539776462854,0.9878369493754109,0.022837470259025567,1.8648079494685734,1.0,1.0,1.0,155.35649920517406
latent_gp,3,144,3283,1,0.0026000410954465625,6.7476248589043396e-06,0.8397993204308524,0.8923405654174885,1.0,1.0,0.005469495086223076,-0.1161007103011014,1.0,1.0,1.0,20.42857535059999
latent_gp,3,145,3283,4,0.006801073026072679,2.8110645466959826e-05,1.4645941459738545,0.8703155818540433,1.0,1.0,0.014286900950389403,4.632381725468596,0.0,0.0,1.0,72.34610302557567
latent_gp,3,146,3283,10,0.021110234270932116,5.793852521871104e-05,3.2208953943649044,0.7932281393819856,0.9986850756081526,1.0,0.03595865906800615,1.8495598719226858,1.0,1.0,1.0,145.89823229019214
latent_gp,3,206,4365,1,0.003027922307535618,2.0789057306563663e-05,0.4109411746036269,0.7416173570019724,1.0,1.0,0.00401346485341338,1.3484135183461903,0.0,1.0,1.0,9.061136987545966
latent_gp,3,207,4365,2,0.004324517577048128,4.947097092177706e-05,0.2166333269257998,0.8596318211702827,1.0,1.0,0.007510851089980952,3.150022815783715,0.0,0.0,1.0,33.73449361356471
latent_gp,3,208,4365,3,0.0028494963984206463,6.338525581426466e-05,0.22788570324328325,0.9508547008547008,1.0,1.0,0.0070492322946787145,2.304834675539467,0.0,0.0,0.0,17.75247628566005
latent_gp,3,209,4365,4,0.005061948162421448,9.144463739486375e-05,0.2035044792798205,0.9196252465483234,1.0,1.0,0.010961945317714964,2.573579285588377,0.0,0.0,1.0,35.309905079363695
latent_gp,3,210,4365,5,0.007677049170746374,9.022870485610468e-05,0.22384402662252956,0.8632478632478633,1.0,1.0,0.015235731061120585,4.735866259087835,0.0,0.0,1.0,75.50410093799415
latent_gp,3,211,4365,6,0.0077442251359118724,0.00014365991814709001,0.4274429206545618,0.8251150558842867,1.0,1.0,0.015602827990258228,-0.8767768315523835,0.0,1.0,1.0,26.47306024398522
latent_gp,3,212,4365,7,0.0074114642194043,0.00013071779515498653,0.18857091406893578,0.7815581854043393,1.0,1.0,0.011796184834930723,0.9149097355472952,0.0,1.0,1.0,42.38997077477082
latent_gp,3,221,4387,1,0.0011519252002271734,9.331951453095502e-06,0.3787296021397017,1.0,1.0,1.0,0.005383769809341348,-0.47079793924184987,1.0,1.0,1.0,16.289056768659663
latent_gp,3,222,4387,2,0.0015710660041466905,1.7583093436158286e-05,0.2478490124085466,1.0,1.0,1.0,0.010707195629635171,-1.4478850927518059,1.0,1.0,1.0,40.8220095227252
latent_gp,3,223,4387,3,0.0018224073288612772,3.542571757584492e-05,0.5025579538429684,0.9990138067061144,1.0,1.0,0.00977445108745554,0.45606329904241355,1.0,1.0,1.0,29.514471754954876
latent_gp,3,224,4387,4,0.0016074068374016405,4.338879953426621e-05,0.2389888598118342,1.0,1.0,1.0,0.01399145489697685,2.6435905487542204,0.0,1.0,1.0,52.31654244365529
latent_gp,3,225,4387,5,0.007267919161046823,2.8639064090309467e-05,0.7685212881491787,0.9963839579224194,1.0,1.0,0.02194900279397717,-1.2400826401112837,1.0,1.0,1.0,82.03787954761863
latent_gp,3,226,4387,6,0.010851101830283615,8.938778609656099e-05,0.4209757652062893,0.8320184089414858,1.0,1.0,0.024465633482831987,-2.345861100947479,0.0,1.0,1.0,83.59889304895101
latent_gp,3,227,4387,7,0.005628982220215542,5.389624850585903e-05,0.5493911645480881,0.9986850756081526,1.0,1.0,0.018700776633835917,6.363286553644342,0.0,0.0,1.0,111.78779076004767
latent_gp,3,228,4387,8,0.020495399995782215,9.532958112574804e-05,2.679352816850877,0.6558185404339251,1.0,1.0,0.027367232805900622,0.31709112581361004,1.0,1.0,1.0,58.783223085123225
latent_gp,3,229,4387,9,0.020132292611578957,4.1227052933060126e-05,1.5323294840143584,0.5644312952005259,1.0,1.0,0.026075081502981053,-0.8605162098918459,1.0,1.0,1.0,136.65762996118707
latent_gp,3,230,4387,10,0.008628345463704223,0.00010484416943821613,0.8774403135947227,0.9983563445101906,1.0,1.0,0.03238784778602467,-2.467287403483005,0.0,1.0,1.0,117.021799917702
latent_gp,3,231,4391,1,0.00032491850084485327,1.40587449219289e-05,0.08394693639608594,1.0,1.0,1.0,0.004983984969344829,0.6901264018607268,1.0,1.0,1.0,15.643378655234601
latent_gp,3,232,4391,4,0.0017014975532063995,7.04343214718861e-05,0.26103388896278784,0.9644970414201184,1.0,1.0,0.013005508521322758,1.4020426830772506,0.0,1.0,1.0,60.003640905431745
latent_gp,3,233,4391,5,0.03735709742773792,8.024181004423885e-05,0.47883694095484247,0.41370808678500987,0.6484220907297831,0.7112097304404996,0.020205562217728925,-0.9342723324392983,1.0,1.0,1.0,106.39978467827365
latent_gp,3,234,4391,6,0.02903671895713777,8.124533426850495e-05,0.39152603585748796,0.43178829717291256,0.836620644312952,0.8956278763971072,0.021849543990542102,-0.21589331514706717,1.0,1.0,1.0,50.29438294452429
latent_gp,3,235,4391,9,0.02383924941371651,0.00016520328913822576,2.28859917069157,0.5085470085470085,0.8288954635108481,0.9230769230769231,0.02352914248672256,-1.034039996716518,1.0,1.0,1.0,175.4968957316826
latent_gp,3,236,4391,10,0.009102374292345231,0.00017303615516064803,1.1599926304507424,0.9935897435897436,1.0,1.0,0.029775608161622134,-0.03662408147656183,1.0,1.0,1.0,130.22143710031534
latent_gp,3,237,4588,1,0.0017986220363030675,3.235473294173905e-06,0.9228851822909747,0.9613740959894806,1.0,1.0,0.005616121572388116,-0.7826718640153535,1.0,1.0,1.0,19.29734566594516
latent_gp,3,238,4588,2,0.004343006162277665,9.725679519779739e-06,1.3464962232484667,0.9539776462853385,1.0,1.0,0.01018000086699687,0.7245505684665696,1.0,1.0,1.0,52.105489053353025
latent_gp,3,239,4588,3,0.0037881744630480665,8.684890147730748e-06,1.9230941066795166,0.9013806706114399,0.9996712689020382,1.0,0.009616797814137875,-1.2501940760916166,0.0,1.0,1.0,26.767559509597838
latent_gp,3,240,4588,4,0.00646955123358398,1.5848612523256706e-05,2.360150251079116,0.9230769230769231,1.0,1.0,0.013986241861175398,2.3677959571256535,0.0,1.0,1.0,73.12825589258316
latent_gp,3,241,4588,5,0.012397439726990511,2.1916948616988802e-05,1.0819727395545504,0.7248520710059172,1.0,1.0,0.020049913111561988,1.4024295170213674,1.0,1.0,1.0,113.16265876758577
latent_gp,3,242,4588,6,0.00957409744949541,1.815496969267965e-05,1.1668347602054792,0.935733070348455,1.0,1.0,0.0238032088443694,-2.8964265954312522,0.0,0.0,0.0,40.48190951917174
latent_gp,3,243,4588,7,0.011658587850142234,2.7834043755785296e-05,2.974884004929835,0.6190006574621959,0.9806048652202498,0.9937541091387245,0.015388698212252281,6.360852395671179,0.0,1.0,1.0,166.05760851522473
latent_gp,3,244,4588,8,0.015006166141692113,2.600752682022751e-05,5.429547284619388,0.5113412228796844,0.9998356344510191,1.0,0.02006109877443123,-0.7452300857526821,1.0,1.0,1.0,54.67065082916385
latent_gp,3,273,5683,1,0.0006269436953047825,1.0365099844972523e-05,0.25447151433033455,1.0,1.0,1.0,0.00561141560958899,-1.4612334433337633,0.0,1.0,1.0,12.344708787202526
latent_gp,3,274,5683,2,0.0011415496962400933,2.0041574561890385e-05,0.22646616359736094,1.0,1.0,1.0,0.011080266392085102,-3.3996963089820453,0.0,1.0,1.0,38.4873992513448
latent_gp,3,275,5683,3,0.000839253903723185,4.043980605322045e-05,0.31066283929011534,1.0,1.0,1.0,0.010213839703435866,0.6215204978140729,0.0,1.0,1.0,18.133140401822047
latent_gp,3,276,5683,4,0.001123994221934545,5.048010909878072e-05,0.24201753375096055,1.0,1.0,1.0,0.01367420087894239,-2.2818796883848234,0.0,1.0,1.0,44.62522920487356
latent_gp,3,277,5683,5,0.01855561715891686,3.449756922764091e-05,2.6636555082751565,0.6160420775805391,0.9286653517422748,0.9848783694937541,0.02277812913484884,-3.744963458944646,0.0,1.0,1.0,77.16984966931918
latent_gp,3,278,5683,6,0.00719454436324858,0.00010462172671568474,0.7971755723733142,0.9930966469428008,1.0,1.0,0.025707443187720187,-0.826460429473793,1.0,1.0,1.0,58.65477080153543
latent_gp,3,279,5683,8,0.013481880112840062,0.00011250577307462899,2.637273149453299,0.7631492439184747,1.0,1.0,0.023416717290308257,-1.1328477202757106,1.0,1.0,1.0,76.60178239047069
latent_gp,3,280,5683,10,0.012643573074115679,0.0001254190737845943,1.0379906143282285,0.9806048652202498,1.0,1.0,0.03589250756544584,-5.2655380560580545,0.0,0.0,0.0,106.91556300718786
latent_gp,3,346,8110,1,0.0008591452346554873,5.8129268319834445e-06,0.156956956702822,0.982577251808021,1.0,1.0,0.007342168395600601,-0.5986647150385527,1.0,1.0,1.0,19.831657013457917
latent_gp,3,347,8110,2,0.0034939761278942436,8.654715984253602e-06,0.321716058148864,0.9912886259040106,1.0,1.0,0.013595031444504716,1.2296989146269166,1.0,1.0,1.0,47.408524706267684
latent_gp,3,348,8110,3,0.0026586411312026314,2.2028037337152914e-05,0.4121882529068034,0.9574293228139382,1.0,1.0,0.0128446850522315,1.3527221153608435,0.0,1.0,1.0,37.59229829921534
latent_gp,3,349,8110,4,0.0055656748088597574,2.4092998660425615e-05,0.5037348219018725,0.9094345825115056,1.0,1.0,0.017268516879076316,3.8180051085859805,0.0,1.0,1.0,62.743511471785425
latent_gp,3,350,8110,5,0.01135027624919655,1.2010022024358962e-05,0.6888108156890017,0.9051610782380013,1.0,1.0,0.025467752471974376,2.0406686501682665,1.0,1.0,1.0,87.79731965167983
latent_gp,3,351,8110,6,0.011686078531323975,5.010201911264908e-05,1.8767236047648217,0.8357988165680473,1.0,1.0,0.026000032681470088,-1.2449693465416827,1.0,1.0,1.0,95.76433967541693
latent_gp,3,352,8110,7,0.008577241497085218,2.716496579693483e-05,0.532030430415954,0.9820841551610783,1.0,1.0,0.022556856718506355,4.5673528808079205,0.0,1.0,1.0,113.95134004982404
latent_gp,3,353,8110,8,0.0273599310760321,5.201682406440868e-05,2.0613386076614,0.3427021696252465,0.9418145956607495,0.9916173570019724,0.02827012150131024,2.041762679986261,0.0,1.0,1.0,85.42910412286038
latent_gp,3,354,8110,9,0.024840603557876467,1.572517679112349e-05,1.1006859887069682,0.5424063116370809,1.0,1.0,0.027941874113253228,4.380092162809805,0.0,1.0,1.0,128.1545190550549
latent_gp,3,355,8705,1,0.0009219627395933533,5.031276886404293e-06,0.3511380151906453,0.9871794871794872,1.0,1.0,0.004675443055050364,-4.859747673390638,0.0,0.0,0.0,11.308311757155641
latent_gp,3,356,8705,2,0.002247262930455587,1.538639750974762e-05,0.46460510169544017,0.9432938856015779,1.0,1.0,0.008976911475129655,-1.4142480148961012,0.0,1.0,1.0,32.233804387124316
latent_gp,3,357,8705,3,0.0021350033137723873,1.3872946707581602e-05,0.7310816151649221,0.935733070348455,1.0,1.0,0.008169718134853237,-7.497505419615581,0.0,0.0,0.0,14.165473200124376
latent_gp,3,358,8705,4,0.0027923006968418383,2.5836098391210355e-05,0.6611232411502116,0.9922748191978962,1.0,1.0,0.012400477803885986,-5.5432423866039695,0.0,0.0,0.0,37.31542938986996
latent_gp,3,359,8705,5,0.18242391701868121,3.483023926325914e-05,1.0139291683544454,0.1814595660749507,0.28106508875739644,0.3121301775147929,0.01844385046998052,-0.9947652301891904,1.0,1.0,1.0,72.31008488503548
latent_gp,3,360,8705,6,0.16420837125087576,3.004508957754935e-05,1.011351061929778,0.09303090072320841,0.19345825115055884,0.22320841551610782,0.01883130814030765,-4.770797484575807,0.0,0.0,0.0,27.54604529781391
latent_gp,3,361,8705,9,0.00954484410528838,6.340328151821129e-05,1.016760406862499,0.903353057199211,1.0,1.0,0.021082409386273853,-1.2411267563362345,1.0,1.0,1.0,124.28849539543818
latent_gp,3,362,8705,10,0.00807715513408887,6.530329351526868e-05,0.8455189513751659,0.9119000657462196,1.0,1.0,0.023334295689238588,-1.2254291091325484,0.0,1.0,1.0,48.14005677981113
latent_gp,3,373,9064,1,0.0009269022420150176,1.0873771810984168e-05,0.26487187743561563,1.0,1.0,1.0,0.004325829699638255,-2.359671548717017,0.0,0.0,1.0,14.873616137318644
latent_gp,3,374,9064,2,0.0013043027951032333,2.8408374045898973e-05,0.21210695841494706,1.0,1.0,1.0,0.008594360869952914,-1.3515559937342037,0.0,1.0,1.0,38.85963169977504
latent_gp,3,375,9064,3,0.0010871516159850839,3.3858346168480904e-05,0.3524249575621018,1.0,1.0,1.0,0.007719761772767973,-2.3659323933731624,0.0,0.0,1.0,31.9585964596723
latent_gp,3,376,9064,4,0.0020325921748719253,5.378842028339946e-05,0.38166178872951084,0.9784681130834977,1.0,1.0,0.011572751408848251,-2.5618166421503576,0.0,1.0,1.0,62.535268755844406
latent_gp,3,377,9064,5,0.020231270073097687,5.7897667571478245e-05,2.6895595865763533,0.5157790927021696,0.8185404339250493,0.8742603550295858,0.018173222602224554,-1.0131520125099382,1.0,1.0,1.0,85.52126244413853
latent_gp,3,378,9064,6,0.015525579084940996,7.914386754005618e-05,5.908492160512674,0.6377383300460223,0.9998356344510191,1.0,0.02056544237315325,-1.7738079522481798,0.0,0.0,0.0,31.36013951260394
latent_gp,3,379,9064,7,0.002307034677332746,8.50434350875189e-05,0.3417642550033263,0.9995069033530573,1.0,1.0,0.014043327473819252,-1.5193030169585964,0.0,1.0,1.0,76.01868448808816
latent_gp,3,380,9064,8,0.0388070853147168,9.92710641773727e-05,8.424135123914542,0.3487836949375411,0.6365877712031558,0.7146614069690993,0.020487836671526854,-1.1440840622357753,0.0,1.0,1.0,74.44436890518995
latent_gp,3,381,9064,9,0.03922430655934505,0.00010342615321224559,4.517817274114052,0.3428665351742275,0.5848126232741617,0.6420118343195266,0.020297400441792846,-2.3694185471825615,0.0,1.0,1.0,149.39093275077934
latent_gp,3,382,9064,10,0.011268846489122445,0.00013128734387315584,1.7538985584734454,0.9608809993425378,1.0,1.0,0.027761057362128617,-3.302054510175364,0.0,0.0,0.0,83.96273666776744
inr_baseline,3,135,3261,1,0.01661665384768007,5.837143933868248e-06,7.308809506314874,,,,,,,,,
inr_baseline,3,136,3261,2,0.05108662774040923,1.4375995307092355e-05,13.117023648324917,,,,,,,,,
inr_baseline,3,137,3261,3,0.024470409520287492,1.852799502368574e-05,13.430639494069897,,,,,,,,,
inr_baseline,3,138,3261,4,0.02799167815009261,2.773438252211626e-05,8.773596218281652,,,,,,,,,
inr_baseline,3,139,3261,5,0.021718755921037964,2.81356651000646e-05,4.419234290310452,,,,,,,,,
inr_baseline,3,140,3261,6,0.014978303968550207,4.286281470455069e-05,7.30615418542443,,,,,,,,,
inr_baseline,3,141,3261,7,0.05408195531689459,4.176110274858792e-05,12.002393586216453,,,,,,,,,
inr_baseline,3,142,3261,8,0.03588014995365028,5.173320967343822e-05,1.6835118249581207,,,,,,,,,
inr_baseline,3,143,3261,9,0.06746007718411928,4.6973158345997216e-05,2.809901266426854,,,,,,,,,
inr_baseline,3,144,3283,1,0.04625723637078935,6.7476248589043396e-06,14.940839103362782,,,,,,,,,
inr_baseline,3,145,3283,4,0.02540634960319408,2.8110645466959826e-05,5.471194141976497,,,,,,,,,
inr_baseline,3,146,3283,10,0.030686595170556833,5.793852521871104e-05,4.6820092939320395,,,,,,,,,
inr_baseline,3,206,4365,1,0.008830805655311297,2.0789057306563663e-05,1.1984923257966678,,,,,,,,,
inr_baseline,3,207,4365,2,0.02666635449430642,4.947097092177706e-05,1.3358301794734648,,,,,,,,,
inr_baseline,3,208,4365,3,0.02579881715530167,6.338525581426466e-05,2.06323531187454,,,,,,,,,
inr_baseline,3,209,4365,4,0.03603263393210302,9.144463739486375e-05,1.4486127020955653,,,,,,,,,
inr_baseline,3,210,4365,5,0.037176059960936994,9.022870485610468e-05,1.083963222135738,,,,,,,,,
inr_baseline,3,211,4365,6,0.024996540430786862,0.00014365991814709001,1.379685386269091,,,,,,,,,
inr_baseline,3,212,4365,7,0.06255960407428607,0.00013071779515498653,1.5917127000617197,,,,,,,,,
inr_baseline,3,221,4387,1,0.0104735191143802,9.331951453095502e-06,3.4434802940412332,,,,,,,,,
inr_baseline,3,222,4387,2,0.02258152231247048,1.7583093436158286e-05,3.5624270330177636,,,,,,,,,
inr_baseline,3,223,4387,3,0.028093588368085686,3.542571757584492e-05,7.747256095152853,,,,,,,,,
inr_baseline,3,224,4387,4,0.026182975154645707,4.338879953426621e-05,3.8928784132867436,,,,,,,,,
inr_baseline,3,225,4387,5,0.020977784944099527,2.8639064090309467e-05,2.2182242194110655,,,,,,,,,
inr_baseline,3,226,4387,6,0.03169252194311308,8.938778609656099e-05,1.2295326212020656,,,,,,,,,
inr_baseline,3,227,4387,7,0.06043271333088584,5.389624850585903e-05,5.898259659520618,,,,,,,,,
inr_baseline,3,228,4387,8,0.024646455818063927,9.532958112574804e-05,3.222018152127309,,,,,,,,,
inr_baseline,3,229,4387,9,0.04856658894901994,4.1227052933060126e-05,3.696549499871017,,,,,,,,,
inr_baseline,3,230,4387,10,0.02786348550308124,0.00010484416943821613,2.8335149027713644,,,,,,,,,
inr_baseline,3,231,4391,1,0.026117789456495857,1.40587449219289e-05,6.747871865128825,,,,,,,,,
inr_baseline,3,232,4391,4,0.029094903844810095,7.04343214718861e-05,4.463571449337176,,,,,,,,,
inr_baseline,3,233,4391,5,0.07567996393959231,8.024181004423885e-05,0.9700529462843096,,,,,,,,,
inr_baseline,3,234,4391,6,0.07261528957058741,8.124533426850495e-05,0.979131854056357,,,,,,,,,
inr_baseline,3,235,4391,9,0.0382031869084054,0.00016520328913822576,3.667555985468468,,,,,,,,,
inr_baseline,3,236,4391,10,0.01878088335400012,0.00017303615516064803,2.393406992977221,,,,,,,,,
inr_baseline,3,237,4588,1,0.025674735397429833,3.235473294173905e-06,13.17388110413265,,,,,,,,,
inr_baseline,3,238,4588,2,0.04905846425242368,9.725679519779739e-06,15.20997999220318,,,,,,,,,
inr_baseline,3,239,4588,3,0.026046789600455277,8.684890147730748e-06,13.222840729001897,,,,,,,,,
inr_baseline,3,240,4588,4,0.030895078524899363,1.5848612523256706e-05,11.27080143660226,,,,,,,,,
inr_baseline,3,241,4588,5,0.03414334915472612,2.1916948616988802e-05,2.9798227566357607,,,,,,,,,
inr_baseline,3,242,4588,6,0.018511349269566275,1.815496969267965e-05,2.2560545158408245,,,,,,,,,
inr_baseline,3,243,4588,7,0.042339979865187984,2.7834043755785296e-05,10.80375517936011,,,,,,,,,
inr_baseline,3,244,4588,8,0.04033311746822974,2.600752682022751e-05,14.593372241923477,,,,,,,,,
inr_baseline,3,273,5683,1,0.012602744614739099,1.0365099844972523e-05,5.1153549048324924,,,,,,,,,
inr_baseline,3,274,5683,2,0.0285699868623287,2.0041574561890385e-05,5.66785251667026,,,,,,,,,
inr_baseline,3,275,5683,3,0.013191320200414237,4.043980605322045e-05,4.882971612363712,,,,,,,,,
inr_baseline,3,276,5683,4,0.02440644739197751,5.048010909878072e-05,5.2551766638645026,,,,,,,,,
inr_baseline,3,277,5683,5,0.0272407977672563,3.449756922764091e-05,3.9104116236679975,,,,,,,,,
inr_baseline,3,278,5683,6,0.02097548715070774,0.00010462172671568474,2.3241424516874303,,,,,,,,,
inr_baseline,3,279,5683,8,0.0342389558882816,0.00011250577307462899,6.6976918852350735,,,,,,,,,
inr_baseline,3,280,5683,10,0.03370775022834482,0.0001254190737845943,2.7672816981436466,,,,,,,,,
inr_baseline,3,346,8110,1,0.05645232095196389,5.8129268319834445e-06,10.313255708139097,,,,,,,,,
inr_baseline,3,347,8110,2,0.033348470200851445,8.654715984253602e-06,3.0706387180666854,,,,,,,,,
inr_baseline,3,348,8110,3,0.03215030999190072,2.2028037337152914e-05,4.984493751505001,,,,,,,,,
inr_baseline,3,349,8110,4,0.025903345551415893,2.4092998660425615e-05,2.344444762966376,,,,,,,,,
inr_baseline,3,350,8110,5,0.06050741851280984,1.2010022024358962e-05,3.6719955872434924,,,,,,,,,
inr_baseline,3,351,8110,6,0.05333049519124701,5.010201911264908e-05,8.564600940420922,,,,,,,,,
inr_baseline,3,352,8110,7,0.05566765431575475,2.716496579693483e-05,3.452961665580032,,,,,,,,,
inr_baseline,3,353,8110,8,0.034090366389094004,5.201682406440868e-05,2.5684197884811795,,,,,,,,,
inr_baseline,3,354,8110,9,0.046100262905506124,1.572517679112349e-05,2.0427005059508274,,,,,,,,,
inr_baseline,3,355,8705,1,0.015194440259690389,5.031276886404293e-06,5.786942753319681,,,,,,,,,
inr_baseline,3,356,8705,2,0.03693046783341808,1.538639750974762e-05,7.635102920478884,,,,,,,,,
inr_baseline,3,357,8705,3,0.037291390445229444,1.3872946707581602e-05,12.76955861500391,,,,,,,,,
inr_baseline,3,358,8705,4,0.04006608088330956,2.5836098391210355e-05,9.486305426818623,,,,,,,,,
inr_baseline,3,359,8705,5,0.17869983018252952,3.483023926325914e-05,0.9932303459063321,,,,,,,,,
inr_baseline,3,360,8705,6,0.1509864293123478,3.004508957754935e-05,0.9299177895671012,,,,,,,,,
inr_baseline,3,361,8705,9,0.05643864741854143,6.340328151821129e-05,6.012102605243288,,,,,,,,,
inr_baseline,3,362,8705,10,0.024748580355722964,6.530329351526868e-05,2.5906885980289354,,,,,,,,,
inr_baseline,3,373,9064,1,0.017407762468545945,1.0873771810984168e-05,4.97444770116578,,,,,,,,,
inr_baseline,3,374,9064,2,0.036853080117978186,2.8408374045898973e-05,5.993082864955468,,,,,,,,,
inr_baseline,3,375,9064,3,0.023015434073974887,3.3858346168480904e-05,7.460977160434299,,,,,,,,,
inr_baseline,3,376,9064,4,0.03224763934118939,5.378842028339946e-05,6.05517027243205,,,,,,,,,
inr_baseline,3,377,9064,5,0.02878524367581259,5.7897667571478245e-05,3.8267309862649705,,,,,,,,,
inr_baseline,3,378,9064,6,0.02209766045142266,7.914386754005618e-05,8.409596371805668,,,,,,,,,
inr_baseline,3,379,9064,7,0.038720752640187504,8.50434350875189e-05,5.7360946106546535,,,,,,,,,
inr_baseline,3,380,9064,8,0.03192621576055348,9.92710641773727e-05,6.930454925460699,,,,,,,,,
inr_baseline,3,381,9064,9,0.043365795656707534,0.00010342615321224559,4.994829938603376,,,,,,,,,
inr_baseline,3,382,9064,10,0.027954344996896516,0.00013128734387315584,4.350852187085236,,,,,,,,,
cokriging_baseline,3,135,3261,1,0.004067118932071163,5.837143933868248e-06,1.7889159746915635,0.4174884944115713,0.9829059829059829,0.9889875082182774,0.004291555222246464,0.6766737904408899,1.0,1.0,1.0,20.569877218503276
cokriging_baseline,3,136,3261,2,0.0018161691216916562,1.4375995307092355e-05,0.46632033415161794,0.8394148586456279,0.992603550295858,0.994904667981591,0.006711958396666463,0.6274157213629575,1.0,1.0,1.0,46.65009953890205
cokriging_baseline,3,137,3261,3,0.0022428878766484707,1.852799502368574e-05,1.231014073218159,0.8818211702827088,0.9833990795529257,0.989973701512163,0.005767323216934108,1.796557069378298,0.0,1.0,1.0,33.08163779130092
cokriging_baseline,3,138,3261,4,0.002438671941665503,2.773438252211626e-05,0.7643672812433806,0.811801446416831,0.9848783694937541,0.9911242603550295,0.007017907290726305,5.352188481171349,0.0,0.0,0.0,72.63605433507456
cokriging_baseline,3,139,3261,5,0.0103638497042232,2.81356651000646e-05,2.108789295254355,0.9930966469428008,1.0,1.0,0.02334819719199659,0.930604220402446,1.0,1.0,1.0,99.35017828692064
cokriging_baseline,3,140,3261,6,0.01251896920800812,4.286281470455069e-05,6.106533788360639,0.789776462853386,1.0,1.0,0.027888371297506157,-0.35094808378496223,1.0,1.0,1.0,53.55032751400108
cokriging_baseline,3,141,3261,7,0.005894661060850935,4.176110274858792e-05,1.308200520767333,0.7394806048652203,0.928336620644313,0.9451019066403682,0.010081134284992776,9.243151848530282,0.0,0.0,0.0,158.42640271873046
cokriging_baseline,3,142,3261,8,0.022637928651255846,5.173320967343822e-05,1.0621811956243008,0.23931623931623933,0.8721236028928336,0.977810650887574,0.01736618567331544,0.640624946310774,1.0,1.0,1.0,70.98183242427503
cokriging_baseline,3,143,3261,9,0.02454891372305558,4.6973158345997216e-05,1.0225310530189546,0.32988165680473375,0.8427021696252466,0.9337606837606838,0.02257321887052806,1.8648079494685734,1.0,1.0,1.0,155.35649920517406
cokriging_baseline,3,144,3283,1,0.006360326690243988,6.7476248589043396e-06,2.0543513875759403,0.18852728468113084,0.7628205128205128,0.9166666666666666,0.005658032196605401,-0.1161007103011014,1.0,1.0,1.0,20.42857535059999
cokriging_baseline,3,145,3283,4,0.005696149916785126,2.8110645466959826e-05,1.2266517049193353,0.5714990138067061,0.9809335963182118,0.9873438527284681,0.007891977422767838,4.632381725468596,0.0,0.0,1.0,72.34610302557567
cokriging_baseline,3,146,3283,10,0.017261909248352164,5.793852521871104e-05,2.633736948742421,0.5253122945430638,0.9791255752794215,0.9970414201183432,0.02294881970842102,1.8495598719226858,1.0,1.0,1.0,145.89823229019214
cokriging_baseline,3,206,4365,1,0.0009611790546642263,2.0789057306563663e-05,0.13044854180872162,0.943129520052597,0.9996712689020382,1.0,0.002938359993517181,1.3484135183461903,0.0,1.0,1.0,9.061136987545966
cokriging_baseline,3,207,4365,2,0.0019377539849777172,4.947097092177706e-05,0.09707027085689134,0.8270874424720579,0.9860289283366206,0.9889875082182774,0.005140710116598805,3.150022815783715,0.0,0.0,1.0,33.73449361356471
cokriging_baseline,3,208,4365,3,0.002004055952546692,6.338525581426466e-05,0.16027242580061432,0.742603550295858,0.9898093359631821,0.9970414201183432,0.0038663351877503195,2.304834675539467,0.0,0.0,0.0,17.75247628566005
cokriging_baseline,3,209,4365,4,0.00265595801222442,9.144463739486375e-05,0.10677694336724358,0.8542077580539119,0.9983563445101906,0.9995069033530573,0.005349125897237905,2.573579285588377,0.0,0.0,1.0,35.309905079363695
cokriging_baseline,3,210,4365,5,0.005450277450664034,9.022870485610468e-05,0.1589167951946309,0.8067061143984221,1.0,1.0,0.011015762074744995,4.735866259087835,0.0,0.0,1.0,75.50410093799415
cokriging_baseline,3,211,4365,6,0.009701675089576435,0.00014365991814709001,0.5354844755610098,0.5899079552925707,0.9674556213017751,0.9898093359631821,0.015449276748156118,-0.8767768315523835,0.0,1.0,1.0,26.47306024398522
cokriging_baseline,3,212,4365,7,0.004063371814913263,0.00013071779515498653,0.10338493375358035,0.8234714003944773,0.9993425378040762,0.9998356344510191,0.007740962220439377,0.9149097355472952,0.0,1.0,1.0,42.38997077477082
cokriging_baseline,3,221,4387,1,0.005016697560091009,9.331951453095502e-06,1.6493882333798955,0.6865548980933597,0.997534516765286,1.0,0.005339097598843171,-0.47079793924184987,1.0,1.0,1.0,16.289056768659663
cokriging_baseline,3,222,4387,2,0.0023909621313024086,1.7583093436158286e-05,0.37719459359786695,0.9092702169625246,1.0,1.0,0.007446371711260043,-1.4478850927518059,1.0,1.0,1.0,40.8220095227252
cokriging_baseline,3,223,4387,3,0.0033467682749322423,3.542571757584492e-05,0.9229248530774206,0.685404339250493,0.9255424063116371,0.9411571334648258,0.006175692679275504,0.45606329904241355,1.0,1.0,1.0,29.514471754954876
cokriging_baseline,3,224,4387,4,0.0020373981234345496,4.338879953426621e-05,0.3029198602200102,0.8857659434582511,0.9669625246548323,0.9715647600262984,0.007633369861211361,2.6435905487542204,0.0,1.0,1.0,52.31654244365529
cokriging_baseline,3,225,4387,5,0.0039934916593464065,2.8639064090309467e-05,0.4222781357699982,0.9983563445101906,1.0,1.0,0.020274720596613404,-1.2400826401112837,1.0,1.0,1.0,82.03787954761863
cokriging_baseline,3,226,4387,6,0.013283321988871642,8.938778609656099e-05,0.5153353757256752,0.7744904667981591,1.0,1.0,0.02958972126195559,-2.345861100947479,0.0,1.0,1.0,83.59889304895101
cokriging_baseline,3,227,4387,7,0.0035619671518892183,5.389624850585903e-05,0.3476495759092167,0.8535502958579881,0.9631821170282708,0.9722222222222222,0.010879252960900913,6.363286553644342,0.0,0.0,1.0,111.78779076004767
cokriging_baseline,3,228,4387,8,0.02139873576401982,9.532958112574804e-05,2.797445424737899,0.3696581196581197,0.9419789612097305,0.9868507560815253,0.01909609029680906,0.31709112581361004,1.0,1.0,1.0,58.783223085123225
cokriging_baseline,3,229,4387,9,0.020443997691476465,4.1227052933060126e-05,1.5560542973507836,0.5356673241288626,1.0,1.0,0.025043740717275605,-0.8605162098918459,1.0,1.0,1.0,136.65762996118707
cokriging_baseline,3,230,4387,10,0.009466328127428125,0.00010484416943821613,0.9626570882750889,0.9408284023668639,0.9988494411571335,1.0,0.02084909299382016,-2.467287403483005,0.0,1.0,1.0,117.021799917702
cokriging_baseline,3,231,4391,1,0.00045799149136428724,1.40587449219289e-05,0.11832808072035449,0.9868507560815253,1.0,1.0,0.005017918332064141,0.6901264018607268,1.0,1.0,1.0,15.643378655234601
cokriging_baseline,3,232,4391,4,0.0006959176999804633,7.04343214718861e-05,0.10676365844994137,0.9669625246548323,0.9894806048652203,0.9916173570019724,0.007136240130330629,1.4020426830772506,0.0,1.0,1.0,60.003640905431745
cokriging_baseline,3,233,4391,5,0.015391857500209322,8.024181004423885e-05,0.19729021975729463,0.5585141354372124,1.0,1.0,0.018784809807330743,-0.9342723324392983,1.0,1.0,1.0,106.39978467827365
cokriging_baseline,3,234,4391,6,0.020365636411595306,8.124533426850495e-05,0.27460667659170035,0.6587771203155819,1.0,1.0,0.02633051382241219,-0.21589331514706717,1.0,1.0,1.0,50.29438294452429
cokriging_baseline,3,235,4391,9,0.02580288267353938,0.00016520328913822576,2.4771105357929932,0.4543063773833005,0.7496712689020382,0.8175542406311637,0.022675051060740095,-1.034039996716518,1.0,1.0,1.0,175.4968957316826
cokriging_baseline,3,236,4391,10,0.006091714042195561,0.00017303615516064803,0.7763187020009377,0.9674556213017751,1.0,1.0,0.01870453320999368,-0.03662408147656183,1.0,1.0,1.0,130.22143710031534
cokriging_baseline,3,237,4588,1,0.0012663056024523225,3.235473294173905e-06,0.649750004818898,0.7782708744247205,0.9465811965811965,0.9620315581854043,0.0043636273503791225,-0.7826718640153535,1.0,1.0,1.0,19.29734566594516
cokriging_baseline,3,238,4588,2,0.002716059147592143,9.725679519779739e-06,0.8420810949147473,0.8796844181459567,0.9888231426692965,0.9909598948060486,0.008058921009082695,0.7245505684665696,1.0,1.0,1.0,52.105489053353025
cokriging_baseline,3,239,4588,3,0.003613621179973636,8.684890147730748e-06,1.8344808727177682,0.6627218934911243,0.9166666666666666,0.9317882971729126,0.007148026584091769,-1.2501940760916166,0.0,1.0,1.0,26.767559509597838
cokriging_baseline,3,240,4588,4,0.004644640109353683,1.5848612523256706e-05,1.694406323480108,0.7003616042077581,0.9444444444444444,0.957922419460881,0.008226370647505333,2.3677959571256535,0.0,1.0,1.0,73.12825589258316
cokriging_baseline,3,241,4588,5,0.01270386767902896,2.1916948616988802e-05,1.1087158976617295,0.9715647600262984,1.0,1.0,0.02753789683535534,1.4024295170213674,1.0,1.0,1.0,113.16265876758577
cokriging_baseline,3,242,4588,6,0.015515718914614108,1.815496969267965e-05,1.8909646841022631,0.6331360946745562,1.0,1.0,0.030606094526835603,-2.8964265954312522,0.0,0.0,0.0,40.48190951917174
cokriging_baseline,3,243,4588,7,0.009811993883971113,2.7834043755785296e-05,2.5036946186873674,0.5359960552268245,0.8801775147928994,0.9048323471400395,0.011845728498357347,6.360852395671179,0.0,1.0,1.0,166.05760851522473
cokriging_baseline,3,244,4588,8,0.014502194040034602,2.600752682022751e-05,5.247199553010846,0.3791913214990138,0.9566074950690335,0.9833990795529257,0.01426934837022498,-0.7452300857526821,1.0,1.0,1.0,54.67065082916385
cokriging_baseline,3,273,5683,1,0.0010068206680047124,1.0365099844972523e-05,0.40866058940378297,0.9687705456936226,0.9998356344510191,1.0,0.005233683595463482,-1.4612334433337633,0.0,1.0,1.0,12.344708787202526
cokriging_baseline,3,274,5683,2,0.0019710476436428097,2.0041574561890385e-05,0.39102598826282076,0.9930966469428008,0.9996712689020382,1.0,0.008297858682099054,-3.3996963089820453,0.0,1.0,1.0,38.4873992513448
cokriging_baseline,3,275,5683,3,0.0011274181336536984,4.043980605322045e-05,0.417331294992158,0.9271860618014465,0.9730440499671269,0.980276134122288,0.006193851124181378,0.6215204978140729,0.0,1.0,1.0,18.133140401822047
cokriging_baseline,3,276,5683,4,0.001070809418214755,5.048010909878072e-05,0.23056582450005472,0.9477317554240631,0.9830703484549639,0.9875082182774491,0.008124458210635425,-2.2818796883848234,0.0,1.0,1.0,44.62522920487356
cokriging_baseline,3,277,5683,5,0.00797148431815977,3.449756922764091e-05,1.1443051412058098,0.989973701512163,1.0,1.0,0.02939251514073894,-3.744963458944646,0.0,1.0,1.0,77.16984966931918
cokriging_baseline,3,278,5683,6,0.020987180792454596,0.00010462172671568474,2.3254381397924755,0.680637738330046,0.9439513477975017,0.992603550295858,0.02849333754218106,-0.826460429473793,1.0,1.0,1.0,58.65477080153543
cokriging_baseline,3,279,5683,8,0.01382471223789713,0.00011250577307462899,2.7043366413858463,0.5862919132149902,1.0,1.0,0.01787739496151087,-1.1328477202757106,1.0,1.0,1.0,76.60178239047069
cokriging_baseline,3,280,5683,10,0.007577088241843436,0.0001254190737845943,0.6220509370940112,0.8619329388560157,0.9643326758711374,0.9737015121630507,0.0200115280218076,-5.2655380560580545,0.0,0.0,0.0,106.91556300718786
cokriging_baseline,3,346,8110,1,0.005705776884996785,5.8129268319834445e-06,1.0423864782926002,0.6467784352399737,0.9771531886916502,0.9901380670611439,0.00609903796202323,-0.5986647150385527,1.0,1.0,1.0,19.831657013457917
cokriging_baseline,3,347,8110,2,0.005518671223795342,8.654715984253602e-06,0.5081446144307327,0.9718934911242604,1.0,1.0,0.010596314387384032,1.2296989146269166,1.0,1.0,1.0,47.408524706267684
cokriging_baseline,3,348,8110,3,0.0029247370946850104,2.2028037337152914e-05,0.45344302362636274,0.9000657462195923,0.9807692307692307,0.9842209072978304,0.009619111696864935,1.3527221153608435,0.0,1.0,1.0,37.59229829921534
cokriging_baseline,3,349,8110,4,0.005783467602493067,2.4092998660425615e-05,0.5234466839635481,0.9194608809993425,0.9843852728468113,0.98767258382643,0.010695362002195825,3.8180051085859805,0.0,1.0,1.0,62.743511471785425
cokriging_baseline,3,350,8110,5,0.007450134803739806,1.2010022024358962e-05,0.4521240997566289,0.9932610124917817,1.0,1.0,0.02880792348843799,2.0406686501682665,1.0,1.0,1.0,87.79731965167983
cokriging_baseline,3,351,8110,6,0.011018533026024104,5.010201911264908e-05,1.7695192586967319,0.8675213675213675,1.0,1.0,0.03042938138791281,-1.2449693465416827,1.0,1.0,1.0,95.76433967541693
cokriging_baseline,3,352,8110,7,0.007904160785710775,2.716496579693483e-05,0.4902804784414278,0.8655489809335963,0.9833990795529257,0.9896449704142012,0.015698129484469834,4.5673528808079205,0.0,1.0,1.0,113.95134004982404
cokriging_baseline,3,353,8110,8,0.03584412269197769,5.201682406440868e-05,2.7005504420825166,0.13182117028270873,0.6249178172255095,0.7879684418145957,0.02096639312264296,2.041762679986261,0.0,1.0,1.0,85.42910412286038
cokriging_baseline,3,354,8110,9,0.02802674601055522,1.572517679112349e-05,1.2418638126482058,0.4594017094017094,0.9377054569362262,0.9855358316896778,0.026628933395350413,4.380092162809805,0.0,1.0,1.0,128.1545190550549
cokriging_baseline,3,355,8705,1,0.0014385300199794106,5.031276886404293e-06,0.54787742965678,0.8280736357659435,0.9590729783037475,0.9707429322813939,0.003797584264443912,-4.859747673390638,0.0,0.0,0.0,11.308311757155641
cokriging_baseline,3,356,8705,2,0.0019053503053798068,1.538639750974762e-05,0.3939171782702612,0.8073635765943459,0.975180802103879,0.9870151216305062,0.006452069103737665,-1.4142480148961012,0.0,1.0,1.0,32.233804387124316
cokriging_baseline,3,357,8705,3,0.0017762979670977483,1.3872946707581602e-05,0.6082514150788035,0.7840236686390533,0.9026955950032873,0.9189677843523998,0.005014983620239323,-7.497505419615581,0.0,0.0,0.0,14.165473200124376
cokriging_baseline,3,358,8705,4,0.002048707365321181,2.5836098391210355e-05,0.4850652564250564,0.7947074293228139,0.9390203813280736,0.9500328731097962,0.006694005551024633,-5.5432423866039695,0.0,0.0,0.0,37.31542938986996
cokriging_baseline,3,359,8705,5,0.18307835855090288,3.483023926325914e-05,1.0175666155123975,0.165844838921762,0.2572320841551611,0.2787639710716634,0.018936180499101337,-0.9947652301891904,1.0,1.0,1.0,72.31008488503548
cokriging_baseline,3,360,8705,6,0.14060742480151403,3.004508957754935e-05,0.8659940251825878,0.07988165680473373,0.16929651545036162,0.19773175542406313,0.018069634506792682,-4.770797484575807,0.0,0.0,0.0,27.54604529781391
cokriging_baseline,3,361,8705,9,0.008263760912142858,6.340328151821129e-05,0.8802935715408343,0.8423734385272846,0.9991781722550953,0.9998356344510191,0.021342379885415607,-1.2411267563362345,1.0,1.0,1.0,124.28849539543818
cokriging_baseline,3,362,8705,10,0.007338954015302081,6.530329351526868e-05,0.7682438433081735,0.6888560157790927,0.9409927679158449,0.9612097304404996,0.01285089364909333,-1.2254291091325484,0.0,1.0,1.0,48.14005677981113
cokriging_baseline,3,373,9064,1,0.0005319469102974498,1.0873771810984168e-05,0.1520093170993514,0.9748520710059172,1.0,1.0,0.00406946005104705,-2.359671548717017,0.0,0.0,1.0,14.873616137318644
cokriging_baseline,3,374,9064,2,0.0017147176265716244,2.8408374045898973e-05,0.2788490078209314,0.9919460880999342,1.0,1.0,0.006060965649480373,-1.3515559937342037,0.0,1.0,1.0,38.85963169977504
cokriging_baseline,3,375,9064,3,0.0009308405608089476,3.3858346168480904e-05,0.3017531688465773,0.9270216962524654,0.9740302432610125,0.9789612097304405,0.004719538922256934,-2.3659323933731624,0.0,0.0,1.0,31.9585964596723
cokriging_baseline,3,376,9064,4,0.001848633712821076,5.378842028339946e-05,0.3471197312788169,0.9551282051282052,0.9889875082182774,0.9911242603550295,0.006192514228066358,-2.5618166421503576,0.0,1.0,1.0,62.535268755844406
cokriging_baseline,3,377,9064,5,0.00881049502238156,5.7897667571478245e-05,1.1712735416171194,0.831689677843524,1.0,1.0,0.016360085321113823,-1.0131520125099382,1.0,1.0,1.0,85.52126244413853
cokriging_baseline,3,378,9064,6,0.00474215195887381,7.914386754005618e-05,1.804697107893558,0.948060486522025,1.0,1.0,0.01497975829362868,-1.7738079522481798,0.0,0.0,0.0,31.36013951260394
cokriging_baseline,3,379,9064,7,0.0016601857977094588,8.50434350875189e-05,0.24594002331046913,0.9667981591058514,0.9927679158448389,0.9952333990795529,0.008855200949724761,-1.5193030169585964,0.0,1.0,1.0,76.01868448808816
cokriging_baseline,3,380,9064,8,0.04060819550704288,9.92710641773727e-05,8.815115160425057,0.22024983563445102,0.4467455621301775,0.5047666009204471,0.01444358791197966,-1.1440840622357753,0.0,1.0,1.0,74.44436890518995
cokriging_baseline,3,381,9064,9,0.03601932355169413,0.00010342615321224559,4.148670465277538,0.3361275476660092,0.6073307034845496,0.6673241288625904,0.020979118793389123,-2.3694185471825615,0.0,1.0,1.0,149.39093275077934
cokriging_baseline,3,382,9064,10,0.008675634586011142,0.00013128734387315584,1.3502875390959612,0.8560157790927022,0.9991781722550953,0.9998356344510191,0.016780352980374353,-3.302054510175364,0.0,0.0,0.0,83.96273666776744
latent_gp,4,0,692,1,0.0018048190553315432,1.143934648177177e-05,0.5108583749770249,0.9551282051282052,1.0,1.0,0.004633500610498526,0.03977691554534486,1.0,1.0,1.0,14.70645992265529
latent_gp,4,1,692,2,0.0017508542143013707,2.9103560609567804e-05,0.28961481776057796,1.0,1.0,1.0,0.008635246272307186,0.7973121925625579,0.0,1.0,1.0,24.085919100011402
latent_gp,4,2,692,3,0.0012371110054746114,3.627559876124916e-05,0.4008101472285289,1.0,1.0,1.0,0.008251530561994859,-0.20589615073579612,1.0,1.0,1.0,40.299673825772246
latent_gp,4,3,692,4,0.002490266087673501,5.605668875750313e-05,0.4803189378394589,0.9373767258382643,1.0,1.0,0.009964904387046674,2.2257552872736275,0.0,1.0,1.0,43.77774899363301
latent_gp,4,4,692,5,0.038819784289217646,5.814921589460563e-05,5.300020807506083,0.388560157790927,0.685404339250493,0.7805719921104537,0.021921095255292004,1.3063273394216985,0.0,1.0,1.0,37.96588695044674
latent_gp,4,5,692,6,0.01162142206677439,8.54802763666481e-05,4.188447857638758,0.9607166337935569,1.0,1.0,0.027544783528600205,-0.20919337927513562,1.0,1.0,1.0,77.57995651777915
latent_gp,4,6,692,7,0.007246694084859431,8.644128431911957e-05,1.1171649841850442,0.9991781722550953,1.0,1.0,0.019172222624318017,-1.6997722270132443,1.0,1.0,1.0,141.14090430044578
latent_gp,4,7,692,8,0.0022487316483063204,0.00010523873606795713,0.2384193332210514,1.0,1.0,1.0,0.020789334669308983,0.19835568963037126,1.0,1.0,1.0,50.68194457815123
latent_gp,4,8,692,9,0.010441567774442113,0.00010121457339893796,0.8310914184131488,0.6916502301117686,1.0,1.0,0.018391094240976777,0.9564891611797915,0.0,1.0,1.0,62.46085009168375
latent_gp,4,24,970,1,0.002950510339156368,2.5105707326848976e-05,0.8478854274668797,0.834319526627219,1.0,1.0,0.005053966425370414,0.1401619973832656,1.0,1.0,1.0,14.06453464315227
latent_gp,4,25,970,2,0.004785040418418985,7.02567032327179e-05,0.4489354926666542,0.8902038132807364,1.0,1.0,0.009028124974663094,1.012418543383802,1.0,1.0,1.0,63.53832314604579
latent_gp,4,26,970,3,0.005334434985898823,7.3213130178483e-05,0.7217429045211651,0.7223865877712031,1.0,1.0,0.008874320970986593,0.6338435089678479,1.0,1.0,1.0,34.68297724493454
latent_gp,4,27,970,4,0.006704875802307501,0.00012467651731493568,0.4432650626084086,0.8966140696909928,1.0,1.0,0.012471572422239476,1.189011098723648,1.0,1.0,1.0,47.393046525557196
latent_gp,4,28,970,5,0.01814548062720578,0.000145411320190417,0.8022992492919284,0.7384944115713347,1.0,1.0,0.028446888764369252,0.2394585070253302,1.0,1.0,1.0,138.80360727209364
latent_gp,4,29,970,6,0.017734128148104687,0.0001609082157727661,0.9192747694703252,0.8888888888888888,1.0,1.0,0.03211021033773841,1.327017990703581,1.0,1.0,1.0,64.73430257083439
latent_gp,4,30,970,7,0.007102860553736681,0.00020821522100561847,0.27858157905061953,0.9743589743589743,1.0,1.0,0.01823114889400257,2.483714400340124,0.0,1.0,1.0,115.58908706726308
latent_gp,4,31,970,8,0.007854216583878115,0.00021823844992949405,0.3813237123896431,0.9469099276791585,1.0,1.0,0.023366742562594852,1.6206448370147783,0.0,1.0,1.0,56.90745912716978
latent_gp,4,32,970,9,0.01388232560388681,0.0002699426722921737,0.39136385011024083,0.8805062458908612,1.0,1.0,0.025063411883963025,-4.060383158025033,0.0,1.0,1.0,243.40133894437648
latent_gp,4,33,970,10,0.008049201907262106,0.0003036941190283284,0.2579250403270573,0.9939184746877054,1.0,1.0,0.031242682684283072,-0.9264369215719196,1.0,1.0,1.0,74.8411939621681
latent_gp,4,53,1063,1,0.0034174465971650607,2.5569187403062637e-05,0.5799190887567472,0.9907955292570677,1.0,1.0,0.008959305410387605,0.5803506202410901,1.0,1.0,1.0,16.8563820553764
latent_gp,4,54,1063,2,0.0051869702671362,6.571345591171052e-05,0.3321680686804499,0.9626890203813281,1.0,1.0,0.013490298671918838,0.024719093542673872,1.0,1.0,1.0,35.4419910832163
latent_gp,4,55,1063,3,0.004499027320590742,7.638633769265807e-05,0.46449738491743275,0.9750164365548981,1.0,1.0,0.014474579628240775,1.7782402435750613,0.0,1.0,1.0,51.21206704371409
latent_gp,4,56,1063,4,0.006425561023855971,0.00011872309052322196,0.32067740990085786,0.9174884944115713,1.0,1.0,0.01598227661916446,1.3091163750945984,1.0,1.0,1.0,80.54128876261079
latent_gp,4,57,1063,5,0.01786292925711628,0.0001274280378703624,0.648581642452901,0.8210059171597633,1.0,1.0,0.03293519264500035,-1.3176356586348277,1.0,1.0,1.0,65.30352727199983
latent_gp,4,58,1063,6,0.010989819382555891,0.00017463555844249374,0.7342347195171955,0.9906311637080868,1.0,1.0,0.03454713247941141,2.2160970182485116,0.0,1.0,1.0,81.63825460527319
latent_gp,4,59,1063,7,0.015635631335469243,0.00018171437965472446,0.4763297691139542,0.886094674556213,1.0,1.0,0.024834136729716082,0.46541729792342273,1.0,1.0,1.0,156.12246174445005
latent_gp,4,60,1063,8,0.012325076721556558,0.00021326699886935977,0.4364025846766685,0.955456936226167,1.0,1.0,0.026951819160175968,1.8384677597767949,0.0,1.0,1.0,88.64087838244687
latent_gp,4,61,1063,9,0.019355563336206635,0.0002177387711671514,0.404022699604083,0.7383300460223537,1.0,1.0,0.025588531436213757,-4.772949809760058,0.0,1.0,1.0,144.44282541118923
latent_gp,4,62,1063,10,0.011355149012225636,0.0002730376288096359,0.2996953004542986,0.9482248520710059,1.0,1.0,0.03225019753997282,-1.9464734941450421,0.0,1.0,1.0,116.08396412464553
latent_gp,4,92,2612,1,0.0016541337744854882,2.3614693150708317e-05,0.18407212668837122,0.9998356344510191,1.0,1.0,0.00883110039971256,1.0346920775211332,1.0,1.0,1.0,19.965724216091154
latent_gp,4,93,2612,4,0.011520824661107076,0.0001031219162196923,0.37651342736841076,0.6974030243261012,0.965483234714004,0.994904667981591,0.01744353730141864,2.0698868796996295,0.0,1.0,1.0,57.611765177762365
latent_gp,4,94,2612,5,0.05040093797154691,0.00012393296979572847,0.6632928011537187,0.2670940170940171,0.8277449046679816,0.8732741617357002,0.03362131191443083,2.0650103900740597,1.0,1.0,1.0,146.5533926580042
latent_gp,4,95,2612,6,0.044664183213017926,0.00011821832877924036,0.6910784704567112,0.27120315581854043,0.7639710716633794,0.9411571334648258,0.034791828049335984,-1.7824461083239873,0.0,1.0,1.0,68.68263329475495
latent_gp,4,96,2612,7,0.01923409876237931,0.0001674688345388562,0.4429226731046706,0.6025641025641025,0.9275147928994083,0.9571005917159763,0.02343211664049105,0.5009808270181008,1.0,1.0,1.0,124.69924922728006
latent_gp,4,97,2612,8,0.028412365301502044,0.00016232351163038733,0.659049727879653,0.5041091387245233,0.755095332018409,0.799474030243261,0.027551249001993013,-1.5137166869396155,0.0,1.0,1.0,66.47912170872884
latent_gp,4,98,2612,9,0.031972491661553984,0.00022443521516587618,0.5957157999913459,0.3617685733070348,0.8925049309664694,0.9419789612097305,0.02637224110154214,-4.736381207960596,0.0,1.0,1.0,198.6361655306537
latent_gp,4,99,2612,10,0.03088915928197914,0.00022154689412349972,0.566181767105034,0.480276134122288,0.8657133464825773,0.9240631163708086,0.032666656396208346,1.829527509481223,1.0,1.0,1.0,156.93124300327798
latent_gp,4,100,2776,1,0.0022321758570013318,7.506505825266364e-06,1.6969008149774536,0.9906311637080868,1.0,1.0,0.00635799316583734,2.3054265628245205,0.0,1.0,1.0,12.106903556166738
latent_gp,4,101,2776,2,0.002181735200341773,1.2327488694183962e-05,0.578835419885967,1.0,1.0,1.0,0.010291094627930866,3.8268379592420017,0.0,0.0,0.0,18.665838417168253
latent_gp,4,102,2776,3,0.004162020737298075,3.192157529288206e-05,2.3087234108424624,0.9150230111768574,1.0,1.0,0.010907031948344043,-1.2798960524695688,0.0,1.0,1.0,32.672183727234525
latent_gp,4,103,2776,4,0.0031853838020997147,3.7659684411434996e-05,0.6988833336808028,0.9939184746877054,1.0,1.0,0.012674914885616239,-1.5931362516967167,0.0,1.0,1.0,36.55153817454924
latent_gp,4,104,2776,5,0.0062579579841242836,2.0616153831658817e-05,0.8734529696066373,1.0,1.0,1.0,0.02828046377221551,3.768083136539194,0.0,0.0,0.0,33.04694084368462
latent_gp,4,105,2776,7,0.004852345609137894,4.5941052999612016e-05,0.591991158150485,0.9986850756081526,1.0,1.0,0.01985204303937007,-2.7948005478435363,0.0,1.0,1.0,68.71725761280025
latent_gp,4,106,2776,8,0.015718411731441083,8.820208705033689e-05,2.52713132010484,0.7529585798816568,0.9911242603550295,1.0,0.024097512220725523,-1.40274969361333,0.0,1.0,1.0,45.636907796830045
latent_gp,4,107,2776,9,0.014371465376100715,3.2079864982683165e-05,1.2659078594990354,0.717784352399737,1.0,1.0,0.022741785973228297,-0.9692743400982922,1.0,1.0,1.0,58.34168844669403
latent_gp,4,108,2776,10,0.008636625781610395,9.58552864363335e-05,0.8896914715400639,0.9467455621301775,1.0,1.0,0.029783846360533092,1.0630907963074583,0.0,1.0,1.0,50.311750352728
latent_gp,4,166,3721,1,0.016304996745745686,2.212161977456378e-05,0.7177775199796064,0.4784681130834977,0.7592044707429323,0.8476331360946746,0.010357925323396437,-4.225713114909622,0.0,0.0,0.0,19.32521577128473
latent_gp,4,167,3721,2,0.024040497837783212,4.4030692587542205e-05,0.5837585060322792,0.3525641025641026,0.8109796186719264,0.8979289940828402,0.01563985496500198,-8.728530168727135,0.0,0.0,0.0,46.92884615611044
latent_gp,4,168,3721,3,0.019352159897469107,7.77276338032871e-05,0.6414744230316196,0.43047337278106507,0.8277449046679816,0.908284023668639,0.016494285095902374,-0.9754835493136907,1.0,1.0,1.0,54.27002795783607
latent_gp,4,169,3721,4,0.026090914435027732,9.821048225254216e-05,0.5629653322149827,0.34072978303747536,0.7917488494411571,0.9017094017094017,0.018380767253063233,-6.563274170429886,0.0,0.0,0.0,81.36323469693737
latent_gp,4,170,3721,5,0.04108252324576825,7.126964442846271e-05,0.6920281285590962,0.4658119658119658,0.8775476660092044,0.9378698224852071,0.03541934967194736,-11.524265632766731,0.0,0.0,0.0,93.96964153150228
latent_gp,4,171,3721,6,0.0233989385145044,0.0001943492382338423,0.7562607057922781,0.715154503616042,0.9571005917159763,0.9838921761998685,0.03622122942558063,0.7375550165036135,1.0,1.0,1.0,92.34955689186475
latent_gp,4,172,3721,7,0.04382052805856368,0.00012531620200962682,0.6772876893760409,0.23980933596318213,0.6939513477975017,0.8379355687047995,0.025805548899038383,-12.548021528435592,0.0,0.0,0.0,136.8072843082042
latent_gp,4,173,3721,8,0.06636233795196023,0.00020824522645323634,0.8226558652349395,0.3032544378698225,0.6497370151216305,0.7066074950690335,0.028874470533874694,-3.250796389418222,0.0,1.0,1.0,92.27503842686895
latent_gp,4,174,3721,9,0.07998537073277903,0.00010103589119857786,0.7574431207767109,0.15039447731755423,0.3724523339907955,0.4561143984220907,0.026641233344428677,-5.596079411971372,0.0,1.0,1.0,207.2486538131659
latent_gp,4,175,3721,10,0.04064119417339407,0.00023222207320763413,0.6415220287358009,0.35355029585798814,0.8589743589743589,0.9140368178829718,0.033619376236721274,-10.894668483845143,0.0,0.0,0.0,112.3797537779283
latent_gp,4,196,4067,1,0.004095857111939792,1.8426460917510545e-05,0.12786432176930493,0.6983892176199868,1.0,1.0,0.006431572743322165,-2.063127898824685,0.0,1.0,1.0,14.471938101414086
latent_gp,4,197,4067,2,0.010138587128888038,3.102574430895473e-05,0.18354631699910956,0.5129848783694938,0.9853714661406969,1.0,0.010681825697954603,-3.141834061254313,0.0,1.0,1.0,42.25952868971258
latent_gp,4,198,4067,3,0.008134886043785962,6.969785355926027e-05,0.21422972206693874,0.5534188034188035,0.997370151216305,1.0,0.011381965691659945,-0.5989374819033231,1.0,1.0,1.0,34.98071873485492
latent_gp,4,199,4067,4,0.014077149012464847,8.023421431341234e-05,0.24296095091635186,0.4523339907955293,0.9796186719263642,1.0,0.013755808138542753,-3.871645151823372,0.0,0.0,0.0,39.375244939967516
latent_gp,4,200,4067,5,0.021691400834354533,4.59169685857523e-05,0.27999724333498727,0.6666666666666666,0.9963839579224194,1.0,0.028146537696857713,-3.281849016810625,0.0,1.0,1.0,86.84525019717668
latent_gp,4,201,4067,6,0.019805225491908676,0.00016945635417542343,0.6395990459640702,0.7006903353057199,0.9536489151873767,0.9809335963182118,0.03144686224858752,0.4826665735570724,1.0,1.0,1.0,70.3786286750981
latent_gp,4,202,4067,7,0.020213388953596725,9.502902806295646e-05,0.2537068047460625,0.4099276791584484,0.9896449704142012,1.0,0.019691155964087527,-8.053372663506194,0.0,0.0,0.0,78.87346960371397
latent_gp,4,203,4067,8,0.04875820550417887,0.00017041802276828057,0.7802767239377849,0.21696252465483234,0.6173570019723866,0.688034188034188,0.024830067478808487,-0.08102797213472161,1.0,1.0,1.0,64.39437583977444
latent_gp,4,204,4067,9,0.034320787526231036,6.21133374763398e-05,0.34664813107841014,0.45677186061801445,0.8635765943458251,0.9649901380670611,0.024229736940880438,9.229247973915054,0.0,1.0,1.0,196.6213775229188
latent_gp,4,205,4067,10,0.05234705185364547,0.00018980133900799322,0.5366266818454326,0.29142011834319526,0.6444773175542406,0.7453977646285339,0.03070419929617258,-6.3841151718386815,0.0,0.0,0.0,84.58313187952221
latent_gp,4,310,6999,1,0.0015238889196217738,1.675857942691006e-05,0.0604688732667549,0.9797830374753451,1.0,1.0,0.005332294615929889,-0.5842284566973773,1.0,1.0,1.0,14.307216114658477
latent_gp,4,311,6999,2,0.011636562447191398,3.1783617028433376e-05,0.24184637745250617,0.6155489809335963,0.9227481919789612,0.9598948060486522,0.00938339691490299,-5.145003665452919,0.0,0.0,1.0,47.54165249463454
latent_gp,4,312,6999,3,0.00585984153076354,6.162885585554507e-05,0.17072383554798864,0.7680802103879028,0.9988494411571335,1.0,0.01025936992076178,-1.736752446023793,0.0,1.0,1.0,28.450203806862746
latent_gp,4,313,6999,4,0.016791049518771205,7.555402173176967e-05,0.3063000462264961,0.4541420118343195,0.8938198553583169,0.9810979618671927,0.013059939775173758,-4.242479439296591,0.0,0.0,0.0,32.48763676264491
latent_gp,4,314,6999,5,0.02566240697138601,5.055812083914225e-05,0.366979592219708,0.5673898750821827,0.9536489151873767,0.9873438527284681,0.02753066391467501,-8.115121807571189,0.0,0.0,0.0,99.38627285979778
latent_gp,4,315,6999,6,0.022061864311806605,0.00015372768523997768,0.47434805210857917,0.6043721236028928,0.9636752136752137,0.9893162393162394,0.03060756303798233,0.06195997234037481,1.0,1.0,1.0,59.33799944068627
latent_gp,4,316,6999,7,0.02404958947803413,9.410633935852934e-05,0.3142441503753779,0.41190006574621957,0.9192965154503616,0.9922748191978962,0.017936524396002483,-6.196374124971848,0.0,0.0,0.0,77.95809444557942
latent_gp,4,317,6999,8,0.023091042574248478,0.00016481085057348934,0.42100783284993737,0.4911242603550296,0.9947403024326101,1.0,0.023914885222095783,-1.8483014871132588,0.0,1.0,1.0,47.28884626897284
latent_gp,4,318,6999,9,0.042021919804384814,7.119330504914163e-05,0.45278432879691716,0.39332675871137407,0.7947074293228139,0.8808349769888232,0.0247992777277699,18.368254463626947,0.0,0.0,0.0,270.7668753309535
latent_gp,4,319,6999,10,0.03454506156375989,0.00018146028057622546,0.4569485729058964,0.37294543063773833,0.8593030900723209,0.9214332675871137,0.031145970458778014,-9.102102934880577,0.0,0.0,0.0,108.00736021668766
latent_gp,4,363,8792,1,0.0025228549118717935,2.7281372774506428e-05,0.40318463816090505,1.0,1.0,1.0,0.009585041166323131,-0.41635425555549854,1.0,1.0,1.0,19.365818289997435
latent_gp,4,364,8792,2,0.003932068166435146,7.080434120061389e-05,0.2673491758152878,0.995069033530572,1.0,1.0,0.014305004747824016,-2.5534248254154575,0.0,1.0,1.0,43.086304653899575
latent_gp,4,365,8792,3,0.003785811771434675,8.451741276091566e-05,0.38873593012963126,0.9495397764628534,1.0,1.0,0.015131903033618787,0.5541876311965577,1.0,1.0,1.0,53.162207549647
latent_gp,4,366,8792,4,0.006105036335538746,0.0001337667608651368,0.3246684299612652,0.8560157790927022,1.0,1.0,0.016673648482229363,-1.8058579141028557,1.0,1.0,1.0,81.02947434277668
latent_gp,4,367,8792,5,0.012001378192890978,0.00013965618448671366,0.48236822474663504,0.923405654174885,1.0,1.0,0.03401210806400648,-3.9690916680130424,0.0,1.0,1.0,88.82578630183691
latent_gp,4,368,8792,6,0.013554543102457422,0.000202018088467637,1.0772919831330035,1.0,1.0,1.0,0.035707471959983854,1.8675196667151137,0.0,1.0,1.0,91.96713363372466
latent_gp,4,369,8792,7,0.012012790751104122,0.00020703295850355933,0.40943232903956117,0.8330046022353714,1.0,1.0,0.025417476597177534,-3.1908491984227605,0.0,1.0,1.0,158.91874187169444
latent_gp,4,370,8792,8,0.02893580722519021,0.00025149572884057146,0.7161132926069234,0.5011505588428665,0.900887573964497,0.9449375410913873,0.02738149288891773,-0.2346512769653547,1.0,1.0,1.0,89.70531557830687
latent_gp,4,371,8792,9,0.028861274055535607,0.00023648180000764162,0.5851795891570829,0.44017094017094016,0.7605193951347797,0.8507560815253123,0.02457804779962239,0.5776202171233987,1.0,1.0,1.0,189.47382823398115
latent_gp,4,372,8792,10,0.016319994869214035,0.00032643760032867886,0.4818356907031005,0.7693951347797502,0.9991781722550953,1.0,0.033395801246692225,-3.540830553982546,0.0,0.0,0.0,89.97973247477758
inr_baseline,4,0,692,1,0.027288960976822,1.143934648177177e-05,7.724206046167782,,,,,,,,,
inr_baseline,4,1,692,2,0.02835807597624318,2.9103560609567804e-05,4.690806886613017,,,,,,,,,
inr_baseline,4,2,692,3,0.019263622744692715,3.627559876124916e-05,6.24119859437592,,,,,,,,,
inr_baseline,4,3,692,4,0.015389233011444892,5.605668875750313e-05,2.9682531078945007,,,,,,,,,
inr_baseline,4,4,692,5,0.01469701287784733,5.814921589460563e-05,2.0065663807001424,,,,,,,,,
inr_baseline,4,5,692,6,0.01755436905700351,8.54802763666481e-05,6.326726544010118,,,,,,,,,
inr_baseline,4,6,692,7,0.027599499358161007,8.644128431911957e-05,4.254794517736728,,,,,,,,,
inr_baseline,4,7,692,8,0.021611159058930688,0.00010523873606795713,2.291299691915248,,,,,,,,,
inr_baseline,4,8,692,9,0.033756004668168256,0.00010121457339893796,2.686792482283893,,,,,,,,,
inr_baseline,4,24,970,1,0.012342648811736785,2.5105707326848976e-05,3.5468955742772597,,,,,,,,,
inr_baseline,4,25,970,2,0.03138428015684854,7.02567032327179e-05,2.944492844818725,,,,,,,,,
inr_baseline,4,26,970,3,0.024039422927056853,7.3213130178483e-05,3.2525062114827277,,,,,,,,,
inr_baseline,4,27,970,4,0.02880419536385119,0.00012467651731493568,1.9042699429194834,,,,,,,,,
inr_baseline,4,28,970,5,0.020469638294023727,0.000145411320190417,0.9050614736514416,,,,,,,,,
inr_baseline,4,29,970,6,0.0414003326071152,0.0001609082157727661,2.1460474907794125,,,,,,,,,
inr_baseline,4,30,970,7,0.055615305223198006,0.00020821522100561847,2.1812901198390953,,,,,,,,,
inr_baseline,4,31,970,8,0.03824290958246544,0.00021823844992949405,1.8567005504407266,,,,,,,,,
inr_baseline,4,32,970,9,0.04068400916925155,0.0002699426722921737,1.1469440294600692,,,,,,,,,
inr_baseline,4,33,970,10,0.04403585863465705,0.0003036941190283284,1.4110654379203993,,,,,,,,,
inr_baseline,4,53,1063,1,0.027585945796031505,2.5569187403062637e-05,4.681160654214295,,,,,,,,,
inr_baseline,4,54,1063,2,0.02578462353901892,6.571345591171052e-05,1.651219914807251,,,,,,,,,
inr_baseline,4,55,1063,3,0.020437572320133993,7.638633769265807e-05,2.1100558454747613,,,,,,,,,
inr_baseline,4,56,1063,4,0.024914828795887547,0.00011872309052322196,1.2434124797392345,,,,,,,,,
inr_baseline,4,57,1063,5,0.05172134437305835,0.0001274280378703624,1.8779402863047419,,,,,,,,,
inr_baseline,4,58,1063,6,0.042926461738795,0.00017463555844249374,2.8679359958070254,,,,,,,,,
inr_baseline,4,59,1063,7,0.04455118542720807,0.00018171437965472446,1.3572241128604297,,,,,,,,,
inr_baseline,4,60,1063,8,0.0404098002202365,0.00021326699886935977,1.4308179706123456,,,,,,,,,
inr_baseline,4,61,1063,9,0.06051451005703365,0.0002177387711671514,1.263163220505511,,,,,,,,,
inr_baseline,4,62,1063,10,0.065577727466212,0.0002730376288096359,1.7307863344581875,,,,,,,,,
inr_baseline,4,92,2612,1,0.02017765755081305,2.3614693150708317e-05,2.245371199268995,,,,,,,,,
inr_baseline,4,93,2612,4,0.030701715577505197,0.0001031219162196923,1.0033663820264933,,,,,,,,,
inr_baseline,4,94,2612,5,0.06498983005393887,0.00012393296979572847,0.855287384677579,,,,,,,,,
inr_baseline,4,95,2612,6,0.07287792850794372,0.00011821832877924036,1.1276231588769765,,,,,,,,,
inr_baseline,4,96,2612,7,0.058949678350486014,0.0001674688345388562,1.3574927235336653,,,,,,,,,
inr_baseline,4,97,2612,8,0.05696472145719805,0.00016232351163038733,1.3213466663798628,,,,,,,,,
inr_baseline,4,98,2612,9,0.05831836995619044,0.00022443521516587618,1.0865957767820311,,,,,,,,,
inr_baseline,4,99,2612,10,0.07137226883141114,0.00022154689412349972,1.3082155108326001,,,,,,,,,
inr_baseline,4,100,2776,1,0.026327895520049324,7.506505825266364e-06,20.014474766620634,,,,,,,,,
inr_baseline,4,101,2776,2,0.02672691132749237,1.2327488694183962e-05,7.090907704143276,,,,,,,,,
inr_baseline,4,102,2776,3,0.03691204125206314,3.192157529288206e-05,20.475557225585646,,,,,,,,,
inr_baseline,4,103,2776,4,0.043077336407708375,3.7659684411434996e-05,9.451304566458711,,,,,,,,,
inr_baseline,4,104,2776,5,0.022776081505149887,2.0616153831658817e-05,3.178966058440204,,,,,,,,,
inr_baseline,4,105,2776,7,0.04294632697909346,4.5941052999612016e-05,5.239496090052818,,,,,,,,,
inr_baseline,4,106,2776,8,0.026564958158577907,8.820208705033689e-05,4.270987357172504,,,,,,,,,
inr_baseline,4,107,2776,9,0.0470469563665117,3.2079864982683165e-05,4.144122416974743,,,,,,,,,
inr_baseline,4,108,2776,10,0.029927983772603414,9.58552864363335e-05,3.0829947477369855,,,,,,,,,
inr_baseline,4,166,3721,1,0.04004879450320947,2.212161977456378e-05,1.763025460534793,,,,,,,,,
inr_baseline,4,167,3721,2,0.05409750588733711,4.4030692587542205e-05,1.3136116993064872,,,,,,,,,
inr_baseline,4,168,3721,3,0.03093461749884389,7.77276338032871e-05,1.0254031600043731,,,,,,,,,
inr_baseline,4,169,3721,4,0.04691431939709779,9.821048225254216e-05,1.012273275081893,,,,,,,,,
inr_baseline,4,170,3721,5,0.07953359617699382,7.126964442846271e-05,1.339729923370988,,,,,,,,,
inr_baseline,4,171,3721,6,0.030527882386873602,0.0001943492382338423,0.9866703083958115,,,,,,,,,
inr_baseline,4,172,3721,7,0.07761370708394168,0.00012531620200962682,1.1995932195189234,,,,,,,,,
inr_baseline,4,173,3721,8,0.08608864086091497,0.00020824522645323634,1.0671915354399302,,,,,,,,,
inr_baseline,4,174,3721,9,0.10822071458045997,0.00010103589119857786,1.0248253528556381,,,,,,,,,
inr_baseline,4,175,3721,10,0.07942662553177297,0.00023222207320763413,1.2537508058790992,,,,,,,,,
inr_baseline,4,196,4067,1,0.041041235025575565,1.8426460917510545e-05,1.2812238165785412,,,,,,,,,
inr_baseline,4,197,4067,2,0.06010187812672526,3.102574430895473e-05,1.0880686070604055,,,,,,,,,
inr_baseline,4,198,4067,3,0.03869709564743054,6.969785355926027e-05,1.0190761125264156,,,,,,,,,
inr_baseline,4,199,4067,4,0.06462999676319982,8.023421431341234e-05,1.1154648897588333,,,,,,,,,
inr_baseline,4,200,4067,5,0.08566122294821645,4.59169685857523e-05,1.1057333949690056,,,,,,,,,
inr_baseline,4,201,4067,6,0.03471513119824374,0.00016945635417542343,1.12110638699799,,,,,,,,,
inr_baseline,4,202,4067,7,0.08958115249333932,9.502902806295646e-05,1.124370980874577,,,,,,,,,
inr_baseline,4,203,4067,8,0.07078623198377243,0.00017041802276828057,1.1327908527614745,,,,,,,,,
inr_baseline,4,204,4067,9,0.11064097685951262,6.21133374763398e-05,1.1175002269317533,,,,,,,,,
inr_baseline,4,205,4067,10,0.11942037859872094,0.00018980133900799322,1.224217205036239,,,,,,,,,
inr_baseline,4,310,6999,1,0.02879827425270121,1.675857942691006e-05,1.1427336820062002,,,,,,,,,
inr_baseline,4,311,6999,2,0.05608498757607723,3.1783617028433376e-05,1.165632130304675,,,,,,,,,
inr_baseline,4,312,6999,3,0.034568643065139,6.162885585554507e-05,1.007141797740888,,,,,,,,,
inr_baseline,4,313,6999,4,0.06128005422418122,7.555402173176967e-05,1.1178624314486876,,,,,,,,,
inr_baseline,4,314,6999,5,0.07281629079092475,5.055812083914225e-05,1.0412933101404245,,,,,,,,,
inr_baseline,4,315,6999,6,0.04780314573648373,0.00015372768523997768,1.027806569031824,,,,,,,,,
inr_baseline,4,316,6999,7,0.0857336558738193,9.410633935852934e-05,1.1202394898777965,,,,,,,,,
inr_baseline,4,317,6999,8,0.05829994708352443,0.00016481085057348934,1.0629547928803071,,,,,,,,,
inr_baseline,4,318,6999,9,0.1058668890766555,7.119330504914163e-05,1.1407110511735672,,,,,,,,,
inr_baseline,4,319,6999,10,0.10009975519260246,0.00018146028057622546,1.3240804390829082,,,,,,,,,
inr_baseline,4,363,8792,1,0.01941326987393674,2.7281372774506428e-05,3.1024900214479487,,,,,,,,,
inr_baseline,4,364,8792,2,0.024119872346386077,7.080434120061389e-05,1.6399583424369981,,,,,,,,,
inr_baseline,4,365,8792,3,0.026698483627994967,8.451741276091566e-05,2.7414621995974855,,,,,,,,,
inr_baseline,4,366,8792,4,0.023500977779658996,0.0001337667608651368,1.2497919977741043,,,,,,,,,
inr_baseline,4,367,8792,5,0.04988248602367316,0.00013965618448671366,2.0049135892943557,,,,,,,,,
inr_baseline,4,368,8792,6,0.03608552860793163,0.000202018088467637,2.8680163088192523,,,,,,,,,
inr_baseline,4,369,8792,7,0.04115854704652879,0.00020703295850355933,1.402808067359016,,,,,,,,,
inr_baseline,4,370,8792,8,0.052128101678755846,0.00025149572884057146,1.2900841590493057,,,,,,,,,
inr_baseline,4,371,8792,9,0.052778267319891624,0.00023648180000764162,1.0701109288262054,,,,,,,,,
inr_baseline,4,372,8792,10,0.0561472944283206,0.00032643760032867886,1.6577070402769742,,,,,,,,,
cokriging_baseline,4,0,692,1,0.0007969959572423323,1.143934648177177e-05,0.2255916228152206,0.8867521367521367,0.9873438527284681,0.9939184746877054,0.0019775354198935994,0.03977691554534486,1.0,1.0,1.0,14.70645992265529
cokriging_baseline,4,1,692,2,0.003842379636854357,2.9103560609567804e-05,0.6355812318380637,0.9493754109138725,1.0,1.0,0.007077212335108182,0.7973121925625579,0.0,1.0,1.0,24.085919100011402
cokriging_baseline,4,2,692,3,0.002863833301132246,3.627559876124916e-05,0.927850000513423,0.9633464825772519,0.9981919789612097,0.9998356344510191,0.006154400763230299,-0.20589615073579612,1.0,1.0,1.0,40.299673825772246
cokriging_baseline,4,3,692,4,0.0035728970084894012,5.605668875750313e-05,0.6891352312196813,0.8057199211045365,0.9894806048652203,0.9919460880999342,0.006357848518908407,2.2257552872736275,0.0,1.0,1.0,43.77774899363301
cokriging_baseline,4,4,692,5,0.02415565086343243,5.814921589460563e-05,3.297943420839764,0.5419132149901381,1.0,1.0,0.029066490668927872,1.3063273394216985,0.0,1.0,1.0,37.96588695044674
cokriging_baseline,4,5,692,6,0.0034847121735226663,8.54802763666481e-05,1.25591645788404,1.0,1.0,1.0,0.025372784545619014,-0.20919337927513562,1.0,1.0,1.0,77.57995651777915
cokriging_baseline,4,6,692,7,0.005668986545591352,8.644128431911957e-05,0.8739424060666194,0.9684418145956607,0.9972057856673241,0.9991781722550953,0.012488086999454976,-1.6997722270132443,1.0,1.0,1.0,141.14090430044578
cokriging_baseline,4,7,692,8,0.004161132227086199,0.00010523873606795713,0.4411795297023267,0.9792899408284024,1.0,1.0,0.012546303172721781,0.19835568963037126,1.0,1.0,1.0,50.68194457815123
cokriging_baseline,4,8,692,9,0.012497418106822304,0.00010121457339893796,0.9947258079695854,0.5039447731755424,0.9028599605522682,0.9886587771203156,0.014115825757676908,0.9564891611797915,0.0,1.0,1.0,62.46085009168375
cokriging_baseline,4,24,970,1,0.00343204040995382,2.5105707326848976e-05,0.9862622785824035,0.7843523997370151,0.9981919789612097,0.9993425378040762,0.005211154679015339,0.1401619973832656,1.0,1.0,1.0,14.06453464315227
cokriging_baseline,4,25,970,2,0.0034322844248810638,7.02567032327179e-05,0.3220190770645948,0.5522682445759369,0.8910256410256411,0.967948717948718,0.006004211933518953,1.012418543383802,1.0,1.0,1.0,63.53832314604579
cokriging_baseline,4,26,970,3,0.0033469318372781353,7.3213130178483e-05,0.45283601953290303,0.6009204470742933,0.9584155161078238,0.9842209072978304,0.005223491230978915,0.6338435089678479,1.0,1.0,1.0,34.68297724493454
cokriging_baseline,4,27,970,4,0.004210659813606736,0.00012467651731493568,0.2783703145192876,0.5933596318211702,0.9401709401709402,0.980276134122288,0.0069093042706110585,1.189011098723648,1.0,1.0,1.0,47.393046525557196
cokriging_baseline,4,28,970,5,0.022515799842137967,0.000145411320190417,0.9955321482898823,0.6490795529257067,0.9850427350427351,0.9924391847468771,0.03197036280324177,0.2394585070253302,1.0,1.0,1.0,138.80360727209364
cokriging_baseline,4,29,970,6,0.01765737648294088,0.0001609082157727661,0.9152962333556269,0.8321827744904668,1.0,1.0,0.03590990011282149,1.327017990703581,1.0,1.0,1.0,64.73430257083439
cokriging_baseline,4,30,970,7,0.005355494103064422,0.00020821522100561847,0.2100480493092442,0.703155818540434,0.9850427350427351,0.9940828402366864,0.01069465603656296,2.483714400340124,0.0,1.0,1.0,115.58908706726308
cokriging_baseline,4,31,970,8,0.010487326331558956,0.00021823844992949405,0.5091616925869302,0.8290598290598291,1.0,1.0,0.020111728709857103,1.6206448370147783,0.0,1.0,1.0,56.90745912716978
cokriging_baseline,4,32,970,9,0.02367980182841911,0.0002699426722921737,0.6675695901285378,0.6073307034845496,0.9539776462853385,0.9998356344510191,0.025484961855722358,-4.060383158025033,0.0,1.0,1.0,243.40133894437648
cokriging_baseline,4,33,970,10,0.009639527970927875,0.0003036941190283284,0.3088847402861413,0.8952991452991453,0.9963839579224194,0.9998356344510191,0.025200082192888273,-0.9264369215719196,1.0,1.0,1.0,74.8411939621681
cokriging_baseline,4,53,1063,1,0.0027505484072488425,2.5569187403062637e-05,0.4667506808259363,0.5652531229454306,0.84155161078238,0.9235700197238659,0.004079386339685066,0.5803506202410901,1.0,1.0,1.0,16.8563820553764
cokriging_baseline,4,54,1063,2,0.009110612290502836,6.571345591171052e-05,0.5834339379592269,0.9340894148586456,1.0,1.0,0.012305739798795273,0.024719093542673872,1.0,1.0,1.0,35.4419910832163
cokriging_baseline,4,55,1063,3,0.006170889183558124,7.638633769265807e-05,0.6371070198350461,0.9163379355687048,1.0,1.0,0.010132589542093217,1.7782402435750613,0.0,1.0,1.0,51.21206704371409
cokriging_baseline,4,56,1063,4,0.007438700702367373,0.00011872309052322196,0.3712396887068036,0.7825443786982249,0.9965483234714004,0.9998356344510191,0.012259478487347117,1.3091163750945984,1.0,1.0,1.0,80.54128876261079
cokriging_baseline,4,57,1063,5,0.016395137166155836,0.0001274280378703624,0.595287863396185,1.0,1.0,1.0,0.03610945623627682,-1.3176356586348277,1.0,1.0,1.0,65.30352727199983
cokriging_baseline,4,58,1063,6,0.010403779215407988,0.00017463555844249374,0.6950811153701929,0.9922748191978962,1.0,1.0,0.0358045701489126,2.2160970182485116,0.0,1.0,1.0,81.63825460527319
cokriging_baseline,4,59,1063,7,0.012407047480509172,0.00018171437965472446,0.3779729730753107,0.8213346482577252,0.9953977646285339,0.9991781722550953,0.018333547956292606,0.46541729792342273,1.0,1.0,1.0,156.12246174445005
cokriging_baseline,4,60,1063,8,0.016762778407828485,0.00021326699886935977,0.5935313823032117,0.5951676528599605,0.9773175542406312,0.9981919789612097,0.0174998002836113,1.8384677597767949,0.0,1.0,1.0,88.64087838244687
cokriging_baseline,4,61,1063,9,0.027635006975542803,0.0002177387711671514,0.5768455264203461,0.35798816568047337,0.8944773175542406,0.9615384615384616,0.021111658521363975,-4.772949809760058,0.0,1.0,1.0,144.44282541118923
cokriging_baseline,4,62,1063,10,0.014484604200786321,0.0002730376288096359,0.3822906950179611,0.5287639710716634,0.9784681130834977,0.9995069033530573,0.018688216224590957,-1.9464734941450421,0.0,1.0,1.0,116.08396412464553
cokriging_baseline,4,92,2612,1,0.00523074513952421,2.3614693150708317e-05,0.582077699427042,0.44115713346482577,0.9561143984220908,0.9870151216305062,0.006894466938692568,1.0346920775211332,1.0,1.0,1.0,19.965724216091154
cokriging_baseline,4,93,2612,4,0.0031699487127872304,0.0001031219162196923,0.10359746715552494,0.9326101249178173,0.9967126890203813,0.9988494411571335,0.011916074129407506,2.0698868796996295,0.0,1.0,1.0,57.611765177762365
cokriging_baseline,4,94,2612,5,0.056855739155220034,0.00012393296979572847,0.7482400924209149,0.24786324786324787,0.8349769888231426,0.9360618014464168,0.03632508950005424,2.0650103900740597,1.0,1.0,1.0,146.5533926580042
cokriging_baseline,4,95,2612,6,0.04842565659130408,0.00011821832877924036,0.7492788691191451,0.22403024326101248,0.7480276134122288,0.8226495726495726,0.03575015986576747,-1.7824461083239873,0.0,1.0,1.0,68.68263329475495
cokriging_baseline,4,96,2612,7,0.006034952364892559,0.0001674688345388562,0.13897283499166696,0.8742603550295858,0.972879684418146,0.9833990795529257,0.0169877456286673,0.5009808270181008,1.0,1.0,1.0,124.69924922728006
cokriging_baseline,4,97,2612,8,0.030399955695808754,0.00016232351163038733,0.7051536299871907,0.2329059829059829,0.6045364891518737,0.6827744904667982,0.015503375649616263,-1.5137166869396155,0.0,1.0,1.0,66.47912170872884
cokriging_baseline,4,98,2612,9,0.03827280940052044,0.00022443521516587618,0.7131041744038783,0.2215647600262985,0.6402038132807364,0.76232741617357,0.022562702225172638,-4.736381207960596,0.0,1.0,1.0,198.6361655306537
cokriging_baseline,4,99,2612,10,0.021645805766644488,0.00022154689412349972,0.3967560414155071,0.4983563445101907,0.8586456278763971,0.9242274819197897,0.024973843010940862,1.829527509481223,1.0,1.0,1.0,156.93124300327798
cokriging_baseline,4,100,2776,1,0.003716542613774654,7.506505825266364e-06,2.8253169079092335,0.4646614069690993,0.9574293228139382,0.9799474030243261,0.0036405352833103993,2.3054265628245205,0.0,1.0,1.0,12.106903556166738
cokriging_baseline,4,101,2776,2,0.0025521785000461477,1.2327488694183962e-05,0.6771176050451626,0.9064760026298487,1.0,1.0,0.008326453207751213,3.8268379592420017,0.0,0.0,0.0,18.665838417168253
cokriging_baseline,4,102,2776,3,0.003821837548602477,3.192157529288206e-05,2.120019667807672,0.75,0.9557856673241288,0.9674556213017751,0.007133163727913976,-1.2798960524695688,0.0,1.0,1.0,32.672183727234525
cokriging_baseline,4,103,2776,4,0.0034955300863742955,3.7659684411434996e-05,0.766930414519116,0.8256081525312294,0.9661406969099277,0.9741946088099934,0.008315599410280554,-1.5931362516967167,0.0,1.0,1.0,36.55153817454924
cokriging_baseline,4,104,2776,5,0.013108083907666145,2.0616153831658817e-05,1.8295576359012806,0.9738658777120316,1.0,1.0,0.03152547419028351,3.768083136539194,0.0,0.0,0.0,33.04694084368462
cokriging_baseline,4,105,2776,7,0.003626326906274959,4.5941052999612016e-05,0.4424156146328965,0.8408941485864563,0.960223537146614,0.977646285338593,0.012601913576278285,-2.7948005478435363,0.0,1.0,1.0,68.71725761280025
cokriging_baseline,4,106,2776,8,0.005097710806635461,8.820208705033689e-05,0.8195856464630406,0.6540105193951348,0.9268573307034845,0.9497041420118343,0.007587614911427378,-1.40274969361333,0.0,1.0,1.0,45.636907796830045
cokriging_baseline,4,107,2776,9,0.005938897915376384,3.2079864982683165e-05,0.5231267202814096,0.7830374753451677,1.0,1.0,0.012897230544817938,-0.9692743400982922,1.0,1.0,1.0,58.34168844669403
cokriging_baseline,4,108,2776,10,0.006732317884036898,9.58552864363335e-05,0.693521515992723,0.7067718606180144,0.913379355687048,0.9294871794871795,0.011240825527563576,1.0630907963074583,0.0,1.0,1.0,50.311750352728
cokriging_baseline,4,166,3721,1,0.01017087890715481,2.212161977456378e-05,0.4477417782923081,0.1903353057199211,0.7807363576594346,0.8716305062458909,0.005836511732584041,-4.225713114909622,0.0,0.0,0.0,19.32521577128473
cokriging_baseline,4,167,3721,2,0.02601227364292889,4.4030692587542205e-05,0.6316377515457978,0.19625246548323472,0.76232741617357,0.8752465483234714,0.01481082506343282,-8.728530168727135,0.0,0.0,0.0,46.92884615611044
cokriging_baseline,4,168,3721,3,0.02162657312410637,7.77276338032871e-05,0.7168653830083108,0.2799145299145299,0.6250821827744905,0.7928994082840237,0.011965221409174274,-0.9754835493136907,1.0,1.0,1.0,54.27002795783607
cokriging_baseline,4,169,3721,4,0.023503910400728835,9.821048225254216e-05,0.5071453804368521,0.24621959237343852,0.7984878369493754,0.8864234056541749,0.015285859456600716,-6.563274170429886,0.0,0.0,0.0,81.36323469693737
cokriging_baseline,4,170,3721,5,0.041241035726427254,7.126964442846271e-05,0.6946982443815223,0.45677186061801445,0.9447731755424064,0.9914529914529915,0.03859154103262383,-11.524265632766731,0.0,0.0,0.0,93.96964153150228
cokriging_baseline,4,171,3721,6,0.02373911179139259,0.0001943492382338423,0.7672552080562021,0.7062787639710717,0.9559500328731098,0.9822485207100592,0.03618417325404221,0.7375550165036135,1.0,1.0,1.0,92.34955689186475
cokriging_baseline,4,172,3721,7,0.032888816615580276,0.00012531620200962682,0.5083277541089684,0.20414201183431951,0.7368507560815253,0.8520710059171598,0.02202885105043977,-12.548021528435592,0.0,0.0,0.0,136.8072843082042
cokriging_baseline,4,173,3721,8,0.06796912792827697,0.00020824522645323634,0.8425743195723162,0.2661078238001315,0.435733070348455,0.47435897435897434,0.01773136817226292,-3.250796389418222,0.0,1.0,1.0,92.27503842686895
cokriging_baseline,4,174,3721,9,0.07657116988181656,0.00010103589119857786,0.7251114215694743,0.08596318211702828,0.24967126890203814,0.33629191321499013,0.02217591754834995,-5.596079411971372,0.0,1.0,1.0,207.2486538131659
cokriging_baseline,4,175,3721,10,0.028920025279547703,0.00023222207320763413,0.45650315316206386,0.4066403681788297,0.7690664036817882,0.8469756738987508,0.022622458994048602,-10.894668483845143,0.0,0.0,0.0,112.3797537779283
cokriging_baseline,4,196,4067,1,0.0027928556996131278,1.8426460917510545e-05,0.08718726998302073,0.7817225509533202,0.9875082182774491,0.9958908612754767,0.004579402831954488,-2.063127898824685,0.0,1.0,1.0,14.471938101414086
cokriging_baseline,4,197,4067,2,0.0056636889335406415,3.102574430895473e-05,0.10253393605682937,0.5540762656147271,0.915680473372781,0.972879684418146,0.00785452482507737,-3.141834061254313,0.0,1.0,1.0,42.25952868971258
cokriging_baseline,4,198,4067,3,0.0071358958298577664,6.969785355926027e-05,0.18792162202404897,0.25624589086127547,0.9064760026298487,0.9615384615384616,0.006730771759652672,-0.5989374819033231,1.0,1.0,1.0,34.98071873485492
cokriging_baseline,4,199,4067,4,0.006744585225442529,8.023421431341234e-05,0.11640644270078448,0.5262984878369493,0.9003944773175543,0.9470742932281394,0.00850006328141582,-3.871645151823372,0.0,0.0,0.0,39.375244939967516
cokriging_baseline,4,200,4067,5,0.019761195308279772,4.59169685857523e-05,0.2550817373933456,0.814595660749507,1.0,1.0,0.031770485932556346,-3.281849016810625,0.0,1.0,1.0,86.84525019717668
cokriging_baseline,4,201,4067,6,0.02387337834235972,0.00016945635417542343,0.7709778420826768,0.7361932938856016,0.9227481919789612,0.950525969756739,0.03596897157343672,0.4826665735570724,1.0,1.0,1.0,70.3786286750981
cokriging_baseline,4,202,4067,7,0.008582351956728042,9.502902806295646e-05,0.10772073387328486,0.5210387902695595,0.9534845496383958,0.977646285338593,0.0127447398653355,-8.053372663506194,0.0,0.0,0.0,78.87346960371397
cokriging_baseline,4,203,4067,8,0.04747310262970374,0.00017041802276828057,0.7597112447440819,0.2564102564102564,0.4598948060486522,0.49572649572649574,0.017798215030656313,-0.08102797213472161,1.0,1.0,1.0,64.39437583977444
cokriging_baseline,4,204,4067,9,0.019082122775236233,6.21133374763398e-05,0.192733986421168,0.6630506245890861,1.0,1.0,0.02221126017942452,9.229247973915054,0.0,1.0,1.0,196.6213775229188
cokriging_baseline,4,205,4067,10,0.025817401628294687,0.00018980133900799322,0.2646625947225685,0.3325115055884287,0.774819197896121,0.8523997370151216,0.019679439389621748,-6.3841151718386815,0.0,0.0,0.0,84.58313187952221
cokriging_baseline,4,310,6999,1,0.005893939046162542,1.675857942691006e-05,0.2338752179606626,0.4794543063773833,0.9998356344510191,1.0,0.0049371470321712746,-0.5842284566973773,1.0,1.0,1.0,14.307216114658477
cokriging_baseline,4,311,6999,2,0.010491968207484713,3.1783617028433376e-05,0.21805791141863207,0.31097961867192636,0.8183760683760684,0.9344181459566075,0.005702642221515952,-5.145003665452919,0.0,0.0,1.0,47.54165249463454
cokriging_baseline,4,312,6999,3,0.00973245687113483,6.162885585554507e-05,0.2835507338590115,0.2930637738330046,0.6183431952662722,0.7907626561472715,0.00505915909304672,-1.736752446023793,0.0,1.0,1.0,28.450203806862746
cokriging_baseline,4,313,6999,4,0.013336945466072185,7.555402173176967e-05,0.24329074893212047,0.25213675213675213,0.6428336620644313,0.7570677186061802,0.00662340871199326,-4.242479439296591,0.0,0.0,0.0,32.48763676264491
cokriging_baseline,4,314,6999,5,0.02300482496299903,5.055812083914225e-05,0.32897542671739416,0.5777449046679816,0.9863576594345825,0.9998356344510191,0.030965470278740685,-8.115121807571189,0.0,0.0,0.0,99.38627285979778
cokriging_baseline,4,315,6999,6,0.03271190118527442,0.00015372768523997768,0.7033325193510177,0.5203813280736358,0.9178172255095332,0.9534845496383958,0.03566246399449295,0.06195997234037481,1.0,1.0,1.0,59.33799944068627
cokriging_baseline,4,316,6999,7,0.018743916871556264,9.410633935852934e-05,0.24491753746519193,0.2264957264957265,0.6865548980933597,0.787146614069691,0.010154311785054649,-6.196374124971848,0.0,0.0,0.0,77.95809444557942
cokriging_baseline,4,317,6999,8,0.01707450412303698,0.00016481085057348934,0.3113111915459312,0.28435239973701515,0.6374095989480605,0.717948717948718,0.011121084957574573,-1.8483014871132588,0.0,1.0,1.0,47.28884626897284
cokriging_baseline,4,318,6999,9,0.01821668706695743,7.119330504914163e-05,0.19628399808747277,0.4623602892833662,0.8999013806706114,0.9919460880999342,0.020019169919778944,18.368254463626947,0.0,0.0,0.0,270.7668753309535
cokriging_baseline,4,319,6999,10,0.03747309797755778,0.00018146028057622546,0.4956794942050803,0.29520052596975677,0.6513806706114399,0.742603550295858,0.02398854393435363,-9.102102934880577,0.0,0.0,0.0,108.00736021668766
cokriging_baseline,4,363,8792,1,0.0029487445932681925,2.7281372774506428e-05,0.4712472826999329,0.5981262327416174,0.8505917159763313,0.9518408941485864,0.0051831048495811025,-0.41635425555549854,1.0,1.0,1.0,19.365818289997435
cokriging_baseline,4,364,8792,2,0.006163335636021056,7.080434120061389e-05,0.41905751192942836,0.935733070348455,1.0,1.0,0.013719744308563183,-2.5534248254154575,0.0,1.0,1.0,43.086304653899575
cokriging_baseline,4,365,8792,3,0.0050947080620458085,8.451741276091566e-05,0.5231364359374312,0.8995726495726496,1.0,1.0,0.011173705885928288,0.5541876311965577,1.0,1.0,1.0,53.162207549647
cokriging_baseline,4,366,8792,4,0.006710643998904558,0.0001337667608651368,0.35687490317959986,0.8666995397764629,0.9995069033530573,1.0,0.013664650909662625,-1.8058579141028557,1.0,1.0,1.0,81.02947434277668
cokriging_baseline,4,367,8792,5,0.011459844173266256,0.00013965618448671366,0.46060249088775046,0.9815910585141354,1.0,1.0,0.03751138905953624,-3.9690916680130424,0.0,1.0,1.0,88.82578630183691
cokriging_baseline,4,368,8792,6,0.014388113736341643,0.000202018088467637,1.1435427563586802,0.9797830374753451,1.0,1.0,0.035965817209709365,1.8675196667151137,0.0,1.0,1.0,91.96713363372466
cokriging_baseline,4,369,8792,7,0.009356417589213349,0.00020703295850355933,0.31889507812048073,0.8264299802761341,0.9945759368836292,0.997698882314267,0.019993352111814962,-3.1908491984227605,0.0,1.0,1.0,158.91874187169444
cokriging_baseline,4,370,8792,8,0.029141436419530008,0.00025149572884057146,0.7212022745132787,0.40401051939513477,0.6804733727810651,0.7935568704799474,0.01984423354037188,-0.2346512769653547,1.0,1.0,1.0,89.70531557830687
cokriging_baseline,4,371,8792,9,0.030997329360259392,0.00023648180000764162,0.6284893877207165,0.3272518080210388,0.65844838921762,0.784681130834977,0.025642512700949076,0.5776202171233987,1.0,1.0,1.0,189.47382823398115
cokriging_baseline,4,372,8792,10,0.021942734164488168,0.00032643760032867886,0.6478428796570975,0.5567061143984221,0.9714003944773175,0.9832347140039448,0.02364140776767209,-3.540830553982546,0.0,0.0,0.0,89.97973247477758
latent_gp,5,9,818,1,0.0021791895015306826,9.988615445704406e-06,0.9336960790780867,0.7610124917817226,1.0,1.0,0.003803297279435319,-2.9744010491641895,0.0,0.0,0.0,15.177759872915788
latent_gp,5,10,818,4,0.003112178367875426,4.999884568740139e-05,0.7825438441442832,0.901051939513478,1.0,1.0,0.008950065065899706,-2.508764108471207,0.0,0.0,1.0,42.57875878135229
latent_gp,5,11,818,5,0.09316886909269753,5.740654988047479e-05,0.7999979668275631,0.24917817225509534,0.4176528599605523,0.46548323471400394,0.023901595537108303,-0.2711513147530089,1.0,1.0,1.0,51.11759171586208
latent_gp,5,12,818,6,0.09725469641025669,5.775002711412886e-05,0.8499235363828973,0.13675213675213677,0.33004602235371466,0.3795200525969757,0.02520318413376212,-3.414181141585432,0.0,0.0,0.0,52.702614559917876
latent_gp,5,13,818,9,0.006920374112239555,0.00011713204334534244,1.0640270814235417,0.9875082182774491,1.0,1.0,0.021258313963859285,0.2817214176092945,1.0,1.0,1.0,81.153872545344
latent_gp,5,14,818,10,0.007996433023216966,0.00012273077264232958,1.685362842634741,0.989973701512163,1.0,1.0,0.031642096001959504,-2.4116762358097383,0.0,1.0,1.0,95.34052570997014
latent_gp,5,15,871,1,0.004118758619297554,2.0471017574780967e-05,1.1145829619756271,0.4340894148586456,0.9960552268244576,1.0,0.0050326091150254635,0.5212242296567196,1.0,1.0,1.0,12.139177628069422
latent_gp,5,16,871,2,0.004189621197069265,5.867620077855048e-05,0.45092331444052847,0.9102564102564102,1.0,1.0,0.009765898859738036,0.14888102056038896,1.0,1.0,1.0,33.40529748889897
latent_gp,5,17,871,3,0.0039009197212751413,6.195976184508567e-05,0.682913395346848,0.7368507560815253,0.9967126890203813,1.0,0.008441962210193797,0.28530726601064066,1.0,1.0,1.0,22.493771327356658
latent_gp,5,18,871,4,0.005800414647687702,0.00010981125715106575,0.4853777825856374,0.6727481919789612,0.9970414201183432,1.0,0.012710252021257942,0.44052328002528696,1.0,1.0,1.0,40.642246300290516
latent_gp,5,19,871,5,0.00872797339874786,0.00012725966286535997,0.3889467424132689,0.923241288625904,1.0,1.0,0.02607217383193144,0.13320832725428533,1.0,1.0,1.0,65.90585433049274
latent_gp,5,20,871,6,0.0089849557435531,0.00014571601908038427,0.3988753061277995,0.9174884944115713,1.0,1.0,0.02726338345906366,0.7186958594734223,1.0,1.0,1.0,42.72604420147648
latent_gp,5,21,871,7,0.0050785315562595764,0.00019025592305158074,0.251449929078026,0.9123931623931624,1.0,1.0,0.01594432544536933,-0.15229299220366838,1.0,1.0,1.0,70.57430524146137
latent_gp,5,22,871,8,0.0046467014646438725,0.00020056947988565508,0.30841128182506805,0.995069033530572,1.0,1.0,0.02223703343420788,1.0124526588791878,0.0,1.0,1.0,52.69525203055174
latent_gp,5,23,871,9,0.006710606417533943,0.0002435815179001808,0.2484842697092046,0.9963839579224194,1.0,1.0,0.022393190563408015,-2.294767802686522,0.0,1.0,1.0,83.74626823780872
latent_gp,5,72,1793,1,0.019063845633652796,1.3172752496372751e-05,0.3779456689072242,0.26429980276134124,0.405982905982906,0.4538132807363577,0.004413910112182225,-3.529679333952419,0.0,0.0,0.0,8.870911873608447
latent_gp,5,73,1793,2,0.02378869177023231,1.8601317136928257e-05,0.315265149470614,0.2269888231426693,0.5512820512820513,0.651051939513478,0.008806807044269586,-9.212755619316832,0.0,0.0,0.0,17.821236151512057
latent_gp,5,74,1793,3,0.01574442343209696,5.1445106847901945e-05,0.307780317532543,0.23767258382642997,0.6224523339907956,0.69543063773833,0.007289926397185133,-1.5849322406259356,0.0,1.0,1.0,18.22683366667671
latent_gp,5,75,1793,4,0.020405858101374554,5.5430571054936265e-05,0.27927828609565636,0.3137738330046022,0.685404339250493,0.7970085470085471,0.01116764645737211,-5.705062863803165,0.0,0.0,0.0,29.587523711534498
latent_gp,5,76,1793,5,0.03686450261061458,2.5224382940838793e-05,0.3652105423312364,0.386094674556213,0.7636423405654175,0.846482577251808,0.025049422087431022,-14.850816977140218,0.0,0.0,0.0,27.364513166448514
latent_gp,5,77,1793,6,0.01622254372786785,0.00011640917605880535,0.46904729425497327,0.8214990138067061,0.9756738987508218,0.9850427350427351,0.025821859168567954,-1.55398553735218,0.0,1.0,1.0,34.174480945605666
latent_gp,5,78,1793,7,0.02829568699363749,6.187419825335592e-05,0.2897018161556255,0.22419460880999342,0.5971400394477318,0.6819526627218935,0.014418123645996749,-10.667222242438514,0.0,0.0,0.0,37.02143425940576
latent_gp,5,79,1793,8,0.027497842290977792,0.0001224714906202843,0.46510637607608646,0.4784681130834977,0.8361275476660092,0.881163708086785,0.025614902459095337,-3.8594847381716035,0.0,0.0,0.0,42.73788279088888
latent_gp,5,80,1793,9,0.04124367527267724,3.2827670194941165e-05,0.33232725764431126,0.44937541091387245,0.7412886259040106,0.7917488494411571,0.021160976950419377,-20.36878594060951,0.0,0.0,0.0,43.431891746018074
latent_gp,5,81,1793,10,0.02901515262237883,0.00012611769031988028,0.3341317457219231,0.6168639053254438,0.982577251808021,1.0,0.03590485827534361,-8.206031140103043,0.0,0.0,0.0,62.45207244218591
latent_gp,5,109,2889,1,0.004064359975633381,1.792177286533687e-05,0.9759636522581556,0.5116699539776463,0.9562787639710717,0.9889875082182774,0.003794898113119349,2.537513605758444,0.0,0.0,0.0,10.31225682686166
latent_gp,5,110,2889,2,0.007141544999484939,4.181529862324437e-05,0.7266212949764762,0.7192636423405654,0.985207100591716,1.0,0.008151190724813967,3.5832540125489563,0.0,0.0,0.0,32.261804901358246
latent_gp,5,111,2889,3,0.0046106155120734125,5.8615566755791536e-05,0.8102899756122811,0.6153846153846154,0.9952333990795529,1.0,0.006444829019088399,1.6297105774697804,0.0,0.0,1.0,19.542203928114624
latent_gp,5,112,2889,4,0.007192897575888004,8.339499330613173e-05,0.6225922779383886,0.7440828402366864,1.0,1.0,0.010515395489451,2.8799391393208396,0.0,0.0,1.0,42.487711439275685
latent_gp,5,113,2889,5,0.011919550113752654,7.657956176081965e-05,0.7389139937054523,0.8816568047337278,1.0,1.0,0.025479495079071213,3.3495400699365305,0.0,0.0,1.0,58.67211368047178
latent_gp,5,114,2889,8,0.018077976967175325,0.00016256206923594347,0.677193211505532,0.5136423405654175,0.9998356344510191,1.0,0.024330540929133025,2.5276783665513003,0.0,0.0,0.0,50.408648018485124
latent_gp,5,115,2889,9,0.02566199666194625,0.00011589198115372508,0.7617788199704661,0.5087113740959894,0.7741617357001972,0.8461538461538461,0.020602803205076636,4.527804583345789,0.0,0.0,0.0,84.86749823837306
latent_gp,5,116,2889,10,0.021076319385685008,0.000193600567176661,0.7948720911668189,0.7110453648915187,1.0,1.0,0.036004797544341924,1.047813100161441,1.0,1.0,1.0,97.4128065451914
latent_gp,5,117,2892,1,0.0019587210835869976,2.38070083017077e-05,0.45244579555338355,0.8801775147928994,1.0,1.0,0.004640958118395948,0.11768322139267318,1.0,1.0,1.0,11.094609244386687
latent_gp,5,118,2892,2,0.00264147310610404,6.225969605343204e-05,0.2179076225904097,0.9853714661406969,1.0,1.0,0.0090258786074499,-1.3142202220027064,0.0,1.0,1.0,28.3047256387514
latent_gp,5,119,2892,3,0.0024104364723849456,7.210679734811871e-05,0.3283661306426106,0.8931623931623932,1.0,1.0,0.007756051037755517,0.07355020054869613,1.0,1.0,1.0,19.610512644575657
latent_gp,5,120,2892,4,0.0030363146577425983,0.00011437018326662576,0.18818156862961674,0.9304733727810651,1.0,1.0,0.012208266543827149,-0.3217332339770436,1.0,1.0,1.0,39.60804312783282
latent_gp,5,121,2892,5,0.004676075483512204,0.00012355009147051944,0.2073663334320639,1.0,1.0,1.0,0.024796763416996152,-1.8079551694336438,0.0,1.0,1.0,49.00946786618998
latent_gp,5,122,2892,6,0.005619420585476318,0.00016749193726416027,0.5064989783543904,0.9937541091387245,1.0,1.0,0.0262329977413868,0.0887862580658285,1.0,1.0,1.0,37.85864514119245
latent_gp,5,123,2892,7,0.006226904682038271,0.0001783604722430551,0.228330509176389,0.84155161078238,1.0,1.0,0.014447785509596592,-1.0038017101402175,0.0,1.0,1.0,54.43608133348465
latent_gp,5,124,2892,8,0.010097735764193672,0.00020833122680267502,0.43893725527123606,0.854043392504931,1.0,1.0,0.024832603950443642,-0.2383700459874881,1.0,1.0,1.0,55.565544220114575
latent_gp,5,125,2892,9,0.0060113352453819175,0.00021484110510098346,0.1506358025265805,0.9996712689020382,1.0,1.0,0.022238374197594356,3.834805329293596,0.0,0.0,1.0,92.91031949702493
latent_gp,5,126,2892,10,0.007366170645350124,0.00027160540291747837,0.2292068641847941,1.0,1.0,1.0,0.03631377699858785,0.36361515021674173,1.0,1.0,1.0,91.71134617359569
latent_gp,5,127,3144,1,0.009127529820047503,1.4432361353786547e-05,0.3342534297977664,0.10946745562130178,0.39497041420118345,0.4810979618671926,0.004303321037596054,-3.3397824176342974,0.0,0.0,0.0,11.031325171487815
latent_gp,5,128,3144,2,0.021208520923432186,2.94366933675471e-05,0.398567242183469,0.18523997370151216,0.45069033530571995,0.5461867192636424,0.008864004962739092,-5.87421211110984,0.0,0.0,0.0,23.292282485655104
latent_gp,5,129,3144,3,0.020645281006206335,3.90988941555933e-05,0.47160559384496753,0.2074293228139382,0.4960552268244576,0.5649243918474688,0.007597971406947049,-4.8142491769387945,0.0,0.0,0.0,19.58949071986479
latent_gp,5,130,3144,4,0.024129788658605354,5.027337212526268e-05,0.3820117807919963,0.21351084812623275,0.5108481262327417,0.5994411571334648,0.011069310894911494,-6.6546748180802595,0.0,0.0,0.0,30.016131277996294
latent_gp,5,131,3144,5,0.0331501695964867,4.721254103223248e-05,0.4385203772368425,0.34960552268244577,0.7435897435897436,0.8372781065088757,0.025273546280634662,-8.156876297496321,0.0,0.0,0.0,39.38284664693431
latent_gp,5,132,3144,6,0.03034585614401296,7.440221262821663e-05,0.5141977425919575,0.4061472715318869,0.7143326758711374,0.7514792899408284,0.02612917970279305,-6.225201498769863,0.0,0.0,0.0,33.67884970708796
latent_gp,5,133,3144,7,0.03411604064068257,6.503796909059838e-05,0.4072225862034898,0.1517094017094017,0.45956607495069035,0.564266929651545,0.014617072203254037,-9.463925544104015,0.0,0.0,0.0,42.62604003037646
latent_gp,5,134,3144,10,0.04898638542809572,9.245648907142254e-05,0.5369303104416459,0.2983234714003945,0.6722550953320184,0.7672583826429981,0.03425446213209139,-10.730204339751772,0.0,0.0,0.0,66.73061708243246
latent_gp,5,290,6667,1,0.0012376496287287053,1.4965383176322584e-05,0.2924543537675684,0.9993425378040762,1.0,1.0,0.00397275468778178,2.5672427065065753,0.0,0.0,0.0,13.818280047816847
latent_gp,5,291,6667,2,0.003559954509519995,3.843805147682039e-05,0.4875564912399532,0.9764957264957265,1.0,1.0,0.00860643847011599,1.9336909583785808,0.0,1.0,1.0,33.70102592973397
latent_gp,5,292,6667,3,0.0020937441248293854,4.549367020206139e-05,0.5933911327315528,0.9434582511505588,1.0,1.0,0.006888803583431274,1.6937935496052523,0.0,1.0,1.0,27.067586305079104
latent_gp,5,293,6667,4,0.004541255583663324,7.075416032592103e-05,0.722825203653351,0.9321170282708744,1.0,1.0,0.010557193566779874,3.4828370813212675,0.0,0.0,0.0,49.01282956008566
latent_gp,5,294,6667,5,0.013518031799186125,7.557377244128054e-05,1.5077435342284957,0.8364562787639711,1.0,1.0,0.025431520091837734,1.3568543135703983,0.0,1.0,1.0,57.34977409046881
latent_gp,5,295,6667,6,0.008547369404272184,0.00010463803930238201,2.783604802343165,1.0,1.0,1.0,0.02555049224575272,1.7355381434155743,0.0,1.0,1.0,46.695745469634346
latent_gp,5,296,6667,7,0.006613720123762904,0.00010894807369271277,0.7909596864553438,0.940499671268902,1.0,1.0,0.014982404581112947,2.5407145194563383,0.0,1.0,1.0,75.57185881224768
latent_gp,5,297,6667,8,0.016112422838374215,0.00012845543046075553,2.3067664205947236,0.7560815253122946,1.0,1.0,0.026125391080305482,2.3260883188050565,0.0,0.0,1.0,62.867776462861094
latent_gp,5,298,6667,9,0.02142165325447529,0.00013102238272438846,1.7560549828409975,0.5455292570677186,0.8952991452991453,0.9740302432610125,0.021565747171804636,2.5371626502578746,0.0,1.0,1.0,97.47445584444873
latent_gp,5,299,6667,10,0.010775043992993213,0.000165340754411074,1.289395748476762,1.0,1.0,1.0,0.03614431275954123,2.2941901115440455,0.0,1.0,1.0,112.4496508775284
latent_gp,5,320,7267,1,0.0018058867160761635,9.501508488305359e-06,0.16232174980725805,0.782215647600263,0.9401709401709402,0.960552268244576,0.004348228222228996,1.9783252657136572,0.0,1.0,1.0,11.827204942833038
latent_gp,5,321,7267,2,0.0038826160084112307,1.7966258362077026e-05,0.1586748384824332,0.774819197896121,0.9822485207100592,0.994904667981591,0.009309404005538261,-0.35716322634853664,1.0,1.0,1.0,27.881449761405865
latent_gp,5,322,7267,3,0.0037028788885604064,2.5774583678744962e-05,0.20382710952240846,0.8007889546351085,0.923241288625904,0.9413214990138067,0.008070218275018361,1.8086616250485523,0.0,0.0,1.0,19.938753073707627
latent_gp,5,323,7267,4,0.005891641221417339,3.157813989130647e-05,0.20521351267656,0.7057856673241288,0.9442800788954635,0.9692636423405654,0.011149170643173001,1.0359833480291003,0.0,1.0,1.0,32.554449949524184
latent_gp,5,324,7267,5,0.014048538942577491,2.762113630737588e-05,0.38368220120416124,0.7057856673241288,0.9906311637080868,0.9980276134122288,0.026312181022198938,-0.6306741549685347,1.0,1.0,1.0,48.20999646609661
latent_gp,5,325,7267,8,0.03268146694040517,5.1044503593746336e-05,0.718125283241688,0.23816568047337278,0.760026298487837,0.90844838921762,0.02448365118001963,1.4584540252818574,0.0,1.0,1.0,41.083519337979645
latent_gp,5,326,7267,9,0.03173029120510694,3.691019434028665e-05,0.5258685285847134,0.2901051939513478,0.7905982905982906,0.8642340565417489,0.022748076900709045,-0.857991829740253,1.0,1.0,1.0,58.90898151568216
latent_gp,5,327,7267,10,0.024381659101757172,5.643322667973314e-05,0.5538432572657253,0.6265614727153189,0.9335963182117029,0.9552925706771861,0.035175124732068935,1.3804214760206737,0.0,1.0,1.0,70.09427694249544
latent_gp,5,411,9627,1,0.003925726306087867,2.1705287670345864e-05,0.8103835202166811,0.52465483234714,0.9861932938856016,1.0,0.0053662496817876324,0.629898178442609,1.0,1.0,1.0,16.67901968109394
latent_gp,5,412,9627,2,0.0076946375016870095,6.576426898187368e-05,0.7687759805405315,0.7214003944773175,0.9485535831689678,0.9667981591058514,0.010814350024455108,2.331709838201614,0.0,1.0,1.0,45.02567285391934
latent_gp,5,413,9627,3,0.003921634535394522,6.191344594020833e-05,0.519498390117066,0.8898750821827744,1.0,1.0,0.009168111357723961,0.8682090991166196,1.0,1.0,1.0,32.94012328634576
latent_gp,5,414,9627,4,0.008556501664269819,0.00011563723238060055,0.6700281253827316,0.594017094017094,0.896285338593031,0.9276791584483892,0.013166917697297248,1.2755272336026562,0.0,1.0,1.0,49.23926581322813
latent_gp,5,415,9627,5,0.022646182183209032,0.0001551512988766036,1.2838491606137377,0.6415187376725838,0.9738658777120316,0.997698882314267,0.027779865822641418,2.355071876497129,0.0,1.0,1.0,80.73232534547616
latent_gp,5,416,9627,6,0.01269295611861377,0.0001338916402975486,0.9981099811123896,0.8369493754109139,1.0,1.0,0.028742198819555503,0.7973654586368487,1.0,1.0,1.0,54.8765246705458
latent_gp,5,417,9627,7,0.011753926717377508,0.00021111761601929735,0.6240767077877253,0.6725838264299803,0.9663050624589086,0.9868507560815253,0.01783452094909413,2.354335844452397,0.0,1.0,1.0,88.5030958333591
latent_gp,5,418,9627,8,0.01272787938993144,0.00019917969155002163,0.7408609140784587,0.7491781722550953,1.0,1.0,0.02708557206030461,1.1434873585515402,1.0,1.0,1.0,68.39500533006947
latent_gp,5,419,9627,9,0.01761500841180169,0.00029855034361375634,0.7757658603867951,0.6719263642340565,0.9978632478632479,1.0,0.025382089221032123,2.820768026456343,0.0,1.0,1.0,154.27732073135164
latent_gp,5,420,9627,10,0.01897783991590472,0.00030439166261068317,0.8103365529376011,0.7738330046022354,1.0,1.0,0.03871058586330191,1.45272028220469,0.0,1.0,1.0,100.91661273689547
inr_baseline,5,9,818,1,0.022836638280044265,9.988615445704406e-06,9.784591751394162,,,,,,,,,
inr_baseline,5,10,818,4,0.01675498619298951,4.999884568740139e-05,4.2129691020881825,,,,,,,,,
inr_baseline,5,11,818,5,0.11793508504376811,5.740654988047479e-05,1.0126540031174973,,,,,,,,,
inr_baseline,5,12,818,6,0.10839136516397337,5.775002711412886e-05,0.9472485730140904,,,,,,,,,
inr_baseline,5,13,818,9,0.03383635646519825,0.00011713204334534244,5.20243545099621,,,,,,,,,
inr_baseline,5,14,818,10,0.020089178553792872,0.00012273077264232958,4.234082243334583,,,,,,,,,
inr_baseline,5,15,871,1,0.02594665141752337,2.0471017574780967e-05,7.021459197631857,,,,,,,,,
inr_baseline,5,16,871,2,0.0361282517641729,5.867620077855048e-05,3.888435317693802,,,,,,,,,
inr_baseline,5,17,871,3,0.031562916431105904,6.195976184508567e-05,5.5255529380567445,,,,,,,,,
inr_baseline,5,18,871,4,0.030219739374475727,0.00010981125715106575,2.5287830230802903,,,,,,,,,
inr_baseline,5,19,871,5,0.03192306201463102,0.00012725966286535997,1.422594961188675,,,,,,,,,
inr_baseline,5,20,871,6,0.02843235544811791,0.00014571601908038427,1.2622170667273265,,,,,,,,,
inr_baseline,5,21,871,7,0.05236998747353486,0.00019025592305158074,2.592960088986081,,,,,,,,,
inr_baseline,5,22,871,8,0.050710122934847994,0.00020056947988565508,3.3657367779795346,,,,,,,,,
inr_baseline,5,23,871,9,0.04777269012780762,0.0002435815179001808,1.768955185247587,,,,,,,,,
inr_baseline,5,72,1793,1,0.03795066507148075,1.3172752496372751e-05,0.752381747709658,,,,,,,,,
inr_baseline,5,73,1793,2,0.07472929014955636,1.8601317136928257e-05,0.9903672323130318,,,,,,,,,
inr_baseline,5,74,1793,3,0.048938418705260694,5.1445106847901945e-05,0.9566740956635699,,,,,,,,,
inr_baseline,5,75,1793,4,0.07768688455131227,5.5430571054936265e-05,1.063236834335339,,,,,,,,,
inr_baseline,5,76,1793,5,0.10710890788461631,2.5224382940838793e-05,1.0611102705013558,,,,,,,,,
inr_baseline,5,77,1793,6,0.03529678706006028,0.00011640917605880535,1.020546638316332,,,,,,,,,
inr_baseline,5,78,1793,7,0.1083307755490417,6.187419825335592e-05,1.1091309579852813,,,,,,,,,
inr_baseline,5,79,1793,8,0.0756968990676265,0.0001224714906202843,1.2803590199181816,,,,,,,,,
inr_baseline,5,80,1793,9,0.13512285444525002,3.2827670194941165e-05,1.0887731843968245,,,,,,,,,
inr_baseline,5,81,1793,10,0.10665690777033161,0.00012611769031988028,1.2282361306318463,,,,,,,,,
inr_baseline,5,109,2889,1,0.018851336562316804,1.792177286533687e-05,4.526719924319517,,,,,,,,,
inr_baseline,5,110,2889,2,0.020172970392036613,4.181529862324437e-05,2.052512428450836,,,,,,,,,
inr_baseline,5,111,2889,3,0.02908443076259002,5.8615566755791536e-05,5.111426583197793,,,,,,,,,
inr_baseline,5,112,2889,4,0.02053640007578284,8.339499330613173e-05,1.7775595952730154,,,,,,,,,
inr_baseline,5,113,2889,5,0.0278723505833673,7.657956176081965e-05,1.7278563105961369,,,,,,,,,
inr_baseline,5,114,2889,8,0.037389188685169765,0.00016256206923594347,1.4005828642922873,,,,,,,,,
inr_baseline,5,115,2889,9,0.04113015662084309,0.00011589198115372508,1.2209526245589508,,,,,,,,,
inr_baseline,5,116,2889,10,0.04623845832552363,0.000193600567176661,1.7438367387097857,,,,,,,,,
inr_baseline,5,117,2892,1,0.01773257472897871,2.38070083017077e-05,4.096054791920685,,,,,,,,,
inr_baseline,5,118,2892,2,0.02517755319783061,6.225969605343204e-05,2.0770155665430208,,,,,,,,,
inr_baseline,5,119,2892,3,0.029763547614859706,7.210679734811871e-05,4.054593878103162,,,,,,,,,
inr_baseline,5,120,2892,4,0.025890184166971694,0.00011437018326662576,1.6045950495369992,,,,,,,,,
inr_baseline,5,121,2892,5,0.04484041387017612,0.00012355009147051944,1.9885034462383515,,,,,,,,,
inr_baseline,5,122,2892,6,0.018605044804409988,0.00016749193726416027,1.676940894943275,,,,,,,,,
inr_baseline,5,123,2892,7,0.041236951420920556,0.0001783604722430551,1.5120922184629868,,,,,,,,,
inr_baseline,5,124,2892,8,0.04371654910524607,0.00020833122680267502,1.9003093883908135,,,,,,,,,
inr_baseline,5,125,2892,9,0.05185134302159477,0.00021484110510098346,1.2993234197243149,,,,,,,,,
inr_baseline,5,126,2892,10,0.04371006515522492,0.00027160540291747837,1.360088905063092,,,,,,,,,
inr_baseline,5,127,3144,1,0.03301718826095658,1.4432361353786547e-05,1.20910132709332,,,,,,,,,
inr_baseline,5,128,3144,2,0.051926238591351384,2.94366933675471e-05,0.9758388049328657,,,,,,,,,
inr_baseline,5,129,3144,3,0.053221089943217,3.90988941555933e-05,1.2157433807852733,,,,,,,,,
inr_baseline,5,130,3144,4,0.06896823837722854,5.027337212526268e-05,1.0918736145323023,,,,,,,,,
inr_baseline,5,131,3144,5,0.09117419326407955,4.721254103223248e-05,1.2060795498514212,,,,,,,,,
inr_baseline,5,132,3144,6,0.07847462972034348,7.440221262821663e-05,1.3297195261667198,,,,,,,,,
inr_baseline,5,133,3144,7,0.10069550121626313,6.503796909059838e-05,1.2019414226938532,,,,,,,,,
inr_baseline,5,134,3144,10,0.10880500148227529,9.245648907142254e-05,1.1925906088587446,,,,,,,,,
inr_baseline,5,290,6667,1,0.026975402176285083,1.4965383176322584e-05,6.374238417692774,,,,,,,,,
inr_baseline,5,291,6667,2,0.026537460757307747,3.843805147682039e-05,3.634459715328069,,,,,,,,,
inr_baseline,5,292,6667,3,0.037839138401932926,4.549367020206139e-05,10.724046425557686,,,,,,,,,
inr_baseline,5,293,6667,4,0.022728990137217388,7.075416032592103e-05,3.617741089902763,,,,,,,,,
inr_baseline,5,294,6667,5,0.019169187733522098,7.557377244128054e-05,2.138049332253401,,,,,,,,,
inr_baseline,5,295,6667,6,0.025137082510975968,0.00010463803930238201,8.186343690665286,,,,,,,,,
inr_baseline,5,296,6667,7,0.026933143251417224,0.00010894807369271277,3.221035989239499,,,,,,,,,
inr_baseline,5,297,6667,8,0.027876414744626443,0.00012845543046075553,3.990981251207307,,,,,,,,,
inr_baseline,5,298,6667,9,0.03301065330730176,0.00013102238272438846,2.7060713539938126,,,,,,,,,
inr_baseline,5,299,6667,10,0.02551728054713818,0.000165340754411074,3.0535256349360753,,,,,,,,,
inr_baseline,5,320,7267,1,0.03325431226632237,9.501508488305359e-06,2.9890569035443058,,,,,,,,,
inr_baseline,5,321,7267,2,0.03496885594214764,1.7966258362077026e-05,1.4291079922699523,,,,,,,,,
inr_baseline,5,322,7267,3,0.02389086609009177,2.5774583678744962e-05,1.3150865382538934,,,,,,,,,
inr_baseline,5,323,7267,4,0.036090877372541914,3.157813989130647e-05,1.2570921145494627,,,,,,,,,
inr_baseline,5,324,7267,5,0.05905731582839885,2.762113630737588e-05,1.6129250897098717,,,,,,,,,
inr_baseline,5,325,7267,8,0.0570426275440205,5.1044503593746336e-05,1.2534245521046365,,,,,,,,,
inr_baseline,5,326,7267,9,0.06626450127292223,3.691019434028665e-05,1.0982066176620218,,,,,,,,,
inr_baseline,5,327,7267,10,0.06872549192102838,5.643322667973314e-05,1.5611386470409823,,,,,,,,,
inr_baseline,5,411,9627,1,0.032762026821898035,2.1705287670345864e-05,6.763030470104507,,,,,,,,,
inr_baseline,5,412,9627,2,0.028180486413333712,6.576426898187368e-05,2.8155297854863113,,,,,,,,,
inr_baseline,5,413,9627,3,0.02764440541223126,6.191344594020833e-05,3.662050601039213,,,,,,,,,
inr_baseline,5,414,9627,4,0.023287649204061896,0.00011563723238060055,1.8235700234740493,,,,,,,,,
inr_baseline,5,415,9627,5,0.02829718385640027,0.0001551512988766036,1.6042137013588276,,,,,,,,,
inr_baseline,5,416,9627,6,0.026798504665860284,0.0001338916402975486,2.107299098486389,,,,,,,,,
inr_baseline,5,417,9627,7,0.034856407671703137,0.00021111761601929735,1.850706803616755,,,,,,,,,
inr_baseline,5,418,9627,8,0.05672256389456347,0.00019917969155002163,3.3016914482269013,,,,,,,,,
inr_baseline,5,419,9627,9,0.04235904871472004,0.00029855034361375634,1.8654946454254866,,,,,,,,,
inr_baseline,5,420,9627,10,0.0395619539318352,0.00030439166261068317,1.6892595531766665,,,,,,,,,
cokriging_baseline,5,9,818,1,0.0023027398773833338,9.988615445704406e-06,0.9866325040292969,0.4188034188034188,0.8558514135437212,0.9087771203155819,0.002255876341087549,-2.9744010491641895,0.0,0.0,0.0,15.177759872915788
cokriging_baseline,5,10,818,4,0.003993765860789176,4.999884568740139e-05,1.0042152215869597,0.42915844838921763,0.7812294543063774,0.821827744904668,0.004071999274527609,-2.508764108471207,0.0,0.0,1.0,42.57875878135229
cokriging_baseline,5,11,818,5,0.08058792341208905,5.740654988047479e-05,0.69197120785466,0.2785996055226824,0.4441157133464826,0.5072320841551611,0.030348649108098247,-0.2711513147530089,1.0,1.0,1.0,51.11759171586208
cokriging_baseline,5,12,818,6,0.10408438946949289,5.775002711412886e-05,0.9096092594540927,0.14513477975016437,0.3155818540433925,0.3714661406969099,0.030165312577897372,-3.414181141585432,0.0,0.0,0.0,52.702614559917876
cokriging_baseline,5,13,818,9,0.010426319520544793,0.00011713204334534244,1.603076098127938,0.9850427350427351,1.0,1.0,0.02409661286420311,0.2817214176092945,1.0,1.0,1.0,81.153872545344
cokriging_baseline,5,14,818,10,0.007835966042218817,0.00012273077264232958,1.6515421270158093,0.8165680473372781,0.9990138067061144,0.9996712689020382,0.015031438783793545,-2.4116762358097383,0.0,1.0,1.0,95.34052570997014
cokriging_baseline,5,15,871,1,0.0038968385108857193,2.0471017574780967e-05,1.054528854751009,0.17899408284023668,0.8154174884944115,0.9546351084812623,0.0034231000447023934,0.5212242296567196,1.0,1.0,1.0,12.139177628069422
cokriging_baseline,5,16,871,2,0.004124012618098243,5.867620077855048e-05,0.44386195101558656,0.5116699539776463,0.9888231426692965,0.9919460880999342,0.005836612509447285,0.14888102056038896,1.0,1.0,1.0,33.40529748889897
cokriging_baseline,5,17,871,3,0.0050185356676067105,6.195976184508567e-05,0.8785685113546148,0.37689020381328076,0.9737015121630507,0.9962195923734385,0.005438849135069621,0.28530726601064066,1.0,1.0,1.0,22.493771327356658
cokriging_baseline,5,18,871,4,0.005544637914582589,0.00010981125715106575,0.4639744259133607,0.4510190664036818,0.747534516765286,0.833990795529257,0.006176864986064053,0.44052328002528696,1.0,1.0,1.0,40.642246300290516
cokriging_baseline,5,19,871,5,0.0082638815843627,0.00012725966286535997,0.3682653091481689,0.873767258382643,0.9983563445101906,1.0,0.024561525231296462,0.13320832725428533,1.0,1.0,1.0,65.90585433049274
cokriging_baseline,5,20,871,6,0.013322784127379106,0.00014571601908038427,0.5914474983469932,0.8629191321499013,1.0,1.0,0.031066224637373685,0.7186958594734223,1.0,1.0,1.0,42.72604420147648
cokriging_baseline,5,21,871,7,0.006489706040247339,0.00019025592305158074,0.3213204654692163,0.5567061143984221,0.8155818540433925,0.9248849441157133,0.00937318330560748,-0.15229299220366838,1.0,1.0,1.0,70.57430524146137
cokriging_baseline,5,22,871,8,0.0052356400147584616,0.00020056947988565508,0.34750036351862557,0.9664694280078896,1.0,1.0,0.01684792272265242,1.0124526588791878,0.0,1.0,1.0,52.69525203055174
cokriging_baseline,5,23,871,9,0.00579074755350641,0.0002435815179001808,0.21442319626192338,0.9501972386587771,1.0,1.0,0.022035278029841867,-2.294767802686522,0.0,1.0,1.0,83.74626823780872
cokriging_baseline,5,72,1793,1,0.017093807798261813,1.3172752496372751e-05,0.33888915944016135,0.1282051282051282,0.21860618014464167,0.2577251808021039,0.0028211046891659943,-3.529679333952419,0.0,0.0,0.0,8.870911873608447
cokriging_baseline,5,73,1793,2,0.018966294858927545,1.8601317136928257e-05,0.2513552170651854,0.08892176199868508,0.2403024326101249,0.3149243918474688,0.004738211188226095,-9.212755619316832,0.0,0.0,0.0,17.821236151512057
cokriging_baseline,5,74,1793,3,0.013501927948903295,5.1445106847901945e-05,0.2639428296207539,0.1296844181459566,0.3997370151216305,0.4700854700854701,0.004707925401833925,-1.5849322406259356,0.0,1.0,1.0,18.22683366667671
cokriging_baseline,5,75,1793,4,0.01621104663957502,5.5430571054936265e-05,0.221867333332691,0.13132807363576596,0.3742603550295858,0.45907297830374755,0.005206488612178271,-5.705062863803165,0.0,0.0,0.0,29.587523711534498
cokriging_baseline,5,76,1793,5,0.06028462430648687,2.5224382940838793e-05,0.5972298221343034,0.2138395792241946,0.41124260355029585,0.4730440499671269,0.025775145263639963,-14.850816977140218,0.0,0.0,0.0,27.364513166448514
cokriging_baseline,5,77,1793,6,0.021799521990411415,0.00011640917605880535,0.630296146965489,0.586620644312952,0.965483234714004,0.9783037475345168,0.031596480870586065,-1.55398553735218,0.0,1.0,1.0,34.174480945605666
cokriging_baseline,5,78,1793,7,0.021030140376972248,6.187419825335592e-05,0.21531443511467144,0.12935568704799474,0.3798487836949375,0.4636752136752137,0.007825453504386558,-10.667222242438514,0.0,0.0,0.0,37.02143425940576
cokriging_baseline,5,79,1793,8,0.02227108923198345,0.0001224714906202843,0.3766995786194336,0.2901051939513478,0.841715976331361,0.9556213017751479,0.01838422007884464,-3.8594847381716035,0.0,0.0,0.0,42.73788279088888
cokriging_baseline,5,80,1793,9,0.04005989926634781,3.2827670194941165e-05,0.3227888003839513,0.3556870479947403,0.8021038790269559,0.8736028928336621,0.021282432449516747,-20.36878594060951,0.0,0.0,0.0,43.431891746018074
cokriging_baseline,5,81,1793,10,0.019778112955354532,0.00012611769031988028,0.22776014639195755,0.4625246548323471,0.7675871137409599,0.8456607495069034,0.01825282037901259,-8.206031140103043,0.0,0.0,0.0,62.45207244218591
cokriging_baseline,5,109,2889,1,0.003944530022313483,1.792177286533687e-05,0.9471892130861461,0.2064431295200526,0.8979289940828402,0.9829059829059829,0.002240362457064459,2.537513605758444,0.0,0.0,0.0,10.31225682686166
cokriging_baseline,5,110,2889,2,0.006250897678970395,4.181529862324437e-05,0.6360017848499866,0.30144641683103224,0.9418145956607495,0.9664694280078896,0.003974007391695352,3.5832540125489563,0.0,0.0,0.0,32.261804901358246
cokriging_baseline,5,111,2889,3,0.00393730930245499,5.8615566755791536e-05,0.6919601624360003,0.49638395792241946,0.9866863905325444,0.9909598948060486,0.00409417020158425,1.6297105774697804,0.0,0.0,1.0,19.542203928114624
cokriging_baseline,5,112,2889,4,0.0075901379611827205,8.339499330613173e-05,0.6569760285424318,0.22682445759368836,0.943129520052597,0.9715647600262984,0.004913074524585969,2.8799391393208396,0.0,0.0,1.0,42.487711439275685
cokriging_baseline,5,113,2889,5,0.03772289634856032,7.657956176081965e-05,2.338509065278464,0.3086785009861933,0.6474358974358975,0.75,0.02464001170892055,3.3495400699365305,0.0,0.0,1.0,58.67211368047178
cokriging_baseline,5,114,2889,8,0.01993788360378169,0.00016256206923594347,0.7468645110447922,0.4168310322156476,0.9040105193951348,0.9547994740302432,0.01762899402618164,2.5276783665513003,0.0,0.0,0.0,50.408648018485124
cokriging_baseline,5,115,2889,9,0.028813645234018723,0.00011589198115372508,0.8553358086109942,0.41403681788297175,0.6877054569362262,0.7567389875082183,0.018886220532476388,4.527804583345789,0.0,0.0,0.0,84.86749823837306
cokriging_baseline,5,116,2889,10,0.01399801715941915,0.000193600567176661,0.5279210742675355,0.6725838264299803,0.9922748191978962,0.997370151216305,0.023140986338142898,1.047813100161441,1.0,1.0,1.0,97.4128065451914
cokriging_baseline,5,117,2892,1,0.0018273641736733202,2.38070083017077e-05,0.4221036084470445,0.6193293885601578,0.9884944115713347,0.9980276134122288,0.003144451884752458,0.11768322139267318,1.0,1.0,1.0,11.094609244386687
cokriging_baseline,5,118,2892,2,0.003650957014158392,6.225969605343204e-05,0.30118472957252235,0.5256410256410257,0.98767258382643,0.9911242603550295,0.005059426645720053,-1.3142202220027064,0.0,1.0,1.0,28.3047256387514
cokriging_baseline,5,119,2892,3,0.00246880217761699,7.210679734811871e-05,0.3363171059156951,0.7519723865877712,0.9947403024326101,0.9981919789612097,0.005157988530086139,0.07355020054869613,1.0,1.0,1.0,19.610512644575657
cokriging_baseline,5,120,2892,4,0.004410263623244134,0.00011437018326662576,0.2733347561906659,0.4965483234714004,0.8057199211045365,0.9041748849441157,0.005477879776210498,-0.3217332339770436,1.0,1.0,1.0,39.60804312783282
cokriging_baseline,5,121,2892,5,0.01304091862232749,0.00012355009147051944,0.5783156171950439,0.5836620644312952,1.0,1.0,0.017458835819561036,-1.8079551694336438,0.0,1.0,1.0,49.00946786618998
cokriging_baseline,5,122,2892,6,0.011206136420967752,0.00016749193726416027,1.0100501576959267,0.9972057856673241,1.0,1.0,0.03138528433074539,0.0887862580658285,1.0,1.0,1.0,37.85864514119245
cokriging_baseline,5,123,2892,7,0.006981010278158617,0.0001783604722430551,0.25598233998594,0.5037804076265615,0.7873109796186719,0.8796844181459567,0.008031908404649436,-1.0038017101402175,0.0,1.0,1.0,54.43608133348465
cokriging_baseline,5,124,2892,8,0.00975809480242231,0.00020833122680267502,0.4241734433614174,0.7779421433267587,1.0,1.0,0.019213183044202033,-0.2383700459874881,1.0,1.0,1.0,55.565544220114575
cokriging_baseline,5,125,2892,9,0.00615678913233197,0.00021484110510098346,0.15428067710052212,0.9990138067061144,1.0,1.0,0.02234726947422424,3.834805329293596,0.0,0.0,1.0,92.91031949702493
cokriging_baseline,5,126,2892,10,0.011956217330109842,0.00027160540291747837,0.3720314412585959,0.7394806048652203,0.9986850756081526,1.0,0.02270467620714221,0.36361515021674173,1.0,1.0,1.0,91.71134617359569
cokriging_baseline,5,127,3144,1,0.008753126223697824,1.4432361353786547e-05,0.320542635237158,0.00821827744904668,0.24490466798159105,0.35502958579881655,0.0028758597249809925,-3.3397824176342974,0.0,0.0,0.0,11.031325171487815
cokriging_baseline,5,128,3144,2,0.01980805583758366,2.94366933675471e-05,0.3722485984149553,0.06673241288625904,0.175706771860618,0.20069033530571992,0.004909531814810477,-5.87421211110984,0.0,0.0,0.0,23.292282485655104
cokriging_baseline,5,129,3144,3,0.019262862482780075,3.90988941555933e-05,0.44002664326121255,0.07478632478632478,0.37557527942143326,0.42948717948717946,0.005140184054896012,-4.8142491769387945,0.0,0.0,0.0,19.58949071986479
cokriging_baseline,5,130,3144,4,0.025106505529927537,5.027337212526268e-05,0.3974747156988178,0.0381328073635766,0.10075608152531229,0.1257396449704142,0.0050383293703127885,-6.6546748180802595,0.0,0.0,0.0,30.016131277996294
cokriging_baseline,5,131,3144,5,0.058643785073674744,4.721254103223248e-05,0.7757575622125816,0.1794871794871795,0.4227481919789612,0.4843852728468113,0.02501562066577924,-8.156876297496321,0.0,0.0,0.0,39.38284664693431
cokriging_baseline,5,132,3144,6,0.03732482225233309,7.440221262821663e-05,0.6324533818955134,0.37442472057856674,0.6842537804076265,0.7332347140039448,0.031016477193262358,-6.225201498769863,0.0,0.0,0.0,33.67884970708796
cokriging_baseline,5,133,3144,7,0.03263469275598853,6.503796909059838e-05,0.38954063057957633,0.045364891518737675,0.13001314924391846,0.16222879684418146,0.008033162797010654,-9.463925544104015,0.0,0.0,0.0,42.62604003037646
cokriging_baseline,5,134,3144,10,0.0340575035623473,9.245648907142254e-05,0.373297719372259,0.24260355029585798,0.5205456936226167,0.5953320184089415,0.018934733383238946,-10.730204339751772,0.0,0.0,0.0,66.73061708243246
cokriging_baseline,5,290,6667,1,0.001102257027219616,1.4965383176322584e-05,0.2604613285525702,0.8798487836949376,0.9990138067061144,0.9995069033530573,0.0023589825984373083,2.5672427065065753,0.0,0.0,0.0,13.818280047816847
cokriging_baseline,5,291,6667,2,0.002226258878810415,3.843805147682039e-05,0.30489911167178124,0.8515779092702169,0.997534516765286,0.9985207100591716,0.004311624992497489,1.9336909583785808,0.0,1.0,1.0,33.70102592973397
cokriging_baseline,5,292,6667,3,0.0018638022130936913,4.549367020206139e-05,0.5282229539415964,0.8532215647600263,0.9667981591058514,0.9817554240631163,0.004203660352068759,1.6937935496052523,0.0,1.0,1.0,27.067586305079104
cokriging_baseline,5,293,6667,4,0.00482706792866223,7.075416032592103e-05,0.7683175488152637,0.3635765943458251,0.9574293228139382,0.9746877054569362,0.0047909027436567435,3.4828370813212675,0.0,0.0,0.0,49.01282956008566
cokriging_baseline,5,294,6667,5,0.01898035048464575,7.557377244128054e-05,2.1169872319976557,0.7166337935568705,1.0,1.0,0.03240510049630878,1.3568543135703983,0.0,1.0,1.0,57.34977409046881
cokriging_baseline,5,295,6667,6,0.007973580197850504,0.00010463803930238201,2.5967400121388553,1.0,1.0,1.0,0.03112976659602533,1.7355381434155743,0.0,1.0,1.0,46.695745469634346
cokriging_baseline,5,296,6667,7,0.0071107647974976256,0.00010894807369271277,0.8504031300747623,0.4165023011176857,0.930637738330046,0.965318869165023,0.007940481158457635,2.5407145194563383,0.0,1.0,1.0,75.57185881224768
cokriging_baseline,5,297,6667,8,0.017385105465926774,0.00012845543046075553,2.4889725095710187,0.5535831689677844,0.9937541091387245,0.9998356344510191,0.020388227532060405,2.3260883188050565,0.0,0.0,1.0,62.867776462861094
cokriging_baseline,5,298,6667,9,0.028399860701659337,0.00013102238272438846,2.3280984107386855,0.40253122945430636,0.7322485207100592,0.8006245890861275,0.021752701997620152,2.5371626502578746,0.0,1.0,1.0,97.47445584444873
cokriging_baseline,5,299,6667,10,0.0078016483722429765,0.000165340754411074,0.9335843314256693,0.8995726495726496,0.9981919789612097,0.9986850756081526,0.018004145792228785,2.2941901115440455,0.0,1.0,1.0,112.4496508775284
cokriging_baseline,5,320,7267,1,0.001566369760404767,9.501508488305359e-06,0.14079281833720186,0.6349441157133465,0.8826429980276134,0.9238987508218277,0.002888989846834571,1.9783252657136572,0.0,1.0,1.0,11.827204942833038
cokriging_baseline,5,321,7267,2,0.0032332768442461164,1.7966258362077026e-05,0.1321376308958454,0.43671926364234054,0.85913872452334,0.903517422748192,0.005490299533775953,-0.35716322634853664,1.0,1.0,1.0,27.881449761405865
cokriging_baseline,5,322,7267,3,0.003210781949188315,2.5774583678744962e-05,0.17673934895132679,0.6224523339907956,0.8681788297172912,0.9069690992767916,0.005217854774072088,1.8086616250485523,0.0,0.0,1.0,19.938753073707627
cokriging_baseline,5,323,7267,4,0.004771205347927555,3.157813989130647e-05,0.16618727657585683,0.470249835634451,0.8520710059171598,0.9025312294543064,0.005225594136002356,1.0359833480291003,0.0,1.0,1.0,32.554449949524184
cokriging_baseline,5,324,7267,5,0.03127168831150377,2.762113630737588e-05,0.8540667649334116,0.41863905325443784,0.7873109796186719,0.8404010519395135,0.02737431969791483,-0.6306741549685347,1.0,1.0,1.0,48.20999646609661
cokriging_baseline,5,325,7267,8,0.03201782728964704,5.1044503593746336e-05,0.7035428162722543,0.18376068376068377,0.6877054569362262,0.8685075608152532,0.020508563883894756,1.4584540252818574,0.0,1.0,1.0,41.083519337979645
cokriging_baseline,5,326,7267,9,0.03555497108524932,3.691019434028665e-05,0.5892552390273305,0.22123602892833663,0.6263971071663379,0.7246877054569362,0.0226223742028972,-0.857991829740253,1.0,1.0,1.0,58.90898151568216
cokriging_baseline,5,327,7267,10,0.02166628781085052,5.643322667973314e-05,0.4921620536132145,0.29174884944115714,0.7532873109796187,0.88379355687048,0.01708047048011346,1.3804214760206737,0.0,1.0,1.0,70.09427694249544
cokriging_baseline,5,411,9627,1,0.0039756654537614336,2.1705287670345864e-05,0.8206924055369763,0.34861932938856016,0.6324786324786325,0.6982248520710059,0.0035659090377555243,0.629898178442609,1.0,1.0,1.0,16.67901968109394
cokriging_baseline,5,412,9627,2,0.006582610526521787,6.576426898187368e-05,0.6576726793086369,0.4064760026298488,0.7904339250493096,0.8431952662721893,0.00667697854055861,2.331709838201614,0.0,1.0,1.0,45.02567285391934
cokriging_baseline,5,413,9627,3,0.004877629558261788,6.191344594020833e-05,0.6461389199413244,0.4888231426692965,0.9117357001972387,0.9459237343852729,0.005948989986037737,0.8682090991166196,1.0,1.0,1.0,32.94012328634576
cokriging_baseline,5,414,9627,4,0.008544698392751246,0.00011563723238060055,0.6691038546703216,0.339086127547666,0.5977975016436555,0.6686390532544378,0.006688371700088467,1.2755272336026562,0.0,1.0,1.0,49.23926581322813
cokriging_baseline,5,415,9627,5,0.017960749914927326,0.0001551512988766036,1.018224330958959,0.6909927679158449,0.9807692307692307,0.992603550295858,0.032095936617368474,2.355071876497129,0.0,1.0,1.0,80.73232534547616
cokriging_baseline,5,416,9627,6,0.008460477674748154,0.0001338916402975486,0.6652892465106007,0.9741946088099934,1.0,1.0,0.03255318486869853,0.7973654586368487,1.0,1.0,1.0,54.8765246705458
cokriging_baseline,5,417,9627,7,0.01105360944747829,0.00021111761601929735,0.5868932450425105,0.36752136752136755,0.7246877054569362,0.7999671268902038,0.009984608284780564,2.354335844452397,0.0,1.0,1.0,88.5030958333591
cokriging_baseline,5,418,9627,8,0.015085980874194268,0.00019917969155002163,0.8781206387819105,0.618836291913215,0.9566074950690335,0.9717291255752795,0.023849152181090322,1.1434873585515402,1.0,1.0,1.0,68.39500533006947
cokriging_baseline,5,419,9627,9,0.019333570962627285,0.00029855034361375634,0.8514514419489659,0.6393819855358317,0.9189677843523998,0.9362261669953977,0.02837221823731111,2.820768026456343,0.0,1.0,1.0,154.27732073135164
cokriging_baseline,5,420,9627,10,0.02074769890881626,0.00030439166261068317,0.8859079268061103,0.381163708086785,0.7736686390532544,0.8351413543721236,0.018813350180774856,1.45272028220469,0.0,1.0,1.0,100.91661273689547
