run,mode,field_rms,frequency_error_pct,family,hf_budget,repeat
422,1,0.002003183245926594,1.6689835502053139,boundary_kernel_pca,8,0
422,2,0.005595802885443666,6.186002696288464,boundary_kernel_pca,8,0
422,3,0.005482128130130733,0.6497477919841542,boundary_kernel_pca,8,0
422,4,0.006856123258353203,1.1564417955361714,boundary_kernel_pca,8,0
422,5,0.011563874900158906,3.995806839418483,boundary_kernel_pca,8,0
422,8,0.024392592551742115,0.7276642337141731,boundary_kernel_pca,8,0
422,9,0.022535638168900574,4.9147617601178295,boundary_kernel_pca,8,0
422,10,0.011857642548790398,3.101595562533235,boundary_kernel_pca,8,0
1190,1,0.0035236246735530024,1.0349176196934136,boundary_kernel_pca,8,0
1190,2,0.00842177819346248,0.9944148059614534,boundary_kernel_pca,8,0
1190,3,0.0064548355027674136,2.1794967106080887,boundary_kernel_pca,8,0
1190,4,0.009531715724070716,3.468406599506186,boundary_kernel_pca,8,0
1190,5,0.014986935414353158,6.028266594934627,boundary_kernel_pca,8,0
1190,6,0.010135481362073992,1.0932287224544155,boundary_kernel_pca,8,0
1190,7,0.016861364175319006,1.597125892358585,boundary_kernel_pca,8,0
1190,8,0.015984796499190268,1.1474321661601397,boundary_kernel_pca,8,0
1190,9,0.02592182364341014,5.059195852492308,boundary_kernel_pca,8,0
1190,10,0.01551487396440295,2.8011503495896513,boundary_kernel_pca,8,0
1826,1,0.008020877787673998,10.106904098560191,boundary_kernel_pca,8,0
1826,2,0.008815734549439005,7.694326962456622,boundary_kernel_pca,8,0
1826,3,0.0039667613350068435,3.995844339761359,boundary_kernel_pca,8,0
1826,4,0.007486685364346691,4.505922086957979,boundary_kernel_pca,8,0
1826,5,0.00892841711225294,9.321557329527291,boundary_kernel_pca,8,0
1826,6,0.00981363943501833,1.3909778314714283,boundary_kernel_pca,8,0
1826,7,0.009308633486209696,14.988149723299228,boundary_kernel_pca,8,0
1826,8,0.011704132837104992,5.522075320697871,boundary_kernel_pca,8,0
1826,9,0.015913680536992554,8.917136871776853,boundary_kernel_pca,8,0
2209,1,0.002017405512149449,0.3577754118418621,boundary_kernel_pca,8,0
2209,2,0.002586466199477045,1.676949565677663,boundary_kernel_pca,8,0
2209,3,0.0020346373669012647,0.6504724391509356,boundary_kernel_pca,8,0
2209,4,0.0017576313469906562,0.005153323863583361,boundary_kernel_pca,8,0
2209,5,0.0025827205309971956,5.997807563370484,boundary_kernel_pca,8,0
2209,6,0.009480805362773629,1.0342594957987354,boundary_kernel_pca,8,0
2209,7,0.13715016144545011,1.8282358728583177,boundary_kernel_pca,8,0
2209,8,0.014272390716806608,2.489321426184836,boundary_kernel_pca,8,0
2209,10,0.014781337502101682,2.3637938385607318,boundary_kernel_pca,8,0
2802,1,0.0036196523155914845,1.896467526491414,boundary_kernel_pca,8,0
2802,2,0.011618166750290447,1.472086411446455,boundary_kernel_pca,8,0
2802,3,0.007392134515449114,0.31064225583649707,boundary_kernel_pca,8,0
2802,4,0.015738084039173195,0.4294531726067549,boundary_kernel_pca,8,0
2802,5,0.03612549979187513,2.0133512678053793,boundary_kernel_pca,8,0
2802,6,0.011623728340214922,1.2945847086339117,boundary_kernel_pca,8,0
2802,7,0.01977401858777334,6.075592807042357,boundary_kernel_pca,8,0
2802,8,0.01988823403906825,0.7769395502595682,boundary_kernel_pca,8,0
2802,9,0.02744753495713278,6.07160280321816,boundary_kernel_pca,8,0
3377,1,0.007799374708397526,5.364271281100845,boundary_kernel_pca,8,0
3377,2,0.01827990532557075,5.122858501489247,boundary_kernel_pca,8,0
3377,3,0.017067640956923147,3.382252554554303,boundary_kernel_pca,8,0
3377,4,0.024434908024157,2.7546318675040853,boundary_kernel_pca,8,0
3377,5,0.03082942390621347,7.86174982157444,boundary_kernel_pca,8,0
3377,6,0.02763241852439324,0.18864932145069777,boundary_kernel_pca,8,0
3377,7,0.03398682627884771,8.77532143681619,boundary_kernel_pca,8,0
3377,8,0.032446006598162255,0.8248245316516275,boundary_kernel_pca,8,0
3377,9,0.04350734784821605,8.083532292897296,boundary_kernel_pca,8,0
3377,10,0.04249318809989301,1.922345148715388,boundary_kernel_pca,8,0
3408,1,0.001363763073401381,0.9182795933373484,boundary_kernel_pca,8,0
3408,2,0.001607496471268771,2.5863897785409984,boundary_kernel_pca,8,0
3408,3,0.0029478599389241218,0.18256674571343204,boundary_kernel_pca,8,0
3408,4,0.009432033699750373,0.3423030028130594,boundary_kernel_pca,8,0
3408,5,0.002997211081391443,4.903049528357805,boundary_kernel_pca,8,0
3408,6,0.00577641134299467,0.3029747931720623,boundary_kernel_pca,8,0
3408,7,0.010224712696080539,3.6008834258137963,boundary_kernel_pca,8,0
3408,8,0.0025924937317232297,1.13512334298816,boundary_kernel_pca,8,0
3408,9,0.017846853462236183,5.7773236037038895,boundary_kernel_pca,8,0
3408,10,0.13598815662408004,1.2206659851616244,boundary_kernel_pca,8,0
4082,1,0.002409225130953069,0.9627498922881729,boundary_kernel_pca,8,0
4082,2,0.00640861458211789,0.3970766191281551,boundary_kernel_pca,8,0
4082,3,0.0052807822719345724,1.2202900766246148,boundary_kernel_pca,8,0
4082,4,0.00697587402139889,2.2205911824868156,boundary_kernel_pca,8,0
4082,5,0.012048597282243194,1.204202475486606,boundary_kernel_pca,8,0
4082,6,0.009394906020498538,0.28966041680698906,boundary_kernel_pca,8,0
4082,7,0.01277343025139761,1.73518596902683,boundary_kernel_pca,8,0
4082,8,0.02423211684414224,3.017894241497493,boundary_kernel_pca,8,0
4082,9,0.025157871552027294,0.3475355121464186,boundary_kernel_pca,8,0
4082,10,0.011956122698838808,0.8650352456423238,boundary_kernel_pca,8,0
4352,1,0.01580322514658981,2.2120223741827703,boundary_kernel_pca,8,0
4352,2,0.03021128569200541,3.839314249895146,boundary_kernel_pca,8,0
4352,3,0.02783286282146918,5.112513392551836,boundary_kernel_pca,8,0
4352,4,0.041389303073281695,5.5163209451553366,boundary_kernel_pca,8,0
4352,5,0.04852549210503084,6.035361899960822,boundary_kernel_pca,8,0
4352,6,0.04021458432530193,8.351453200688713,boundary_kernel_pca,8,0
4352,7,0.05241393429387127,0.3405077883915461,boundary_kernel_pca,8,0
4352,8,0.05212515695816986,7.824575245043909,boundary_kernel_pca,8,0
4352,9,0.06193817501851025,8.341490944309198,boundary_kernel_pca,8,0
4352,10,0.06568828470718983,10.654053761628855,boundary_kernel_pca,8,0
4470,1,0.0006067252335544767,7.819451672836984,boundary_kernel_pca,8,0
4470,2,0.0014893581241577098,15.969777697469057,boundary_kernel_pca,8,0
4470,3,0.0017625519079835154,2.4719560041888,boundary_kernel_pca,8,0
4470,4,0.003206742339754227,6.484961644031869,boundary_kernel_pca,8,0
4470,5,0.02158630820758685,16.11401218338656,boundary_kernel_pca,8,0
4470,6,0.027349893481746865,4.01179963881615,boundary_kernel_pca,8,0
4470,7,0.007073937891909074,16.259077002895406,boundary_kernel_pca,8,0
4470,8,0.011071048593803418,5.770360608315771,boundary_kernel_pca,8,0
4470,9,0.013719239747648262,19.72629381836054,boundary_kernel_pca,8,0
4470,10,0.008728748144360228,10.955334625765518,boundary_kernel_pca,8,0
5873,1,0.009398962422126582,4.835598571625378,boundary_kernel_pca,8,0
5873,2,0.02105782736962361,10.636216839642389,boundary_kernel_pca,8,0
5873,3,0.01519938869457498,1.8203997276015305,boundary_kernel_pca,8,0
5873,4,0.028594417164801555,3.2474824014736203,boundary_kernel_pca,8,0
5873,5,0.034791173242617345,4.048759882684868,boundary_kernel_pca,8,0
5873,6,0.019738244928504366,3.0635896811363446,boundary_kernel_pca,8,0
5873,7,0.040301522442848535,5.291091213223393,boundary_kernel_pca,8,0
5873,8,0.15069243158038728,0.9096832556076471,boundary_kernel_pca,8,0
5873,9,0.15613613814017427,9.800825609550872,boundary_kernel_pca,8,0
5873,10,0.048941518445645656,5.626677781702381,boundary_kernel_pca,8,0
6148,1,0.003647680015635728,2.2689773485812474,boundary_kernel_pca,8,0
6148,2,0.008682691230011494,6.406444564813516,boundary_kernel_pca,8,0
6148,3,0.006198059872842944,5.126028267209669,boundary_kernel_pca,8,0
6148,4,0.010470033047778583,5.218652819631324,boundary_kernel_pca,8,0
6148,5,0.01471737040191354,2.0958772950097777,boundary_kernel_pca,8,0
6148,6,0.009228875012772104,3.42012082097742,boundary_kernel_pca,8,0
6148,7,0.015955370096047024,0.8992960694383887,boundary_kernel_pca,8,0
6148,8,0.015380842838552745,4.750333128699092,boundary_kernel_pca,8,0
6148,10,0.014059131648270756,4.283288099762675,boundary_kernel_pca,8,0
7862,1,0.020322682641753645,3.1278352494918424,boundary_kernel_pca,8,0
7862,2,0.030697140599104607,3.795845844370261,boundary_kernel_pca,8,0
7862,3,0.01816746549885704,0.11816660732240473,boundary_kernel_pca,8,0
7862,4,0.058727041738378574,0.14587485247280935,boundary_kernel_pca,8,0
7862,5,0.06426152603652428,15.811940676666117,boundary_kernel_pca,8,0
7862,6,0.013763173290056106,0.2620667656293142,boundary_kernel_pca,8,0
7862,7,0.07840733708956554,2.970332074511894,boundary_kernel_pca,8,0
7862,8,0.05735098439160546,1.61893971513126,boundary_kernel_pca,8,0
7862,9,0.09441656573948955,23.9855007535304,boundary_kernel_pca,8,0
7862,10,0.07949064711781735,0.9593034005252702,boundary_kernel_pca,8,0
8539,1,0.0008942851459477374,0.508181759819667,boundary_kernel_pca,8,0
8539,2,0.001394388517476381,2.315688228782679,boundary_kernel_pca,8,0
8539,3,0.0008479993619542402,0.11547624345399476,boundary_kernel_pca,8,0
8539,4,0.0027978901275076294,0.5835716552934844,boundary_kernel_pca,8,0
8539,5,0.0028922618696334626,5.451924366586355,boundary_kernel_pca,8,0
8539,8,0.021689472430747012,0.9735484262426878,boundary_kernel_pca,8,0
8539,9,0.018347166357353645,4.259733084574365,boundary_kernel_pca,8,0
8539,10,0.011969531840673519,0.2048821853771576,boundary_kernel_pca,8,0
9311,1,0.008768975186128571,2.2230581348002616,boundary_kernel_pca,8,0
9311,2,0.02220912267802942,0.8430044869066313,boundary_kernel_pca,8,0
9311,3,0.021750020999331328,0.23498820092335657,boundary_kernel_pca,8,0
9311,6,0.026714044701785497,0.964323428811269,boundary_kernel_pca,8,0
9311,7,0.04381847416145226,1.4142229725337292,boundary_kernel_pca,8,0
9311,8,0.026827371984745812,0.9651160531776016,boundary_kernel_pca,8,0
9311,9,0.05248251537976154,16.810988036495566,boundary_kernel_pca,8,0
9311,10,0.05884660631059422,1.7211636826066468,boundary_kernel_pca,8,0
9779,1,0.0015616634436671929,2.1927945383870884,boundary_kernel_pca,8,0
9779,2,0.0038132551953353943,5.687763320535093,boundary_kernel_pca,8,0
9779,3,0.002887972972443917,2.7874617073214614,boundary_kernel_pca,8,0
9779,4,0.006642750602547045,2.4841472271781937,boundary_kernel_pca,8,0
9779,5,0.00885350644380761,4.2147860247103965,boundary_kernel_pca,8,0
9779,6,0.0072300838149106745,4.506513545613175,boundary_kernel_pca,8,0
9779,7,0.00861640282688143,2.251743580631555,boundary_kernel_pca,8,0
9779,8,0.013322479123146267,3.5914770297987766,boundary_kernel_pca,8,0
9779,9,0.017546295582228897,2.306658806401374,boundary_kernel_pca,8,0
9779,10,0.011640039512674952,3.819931960270685,boundary_kernel_pca,8,0
422,1,0.0011932020068962578,1.7572310049876458,output_pca,8,0
422,2,0.004977563601578308,4.504406446522152,output_pca,8,0
422,3,0.00492749739697874,0.3280265281799183,output_pca,8,0
422,4,0.005823607634705675,0.8004956073398163,output_pca,8,0
422,5,0.01030005219122497,7.069993174374485,output_pca,8,0
422,8,0.02386810135664397,1.410801447369422,output_pca,8,0
422,9,0.022544113180524152,6.54291519569578,output_pca,8,0
422,10,0.011871816993089158,2.930832212940003,output_pca,8,0
1190,1,0.0035958670123705464,1.289818366389339,output_pca,8,0
1190,2,0.008443870886459454,0.09151592134613613,output_pca,8,0
1190,3,0.006328215303503391,1.5230625835701337,output_pca,8,0
1190,4,0.009524123638744829,2.4327581363337742,output_pca,8,0
1190,5,0.01496308175402003,4.284461093426375,output_pca,8,0
1190,6,0.010129321523733251,0.6865991806301975,output_pca,8,0
1190,7,0.016859831562558766,0.947920780423234,output_pca,8,0
1190,8,0.01591608966434007,0.3247195014391317,output_pca,8,0
1190,9,0.025919324744772654,4.25312175540217,output_pca,8,0
1190,10,0.015516456916120172,1.7830136590010728,output_pca,8,0
1826,1,0.00898251535614462,8.507685900115298,output_pca,8,0
1826,2,0.008108705017079472,7.376045461034024,output_pca,8,0
1826,3,0.006241239605692798,3.744416272958845,output_pca,8,0
1826,4,0.006370788024287871,4.8342928108988446,output_pca,8,0
1826,5,0.008647704921054034,12.825955668537421,output_pca,8,0
1826,6,0.009529477415112559,1.3638480873700147,output_pca,8,0
1826,7,0.009312913410172959,13.396213882546856,output_pca,8,0
1826,8,0.012266334621094516,3.3001910321809467,output_pca,8,0
1826,9,0.015909362052590918,10.936370468121055,output_pca,8,0
2209,1,0.0011609622343435582,0.03728858711659044,output_pca,8,0
2209,2,0.0022953132825734852,0.6456557974249573,output_pca,8,0
2209,3,0.002127594034869604,0.7945414191568803,output_pca,8,0
2209,4,0.0052072963608023074,0.4001893469537666,output_pca,8,0
2209,5,0.0037682581596770875,4.48169852279146,output_pca,8,0
2209,6,0.008865181508891765,1.2676025366154673,output_pca,8,0
2209,7,0.13715261368123466,1.5820093250814493,output_pca,8,0
2209,8,0.014964577060676167,2.448785685506799,output_pca,8,0
2209,10,0.014782852103408049,1.0635964117558898,output_pca,8,0
2802,1,0.005954154873905947,1.2187487285353313,output_pca,8,0
2802,2,0.012671401364246574,0.47835738715477766,output_pca,8,0
2802,3,0.008335801897995614,0.14521936798608634,output_pca,8,0
2802,4,0.015022652059767888,0.31938316177024173,output_pca,8,0
2802,5,0.03116164570846725,3.3645596207168698,output_pca,8,0
2802,6,0.011649685139316445,1.1894040682033618,output_pca,8,0
2802,7,0.019774828583997813,5.777274525574076,output_pca,8,0
2802,8,0.021298407270802358,0.04139773965122132,output_pca,8,0
2802,9,0.02745067015500623,6.2684803010598475,output_pca,8,0
3377,1,0.007692666788099985,5.499711607263838,output_pca,8,0
3377,2,0.016402337722647896,4.737927645701438,output_pca,8,0
3377,3,0.017536081770865193,2.9847973348659367,output_pca,8,0
3377,4,0.027125127432487586,2.763324965170642,output_pca,8,0
3377,5,0.028153159530301054,10.930527375448646,output_pca,8,0
3377,6,0.027878670454625658,0.032480749360788465,output_pca,8,0
3377,7,0.033987739471969106,8.738502337297463,output_pca,8,0
3377,8,0.03254887535307122,0.8514514482405847,output_pca,8,0
3377,9,0.043497415464345476,9.267536585455499,output_pca,8,0
3377,10,0.04249454401795138,1.6422510880167098,output_pca,8,0
3408,1,0.0010039817171829508,1.3223090943287965,output_pca,8,0
3408,2,0.0025003416144605034,3.912111193845936,output_pca,8,0
3408,3,0.001775601191410716,0.1700797811910852,output_pca,8,0
3408,4,0.0028532484496780262,1.3203130222206596,output_pca,8,0
3408,5,0.0038047712533044132,5.811323843909737,output_pca,8,0
3408,6,0.005969187489393549,0.6674824496746021,output_pca,8,0
3408,7,0.010226474214692364,4.166285986705554,output_pca,8,0
3408,8,0.009961148723224292,0.7912104695350961,output_pca,8,0
3408,9,0.01803807103901681,6.447568656394264,output_pca,8,0
3408,10,0.13599724889394785,1.3277108601527807,output_pca,8,0
4082,1,0.0024656825029709243,1.3171295677748427,output_pca,8,0
4082,2,0.0063704896689368426,1.4941962342174928,output_pca,8,0
4082,3,0.004976960014630953,0.754148256553978,output_pca,8,0
4082,4,0.006974583921577883,2.7474532058652366,output_pca,8,0
4082,5,0.01199141537403951,1.2968309074973288,output_pca,8,0
4082,6,0.009364611614649384,0.49191433456380734,output_pca,8,0
4082,7,0.012770768981037984,2.186188753684223,output_pca,8,0
4082,8,0.0242117371909271,1.2340435070882194,output_pca,8,0
4082,9,0.025160649790912225,1.4504519454790175,output_pca,8,0
4082,10,0.011964587082851414,0.7280113745399077,output_pca,8,0
4352,1,0.015196613519117308,1.4240436826231826,output_pca,8,0
4352,2,0.030007341942104124,2.3469624308997954,output_pca,8,0
4352,3,0.028050142219378175,4.284779301176427,output_pca,8,0
4352,4,0.041350066613937336,5.555459614960115,output_pca,8,0
4352,5,0.04834959450968412,4.747868850492011,output_pca,8,0
4352,6,0.040083274387443114,8.226419316095154,output_pca,8,0
4352,7,0.05241069370885293,1.8231163556994974,output_pca,8,0
4352,8,0.0525639720340428,7.005688459359369,output_pca,8,0
4352,9,0.06194157988815705,7.574578892101899,output_pca,8,0
4352,10,0.06569036919275871,10.619117179484086,output_pca,8,0
4470,1,0.0007461952758239747,7.139508549906185,output_pca,8,0
4470,2,0.0016917069038826047,14.55844772495534,output_pca,8,0
4470,3,0.0017856930892852423,3.6578628398438586,output_pca,8,0
4470,4,0.004309725591589507,5.766710578138719,output_pca,8,0
4470,5,0.018868986166512863,17.189722375497194,output_pca,8,0
4470,6,0.025678803268053402,3.7665641087589736,output_pca,8,0
4470,7,0.007058780019353014,14.972791712669974,output_pca,8,0
4470,8,0.010750530824514956,5.139665115615176,output_pca,8,0
4470,9,0.013927872254208164,17.784725268895265,output_pca,8,0
4470,10,0.008735694389696659,10.403242934761025,output_pca,8,0
5873,1,0.009598065478581032,4.793066581896073,output_pca,8,0
5873,2,0.021365910452069727,7.743807720090508,output_pca,8,0
5873,3,0.015187868457277999,2.817084441028449,output_pca,8,0
5873,4,0.028418319884184605,2.367944635204867,output_pca,8,0
5873,5,0.03436411998559613,1.487179623412548,output_pca,8,0
5873,6,0.01914444492032082,2.8099287642768456,output_pca,8,0
5873,7,0.0403002812644872,2.7737783201456625,output_pca,8,0
5873,8,0.15086964800835728,0.8614748666518168,output_pca,8,0
5873,9,0.1561303307766725,8.13338752803166,output_pca,8,0
5873,10,0.04894305231035087,4.3151761643405475,output_pca,8,0
6148,1,0.003633681199609152,3.061582710127935,output_pca,8,0
6148,2,0.008766699751896116,4.721203900165983,output_pca,8,0
6148,3,0.006100100388656794,4.613782071068914,output_pca,8,0
6148,4,0.009141323303864721,4.92956099376076,output_pca,8,0
6148,5,0.014792208125759748,0.3590787425804206,output_pca,8,0
6148,6,0.009252874432524939,3.6421486590470953,output_pca,8,0
6148,7,0.015956045907208883,1.1691520947064347,output_pca,8,0
6148,8,0.015484856774414581,4.056925061397172,output_pca,8,0
6148,10,0.014060353980712067,3.960592861190742,output_pca,8,0
7862,1,0.021273247621780903,2.2461675519125763,output_pca,8,0
7862,2,0.02899108063493815,4.065317997403439,output_pca,8,0
7862,3,0.018676684232434522,0.2812462690179046,output_pca,8,0
7862,4,0.031726286890945074,0.14464802453797845,output_pca,8,0
7862,5,0.0398857315798357,16.038675482928152,output_pca,8,0
7862,6,0.013922794800416227,0.19558437966704573,output_pca,8,0
7862,7,0.07819913527262838,4.274262758379438,output_pca,8,0
7862,8,0.05505367844846601,0.7650937899747597,output_pca,8,0
7862,9,0.09754626382245091,24.649672410929142,output_pca,8,0
7862,10,0.07949152286171525,1.2920504357825262,output_pca,8,0
8539,1,0.0005651049159294998,0.4262464245094489,output_pca,8,0
8539,2,0.0006420052024502124,1.0644539528020522,output_pca,8,0
8539,3,0.0010244648333353453,0.2935011979244308,output_pca,8,0
8539,4,0.0011560332393434132,0.256117613311149,output_pca,8,0
8539,5,0.0010071513766154196,2.1067075999436504,output_pca,8,0
8539,8,0.020394259879491203,0.8474779419804759,output_pca,8,0
8539,9,0.018814771724646275,1.9566671823279411,output_pca,8,0
8539,10,0.011976956949279317,0.3575560511803639,output_pca,8,0
9311,1,0.016128764158986925,1.0128407425830022,output_pca,8,0
9311,2,0.029879511430849555,1.4052651322528034,output_pca,8,0
9311,3,0.020757273576242977,0.4083436301961101,output_pca,8,0
9311,6,0.027272249551709597,1.0084555293042137,output_pca,8,0
9311,7,0.043832375751032854,3.066274717505866,output_pca,8,0
9311,8,0.029450145084205924,2.807219246852658,output_pca,8,0
9311,9,0.05314855440298937,15.09278431678127,output_pca,8,0
9311,10,0.05884134950923768,0.9869577491179946,output_pca,8,0
9779,1,0.0018573257930995268,2.2210981158790863,output_pca,8,0
9779,2,0.0037979799268031433,3.2989850285091715,output_pca,8,0
9779,3,0.002797801977902023,3.590561411255895,output_pca,8,0
9779,4,0.0066668934559490235,2.0151670021787917,output_pca,8,0
9779,5,0.008723284455830947,3.184741252054677,output_pca,8,0
9779,6,0.0071935330937604,4.803499042417092,output_pca,8,0
9779,7,0.008607284995447297,1.7045217412564007,output_pca,8,0
9779,8,0.013250936325546346,4.616500740792554,output_pca,8,0
9779,9,0.017544268471634032,1.8674466386322432,output_pca,8,0
9779,10,0.011649533617745058,4.044804951147535,output_pca,8,0
422,1,0.014122043682153002,5.515010323699175,direct_hf,8,0
422,2,0.012051766225924904,5.840616083126325,direct_hf,8,0
422,3,0.01030867742259597,15.234284649782929,direct_hf,8,0
422,4,0.021315454167362257,6.796604638103129,direct_hf,8,0
422,5,0.032879237211257344,1.8772301836583054,direct_hf,8,0
422,8,0.11156209114825894,9.37997638606232,direct_hf,8,0
422,9,0.11490295800030807,8.645095108776447,direct_hf,8,0
422,10,0.019362081032147094,4.073857613875641,direct_hf,8,0
1190,1,0.0065449503293557275,36.58677227501585,direct_hf,8,0
1190,2,0.013564991667188936,1.6412420898202538,direct_hf,8,0
1190,3,0.013906960041812967,10.374507743041624,direct_hf,8,0
1190,4,0.018102899299416757,8.607014719778725,direct_hf,8,0
1190,5,0.028273993020094732,4.705380761499945,direct_hf,8,0
1190,6,0.02198742245921914,13.133487497385975,direct_hf,8,0
1190,7,0.014969020349947473,3.716264534262314,direct_hf,8,0
1190,8,0.017244106405883558,10.938982845236664,direct_hf,8,0
1190,9,0.017111462674052506,8.269377196445216,direct_hf,8,0
1190,10,0.04363299291445554,10.489843270222108,direct_hf,8,0
1826,1,0.010295291156245752,12.055775439145485,direct_hf,8,0
1826,2,0.008063683314509002,0.04028297576487184,direct_hf,8,0
1826,3,0.007071045203522869,9.202112458695815,direct_hf,8,0
1826,4,0.01251329277649142,5.011865299750261,direct_hf,8,0
1826,5,0.02718022305820236,0.18876579987452272,direct_hf,8,0
1826,6,0.034094218804543545,12.69781969157669,direct_hf,8,0
1826,7,0.01248310263128203,0.9426292578469208,direct_hf,8,0
1826,8,0.01340783511055878,7.629968435065501,direct_hf,8,0
1826,9,0.04745405521677279,7.151541193871743,direct_hf,8,0
2209,1,0.013266194746463449,5.944684735283407,direct_hf,8,0
2209,2,0.01634935788770191,16.667269462535582,direct_hf,8,0
2209,3,0.014874784984040709,6.915185246331246,direct_hf,8,0
2209,4,0.026898707921610695,4.814125342868509,direct_hf,8,0
2209,5,0.040821022849383624,21.920475318163483,direct_hf,8,0
2209,6,0.03862218588360563,15.775702859195189,direct_hf,8,0
2209,7,0.25993431745448936,5.451121956114787,direct_hf,8,0
2209,8,0.031786805545335736,2.8593537159188283,direct_hf,8,0
2209,10,0.04905483900194197,5.166703221579804,direct_hf,8,0
2802,1,0.012323350973807098,3.7216860316377565,direct_hf,8,0
2802,2,0.003930555709415718,0.967430521971467,direct_hf,8,0
2802,3,0.0025005110586166627,1.1605629426082054,direct_hf,8,0
2802,4,0.008542732092763496,0.7572839487952755,direct_hf,8,0
2802,5,0.05698491022804909,0.3602464172473867,direct_hf,8,0
2802,6,0.047727110816677736,1.5715471664585423,direct_hf,8,0
2802,7,0.01509447813859305,5.434092104239151,direct_hf,8,0
2802,8,0.03708065858849656,0.2854501048459614,direct_hf,8,0
2802,9,0.011739676735408034,4.886845141336303,direct_hf,8,0
3377,1,0.024429808085020654,9.366103593793381,direct_hf,8,0
3377,2,0.025238540027456756,17.2777854194255,direct_hf,8,0
3377,3,0.028698090610017053,26.35377075306683,direct_hf,8,0
3377,4,0.02330390771571457,27.871017624402814,direct_hf,8,0
3377,5,0.02747970247476754,25.886121799649285,direct_hf,8,0
3377,6,0.039435475436138616,38.155937299080286,direct_hf,8,0
3377,7,0.0319417233226492,30.636534297622962,direct_hf,8,0
3377,8,0.025461959458489662,36.369565745561054,direct_hf,8,0
3377,9,0.04713846521351358,15.202365173289897,direct_hf,8,0
3377,10,0.022049720477911955,38.02131066522135,direct_hf,8,0
3408,1,0.006046206757483958,6.910857107336678,direct_hf,8,0
3408,2,0.00951871974838952,8.66432401780604,direct_hf,8,0
3408,3,0.007450811768866205,5.398283220864784,direct_hf,8,0
3408,4,0.009247204188940518,6.173819705379906,direct_hf,8,0
3408,5,0.011112373536796867,12.759650681099162,direct_hf,8,0
3408,6,0.006671657006439637,3.751603063434603,direct_hf,8,0
3408,7,0.021566416725529794,40.23697529980799,direct_hf,8,0
3408,8,0.008483137411384959,4.713183327203928,direct_hf,8,0
3408,9,0.043375141755188376,27.520834864233752,direct_hf,8,0
3408,10,0.13665595974654765,6.626155305473414,direct_hf,8,0
4082,1,0.007519359177511751,2.8958653479814913,direct_hf,8,0
4082,2,0.008518537737841668,12.591118322435266,direct_hf,8,0
4082,3,0.006514118542368261,6.684612184986117,direct_hf,8,0
4082,4,0.012065942490683218,3.3003682468102316,direct_hf,8,0
4082,5,0.01280954239877004,14.834682501689276,direct_hf,8,0
4082,6,0.016565882729516042,8.619913347745586,direct_hf,8,0
4082,7,0.029819712622777435,13.107913976142942,direct_hf,8,0
4082,8,0.06450164177700006,3.3750629870122077,direct_hf,8,0
4082,9,0.07387734639889912,21.642297993069963,direct_hf,8,0
4082,10,0.023093100262876837,6.266354318811695,direct_hf,8,0
4352,1,0.01306628537800216,16.148342975472342,direct_hf,8,0
4352,2,0.011806488890666654,12.595182952246013,direct_hf,8,0
4352,3,0.006303125795923437,13.605042818426702,direct_hf,8,0
4352,4,0.02536914747027239,18.210296441570712,direct_hf,8,0
4352,5,0.0970462410477636,8.678222283125086,direct_hf,8,0
4352,6,0.09229009741050799,15.428708049116247,direct_hf,8,0
4352,7,0.01611280162142354,10.034104130716432,direct_hf,8,0
4352,8,0.017502127545259004,16.40057825301998,direct_hf,8,0
4352,9,0.025032222271657304,12.142937228894736,direct_hf,8,0
4352,10,0.03378004395898789,17.80573424157542,direct_hf,8,0
4470,1,0.0019902730357978953,8.835766820170877,direct_hf,8,0
4470,2,0.006797619848876848,2.03828907125361,direct_hf,8,0
4470,3,0.006521476638025103,2.0159036150795115,direct_hf,8,0
4470,4,0.006184860085122857,0.10263054419390036,direct_hf,8,0
4470,5,0.01926047040455101,3.4498868836094982,direct_hf,8,0
4470,6,0.020685249526269923,4.306912621624975,direct_hf,8,0
4470,7,0.007234747858935708,6.487558878343312,direct_hf,8,0
4470,8,0.017422274686549208,3.148044513760189,direct_hf,8,0
4470,9,0.011005006962990907,9.577492427901182,direct_hf,8,0
4470,10,0.04146164640669661,0.5550398289602099,direct_hf,8,0
5873,1,0.012273596700361152,14.699835705773346,direct_hf,8,0
5873,2,0.0045501691789424014,8.33702971056866,direct_hf,8,0
5873,3,0.0035637345424560413,1.0232778509621514,direct_hf,8,0
5873,4,0.017724723491222893,5.927923626585538,direct_hf,8,0
5873,5,0.0116393557196029,4.88309668775698,direct_hf,8,0
5873,6,0.01243696472216516,1.3696873111615988,direct_hf,8,0
5873,7,0.006832297851223858,0.6214084988053413,direct_hf,8,0
5873,8,0.0186480054281458,1.646368747183263,direct_hf,8,0
5873,9,0.01067878766388288,0.7961673966915286,direct_hf,8,0
5873,10,0.04129450460382516,6.099255946318572,direct_hf,8,0
6148,1,0.0047044177672974676,18.062396936658768,direct_hf,8,0
6148,2,0.014268205782817681,9.434870290929855,direct_hf,8,0
6148,3,0.016670005998942253,16.883512408951614,direct_hf,8,0
6148,4,0.007745112089111673,16.282544364968594,direct_hf,8,0
6148,5,0.030194177615223007,2.427192363806813,direct_hf,8,0
6148,6,0.02666246108684936,16.923366055319637,direct_hf,8,0
6148,7,0.010336155103509373,8.692576059749884,direct_hf,8,0
6148,8,0.020053086279735243,16.886613591889173,direct_hf,8,0
6148,10,0.044547598749546675,15.732298304244882,direct_hf,8,0
7862,1,0.007627636068946401,21.06257826333816,direct_hf,8,0
7862,2,0.00962107833780647,24.364396172771624,direct_hf,8,0
7862,3,0.005068122277257987,8.931658051178633,direct_hf,8,0
7862,4,0.01717978147656951,21.1507779776231,direct_hf,8,0
7862,5,0.016499880479791708,24.957186290777464,direct_hf,8,0
7862,6,0.013403724382062795,8.854839401623394,direct_hf,8,0
7862,7,0.017537303624638095,22.293528297454017,direct_hf,8,0
7862,8,0.06576825176804603,13.40068639601214,direct_hf,8,0
7862,9,0.06917202712311787,30.13355600727015,direct_hf,8,0
7862,10,0.028216404401156428,17.269163421594335,direct_hf,8,0
8539,1,0.006620525865817059,3.8426976275766265,direct_hf,8,0
8539,2,0.005086779696576379,10.848990009926528,direct_hf,8,0
8539,3,0.004689062253948532,7.9046624604120055,direct_hf,8,0
8539,4,0.01379621924848053,7.152246047346243,direct_hf,8,0
8539,5,0.006409496750297899,10.684685351172384,direct_hf,8,0
8539,8,0.0860961708798691,7.540111291818454,direct_hf,8,0
8539,9,0.11042152210460565,10.473455846127232,direct_hf,8,0
8539,10,0.0250878565918376,8.121842042259944,direct_hf,8,0
9311,1,0.009541653040277482,8.042716306565735,direct_hf,8,0
9311,2,0.011053380982470754,5.568965700652787,direct_hf,8,0
9311,3,0.009545145223742604,0.08002997067912423,direct_hf,8,0
9311,6,0.022789359163387937,1.2135914964065737,direct_hf,8,0
9311,7,0.029243239779901203,18.297928002739294,direct_hf,8,0
9311,8,0.02925880671017858,0.30555771228382816,direct_hf,8,0
9311,9,0.02509471706055343,31.462794866327595,direct_hf,8,0
9311,10,0.034551052167162165,4.830256147552471,direct_hf,8,0
9779,1,0.011594337691060493,42.81587406450637,direct_hf,8,0
9779,2,0.015203084354630591,40.53349735369694,direct_hf,8,0
9779,3,0.011998733728914251,1.3076261169473842,direct_hf,8,0
9779,4,0.02664715323711106,22.767137611870215,direct_hf,8,0
9779,5,0.027401280149201634,51.23857725179238,direct_hf,8,0
9779,6,0.02111667223614616,3.33758042172681,direct_hf,8,0
9779,7,0.041434777009834334,39.176709790793296,direct_hf,8,0
9779,8,0.021461375077961108,9.915514160478116,direct_hf,8,0
9779,9,0.038794070293926196,56.3895257780356,direct_hf,8,0
9779,10,0.026158859456271038,27.6861264918846,direct_hf,8,0
422,1,0.0011993616711341915,1.7572310049876458,cokriging,8,0
422,2,0.0044468671769133826,4.504406446522152,cokriging,8,0
422,3,0.004880699744250722,0.3280265281799183,cokriging,8,0
422,4,0.002434742497295683,0.8004956073398163,cokriging,8,0
422,5,0.006337499445925117,7.069993174374485,cokriging,8,0
422,8,0.03124599887189455,1.410801447369422,cokriging,8,0
422,9,0.025529283509883267,6.54291519569578,cokriging,8,0
422,10,0.002484210023212315,2.930832212940003,cokriging,8,0
1190,1,0.0036974949489121532,1.289818366389339,cokriging,8,0
1190,2,0.008613500211544464,0.09151592134613613,cokriging,8,0
1190,3,0.005915779642546552,1.5230625835701337,cokriging,8,0
1190,4,0.009306659200813711,2.4327581363337742,cokriging,8,0
1190,5,0.014390608566869089,4.284461093426375,cokriging,8,0
1190,6,0.010134653978006822,0.6865991806301975,cokriging,8,0
1190,7,0.016361912877008278,0.947920780423234,cokriging,8,0
1190,8,0.01362905969102788,0.3247195014391317,cokriging,8,0
1190,9,0.02340556114552491,4.25312175540217,cokriging,8,0
1190,10,0.0051620264653827064,1.7830136590010728,cokriging,8,0
1826,1,0.007404743500921875,8.507685900115298,cokriging,8,0
1826,2,0.00859066276665271,7.376045461034024,cokriging,8,0
1826,3,0.006962573539156135,3.744416272958845,cokriging,8,0
1826,4,0.01249244109614076,4.8342928108988446,cokriging,8,0
1826,5,0.01894150286682297,12.825955668537421,cokriging,8,0
1826,6,0.011807490001676402,1.3638480873700147,cokriging,8,0
1826,7,0.01636224618652729,13.396213882546856,cokriging,8,0
1826,8,0.030703565627336452,3.3001910321809467,cokriging,8,0
1826,9,0.022066294854592706,10.936370468121055,cokriging,8,0
2209,1,0.0010009406821393444,0.03728858711659044,cokriging,8,0
2209,2,0.002076191216050896,0.6456557974249573,cokriging,8,0
2209,3,0.0014868838635713028,0.7945414191568803,cokriging,8,0
2209,4,0.0017092798457487887,0.4001893469537666,cokriging,8,0
2209,5,0.0025407861534054313,4.48169852279146,cokriging,8,0
2209,6,0.0027158128832973443,1.2676025366154673,cokriging,8,0
2209,7,0.1381193842769553,1.5820093250814493,cokriging,8,0
2209,8,0.00502303424633181,2.448785685506799,cokriging,8,0
2209,10,0.007039701380717536,1.0635964117558898,cokriging,8,0
2802,1,0.006277009002966663,1.2187487285353313,cokriging,8,0
2802,2,0.014343630383511078,0.47835738715477766,cokriging,8,0
2802,3,0.009587973284101122,0.14521936798608634,cokriging,8,0
2802,4,0.01966345701429362,0.31938316177024173,cokriging,8,0
2802,5,0.042759905800847146,3.3645596207168698,cokriging,8,0
2802,6,0.02562204017058886,1.1894040682033618,cokriging,8,0
2802,7,0.030052626500062317,5.777274525574076,cokriging,8,0
2802,8,0.03353725091657867,0.04139773965122132,cokriging,8,0
2802,9,0.028659919599271305,6.2684803010598475,cokriging,8,0
3377,1,0.006947247722577854,5.499711607263838,cokriging,8,0
3377,2,0.012218001773532992,4.737927645701438,cokriging,8,0
3377,3,0.01657271065706021,2.9847973348659367,cokriging,8,0
3377,4,0.02166191039595368,2.763324965170642,cokriging,8,0
3377,5,0.02041358393684391,10.930527375448646,cokriging,8,0
3377,6,0.027812307751788563,0.032480749360788465,cokriging,8,0
3377,7,0.0262046782221193,8.738502337297463,cokriging,8,0
3377,8,0.03827630795659014,0.8514514482405847,cokriging,8,0
3377,9,0.04287385124136802,9.267536585455499,cokriging,8,0
3377,10,0.044408539142244775,1.6422510880167098,cokriging,8,0
3408,1,0.0027047108755438006,1.3223090943287965,cokriging,8,0
3408,2,0.005885489946471322,3.912111193845936,cokriging,8,0
3408,3,0.0027733050489438717,0.1700797811910852,cokriging,8,0
3408,4,0.003263190934517956,1.3203130222206596,cokriging,8,0
3408,5,0.00413155420969839,5.811323843909737,cokriging,8,0
3408,6,0.006632499962821955,0.6674824496746021,cokriging,8,0
3408,7,0.0021794800757433254,4.166285986705554,cokriging,8,0
3408,8,0.005970049814548033,0.7912104695350961,cokriging,8,0
3408,9,0.08180104876994927,6.447568656394264,cokriging,8,0
3408,10,0.1281750396761378,1.3277108601527807,cokriging,8,0
4082,1,0.0028399287076342804,1.3171295677748427,cokriging,8,0
4082,2,0.00627397968870122,1.4941962342174928,cokriging,8,0
4082,3,0.004615409027794993,0.754148256553978,cokriging,8,0
4082,4,0.005836636863897994,2.7474532058652366,cokriging,8,0
4082,5,0.010024586606344737,1.2968309074973288,cokriging,8,0
4082,6,0.008982652546226787,0.49191433456380734,cokriging,8,0
4082,7,0.01139066061986455,2.186188753684223,cokriging,8,0
4082,8,0.028094889659313407,1.2340435070882194,cokriging,8,0
4082,9,0.026338747719286716,1.4504519454790175,cokriging,8,0
4082,10,0.003962114470830982,0.7280113745399077,cokriging,8,0
4352,1,0.015058156342577313,1.4240436826231826,cokriging,8,0
4352,2,0.029729892079369814,2.3469624308997954,cokriging,8,0
4352,3,0.02800878236353776,4.284779301176427,cokriging,8,0
4352,4,0.04072060331702664,5.555459614960115,cokriging,8,0
4352,5,0.04685724026468496,4.747868850492011,cokriging,8,0
4352,6,0.04027589767218966,8.226419316095154,cokriging,8,0
4352,7,0.05187765476537461,1.8231163556994974,cokriging,8,0
4352,8,0.051519841282577486,7.005688459359369,cokriging,8,0
4352,9,0.061160448193391434,7.574578892101899,cokriging,8,0
4352,10,0.06410481909695254,10.619117179484086,cokriging,8,0
4470,1,0.0008888560979527421,7.139508549906185,cokriging,8,0
4470,2,0.002652418583523171,14.55844772495534,cokriging,8,0
4470,3,0.0017805475479932666,3.6578628398438586,cokriging,8,0
4470,4,0.003335352829960845,5.766710578138719,cokriging,8,0
4470,5,0.015948608224598,17.189722375497194,cokriging,8,0
4470,6,0.018608354931549387,3.7665641087589736,cokriging,8,0
4470,7,0.005416835528034524,14.972791712669974,cokriging,8,0
4470,8,0.0051544369386993276,5.139665115615176,cokriging,8,0
4470,9,0.00670224439919199,17.784725268895265,cokriging,8,0
4470,10,0.04093574491575917,10.403242934761025,cokriging,8,0
5873,1,0.009565262104813971,4.793066581896073,cokriging,8,0
5873,2,0.021491586538963523,7.743807720090508,cokriging,8,0
5873,3,0.015369234522931359,2.817084441028449,cokriging,8,0
5873,4,0.028211523468352418,2.367944635204867,cokriging,8,0
5873,5,0.03451268747616103,1.487179623412548,cokriging,8,0
5873,6,0.01782585094243834,2.8099287642768456,cokriging,8,0
5873,7,0.04084782132484134,2.7737783201456625,cokriging,8,0
5873,8,0.15628368973987522,0.8614748666518168,cokriging,8,0
5873,9,0.15513074096410318,8.13338752803166,cokriging,8,0
5873,10,0.02508233362556733,4.3151761643405475,cokriging,8,0
6148,1,0.003954121355697719,3.061582710127935,cokriging,8,0
6148,2,0.009420817629959968,4.721203900165983,cokriging,8,0
6148,3,0.005808568156544851,4.613782071068914,cokriging,8,0
6148,4,0.009436579914017489,4.92956099376076,cokriging,8,0
6148,5,0.01543095827525156,0.3590787425804206,cokriging,8,0
6148,6,0.010065384832983587,3.6421486590470953,cokriging,8,0
6148,7,0.016022119122544313,1.1691520947064347,cokriging,8,0
6148,8,0.012918672942817922,4.056925061397172,cokriging,8,0
6148,10,0.006463007937914847,3.960592861190742,cokriging,8,0
7862,1,0.020857389686622034,2.2461675519125763,cokriging,8,0
7862,2,0.028565619253095996,4.065317997403439,cokriging,8,0
7862,3,0.017737827074941755,0.2812462690179046,cokriging,8,0
7862,4,0.02438881413766638,0.14464802453797845,cokriging,8,0
7862,5,0.03573735095921249,16.038675482928152,cokriging,8,0
7862,6,0.013411794090447038,0.19558437966704573,cokriging,8,0
7862,7,0.030215857418025443,4.274262758379438,cokriging,8,0
7862,8,0.062462144375171044,0.7650937899747597,cokriging,8,0
7862,9,0.07400502764163161,24.649672410929142,cokriging,8,0
7862,10,0.04721068982110602,1.2920504357825262,cokriging,8,0
8539,1,0.00020025806346888274,0.4262464245094489,cokriging,8,0
8539,2,0.0004219716721735094,1.0644539528020522,cokriging,8,0
8539,3,0.00082443410373559,0.2935011979244308,cokriging,8,0
8539,4,0.0006505025446790257,0.256117613311149,cokriging,8,0
8539,5,0.0014711310010819656,2.1067075999436504,cokriging,8,0
8539,8,0.0259296319587538,0.8474779419804759,cokriging,8,0
8539,9,0.01963999087018403,1.9566671823279411,cokriging,8,0
8539,10,0.00505705922019799,0.3575560511803639,cokriging,8,0
9311,1,0.018614310427292932,1.0128407425830022,cokriging,8,0
9311,2,0.0325988626357658,1.4052651322528034,cokriging,8,0
9311,3,0.022163962497584695,0.4083436301961101,cokriging,8,0
9311,6,0.027407654123424382,1.0084555293042137,cokriging,8,0
9311,7,0.04430135915028655,3.066274717505866,cokriging,8,0
9311,8,0.030540970536040914,2.807219246852658,cokriging,8,0
9311,9,0.052552156678061485,15.09278431678127,cokriging,8,0
9311,10,0.032684983281500796,0.9869577491179946,cokriging,8,0
9779,1,0.001414946637338459,2.2210981158790863,cokriging,8,0
9779,2,0.004121290215488746,3.2989850285091715,cokriging,8,0
9779,3,0.002366274500697078,3.590561411255895,cokriging,8,0
9779,4,0.0059643327339719355,2.0151670021787917,cokriging,8,0
9779,5,0.008640269409512761,3.184741252054677,cokriging,8,0
9779,6,0.007517417796423019,4.803499042417092,cokriging,8,0
9779,7,0.00829049157295056,1.7045217412564007,cokriging,8,0
9779,8,0.009160151323072062,4.616500740792554,cokriging,8,0
9779,9,0.012665015104001717,1.8674466386322432,cokriging,8,0
9779,10,0.015312509886700536,4.044804951147535,cokriging,8,0
422,1,0.0018355047106938273,0.4889367993643598,neural_inr,8,0
422,2,0.0034142854700243467,3.1955866721176025,neural_inr,8,0
422,3,0.0031613311319468687,1.381350960927896,neural_inr,8,0
422,4,0.004626113969852201,0.4129263310653355,neural_inr,8,0
422,5,0.007193029860466167,5.401417831730277,neural_inr,8,0
422,8,0.030965902990275445,0.5482869032802102,neural_inr,8,0
422,9,0.030614561081425587,10.470363616672417,neural_inr,8,0
422,10,0.006172170792678113,0.6897786112408579,neural_inr,8,0
1190,1,0.0015079471896763466,3.861286984441423,neural_inr,8,0
1190,2,0.0032941957688811924,6.878429734307547,neural_inr,8,0
1190,3,0.0031907554081246404,4.298978585275557,neural_inr,8,0
1190,4,0.0051156742648829885,4.677631603386324,neural_inr,8,0
1190,5,0.005860173969173852,9.439629551598067,neural_inr,8,0
1190,6,0.004079783982973744,3.988803243528767,neural_inr,8,0
1190,7,0.006528312666162423,6.219515700835516,neural_inr,8,0
1190,8,0.005820809361104239,3.639851079940221,neural_inr,8,0
1190,9,0.009467675938680548,9.858587212229668,neural_inr,8,0
1190,10,0.0065127088553142,4.669202872488949,neural_inr,8,0
1826,1,0.005036549668411863,7.335227531456433,neural_inr,8,0
1826,2,0.01013135070156376,12.775741426586091,neural_inr,8,0
1826,3,0.006474414971611212,4.9984678712799395,neural_inr,8,0
1826,4,0.012046603646566173,8.271320651674497,neural_inr,8,0
1826,5,0.01658520577370128,15.295214778144791,neural_inr,8,0
1826,6,0.012911199186919188,4.678956393517829,neural_inr,8,0
1826,7,0.020344898576568227,12.02289087611762,neural_inr,8,0
1826,8,0.01716555082857066,6.015230833734496,neural_inr,8,0
1826,9,0.028229808377776996,20.79305793078843,neural_inr,8,0
2209,1,0.0016205244883516908,0.8492570142225128,neural_inr,8,0
2209,2,0.0039676150682609115,1.951019384647033,neural_inr,8,0
2209,3,0.003242002253966191,0.6541737747275033,neural_inr,8,0
2209,4,0.005941639874988362,0.6740522995795722,neural_inr,8,0
2209,5,0.005681007503672786,3.8421371762935768,neural_inr,8,0
2209,6,0.004250891972436717,0.20572014398818037,neural_inr,8,0
2209,7,0.1375368849827629,1.2808708615174116,neural_inr,8,0
2209,8,0.007428052130848401,0.38666478243651736,neural_inr,8,0
2209,10,0.00872069138318665,0.4873013657204563,neural_inr,8,0
2802,1,0.00297657532746661,0.19681934727558908,neural_inr,8,0
2802,2,0.014928975999614184,3.3839483497466256,neural_inr,8,0
2802,3,0.00879249802155561,0.30483074716288855,neural_inr,8,0
2802,4,0.018452794404636864,1.835835401172468,neural_inr,8,0
2802,5,0.02445726950112068,6.991749136036173,neural_inr,8,0
2802,6,0.015947462148697,0.9873384733199807,neural_inr,8,0
2802,7,0.031087580795753054,4.532542135170756,neural_inr,8,0
2802,8,0.02904482157191146,0.59039984230992,neural_inr,8,0
2802,9,0.04648547915379142,7.838990444620183,neural_inr,8,0
3377,1,0.009886548831169632,6.106744312712577,neural_inr,8,0
3377,2,0.026077143953132025,10.41804517771501,neural_inr,8,0
3377,3,0.020509804707437202,3.360162049270203,neural_inr,8,0
3377,4,0.031916722358018804,6.019539603843126,neural_inr,8,0
3377,5,0.03561590710800766,13.078734055358328,neural_inr,8,0
3377,6,0.02999750931475471,2.554200190034725,neural_inr,8,0
3377,7,0.045016384983465184,9.235133484391792,neural_inr,8,0
3377,8,0.039130719838901214,3.641745529483735,neural_inr,8,0
3377,9,0.05773952453962416,18.33132890834553,neural_inr,8,0
3377,10,0.05085743393040172,5.4482486780455535,neural_inr,8,0
3408,1,0.0015890648106043543,0.21438624496648195,neural_inr,8,0
3408,2,0.003950348978692888,0.8212438281377833,neural_inr,8,0
3408,3,0.0025384275002121037,0.7722966071318809,neural_inr,8,0
3408,4,0.005122636111577838,0.36960072730165255,neural_inr,8,0
3408,5,0.006355576426060429,1.2940243917097929,neural_inr,8,0
3408,6,0.0033038882930336577,1.1924823321218252,neural_inr,8,0
3408,7,0.007410858303619855,1.3047519687416247,neural_inr,8,0
3408,8,0.006085721119872644,0.6107468634855239,neural_inr,8,0
3408,9,0.010699022103762631,5.406001079179589,neural_inr,8,0
3408,10,0.135976105330476,0.2162488354931455,neural_inr,8,0
4082,1,0.0012070704525586533,2.353446732087191,neural_inr,8,0
4082,2,0.003382098372781069,3.7226630570284973,neural_inr,8,0
4082,3,0.002302426910494226,1.854265309377072,neural_inr,8,0
4082,4,0.004422135961792088,2.7342175657254746,neural_inr,8,0
4082,5,0.0062811844210258864,4.389527309306362,neural_inr,8,0
4082,6,0.002901180855586299,1.2361879702254241,neural_inr,8,0
4082,7,0.006298499634644369,3.1157205356438644,neural_inr,8,0
4082,8,0.03181679137907542,1.818356794386074,neural_inr,8,0
4082,9,0.03379426987103736,2.5165967791038004,neural_inr,8,0
4082,10,0.007683345629053487,3.0186653896693056,neural_inr,8,0
4352,1,0.013296522812541886,1.5527397956531777,neural_inr,8,0
4352,2,0.031528426525244645,4.797336434185469,neural_inr,8,0
4352,3,0.029344929193971556,4.721881598126699,neural_inr,8,0
4352,4,0.04324934777026611,6.19347841511772,neural_inr,8,0
4352,5,0.04664305590228925,8.428507537573264,neural_inr,8,0
4352,6,0.042120589297217556,8.034841994150181,neural_inr,8,0
4352,7,0.060438604003540314,8.707802403957718,neural_inr,8,0
4352,8,0.05587047770497477,8.841690212333717,neural_inr,8,0
4352,9,0.07450934874807415,10.14474735942482,neural_inr,8,0
4352,10,0.07107931066983011,11.429799942703703,neural_inr,8,0
4470,1,0.005863076598030686,4.0360878271071385,neural_inr,8,0
4470,2,0.006699539660477917,4.383759503212858,neural_inr,8,0
4470,3,0.005276123077941402,4.020125872053386,neural_inr,8,0
4470,4,0.008536927427532388,4.020323301146641,neural_inr,8,0
4470,5,0.026107470046575276,4.321745404534031,neural_inr,8,0
4470,6,0.028501229022714555,4.707842875826601,neural_inr,8,0
4470,7,0.01473165191051227,4.350698947051854,neural_inr,8,0
4470,8,0.014509429742637426,4.3175219798829865,neural_inr,8,0
4470,9,0.026589958328412905,6.249224989119281,neural_inr,8,0
4470,10,0.017816967464956743,3.022190818784802,neural_inr,8,0
5873,1,0.007457739321007914,2.6415290712180712,neural_inr,8,0
5873,2,0.024802541459860147,0.12481929361523268,neural_inr,8,0
5873,3,0.01604795645867448,2.765683106116944,neural_inr,8,0
5873,4,0.032027841266785304,0.2965322967052442,neural_inr,8,0
5873,5,0.041568283476446234,3.162092793586926,neural_inr,8,0
5873,6,0.024635855338829504,3.482275173368675,neural_inr,8,0
5873,7,0.051084816119256,2.8369879290189495,neural_inr,8,0
5873,8,0.1559684341366734,1.0797245307892387,neural_inr,8,0
5873,9,0.17187038400818005,4.906669426369934,neural_inr,8,0
5873,10,0.05843205985610205,2.7012453395231626,neural_inr,8,0
6148,1,0.0019566792563435395,4.2587659348143925,neural_inr,8,0
6148,2,0.004559777544528218,3.566383525144162,neural_inr,8,0
6148,3,0.0035022876710874644,5.641246603898358,neural_inr,8,0
6148,4,0.0056222175160071984,3.5742147213798345,neural_inr,8,0
6148,5,0.007432141351955049,4.2065860620925175,neural_inr,8,0
6148,6,0.005113484890209709,5.732015628598019,neural_inr,8,0
6148,7,0.006774413414574455,2.7654516509414706,neural_inr,8,0
6148,8,0.006151564126024446,3.8165495946002226,neural_inr,8,0
6148,10,0.006149924195265832,3.3725814316880434,neural_inr,8,0
7862,1,0.034829993231214544,0.12033302026920542,neural_inr,8,0
7862,2,0.06465187330571012,6.224570820087338,neural_inr,8,0
7862,3,0.04245189237421347,2.107259178286617,neural_inr,8,0
7862,4,0.06428179147757875,1.8818977471363907,neural_inr,8,0
7862,5,0.08758746246695567,11.113650453748042,neural_inr,8,0
7862,6,0.03012774222807959,3.0420435910080794,neural_inr,8,0
7862,7,0.08890837470107402,6.345865338425546,neural_inr,8,0
7862,8,0.05352524227751092,0.14189884827714366,neural_inr,8,0
7862,9,0.11248997042523606,14.105274485011728,neural_inr,8,0
7862,10,0.08665896268824895,3.823018025171156,neural_inr,8,0
8539,1,0.0017352506290739444,0.6065227265963189,neural_inr,8,0
8539,2,0.0033010608117270577,0.25312668535830996,neural_inr,8,0
8539,3,0.002740011010529306,1.096437060753751,neural_inr,8,0
8539,4,0.004473904472568928,0.9183056686993081,neural_inr,8,0
8539,5,0.005085328571127138,0.6482451330546891,neural_inr,8,0
8539,8,0.02510305402890633,0.7062599070878254,neural_inr,8,0
8539,9,0.025936800302518836,1.874189857318436,neural_inr,8,0
8539,10,0.006440720646946011,0.8675467841741948,neural_inr,8,0
9311,1,0.0159928868870097,0.03993991693543126,neural_inr,8,0
9311,2,0.035434202213913114,1.277615436967324,neural_inr,8,0
9311,3,0.02370850624364577,1.2124101475271039,neural_inr,8,0
9311,6,0.031459257379136366,2.295171917414869,neural_inr,8,0
9311,7,0.0545772115325169,0.9240451566550266,neural_inr,8,0
9311,8,0.03446204945574646,0.4924207814392182,neural_inr,8,0
9311,9,0.06766709241376041,0.7474824764172048,neural_inr,8,0
9311,10,0.06542709717928488,0.8591289427476538,neural_inr,8,0
9779,1,0.004515064405689051,0.14496313292114962,neural_inr,8,0
9779,2,0.009587710192452838,4.285317119473235,neural_inr,8,0
9779,3,0.005627675488886478,0.4341681146396363,neural_inr,8,0
9779,4,0.012035641756320128,1.5635314555484991,neural_inr,8,0
9779,5,0.017022687157585117,6.900366309898794,neural_inr,8,0
9779,6,0.010404681984545718,0.9605613235802409,neural_inr,8,0
9779,7,0.01983084974773896,3.678647020439724,neural_inr,8,0
9779,8,0.014219289317803594,0.1479942083740316,neural_inr,8,0
9779,9,0.025816672958222205,6.5602787147973824,neural_inr,8,0
9779,10,0.021649671560111876,1.8241630842487295,neural_inr,8,0
422,1,0.002003183245926594,1.6689835502053139,original_fixed_rbf,8,0
422,2,0.005595802885443666,6.186002696288464,original_fixed_rbf,8,0
422,3,0.005482128130130733,0.6497477919841542,original_fixed_rbf,8,0
422,4,0.006856123258353203,1.1564417955361714,original_fixed_rbf,8,0
422,5,0.011563874900158906,3.995806839418483,original_fixed_rbf,8,0
422,8,0.024392592551742115,0.7276642337141731,original_fixed_rbf,8,0
422,9,0.022535638168900574,4.9147617601178295,original_fixed_rbf,8,0
422,10,0.011857642548790398,3.101595562533235,original_fixed_rbf,8,0
1190,1,0.0035236246735530024,1.0349176196934136,original_fixed_rbf,8,0
1190,2,0.00842177819346248,0.9944148059614534,original_fixed_rbf,8,0
1190,3,0.0064548355027674136,2.1794967106080887,original_fixed_rbf,8,0
1190,4,0.009531715724070716,3.468406599506186,original_fixed_rbf,8,0
1190,5,0.014986935414353158,6.028266594934627,original_fixed_rbf,8,0
1190,6,0.010135481362073992,1.0932287224544155,original_fixed_rbf,8,0
1190,7,0.016861364175319006,1.597125892358585,original_fixed_rbf,8,0
1190,8,0.015984796499190268,1.1474321661601397,original_fixed_rbf,8,0
1190,9,0.02592182364341014,5.059195852492308,original_fixed_rbf,8,0
1190,10,0.01551487396440295,2.8011503495896513,original_fixed_rbf,8,0
1826,1,0.008020877787673998,10.106904098560191,original_fixed_rbf,8,0
1826,2,0.008815734549439005,7.694326962456622,original_fixed_rbf,8,0
1826,3,0.0039667613350068435,3.995844339761359,original_fixed_rbf,8,0
1826,4,0.007486685364346691,4.505922086957979,original_fixed_rbf,8,0
1826,5,0.00892841711225294,9.321557329527291,original_fixed_rbf,8,0
1826,6,0.00981363943501833,1.3909778314714283,original_fixed_rbf,8,0
1826,7,0.009308633486209696,14.988149723299228,original_fixed_rbf,8,0
1826,8,0.011704132837104992,5.522075320697871,original_fixed_rbf,8,0
1826,9,0.015913680536992554,8.917136871776853,original_fixed_rbf,8,0
2209,1,0.002017405512149449,0.3577754118418621,original_fixed_rbf,8,0
2209,2,0.002586466199477045,1.676949565677663,original_fixed_rbf,8,0
2209,3,0.0020346373669012647,0.6504724391509356,original_fixed_rbf,8,0
2209,4,0.0017576313469906562,0.005153323863583361,original_fixed_rbf,8,0
2209,5,0.0025827205309971956,5.997807563370484,original_fixed_rbf,8,0
2209,6,0.009480805362773629,1.0342594957987354,original_fixed_rbf,8,0
2209,7,0.13715016144545011,1.8282358728583177,original_fixed_rbf,8,0
2209,8,0.014272390716806608,2.489321426184836,original_fixed_rbf,8,0
2209,10,0.014781337502101682,2.3637938385607318,original_fixed_rbf,8,0
2802,1,0.0036196523155914845,1.896467526491414,original_fixed_rbf,8,0
2802,2,0.011618166750290447,1.472086411446455,original_fixed_rbf,8,0
2802,3,0.007392134515449114,0.31064225583649707,original_fixed_rbf,8,0
2802,4,0.015738084039173195,0.4294531726067549,original_fixed_rbf,8,0
2802,5,0.03612549979187513,2.0133512678053793,original_fixed_rbf,8,0
2802,6,0.011623728340214922,1.2945847086339117,original_fixed_rbf,8,0
2802,7,0.01977401858777334,6.075592807042357,original_fixed_rbf,8,0
2802,8,0.01988823403906825,0.7769395502595682,original_fixed_rbf,8,0
2802,9,0.02744753495713278,6.07160280321816,original_fixed_rbf,8,0
3377,1,0.007799374708397526,5.364271281100845,original_fixed_rbf,8,0
3377,2,0.01827990532557075,5.122858501489247,original_fixed_rbf,8,0
3377,3,0.017067640956923147,3.382252554554303,original_fixed_rbf,8,0
3377,4,0.024434908024157,2.7546318675040853,original_fixed_rbf,8,0
3377,5,0.03082942390621347,7.86174982157444,original_fixed_rbf,8,0
3377,6,0.02763241852439324,0.18864932145069777,original_fixed_rbf,8,0
3377,7,0.03398682627884771,8.77532143681619,original_fixed_rbf,8,0
3377,8,0.032446006598162255,0.8248245316516275,original_fixed_rbf,8,0
3377,9,0.04350734784821605,8.083532292897296,original_fixed_rbf,8,0
3377,10,0.04249318809989301,1.922345148715388,original_fixed_rbf,8,0
3408,1,0.001363763073401381,0.9182795933373484,original_fixed_rbf,8,0
3408,2,0.001607496471268771,2.5863897785409984,original_fixed_rbf,8,0
3408,3,0.0029478599389241218,0.18256674571343204,original_fixed_rbf,8,0
3408,4,0.009432033699750373,0.3423030028130594,original_fixed_rbf,8,0
3408,5,0.002997211081391443,4.903049528357805,original_fixed_rbf,8,0
3408,6,0.00577641134299467,0.3029747931720623,original_fixed_rbf,8,0
3408,7,0.010224712696080539,3.6008834258137963,original_fixed_rbf,8,0
3408,8,0.0025924937317232297,1.13512334298816,original_fixed_rbf,8,0
3408,9,0.017846853462236183,5.7773236037038895,original_fixed_rbf,8,0
3408,10,0.13598815662408004,1.2206659851616244,original_fixed_rbf,8,0
4082,1,0.002409225130953069,0.9627498922881729,original_fixed_rbf,8,0
4082,2,0.00640861458211789,0.3970766191281551,original_fixed_rbf,8,0
4082,3,0.0052807822719345724,1.2202900766246148,original_fixed_rbf,8,0
4082,4,0.00697587402139889,2.2205911824868156,original_fixed_rbf,8,0
4082,5,0.012048597282243194,1.204202475486606,original_fixed_rbf,8,0
4082,6,0.009394906020498538,0.28966041680698906,original_fixed_rbf,8,0
4082,7,0.01277343025139761,1.73518596902683,original_fixed_rbf,8,0
4082,8,0.02423211684414224,3.017894241497493,original_fixed_rbf,8,0
4082,9,0.025157871552027294,0.3475355121464186,original_fixed_rbf,8,0
4082,10,0.011956122698838808,0.8650352456423238,original_fixed_rbf,8,0
4352,1,0.01580322514658981,2.2120223741827703,original_fixed_rbf,8,0
4352,2,0.03021128569200541,3.839314249895146,original_fixed_rbf,8,0
4352,3,0.02783286282146918,5.112513392551836,original_fixed_rbf,8,0
4352,4,0.041389303073281695,5.5163209451553366,original_fixed_rbf,8,0
4352,5,0.04852549210503084,6.035361899960822,original_fixed_rbf,8,0
4352,6,0.04021458432530193,8.351453200688713,original_fixed_rbf,8,0
4352,7,0.05241393429387127,0.3405077883915461,original_fixed_rbf,8,0
4352,8,0.05212515695816986,7.824575245043909,original_fixed_rbf,8,0
4352,9,0.06193817501851025,8.341490944309198,original_fixed_rbf,8,0
4352,10,0.06568828470718983,10.654053761628855,original_fixed_rbf,8,0
4470,1,0.0006067252335544767,7.819451672836984,original_fixed_rbf,8,0
4470,2,0.0014893581241577098,15.969777697469057,original_fixed_rbf,8,0
4470,3,0.0017625519079835154,2.4719560041888,original_fixed_rbf,8,0
4470,4,0.003206742339754227,6.484961644031869,original_fixed_rbf,8,0
4470,5,0.02158630820758685,16.11401218338656,original_fixed_rbf,8,0
4470,6,0.027349893481746865,4.01179963881615,original_fixed_rbf,8,0
4470,7,0.007073937891909074,16.259077002895406,original_fixed_rbf,8,0
4470,8,0.011071048593803418,5.770360608315771,original_fixed_rbf,8,0
4470,9,0.013719239747648262,19.72629381836054,original_fixed_rbf,8,0
4470,10,0.008728748144360228,10.955334625765518,original_fixed_rbf,8,0
5873,1,0.009398962422126582,4.835598571625378,original_fixed_rbf,8,0
5873,2,0.02105782736962361,10.636216839642389,original_fixed_rbf,8,0
5873,3,0.01519938869457498,1.8203997276015305,original_fixed_rbf,8,0
5873,4,0.028594417164801555,3.2474824014736203,original_fixed_rbf,8,0
5873,5,0.034791173242617345,4.048759882684868,original_fixed_rbf,8,0
5873,6,0.019738244928504366,3.0635896811363446,original_fixed_rbf,8,0
5873,7,0.040301522442848535,5.291091213223393,original_fixed_rbf,8,0
5873,8,0.15069243158038728,0.9096832556076471,original_fixed_rbf,8,0
5873,9,0.15613613814017427,9.800825609550872,original_fixed_rbf,8,0
5873,10,0.048941518445645656,5.626677781702381,original_fixed_rbf,8,0
6148,1,0.003647680015635728,2.2689773485812474,original_fixed_rbf,8,0
6148,2,0.008682691230011494,6.406444564813516,original_fixed_rbf,8,0
6148,3,0.006198059872842944,5.126028267209669,original_fixed_rbf,8,0
6148,4,0.010470033047778583,5.218652819631324,original_fixed_rbf,8,0
6148,5,0.01471737040191354,2.0958772950097777,original_fixed_rbf,8,0
6148,6,0.009228875012772104,3.42012082097742,original_fixed_rbf,8,0
6148,7,0.015955370096047024,0.8992960694383887,original_fixed_rbf,8,0
6148,8,0.015380842838552745,4.750333128699092,original_fixed_rbf,8,0
6148,10,0.014059131648270756,4.283288099762675,original_fixed_rbf,8,0
7862,1,0.020322682641753645,3.1278352494918424,original_fixed_rbf,8,0
7862,2,0.030697140599104607,3.795845844370261,original_fixed_rbf,8,0
7862,3,0.01816746549885704,0.11816660732240473,original_fixed_rbf,8,0
7862,4,0.058727041738378574,0.14587485247280935,original_fixed_rbf,8,0
7862,5,0.06426152603652428,15.811940676666117,original_fixed_rbf,8,0
7862,6,0.013763173290056106,0.2620667656293142,original_fixed_rbf,8,0
7862,7,0.07840733708956554,2.970332074511894,original_fixed_rbf,8,0
7862,8,0.05735098439160546,1.61893971513126,original_fixed_rbf,8,0
7862,9,0.09441656573948955,23.9855007535304,original_fixed_rbf,8,0
7862,10,0.07949064711781735,0.9593034005252702,original_fixed_rbf,8,0
8539,1,0.0008942851459477374,0.508181759819667,original_fixed_rbf,8,0
8539,2,0.001394388517476381,2.315688228782679,original_fixed_rbf,8,0
8539,3,0.0008479993619542402,0.11547624345399476,original_fixed_rbf,8,0
8539,4,0.0027978901275076294,0.5835716552934844,original_fixed_rbf,8,0
8539,5,0.0028922618696334626,5.451924366586355,original_fixed_rbf,8,0
8539,8,0.021689472430747012,0.9735484262426878,original_fixed_rbf,8,0
8539,9,0.018347166357353645,4.259733084574365,original_fixed_rbf,8,0
8539,10,0.011969531840673519,0.2048821853771576,original_fixed_rbf,8,0
9311,1,0.008768975186128571,2.2230581348002616,original_fixed_rbf,8,0
9311,2,0.02220912267802942,0.8430044869066313,original_fixed_rbf,8,0
9311,3,0.021750020999331328,0.23498820092335657,original_fixed_rbf,8,0
9311,6,0.026714044701785497,0.964323428811269,original_fixed_rbf,8,0
9311,7,0.04381847416145226,1.4142229725337292,original_fixed_rbf,8,0
9311,8,0.026827371984745812,0.9651160531776016,original_fixed_rbf,8,0
9311,9,0.05248251537976154,16.810988036495566,original_fixed_rbf,8,0
9311,10,0.05884660631059422,1.7211636826066468,original_fixed_rbf,8,0
9779,1,0.0015616634436671929,2.1927945383870884,original_fixed_rbf,8,0
9779,2,0.0038132551953353943,5.687763320535093,original_fixed_rbf,8,0
9779,3,0.002887972972443917,2.7874617073214614,original_fixed_rbf,8,0
9779,4,0.006642750602547045,2.4841472271781937,original_fixed_rbf,8,0
9779,5,0.00885350644380761,4.2147860247103965,original_fixed_rbf,8,0
9779,6,0.0072300838149106745,4.506513545613175,original_fixed_rbf,8,0
9779,7,0.00861640282688143,2.251743580631555,original_fixed_rbf,8,0
9779,8,0.013322479123146267,3.5914770297987766,original_fixed_rbf,8,0
9779,9,0.017546295582228897,2.306658806401374,original_fixed_rbf,8,0
9779,10,0.011640039512674952,3.819931960270685,original_fixed_rbf,8,0
422,1,0.00046086506817508274,2.075379581212556,boundary_kernel_pca,16,0
422,2,0.004865626156459491,1.149491147023699,boundary_kernel_pca,16,0
422,3,0.023237159255290202,3.2814235559055596,boundary_kernel_pca,16,0
422,4,0.0009776352682755313,0.0422710256965119,boundary_kernel_pca,16,0
422,5,0.05506885262177465,2.1396699755971356,boundary_kernel_pca,16,0
422,8,0.026338662648427463,3.5108982518454837,boundary_kernel_pca,16,0
422,9,0.028234679414548547,1.1862086543703052,boundary_kernel_pca,16,0
422,10,0.008296058920430269,0.6011734493907522,boundary_kernel_pca,16,0
1190,1,0.0006631713994273641,0.021704108327211622,boundary_kernel_pca,16,0
1190,2,0.0057694029830458364,1.218035826327586,boundary_kernel_pca,16,0
1190,3,0.003666916886499695,0.497870797630774,boundary_kernel_pca,16,0
1190,4,0.002914762588424074,1.2367377094782175,boundary_kernel_pca,16,0
1190,5,0.014823696947140929,1.5349717160639176,boundary_kernel_pca,16,0
1190,6,0.01724802398165634,0.9303806273076191,boundary_kernel_pca,16,0
1190,7,0.019821811122386283,1.6195482017254046,boundary_kernel_pca,16,0
1190,8,0.009152876354774624,0.37094123896642556,boundary_kernel_pca,16,0
1190,9,0.013451452863057276,0.17136109244086056,boundary_kernel_pca,16,0
1190,10,0.017784120126774525,2.393548605771328,boundary_kernel_pca,16,0
1826,1,0.0024548216925317137,6.5978177588634095,boundary_kernel_pca,16,0
1826,2,0.008718341721167703,2.323394755008328,boundary_kernel_pca,16,0
1826,3,0.005293939351985947,1.909816101275049,boundary_kernel_pca,16,0
1826,4,0.006013341118851086,3.473770082085577,boundary_kernel_pca,16,0
1826,5,0.060119717497116094,5.186841916278923,boundary_kernel_pca,16,0
1826,6,0.011577189840396535,0.4117550746741622,boundary_kernel_pca,16,0
1826,7,0.00914463447801849,2.2656310983028507,boundary_kernel_pca,16,0
1826,8,0.02233141033719744,3.837341322881825,boundary_kernel_pca,16,0
1826,9,0.013512467284017126,5.1015839454000425,boundary_kernel_pca,16,0
2209,1,0.001212291764553489,0.21665629081158744,boundary_kernel_pca,16,0
2209,2,0.004365528713485271,0.5348195738730336,boundary_kernel_pca,16,0
2209,3,0.0011316023265647026,0.47482609783955004,boundary_kernel_pca,16,0
2209,4,0.0020430340918922004,2.66721910662849,boundary_kernel_pca,16,0
2209,5,0.09143172665426288,0.9907281048503359,boundary_kernel_pca,16,0
2209,6,0.016682920461789687,3.2036444387568754,boundary_kernel_pca,16,0
2209,7,0.1382735140154582,1.1002957652194991,boundary_kernel_pca,16,0
2209,8,0.004752126902384681,1.4504418348079868,boundary_kernel_pca,16,0
2209,10,0.017283924449620076,4.0239095354282925,boundary_kernel_pca,16,0
2802,1,0.007149261801901869,0.6825884100515123,boundary_kernel_pca,16,0
2802,2,0.02235944286964204,0.6850695078199125,boundary_kernel_pca,16,0
2802,3,0.022494609077913612,0.10424797703253202,boundary_kernel_pca,16,0
2802,4,0.012457663969859284,2.959469036913828,boundary_kernel_pca,16,0
2802,5,0.016382294875022952,1.802959622551927,boundary_kernel_pca,16,0
2802,6,0.020132580244069907,1.6405431945432556,boundary_kernel_pca,16,0
2802,7,0.010786906388106426,0.12860333043032943,boundary_kernel_pca,16,0
2802,8,0.025647131618917983,0.3991016569777882,boundary_kernel_pca,16,0
2802,9,0.026522189979726517,0.9347394669636239,boundary_kernel_pca,16,0
3377,1,0.004103272095925985,4.563770355267202,boundary_kernel_pca,16,0
3377,2,0.010995041349907518,2.4272603533672523,boundary_kernel_pca,16,0
3377,3,0.01737207704106409,0.6276774094825716,boundary_kernel_pca,16,0
3377,4,0.013014602453028656,6.87964696195407,boundary_kernel_pca,16,0
3377,5,0.06392533766860989,3.095030373412776,boundary_kernel_pca,16,0
3377,6,0.02399254382210597,1.4579736132572005,boundary_kernel_pca,16,0
3377,7,0.023859947197887796,3.350250237019582,boundary_kernel_pca,16,0
3377,8,0.03503546362110326,0.911945859546533,boundary_kernel_pca,16,0
3377,9,0.039465268346294796,2.054386257220811,boundary_kernel_pca,16,0
3377,10,0.03243891910794973,1.0415547239339236,boundary_kernel_pca,16,0
3408,1,0.0008289662199463466,0.5812915845610174,boundary_kernel_pca,16,0
3408,2,0.0019188206977028342,3.9564779977063536,boundary_kernel_pca,16,0
3408,3,0.009160673057634386,0.414850719673955,boundary_kernel_pca,16,0
3408,4,0.002215017581850248,2.253504101614911,boundary_kernel_pca,16,0
3408,5,0.015110603614404593,2.401625236539255,boundary_kernel_pca,16,0
3408,6,0.015428984014593868,2.859498628152471,boundary_kernel_pca,16,0
3408,7,0.014602664654561162,1.8456326087801538,boundary_kernel_pca,16,0
3408,8,0.012604207594997889,1.6954102457574485,boundary_kernel_pca,16,0
3408,9,0.012007075738622612,3.0145214128346582,boundary_kernel_pca,16,0
3408,10,0.12886637449805124,2.8028028722567604,boundary_kernel_pca,16,0
4082,1,0.0007992764116625204,0.5802802933463455,boundary_kernel_pca,16,0
4082,2,0.004003653932166237,1.8796966306112204,boundary_kernel_pca,16,0
4082,3,0.00801098987462845,0.22619477568864305,boundary_kernel_pca,16,0
4082,4,0.00314497572406923,1.5345904307174731,boundary_kernel_pca,16,0
4082,5,0.019848755311780455,1.4026181376716689,boundary_kernel_pca,16,0
4082,6,0.017452814182254604,0.7471200638994356,boundary_kernel_pca,16,0
4082,7,0.011657870906426372,0.8941806864182916,boundary_kernel_pca,16,0
4082,8,0.02670203654708732,0.639463619135489,boundary_kernel_pca,16,0
4082,9,0.030417094369505036,0.20405393004058575,boundary_kernel_pca,16,0
4082,10,0.011300130758157508,0.8821862249057055,boundary_kernel_pca,16,0
4352,1,0.005483628887805599,0.0542423887579671,boundary_kernel_pca,16,0
4352,2,0.02000953389018946,1.732423371129704,boundary_kernel_pca,16,0
4352,3,0.026124823015459386,4.458409144085863,boundary_kernel_pca,16,0
4352,4,0.022454052861950145,3.5269658129722212,boundary_kernel_pca,16,0
4352,5,0.041636085929966204,3.0537058565578645,boundary_kernel_pca,16,0
4352,6,0.035365438596723406,6.235820409108818,boundary_kernel_pca,16,0
4352,7,0.03894039510382379,2.9135928259802824,boundary_kernel_pca,16,0
4352,8,0.05061982388409013,8.862757813118606,boundary_kernel_pca,16,0
4352,9,0.05690400908340409,10.06491248428466,boundary_kernel_pca,16,0
4352,10,0.05571683182745173,7.569096564599744,boundary_kernel_pca,16,0
4470,1,0.0007616899254318456,0.2533367625044604,boundary_kernel_pca,16,0
4470,2,0.010762262840349293,6.895163338731739,boundary_kernel_pca,16,0
4470,3,0.002342696661060042,2.315195370384135,boundary_kernel_pca,16,0
4470,4,0.006748697353026824,3.30548058460222,boundary_kernel_pca,16,0
4470,5,0.02342650703449792,7.567228570603288,boundary_kernel_pca,16,0
4470,6,0.031995582321009276,2.9111480943749215,boundary_kernel_pca,16,0
4470,7,0.009624640575050091,3.9114626445811265,boundary_kernel_pca,16,0
4470,8,0.0050941511725597355,2.6095196902664286,boundary_kernel_pca,16,0
4470,9,0.034645114321815294,6.7709293851243615,boundary_kernel_pca,16,0
4470,10,0.011466890398060373,3.9033997850514277,boundary_kernel_pca,16,0
5873,1,0.0044433032207281615,0.24836733809162762,boundary_kernel_pca,16,0
5873,2,0.018685352459501904,3.826554513563455,boundary_kernel_pca,16,0
5873,3,0.014894513615945834,1.7946455694513526,boundary_kernel_pca,16,0
5873,4,0.010735747774249871,0.6634682724184282,boundary_kernel_pca,16,0
5873,5,0.03198211765554324,2.1906062017988317,boundary_kernel_pca,16,0
5873,6,0.02110877667420593,2.792543515874928,boundary_kernel_pca,16,0
5873,7,0.02035396541504564,0.4213013362690888,boundary_kernel_pca,16,0
5873,8,0.1563332695517425,0.37897971486903437,boundary_kernel_pca,16,0
5873,9,0.15002933621426717,3.495135588607063,boundary_kernel_pca,16,0
5873,10,0.03932983172795298,1.9381139478846832,boundary_kernel_pca,16,0
6148,1,0.0006461933073369503,3.4643849387884917,boundary_kernel_pca,16,0
6148,2,0.0017021996014535017,5.780424630849152,boundary_kernel_pca,16,0
6148,3,0.004175783324913292,5.3914034655297725,boundary_kernel_pca,16,0
6148,4,0.0028790212054999867,4.56286540064101,boundary_kernel_pca,16,0
6148,5,0.019804379079614548,2.0822824807017364,boundary_kernel_pca,16,0
6148,6,0.015779035036794238,4.717732103480352,boundary_kernel_pca,16,0
6148,7,0.013053447428245019,3.4336070754009445,boundary_kernel_pca,16,0
6148,8,0.01848471165058438,6.076581768546047,boundary_kernel_pca,16,0
6148,10,0.016475627138183773,0.08784558191903165,boundary_kernel_pca,16,0
7862,1,0.0196327169354433,1.488031793287657,boundary_kernel_pca,16,0
7862,2,0.020647935528620525,4.87053358324339,boundary_kernel_pca,16,0
7862,3,0.01866852812591926,0.7253352638605879,boundary_kernel_pca,16,0
7862,4,0.03267921529593348,0.084302646571889,boundary_kernel_pca,16,0
7862,5,0.03594923601209363,11.862541460086064,boundary_kernel_pca,16,0
7862,6,0.0191433923837407,1.3991057638861444,boundary_kernel_pca,16,0
7862,7,0.04520505844411405,8.388895118326163,boundary_kernel_pca,16,0
7862,8,0.04829271812678339,0.7686598186904368,boundary_kernel_pca,16,0
7862,9,0.08425493551999579,10.649943961955046,boundary_kernel_pca,16,0
7862,10,0.0725713120035355,6.768182380209301,boundary_kernel_pca,16,0
8539,1,0.0029371264425982085,0.7472524286968176,boundary_kernel_pca,16,0
8539,2,0.01663694300809434,2.7264966124986767,boundary_kernel_pca,16,0
8539,3,0.0004789106296478415,0.2718011671833692,boundary_kernel_pca,16,0
8539,4,0.005551752336843334,2.0426689947816805,boundary_kernel_pca,16,0
8539,5,0.004323834383142012,5.97240473508348,boundary_kernel_pca,16,0
8539,8,0.02329735216613063,0.0528369473749187,boundary_kernel_pca,16,0
8539,9,0.024777496946943988,6.142831673713297,boundary_kernel_pca,16,0
8539,10,0.015309103346847366,2.295524523790321,boundary_kernel_pca,16,0
9311,1,0.012740853974676709,2.675899588731965,boundary_kernel_pca,16,0
9311,2,0.018367878278257848,2.679989129490325,boundary_kernel_pca,16,0
9311,3,0.013087873569978627,2.4015469940714476,boundary_kernel_pca,16,0
9311,6,0.027765318280178135,2.238034251481004,boundary_kernel_pca,16,0
9311,7,0.02710674071514158,4.9479176082682566,boundary_kernel_pca,16,0
9311,8,0.0226502762559788,3.0895954396560383,boundary_kernel_pca,16,0
9311,9,0.04240695710096521,1.8007778167362896,boundary_kernel_pca,16,0
9311,10,0.05475071840661411,5.562583727645412,boundary_kernel_pca,16,0
9779,1,0.0019078974974381458,3.5203117498006877,boundary_kernel_pca,16,0
9779,2,0.015441064331151312,4.373108093243791,boundary_kernel_pca,16,0
9779,3,0.004614940145629933,4.650015128990658,boundary_kernel_pca,16,0
9779,4,0.0032065261024923587,1.3397562136124315,boundary_kernel_pca,16,0
9779,5,0.0103707697435705,6.587786717927377,boundary_kernel_pca,16,0
9779,6,0.013329973689763968,5.725760170436209,boundary_kernel_pca,16,0
9779,7,0.00894793310111827,5.355523042958448,boundary_kernel_pca,16,0
9779,8,0.008681001708004598,4.387579609412906,boundary_kernel_pca,16,0
9779,9,0.009703058761734306,7.141355492966796,boundary_kernel_pca,16,0
9779,10,0.007275835361831977,5.4373786966939095,boundary_kernel_pca,16,0
422,1,0.0007936641320549957,2.2338214666774747,output_pca,16,0
422,2,0.011912074936808662,1.7225125555243708,output_pca,16,0
422,3,0.02723423383991621,2.142930349362245,output_pca,16,0
422,4,0.013203970307165913,1.967524847729621,output_pca,16,0
422,5,0.021876732956786684,1.3464107667678555,output_pca,16,0
422,8,0.031077751182277125,0.5582030841373571,output_pca,16,0
422,9,0.030817556997689264,1.3127932503543134,output_pca,16,0
422,10,0.01290754229898711,1.113103049498667,output_pca,16,0
1190,1,0.0023017211408609705,0.19717709976814227,output_pca,16,0
1190,2,0.011912811476066694,2.393813587622144,output_pca,16,0
1190,3,0.003385855287428633,1.338832791217686,output_pca,16,0
1190,4,0.006520536498933872,1.4924942372682541,output_pca,16,0
1190,5,0.021262242715863036,2.3111575692834103,output_pca,16,0
1190,6,0.01800105628867221,0.7702970161777638,output_pca,16,0
1190,7,0.01808806169202257,1.9036143852721699,output_pca,16,0
1190,8,0.011309736309356703,1.7268685098025331,output_pca,16,0
1190,9,0.020585350662257067,1.8981221605033338,output_pca,16,0
1190,10,0.01216311620035963,0.7761471391255905,output_pca,16,0
1826,1,0.0052905270076728855,6.748501576336669,output_pca,16,0
1826,2,0.007302843062970075,2.5952328991743276,output_pca,16,0
1826,3,0.003664216588398196,2.5920382092599743,output_pca,16,0
1826,4,0.006695367000895885,8.475943924025822,output_pca,16,0
1826,5,0.011194890608506815,5.387139318620312,output_pca,16,0
1826,6,0.011636268365478696,1.8955741163679873,output_pca,16,0
1826,7,0.007513360798405827,2.5265126819806016,output_pca,16,0
1826,8,0.011683034068287421,4.315776599871311,output_pca,16,0
1826,9,0.01401559626040269,3.000174643175278,output_pca,16,0
2209,1,0.0014985058230380145,1.0589253244835595,output_pca,16,0
2209,2,0.0036930971910194743,1.508024099761344,output_pca,16,0
2209,3,0.004673200733026653,0.1962421060652024,output_pca,16,0
2209,4,0.001705985277297696,1.0428847424382612,output_pca,16,0
2209,5,0.02291673946383547,1.0099178545290561,output_pca,16,0
2209,6,0.017664546954455133,1.055308940442502,output_pca,16,0
2209,7,0.1368724769168766,1.0147337741758067,output_pca,16,0
2209,8,0.006555384833016264,2.228144817853429,output_pca,16,0
2209,10,0.005413291854529909,1.1252119593758931,output_pca,16,0
2802,1,0.0032755386314649217,0.8544579201982522,output_pca,16,0
2802,2,0.017156592170897253,0.2308948297590166,output_pca,16,0
2802,3,0.022442008294508948,0.28961234089379023,output_pca,16,0
2802,4,0.018531793415312643,0.6167744617288051,output_pca,16,0
2802,5,0.029208402101068197,2.81086292909094,output_pca,16,0
2802,6,0.016532677432298984,2.1327068131319074,output_pca,16,0
2802,7,0.01408695656793246,0.804126324181472,output_pca,16,0
2802,8,0.012746934790052638,0.17396250285249237,output_pca,16,0
2802,9,0.01659110577995867,4.294128377875784,output_pca,16,0
3377,1,0.00842104253660532,3.832592514829091,output_pca,16,0
3377,2,0.01623484610551611,2.561819677238848,output_pca,16,0
3377,3,0.01638958332341612,1.3421435834822861,output_pca,16,0
3377,4,0.01975225170146248,4.596985356550197,output_pca,16,0
3377,5,0.0165883052751392,2.754868142084113,output_pca,16,0
3377,6,0.023789424339249535,0.004946896603754197,output_pca,16,0
3377,7,0.02778926765847901,3.116797788390095,output_pca,16,0
3377,8,0.028841390766696763,2.8345394523389658,output_pca,16,0
3377,9,0.042187168268142845,0.8717264697680883,output_pca,16,0
3377,10,0.03367800106600154,0.26254775902825683,output_pca,16,0
3408,1,0.0011597733952165895,0.6016827811996257,output_pca,16,0
3408,2,0.001142873067353475,4.386866801807072,output_pca,16,0
3408,3,0.004482279600637348,0.47016424042882526,output_pca,16,0
3408,4,0.0068585993440090235,0.5076682952704586,output_pca,16,0
3408,5,0.01846947816236168,2.5364087924206142,output_pca,16,0
3408,6,0.015755938516375276,0.741721549303907,output_pca,16,0
3408,7,0.015808003255099762,1.8646415066773665,output_pca,16,0
3408,8,0.003245742136986207,0.6200494942430634,output_pca,16,0
3408,9,0.012448888571435533,4.816993453796926,output_pca,16,0
3408,10,0.12711670152433194,1.158465141280923,output_pca,16,0
4082,1,0.0004969155421452621,0.5365693349339662,output_pca,16,0
4082,2,0.004160152579546122,1.2256284687591583,output_pca,16,0
4082,3,0.005690482132262034,0.6784409795957909,output_pca,16,0
4082,4,0.010947222354699186,1.1846098995428331,output_pca,16,0
4082,5,0.020888177116849357,2.2677118266569924,output_pca,16,0
4082,6,0.017623072256329038,0.9186092541620303,output_pca,16,0
4082,7,0.01668233007688494,0.7720606607919982,output_pca,16,0
4082,8,0.025265661567071346,0.11433454437134918,output_pca,16,0
4082,9,0.032136892509068045,2.312088586029478,output_pca,16,0
4082,10,0.018067677587214392,1.0779016840395141,output_pca,16,0
4352,1,0.006343859255049632,0.6075020411970241,output_pca,16,0
4352,2,0.02214017509484097,1.048309807696984,output_pca,16,0
4352,3,0.026715726771239994,2.1549426575514485,output_pca,16,0
4352,4,0.036317987180580824,1.3485922746748606,output_pca,16,0
4352,5,0.04041695096269507,3.7495088909634147,output_pca,16,0
4352,6,0.035378823280738866,5.106459455529786,output_pca,16,0
4352,7,0.043858523296216256,1.6744009506891193,output_pca,16,0
4352,8,0.048114903154403255,12.344832275857401,output_pca,16,0
4352,9,0.054299161905415824,10.72602220060581,output_pca,16,0
4352,10,0.05637977509972098,9.080339964415051,output_pca,16,0
4470,1,0.0037057691805407896,0.8342263213174949,output_pca,16,0
4470,2,0.004208237413784821,8.085948419290977,output_pca,16,0
4470,3,0.003378083784334068,0.6363323018513147,output_pca,16,0
4470,4,0.003863861819272046,1.5866686714633023,output_pca,16,0
4470,5,0.02804683061428716,9.096965265651251,output_pca,16,0
4470,6,0.031984659024139994,2.3371846524104405,output_pca,16,0
4470,7,0.007575605982950098,3.792501200169621,output_pca,16,0
4470,8,0.005816536515912332,1.7708201718359182,output_pca,16,0
4470,9,0.008932331132213806,20.895734314784868,output_pca,16,0
4470,10,0.011056024075624912,0.6288222492228358,output_pca,16,0
5873,1,0.005874000806038204,0.32589550537350126,output_pca,16,0
5873,2,0.005598826764554749,4.173434006595938,output_pca,16,0
5873,3,0.014582778052991734,0.8578145087016619,output_pca,16,0
5873,4,0.026481604201382805,0.054650959649469553,output_pca,16,0
5873,5,0.029037460791976055,3.1250146353915826,output_pca,16,0
5873,6,0.02111004072954794,2.5663984165112916,output_pca,16,0
5873,7,0.03359706203659241,0.8423549811773205,output_pca,16,0
5873,8,0.15223698698565788,0.03968197711746227,output_pca,16,0
5873,9,0.1554141337968633,13.969499104918238,output_pca,16,0
5873,10,0.0406400118529052,5.280407780293824,output_pca,16,0
6148,1,0.0007778170462026143,3.296635220747728,output_pca,16,0
6148,2,0.004893989525580888,7.347308147974716,output_pca,16,0
6148,3,0.005229556646351671,6.788041835939959,output_pca,16,0
6148,4,0.009565235390110198,2.097773423869944,output_pca,16,0
6148,5,0.02278623816710142,0.0823331672070027,output_pca,16,0
6148,6,0.016622225399184083,2.000643230278669,output_pca,16,0
6148,7,0.017044463484990276,2.9365475140088972,output_pca,16,0
6148,8,0.004081441012022138,6.706736082273266,output_pca,16,0
6148,10,0.016450677307497465,1.77266636331272,output_pca,16,0
7862,1,0.025109866023608093,1.611707167006999,output_pca,16,0
7862,2,0.02334337655855232,4.091151939665574,output_pca,16,0
7862,3,0.019848153167670475,0.8465768824905823,output_pca,16,0
7862,4,0.03217071601133573,1.1577138517553192,output_pca,16,0
7862,5,0.050698272394771,11.249301229302832,output_pca,16,0
7862,6,0.02437841161999289,1.0971798828173638,output_pca,16,0
7862,7,0.04605085764044677,8.749741737663259,output_pca,16,0
7862,8,0.037654084800769747,0.43416950620749234,output_pca,16,0
7862,9,0.06792418343537833,7.874409928178872,output_pca,16,0
7862,10,0.051867887380577744,3.0433484984910453,output_pca,16,0
8539,1,0.0008850565092318044,1.645759542441374,output_pca,16,0
8539,2,0.02084353594770491,2.8304691134490385,output_pca,16,0
8539,3,0.0021944012916901017,0.7001452915416598,output_pca,16,0
8539,4,0.002098504399243515,2.792703742148275,output_pca,16,0
8539,5,0.014771067663160404,5.248733142396198,output_pca,16,0
8539,8,0.023722888852872888,0.9930439088168803,output_pca,16,0
8539,9,0.034132181656592875,3.144358877719815,output_pca,16,0
8539,10,0.004210830007678136,0.03658454983079583,output_pca,16,0
9311,1,0.014185117320073213,2.761992551486356,output_pca,16,0
9311,2,0.022525747722694486,1.4705814261694161,output_pca,16,0
9311,3,0.011509132683898117,2.049758733493349,output_pca,16,0
9311,6,0.027781717686337953,0.5766636564449878,output_pca,16,0
9311,7,0.029928328898691552,3.7998759221352882,output_pca,16,0
9311,8,0.02626487908827407,0.3007234333377988,output_pca,16,0
9311,9,0.03803290892880744,1.0384161658436684,output_pca,16,0
9311,10,0.053408362055712415,2.1933927413945766,output_pca,16,0
9779,1,0.0014872642487780395,3.84627497279276,output_pca,16,0
9779,2,0.007671497865463899,4.399609053434658,output_pca,16,0
9779,3,0.005818427021685335,3.4338429509434873,output_pca,16,0
9779,4,0.00735301617768764,4.9780045696645,output_pca,16,0
9779,5,0.010782067710048065,5.768328065117805,output_pca,16,0
9779,6,0.013539886726038201,4.51624343818811,output_pca,16,0
9779,7,0.007381227186884441,4.88369005605919,output_pca,16,0
9779,8,0.008618283556068449,6.8243346025498575,output_pca,16,0
9779,9,0.009172555486368587,7.089056031422588,output_pca,16,0
9779,10,0.012525192608017433,3.1925013070124924,output_pca,16,0
422,1,0.005607929663441668,15.458918373839412,direct_hf,16,0
422,2,0.012810530095853232,15.606453970918025,direct_hf,16,0
422,3,0.009978259221576809,30.42744981259149,direct_hf,16,0
422,4,0.00649909963072865,7.607302990948271,direct_hf,16,0
422,5,0.03529448203392098,14.680588229338122,direct_hf,16,0
422,8,0.11248115909824001,13.381415324698052,direct_hf,16,0
422,9,0.11650566337170662,6.6533247384214445,direct_hf,16,0
422,10,0.01839659974417681,6.756686215735641,direct_hf,16,0
1190,1,0.004388083306324345,17.65332592631268,direct_hf,16,0
1190,2,0.005258075234160868,1.9525770057436813,direct_hf,16,0
1190,3,0.009370405507078575,14.387294189131012,direct_hf,16,0
1190,4,0.020955525891780537,11.662272728976193,direct_hf,16,0
1190,5,0.05920630530421533,3.120864436930347,direct_hf,16,0
1190,6,0.05126549257033157,10.259257030769174,direct_hf,16,0
1190,7,0.01021250844718208,1.6981411295635205,direct_hf,16,0
1190,8,0.02040921673030766,11.740780640132337,direct_hf,16,0
1190,9,0.025856780320371017,10.22516766773766,direct_hf,16,0
1190,10,0.03537079774694462,10.78122578133528,direct_hf,16,0
1826,1,0.013089396881410236,0.7016334971141037,direct_hf,16,0
1826,2,0.010566129647554878,6.958529426169955,direct_hf,16,0
1826,3,0.010097287868904896,4.116860994278105,direct_hf,16,0
1826,4,0.016198135660738983,2.344655412052649,direct_hf,16,0
1826,5,0.21171832304431576,6.471558997009949,direct_hf,16,0
1826,6,0.2038932821096651,8.49528529863748,direct_hf,16,0
1826,7,0.012971647245093832,14.824052033308737,direct_hf,16,0
1826,8,0.016074611191893465,9.187364621213584,direct_hf,16,0
1826,9,0.022647024756933334,21.174195761236053,direct_hf,16,0
2209,1,0.00705083698372807,0.9753151849429315,direct_hf,16,0
2209,2,0.014717530188501717,1.0194548333222457,direct_hf,16,0
2209,3,0.012533495193987625,0.38785805035452436,direct_hf,16,0
2209,4,0.01723227695002413,3.3899705359673282,direct_hf,16,0
2209,5,0.15684466164106897,1.2670597935964427,direct_hf,16,0
2209,6,0.03277192242028645,26.479075557326077,direct_hf,16,0
2209,7,0.24657367520492424,1.4408654374040815,direct_hf,16,0
2209,8,0.021252134398307757,3.688345832292292,direct_hf,16,0
2209,10,0.03510238427489699,2.5816973027312557,direct_hf,16,0
2802,1,0.010660415962610659,7.563162311172432,direct_hf,16,0
2802,2,0.006840400634158712,13.589600632653967,direct_hf,16,0
2802,3,0.004872334021831639,9.65102429299121,direct_hf,16,0
2802,4,0.008653383965212116,7.406499613100117,direct_hf,16,0
2802,5,0.02579040678128939,15.946088075607557,direct_hf,16,0
2802,6,0.008600796206761695,11.967027223760708,direct_hf,16,0
2802,7,0.010058859779248659,18.7179847683586,direct_hf,16,0
2802,8,0.009857876805406323,7.13588606741558,direct_hf,16,0
2802,9,0.02060110811490587,28.683206545240907,direct_hf,16,0
3377,1,0.027016658324976354,12.745587581154798,direct_hf,16,0
3377,2,0.01611525446676967,24.001750371523755,direct_hf,16,0
3377,3,0.01801638626158756,16.937965057715893,direct_hf,16,0
3377,4,0.021033272241272313,22.537492985692072,direct_hf,16,0
3377,5,0.2196438451819991,33.56026443322711,direct_hf,16,0
3377,6,0.1738624590755613,36.424954543193756,direct_hf,16,0
3377,7,0.01897503660244332,26.259467379034163,direct_hf,16,0
3377,8,0.029364999438690486,34.063760594284744,direct_hf,16,0
3377,9,0.030437970056130095,58.05450587776193,direct_hf,16,0
3377,10,0.01641544375130607,26.594235606040744,direct_hf,16,0
3408,1,0.004795678631676192,4.9773190673747685,direct_hf,16,0
3408,2,0.009824011102030088,4.311891327731282,direct_hf,16,0
3408,3,0.007226988798843771,4.776493014917717,direct_hf,16,0
3408,4,0.010739678542922501,4.361216900739067,direct_hf,16,0
3408,5,0.012307576811480134,3.994813717983749,direct_hf,16,0
3408,6,0.013357170351543018,0.2115961082923839,direct_hf,16,0
3408,7,0.012275966254849259,31.159376003138597,direct_hf,16,0
3408,8,0.024190213847007515,3.966153914895702,direct_hf,16,0
3408,9,0.03475834602552933,29.8901091769942,direct_hf,16,0
3408,10,0.13762705718739415,2.570748860092315,direct_hf,16,0
4082,1,0.0023527158885943878,12.002534580599452,direct_hf,16,0
4082,2,0.0022942436319385493,12.63250216103008,direct_hf,16,0
4082,3,0.0011962714318894546,6.827951519126971,direct_hf,16,0
4082,4,0.0016048131155588555,11.713956250391375,direct_hf,16,0
4082,5,0.014418602334938796,11.98547384587067,direct_hf,16,0
4082,6,0.007923511982270226,4.43189923940119,direct_hf,16,0
4082,7,0.003318826997257875,9.515150859035842,direct_hf,16,0
4082,8,0.06357765187256711,3.4253318709417404,direct_hf,16,0
4082,9,0.07955305734261879,4.78692651769201,direct_hf,16,0
4082,10,0.016125513998910466,12.43920961946848,direct_hf,16,0
4352,1,0.006746825738687433,14.64239826253538,direct_hf,16,0
4352,2,0.016216807450972273,8.643379964515256,direct_hf,16,0
4352,3,0.014622971099115877,16.733849495527153,direct_hf,16,0
4352,4,0.01897930483603537,6.423268162971429,direct_hf,16,0
4352,5,0.11368707989498864,2.12278201512868,direct_hf,16,0
4352,6,0.08678334595727905,7.119631461063516,direct_hf,16,0
4352,7,0.023282376829138973,4.495256644967333,direct_hf,16,0
4352,8,0.02220622534003468,15.099701563153468,direct_hf,16,0
4352,9,0.04017482486992778,13.816675190508604,direct_hf,16,0
4352,10,0.026174630241119448,2.9555867426788036,direct_hf,16,0
4470,1,0.005263130555209016,5.163440054540307,direct_hf,16,0
4470,2,0.008660328721157066,20.336492145841973,direct_hf,16,0
4470,3,0.007219682711800333,2.6691403906352202,direct_hf,16,0
4470,4,0.010376032839229526,0.3389471017426254,direct_hf,16,0
4470,5,0.047587698711602164,24.77306647257423,direct_hf,16,0
4470,6,0.04398604497328248,7.377857505802945,direct_hf,16,0
4470,7,0.013264735410300255,17.236634140401886,direct_hf,16,0
4470,8,0.06391833361413907,10.198363279111058,direct_hf,16,0
4470,9,0.04694940700243884,32.33737213410799,direct_hf,16,0
4470,10,0.026083113453272414,10.607190535074439,direct_hf,16,0
5873,1,0.006686576555911412,2.9629121317935314,direct_hf,16,0
5873,2,0.012616093651383388,26.031906785206626,direct_hf,16,0
5873,3,0.012843378271289433,0.555717358421124,direct_hf,16,0
5873,4,0.011186125603374066,6.793259258996619,direct_hf,16,0
5873,5,0.03058606230774019,37.271809904906334,direct_hf,16,0
5873,6,0.032403140863265394,4.696841159485551,direct_hf,16,0
5873,7,0.015570594065438991,25.473304657493838,direct_hf,16,0
5873,8,0.05103994007122182,5.678943332852335,direct_hf,16,0
5873,9,0.049374236081812996,43.38075481042542,direct_hf,16,0
5873,10,0.022971091305966872,22.08284093287463,direct_hf,16,0
6148,1,0.0014103177535836268,28.35771609156251,direct_hf,16,0
6148,2,0.007013346783784143,7.402511986990153,direct_hf,16,0
6148,3,0.007763338982743293,20.1845995638568,direct_hf,16,0
6148,4,0.006308621630614636,17.00192644332781,direct_hf,16,0
6148,5,0.04555402716404872,3.377396596856494,direct_hf,16,0
6148,6,0.0464128016950837,12.301052216875533,direct_hf,16,0
6148,7,0.014426360676071911,18.905272829543534,direct_hf,16,0
6148,8,0.014596383681385664,16.443586709557188,direct_hf,16,0
6148,10,0.014564059030855003,16.797315565030452,direct_hf,16,0
7862,1,0.007350233121749861,12.828506537823937,direct_hf,16,0
7862,2,0.012340307921905424,10.000616928365764,direct_hf,16,0
7862,3,0.010856616748580118,8.188240287740259,direct_hf,16,0
7862,4,0.011660004905230965,6.741963466753055,direct_hf,16,0
7862,5,0.014793394301014335,2.137053581352034,direct_hf,16,0
7862,6,0.0073220770236095255,16.28802017550041,direct_hf,16,0
7862,7,0.015070990521855405,0.22937466534713824,direct_hf,16,0
7862,8,0.043333052704618895,12.955773045739887,direct_hf,16,0
7862,9,0.038867617069153856,0.9446609424467973,direct_hf,16,0
7862,10,0.02653401213506753,2.2905156328780896,direct_hf,16,0
8539,1,0.004649394614210508,7.400154212797172,direct_hf,16,0
8539,2,0.005133333518144683,17.825006121903993,direct_hf,16,0
8539,3,0.002707474697640834,8.730008955284458,direct_hf,16,0
8539,4,0.005613287684316745,7.142204244614521,direct_hf,16,0
8539,5,0.014825736929394089,19.8822742476923,direct_hf,16,0
8539,8,0.09571216023917582,7.174282418519622,direct_hf,16,0
8539,9,0.10205753615251122,18.190379377631658,direct_hf,16,0
8539,10,0.018588129881915983,10.859680869603826,direct_hf,16,0
9311,1,0.005324382612850415,5.58708585972219,direct_hf,16,0
9311,2,0.006991733702951718,6.894479093488353,direct_hf,16,0
9311,3,0.008866089269487211,4.576654892874382,direct_hf,16,0
9311,6,0.010660517959221473,1.540617333592293,direct_hf,16,0
9311,7,0.009666193962948528,4.677360277810177,direct_hf,16,0
9311,8,0.05552919070545807,9.042631576381043,direct_hf,16,0
9311,9,0.04356177872448447,6.022748062549702,direct_hf,16,0
9311,10,0.03137680389140041,1.5142002398922614,direct_hf,16,0
9779,1,0.005548434859734022,4.002156600711866,direct_hf,16,0
9779,2,0.00849240984219403,9.606805852872947,direct_hf,16,0
9779,3,0.007996998021163397,1.3782234663740045,direct_hf,16,0
9779,4,0.010656789131958121,3.122020935362746,direct_hf,16,0
9779,5,0.01231316615023918,16.06372943685029,direct_hf,16,0
9779,6,0.021015218360877556,6.9856701768041685,direct_hf,16,0
9779,7,0.013963542455002925,6.687600052886807,direct_hf,16,0
9779,8,0.026728541778879147,1.6601445714034626,direct_hf,16,0
9779,9,0.029574997105370565,20.191948420229732,direct_hf,16,0
9779,10,0.019606476784204317,1.1075679987629732,direct_hf,16,0
422,1,0.0014166527487031642,2.075379581212556,cokriging,16,0
422,2,0.005329516512718009,1.149491147023699,cokriging,16,0
422,3,0.003357175932561229,3.2814235559055596,cokriging,16,0
422,4,0.0011102228853567288,0.0422710256965119,cokriging,16,0
422,5,0.008475910961038384,2.1396699755971356,cokriging,16,0
422,8,0.03476910555055061,3.5108982518454837,cokriging,16,0
422,9,0.03174370823053123,1.1862086543703052,cokriging,16,0
422,10,0.0031079383418692506,0.6011734493907522,cokriging,16,0
1190,1,0.0018723988260626306,0.021704108327211622,cokriging,16,0
1190,2,0.004500725799966034,1.218035826327586,cokriging,16,0
1190,3,0.005823312013147913,0.497870797630774,cokriging,16,0
1190,4,0.002004262395197087,1.2367377094782175,cokriging,16,0
1190,5,0.011579479829021662,1.5349717160639176,cokriging,16,0
1190,6,0.017303038518232637,0.9303806273076191,cokriging,16,0
1190,7,0.008057811252595507,1.6195482017254046,cokriging,16,0
1190,8,0.00784094155498486,0.37094123896642556,cokriging,16,0
1190,9,0.019848142406902924,0.17136109244086056,cokriging,16,0
1190,10,0.0064969267995040785,2.393548605771328,cokriging,16,0
1826,1,0.0059054910720459436,6.5978177588634095,cokriging,16,0
1826,2,0.00931026978823575,2.323394755008328,cokriging,16,0
1826,3,0.0048829155012715415,1.909816101275049,cokriging,16,0
1826,4,0.0070834377847037435,3.473770082085577,cokriging,16,0
1826,5,0.023557221277031505,5.186841916278923,cokriging,16,0
1826,6,0.011600185226265205,0.4117550746741622,cokriging,16,0
1826,7,0.01890294734290093,2.2656310983028507,cokriging,16,0
1826,8,0.018582573768908768,3.837341322881825,cokriging,16,0
1826,9,0.024281188018492775,5.1015839454000425,cokriging,16,0
2209,1,0.0011629686418628414,0.21665629081158744,cokriging,16,0
2209,2,0.0044288704488825706,0.5348195738730336,cokriging,16,0
2209,3,0.005161870670571662,0.47482609783955004,cokriging,16,0
2209,4,0.002502558008788716,2.66721910662849,cokriging,16,0
2209,5,0.0077285864832511595,0.9907281048503359,cokriging,16,0
2209,6,0.014240206959845798,3.2036444387568754,cokriging,16,0
2209,7,0.14190508105242514,1.1002957652194991,cokriging,16,0
2209,8,0.006473717570939316,1.4504418348079868,cokriging,16,0
2209,10,0.004820725336276907,4.0239095354282925,cokriging,16,0
2802,1,0.003305300185983237,0.6825884100515123,cokriging,16,0
2802,2,0.02369880380435259,0.6850695078199125,cokriging,16,0
2802,3,0.016339944434268984,0.10424797703253202,cokriging,16,0
2802,4,0.01652569101739398,2.959469036913828,cokriging,16,0
2802,5,0.01589580228997872,1.802959622551927,cokriging,16,0
2802,6,0.015162265970059425,1.6405431945432556,cokriging,16,0
2802,7,0.027470217587664606,0.12860333043032943,cokriging,16,0
2802,8,0.022247167328993598,0.3991016569777882,cokriging,16,0
2802,9,0.0242209517386384,0.9347394669636239,cokriging,16,0
3377,1,0.009934177895640682,4.563770355267202,cokriging,16,0
3377,2,0.005799877694530865,2.4272603533672523,cokriging,16,0
3377,3,0.003511033973791803,0.6276774094825716,cokriging,16,0
3377,4,0.008375146426349272,6.87964696195407,cokriging,16,0
3377,5,0.009481900922948752,3.095030373412776,cokriging,16,0
3377,6,0.022813519878668916,1.4579736132572005,cokriging,16,0
3377,7,0.008522752191238605,3.350250237019582,cokriging,16,0
3377,8,0.029656060681673396,0.911945859546533,cokriging,16,0
3377,9,0.024319284971500554,2.054386257220811,cokriging,16,0
3377,10,0.025997524634689274,1.0415547239339236,cokriging,16,0
3408,1,0.0009818800279191716,0.5812915845610174,cokriging,16,0
3408,2,0.0017350377395443518,3.9564779977063536,cokriging,16,0
3408,3,0.001893097603564037,0.414850719673955,cokriging,16,0
3408,4,0.001608521425806216,2.253504101614911,cokriging,16,0
3408,5,0.0057169138650419666,2.401625236539255,cokriging,16,0
3408,6,0.009990235932072175,2.859498628152471,cokriging,16,0
3408,7,0.008933329223790466,1.8456326087801538,cokriging,16,0
3408,8,0.0031309968412158223,1.6954102457574485,cokriging,16,0
3408,9,0.004067579479634133,3.0145214128346582,cokriging,16,0
3408,10,0.13201324089319347,2.8028028722567604,cokriging,16,0
4082,1,0.0007958388397119604,0.5802802933463455,cokriging,16,0
4082,2,0.004151167741847501,1.8796966306112204,cokriging,16,0
4082,3,0.0029162068163422227,0.22619477568864305,cokriging,16,0
4082,4,0.0032173974303933753,1.5345904307174731,cokriging,16,0
4082,5,0.010952264080326261,1.4026181376716689,cokriging,16,0
4082,6,0.014859341572312267,0.7471200638994356,cokriging,16,0
4082,7,0.010014548025453197,0.8941806864182916,cokriging,16,0
4082,8,0.030358828230902697,0.639463619135489,cokriging,16,0
4082,9,0.03430485319984208,0.20405393004058575,cokriging,16,0
4082,10,0.005317862356216249,0.8821862249057055,cokriging,16,0
4352,1,0.004597930798972841,0.0542423887579671,cokriging,16,0
4352,2,0.01169183333890732,1.732423371129704,cokriging,16,0
4352,3,0.006942850770975107,4.458409144085863,cokriging,16,0
4352,4,0.010318768927446596,3.5269658129722212,cokriging,16,0
4352,5,0.031250338213009064,3.0537058565578645,cokriging,16,0
4352,6,0.01955725688722775,6.235820409108818,cokriging,16,0
4352,7,0.014434456482694296,2.9135928259802824,cokriging,16,0
4352,8,0.04588377007830292,8.862757813118606,cokriging,16,0
4352,9,0.04711439804035485,10.06491248428466,cokriging,16,0
4352,10,0.04660785972278597,7.569096564599744,cokriging,16,0
4470,1,0.0031057082610738106,0.2533367625044604,cokriging,16,0
4470,2,0.011007066373862158,6.895163338731739,cokriging,16,0
4470,3,0.00562047467482985,2.315195370384135,cokriging,16,0
4470,4,0.004088393772838971,3.30548058460222,cokriging,16,0
4470,5,0.02453769671895478,7.567228570603288,cokriging,16,0
4470,6,0.028967050657835145,2.9111480943749215,cokriging,16,0
4470,7,0.017270799835472986,3.9114626445811265,cokriging,16,0
4470,8,0.006444430455894286,2.6095196902664286,cokriging,16,0
4470,9,0.006922036804844371,6.7709293851243615,cokriging,16,0
4470,10,0.01925608776642971,3.9033997850514277,cokriging,16,0
5873,1,0.005505106438260788,0.24836733809162762,cokriging,16,0
5873,2,0.02473265805320277,3.826554513563455,cokriging,16,0
5873,3,0.016887001556730882,1.7946455694513526,cokriging,16,0
5873,4,0.0165458915248928,0.6634682724184282,cokriging,16,0
5873,5,0.012597967097874065,2.1906062017988317,cokriging,16,0
5873,6,0.02097456320049017,2.792543515874928,cokriging,16,0
5873,7,0.027194390988089182,0.4213013362690888,cokriging,16,0
5873,8,0.15372349838333207,0.37897971486903437,cokriging,16,0
5873,9,0.15290785189002382,3.495135588607063,cokriging,16,0
5873,10,0.02716805377308334,1.9381139478846832,cokriging,16,0
6148,1,0.0011734882977240339,3.4643849387884917,cokriging,16,0
6148,2,0.0028333497281788824,5.780424630849152,cokriging,16,0
6148,3,0.0024168613273917294,5.3914034655297725,cokriging,16,0
6148,4,0.002010438515110998,4.56286540064101,cokriging,16,0
6148,5,0.036156102856082985,2.0822824807017364,cokriging,16,0
6148,6,0.00923920188432999,4.717732103480352,cokriging,16,0
6148,7,0.00603363585832328,3.4336070754009445,cokriging,16,0
6148,8,0.006576524636440066,6.076581768546047,cokriging,16,0
6148,10,0.004822452609967164,0.08784558191903165,cokriging,16,0
7862,1,0.02173543516200796,1.488031793287657,cokriging,16,0
7862,2,0.013609431645308593,4.87053358324339,cokriging,16,0
7862,3,0.013673830462541118,0.7253352638605879,cokriging,16,0
7862,4,0.015757593055936315,0.084302646571889,cokriging,16,0
7862,5,0.03901499169829344,11.862541460086064,cokriging,16,0
7862,6,0.01917244812600671,1.3991057638861444,cokriging,16,0
7862,7,0.01559661115239461,8.388895118326163,cokriging,16,0
7862,8,0.04023620503582658,0.7686598186904368,cokriging,16,0
7862,9,0.0651510366363815,10.649943961955046,cokriging,16,0
7862,10,0.05580447814693916,6.768182380209301,cokriging,16,0
8539,1,0.0011558624160712347,0.7472524286968176,cokriging,16,0
8539,2,0.01796247279942862,2.7264966124986767,cokriging,16,0
8539,3,0.011807710160364318,0.2718011671833692,cokriging,16,0
8539,4,0.006609244020744918,2.0426689947816805,cokriging,16,0
8539,5,0.030176514942213135,5.97240473508348,cokriging,16,0
8539,8,0.024339528143029504,0.0528369473749187,cokriging,16,0
8539,9,0.026439759898020467,6.142831673713297,cokriging,16,0
8539,10,0.0031302989895822288,2.295524523790321,cokriging,16,0
9311,1,0.014565946272077404,2.675899588731965,cokriging,16,0
9311,2,0.018376871026440256,2.679989129490325,cokriging,16,0
9311,3,0.014124876113165511,2.4015469940714476,cokriging,16,0
9311,6,0.026357941414034598,2.238034251481004,cokriging,16,0
9311,7,0.02185278358144407,4.9479176082682566,cokriging,16,0
9311,8,0.0245183640803908,3.0895954396560383,cokriging,16,0
9311,9,0.053231509944498885,1.8007778167362896,cokriging,16,0
9311,10,0.05304876206056539,5.562583727645412,cokriging,16,0
9779,1,0.001429140457458654,3.5203117498006877,cokriging,16,0
9779,2,0.018454578139538193,4.373108093243791,cokriging,16,0
9779,3,0.011594843150700092,4.650015128990658,cokriging,16,0
9779,4,0.003072479857509634,1.3397562136124315,cokriging,16,0
9779,5,0.03203567994017701,6.587786717927377,cokriging,16,0
9779,6,0.01388025059777817,5.725760170436209,cokriging,16,0
9779,7,0.017671457738668975,5.355523042958448,cokriging,16,0
9779,8,0.006790079442739162,4.387579609412906,cokriging,16,0
9779,9,0.007551930774320603,7.141355492966796,cokriging,16,0
9779,10,0.016810708551724746,5.4373786966939095,cokriging,16,0
422,1,0.004112564993649589,3.458419002596358,neural_inr,16,0
422,2,0.0054156494877170246,0.8211190021056919,neural_inr,16,0
422,3,0.0040577145631822825,2.8472617297722738,neural_inr,16,0
422,4,0.004826748796557088,1.814154485346509,neural_inr,16,0
422,5,0.009259202999451776,2.434867772764884,neural_inr,16,0
422,8,0.03329329860898415,2.2742389686979045,neural_inr,16,0
422,9,0.03198025133536401,5.599589864284273,neural_inr,16,0
422,10,0.005945446055294513,0.6003754199805411,neural_inr,16,0
1190,1,0.0035915084193608397,2.3976420182791287,neural_inr,16,0
1190,2,0.005560756045522537,4.0622490208537485,neural_inr,16,0
1190,3,0.004869334317992956,1.9419021283430025,neural_inr,16,0
1190,4,0.00570502783886011,1.8574355242196143,neural_inr,16,0
1190,5,0.008972773218628606,5.075459298530119,neural_inr,16,0
1190,6,0.005850379718762782,1.0968275235009433,neural_inr,16,0
1190,7,0.007336162523247904,2.557547908639968,neural_inr,16,0
1190,8,0.0065486910555878205,1.1056003050249588,neural_inr,16,0
1190,9,0.009772886745869668,6.824596748683179,neural_inr,16,0
1190,10,0.007483408217851364,1.727354469307309,neural_inr,16,0
1826,1,0.005941653671899432,4.483470654462602,neural_inr,16,0
1826,2,0.009312561792942896,7.692265006542385,neural_inr,16,0
1826,3,0.006113943326097101,4.01871127602141,neural_inr,16,0
1826,4,0.011759639662877845,6.1943024786529195,neural_inr,16,0
1826,5,0.016376446434866725,10.438647889616464,neural_inr,16,0
1826,6,0.011527202923811238,5.558310894977516,neural_inr,16,0
1826,7,0.020361357711123792,9.21012887160792,neural_inr,16,0
1826,8,0.01647234796258904,4.665935000724958,neural_inr,16,0
1826,9,0.028328875916920248,14.111799452908738,neural_inr,16,0
2209,1,0.004514206965278711,1.0416474415581032,neural_inr,16,0
2209,2,0.006622425128174278,1.4085815053114277,neural_inr,16,0
2209,3,0.00524449252177711,2.2689227506042196,neural_inr,16,0
2209,4,0.006737230610779883,2.716783234300839,neural_inr,16,0
2209,5,0.010487696873423895,0.6602242115576719,neural_inr,16,0
2209,6,0.007720806126161904,4.723896541996407,neural_inr,16,0
2209,7,0.13683750660391572,3.148053434673164,neural_inr,16,0
2209,8,0.008311842726092039,3.3777468560175854,neural_inr,16,0
2209,10,0.009573758347152414,3.6643919325940204,neural_inr,16,0
2802,1,0.007542952561877403,1.335404515124841,neural_inr,16,0
2802,2,0.013693205875631453,4.608209284819137,neural_inr,16,0
2802,3,0.008919951898934327,0.3157178789107046,neural_inr,16,0
2802,4,0.01683842187611735,2.4174270578915893,neural_inr,16,0
2802,5,0.02562465193875624,6.8561833870181825,neural_inr,16,0
2802,6,0.015911855396790027,0.4195247565182703,neural_inr,16,0
2802,7,0.02965256790406066,4.661694474297192,neural_inr,16,0
2802,8,0.03065231409900175,1.0613769043710106,neural_inr,16,0
2802,9,0.045258077474847766,8.683047186993106,neural_inr,16,0
3377,1,0.006867366337295851,5.816874714416526,neural_inr,16,0
3377,2,0.021489469450870026,11.373993397729157,neural_inr,16,0
3377,3,0.01791503097601643,4.834615824934846,neural_inr,16,0
3377,4,0.028840218903610777,7.972773026312907,neural_inr,16,0
3377,5,0.03180986957553736,17.465978919128457,neural_inr,16,0
3377,6,0.02597076221293747,6.977339791383712,neural_inr,16,0
3377,7,0.04262575764116285,13.347431364624976,neural_inr,16,0
3377,8,0.03752807427520162,5.175422069097479,neural_inr,16,0
3377,9,0.057282615095691714,24.28129681607121,neural_inr,16,0
3377,10,0.0479120585853597,10.353732461575829,neural_inr,16,0
3408,1,0.0026908796268279847,1.0674069285307901,neural_inr,16,0
3408,2,0.0046182188856497206,4.286920372226761,neural_inr,16,0
3408,3,0.002552460840352736,1.7680223431789626,neural_inr,16,0
3408,4,0.005396785314361047,2.419298749438543,neural_inr,16,0
3408,5,0.009154270640971268,8.16255248938942,neural_inr,16,0
3408,6,0.006268221887690286,3.0441180052718426,neural_inr,16,0
3408,7,0.008723470273204224,5.692799957342252,neural_inr,16,0
3408,8,0.0071373452688950866,1.5216806379044534,neural_inr,16,0
3408,9,0.011871010632675013,13.595868645863927,neural_inr,16,0
3408,10,0.13535935183072012,3.6070971929319646,neural_inr,16,0
4082,1,0.0027703781893917,3.2715397656153025,neural_inr,16,0
4082,2,0.004700005652044731,3.518741920146703,neural_inr,16,0
4082,3,0.00298794249031972,2.281413129559242,neural_inr,16,0
4082,4,0.004947074348561254,2.5784376561564146,neural_inr,16,0
4082,5,0.008128283083004046,1.9020711425059942,neural_inr,16,0
4082,6,0.005739756582933981,1.6975418407513825,neural_inr,16,0
4082,7,0.007998595311126568,1.9800456380631293,neural_inr,16,0
4082,8,0.03388373571875519,1.8820545052621866,neural_inr,16,0
4082,9,0.03585299911731399,0.8532403416656281,neural_inr,16,0
4082,10,0.00838615157547581,2.481369582390841,neural_inr,16,0
4352,1,0.010913958378016217,1.7775782760029573,neural_inr,16,0
4352,2,0.024878585562152052,3.9959467360007896,neural_inr,16,0
4352,3,0.026415358752291295,3.536011965063076,neural_inr,16,0
4352,4,0.04004209547221858,4.755248361257704,neural_inr,16,0
4352,5,0.035545453102734895,5.774339244836742,neural_inr,16,0
4352,6,0.035847072741233776,5.6800842556468005,neural_inr,16,0
4352,7,0.05757683869453504,6.29485249308983,neural_inr,16,0
4352,8,0.05427400193692189,7.394801405774472,neural_inr,16,0
4352,9,0.07361402919731164,7.943200384373594,neural_inr,16,0
4352,10,0.06724168665216662,8.810437769863354,neural_inr,16,0
4470,1,0.004186376238724841,1.2865277876733319,neural_inr,16,0
4470,2,0.005102842635046006,4.364846664935331,neural_inr,16,0
4470,3,0.004300511515252698,0.4375456997804504,neural_inr,16,0
4470,4,0.006786101420528522,1.3765656149933234,neural_inr,16,0
4470,5,0.0280122393617572,5.8516582327254785,neural_inr,16,0
4470,6,0.028179363539279894,1.157244774391671,neural_inr,16,0
4470,7,0.012290568125301765,3.281732375274827,neural_inr,16,0
4470,8,0.009125182528093382,0.3385096503921253,neural_inr,16,0
4470,9,0.016596952572960386,8.184260201844875,neural_inr,16,0
4470,10,0.014965651675998937,2.438161162364323,neural_inr,16,0
5873,1,0.007977115237134265,1.7688398240877163,neural_inr,16,0
5873,2,0.020984094071523813,6.056545343795491,neural_inr,16,0
5873,3,0.014780519142504635,0.0890260968503654,neural_inr,16,0
5873,4,0.029450778998256485,3.486273564540775,neural_inr,16,0
5873,5,0.03604771353593692,9.178947972580778,neural_inr,16,0
5873,6,0.021172287934529244,0.9948485242493328,neural_inr,16,0
5873,7,0.048312282290708115,7.387543416705796,neural_inr,16,0
5873,8,0.1585254424837297,1.9135564799539129,neural_inr,16,0
5873,9,0.1675141859876923,13.317339037274095,neural_inr,16,0
5873,10,0.05488179847606602,5.845331551635146,neural_inr,16,0
6148,1,0.0033606545953375495,4.155468711443322,neural_inr,16,0
6148,2,0.005324290655708554,3.5709233689121858,neural_inr,16,0
6148,3,0.004038117917172809,4.3297500520560295,neural_inr,16,0
6148,4,0.0057091469070642015,2.4669366793814294,neural_inr,16,0
6148,5,0.008230398494045896,3.116037305279352,neural_inr,16,0
6148,6,0.005431537224186191,3.6096274371126094,neural_inr,16,0
6148,7,0.0076719405511470554,1.6682245412927805,neural_inr,16,0
6148,8,0.0061151850513535945,2.718148027378652,neural_inr,16,0
6148,10,0.007118078144283375,1.9606611550931978,neural_inr,16,0
7862,1,0.030668027978469507,0.7721552813198325,neural_inr,16,0
7862,2,0.062077430771323897,4.303601351519721,neural_inr,16,0
7862,3,0.03966403438062869,2.196259643531449,neural_inr,16,0
7862,4,0.06275336361008406,0.7556202754536474,neural_inr,16,0
7862,5,0.08776034639535096,5.015311581834858,neural_inr,16,0
7862,6,0.03190482023645219,4.496935847776799,neural_inr,16,0
7862,7,0.0882474966972913,2.714313361410775,neural_inr,16,0
7862,8,0.05350321953673386,0.21408477378310894,neural_inr,16,0
7862,9,0.11336248693621605,6.364038607900107,neural_inr,16,0
7862,10,0.08427918589473347,0.5482392121017092,neural_inr,16,0
8539,1,0.005252030086391329,0.2593661570296554,neural_inr,16,0
8539,2,0.006473664590761595,2.125556027715337,neural_inr,16,0
8539,3,0.004879849563072673,0.21303997618901355,neural_inr,16,0
8539,4,0.005485559115414238,0.6968593880832611,neural_inr,16,0
8539,5,0.011480374495941562,4.429452513651554,neural_inr,16,0
8539,8,0.02778105794400199,0.33150209613924114,neural_inr,16,0
8539,9,0.02689689887180493,7.465806366384466,neural_inr,16,0
8539,10,0.007621062307079601,1.804961591157872,neural_inr,16,0
9311,1,0.015103206482404437,3.7135802913762612,neural_inr,16,0
9311,2,0.032998111836584534,5.5228646203264535,neural_inr,16,0
9311,3,0.02278016056041038,1.117197964969851,neural_inr,16,0
9311,6,0.03138807919189193,0.9153233593059977,neural_inr,16,0
9311,7,0.054029540209436254,3.140354551196113,neural_inr,16,0
9311,8,0.03434601499093543,2.0823110752585623,neural_inr,16,0
9311,9,0.06764815000832688,1.4757220856641242,neural_inr,16,0
9311,10,0.06529206504287521,2.3747098626307435,neural_inr,16,0
9779,1,0.002776961898588851,0.37865927338323346,neural_inr,16,0
9779,2,0.0076792617963812836,0.11748985766979787,neural_inr,16,0
9779,3,0.004687743546894865,0.8715714842113595,neural_inr,16,0
9779,4,0.010457183703698868,0.7114802803457734,neural_inr,16,0
9779,5,0.015904783304113896,1.9663407693318218,neural_inr,16,0
9779,6,0.009251181488006851,0.9372215499698839,neural_inr,16,0
9779,7,0.01850296182635626,1.5488108595474313,neural_inr,16,0
9779,8,0.012176312982617682,1.4114614690632847,neural_inr,16,0
9779,9,0.024656621406347126,4.179036270682875,neural_inr,16,0
9779,10,0.019729457531936914,1.194446936397687,neural_inr,16,0
422,1,0.0006189090816039433,2.2338214666774747,original_fixed_rbf,16,0
422,2,0.00453599007507867,1.7225125555243708,original_fixed_rbf,16,0
422,3,0.02245356239027343,2.142930349362245,original_fixed_rbf,16,0
422,4,0.0008972606350609225,1.967524847729621,original_fixed_rbf,16,0
422,5,0.021873924497468396,1.3464107667678555,original_fixed_rbf,16,0
422,8,0.030419232416869186,0.5582030841373571,original_fixed_rbf,16,0
422,9,0.02777469159904146,1.3127932503543134,original_fixed_rbf,16,0
422,10,0.0055972368453416415,1.113103049498667,original_fixed_rbf,16,0
1190,1,0.0005950688614717824,0.19717709976814227,original_fixed_rbf,16,0
1190,2,0.005287097321377984,2.393813587622144,original_fixed_rbf,16,0
1190,3,0.002490248972934384,1.338832791217686,original_fixed_rbf,16,0
1190,4,0.002371432639927501,1.4924942372682541,original_fixed_rbf,16,0
1190,5,0.02392228436841062,2.3111575692834103,original_fixed_rbf,16,0
1190,6,0.0177533695463995,0.7702970161777638,original_fixed_rbf,16,0
1190,7,0.019170195525308104,1.9036143852721699,original_fixed_rbf,16,0
1190,8,0.008445260855773946,1.7268685098025331,original_fixed_rbf,16,0
1190,9,0.0239194233242629,1.8981221605033338,original_fixed_rbf,16,0
1190,10,0.017483409697467523,0.7761471391255905,original_fixed_rbf,16,0
1826,1,0.0028045042289103136,6.748501576336669,original_fixed_rbf,16,0
1826,2,0.007405243745045071,2.5952328991743276,original_fixed_rbf,16,0
1826,3,0.005524931011020919,2.5920382092599743,original_fixed_rbf,16,0
1826,4,0.00725728552626539,8.475943924025822,original_fixed_rbf,16,0
1826,5,0.011213533558294684,5.387139318620312,original_fixed_rbf,16,0
1826,6,0.011632500542803082,1.8955741163679873,original_fixed_rbf,16,0
1826,7,0.013308793086799725,2.5265126819806016,original_fixed_rbf,16,0
1826,8,0.016679091581051388,4.315776599871311,original_fixed_rbf,16,0
1826,9,0.016974121158803878,3.000174643175278,original_fixed_rbf,16,0
2209,1,0.0014513448031819793,1.0589253244835595,original_fixed_rbf,16,0
2209,2,0.0039008011295820454,1.508024099761344,original_fixed_rbf,16,0
2209,3,0.001125666217391279,0.1962421060652024,original_fixed_rbf,16,0
2209,4,0.0022761025939042425,1.0428847424382612,original_fixed_rbf,16,0
2209,5,0.024303919677695227,1.0099178545290561,original_fixed_rbf,16,0
2209,6,0.017061497575816802,1.055308940442502,original_fixed_rbf,16,0
2209,7,0.13906595920122514,1.0147337741758067,original_fixed_rbf,16,0
2209,8,0.007991766129603523,2.228144817853429,original_fixed_rbf,16,0
2209,10,0.01639790824507757,1.1252119593758931,original_fixed_rbf,16,0
2802,1,0.006381117505454266,0.8544579201982522,original_fixed_rbf,16,0
2802,2,0.021090870812581135,0.2308948297590166,original_fixed_rbf,16,0
2802,3,0.021696925081425626,0.28961234089379023,original_fixed_rbf,16,0
2802,4,0.012760285220387774,0.6167744617288051,original_fixed_rbf,16,0
2802,5,0.021873758456977994,2.81086292909094,original_fixed_rbf,16,0
2802,6,0.02109375574949604,2.1327068131319074,original_fixed_rbf,16,0
2802,7,0.015188149353896912,0.804126324181472,original_fixed_rbf,16,0
2802,8,0.020665658502888,0.17396250285249237,original_fixed_rbf,16,0
2802,9,0.020232371880699075,4.294128377875784,original_fixed_rbf,16,0
3377,1,0.0037100390082386503,3.832592514829091,original_fixed_rbf,16,0
3377,2,0.011048255381889381,2.561819677238848,original_fixed_rbf,16,0
3377,3,0.01730207281668826,1.3421435834822861,original_fixed_rbf,16,0
3377,4,0.013239912817294787,4.596985356550197,original_fixed_rbf,16,0
3377,5,0.01730100790366136,2.754868142084113,original_fixed_rbf,16,0
3377,6,0.023945165849424077,0.004946896603754197,original_fixed_rbf,16,0
3377,7,0.02465779645283528,3.116797788390095,original_fixed_rbf,16,0
3377,8,0.03225297266108162,2.8345394523389658,original_fixed_rbf,16,0
3377,9,0.030197726251752325,0.8717264697680883,original_fixed_rbf,16,0
3377,10,0.03244062041360277,0.26254775902825683,original_fixed_rbf,16,0
3408,1,0.0008422781955707032,0.6016827811996257,original_fixed_rbf,16,0
3408,2,0.001970825475864661,4.386866801807072,original_fixed_rbf,16,0
3408,3,0.008200304323717588,0.47016424042882526,original_fixed_rbf,16,0
3408,4,0.002105659268673462,0.5076682952704586,original_fixed_rbf,16,0
3408,5,0.01976767160549643,2.5364087924206142,original_fixed_rbf,16,0
3408,6,0.0156806524432953,0.741721549303907,original_fixed_rbf,16,0
3408,7,0.015674345737782234,1.8646415066773665,original_fixed_rbf,16,0
3408,8,0.0029607114828300142,0.6200494942430634,original_fixed_rbf,16,0
3408,9,0.012029355850128992,4.816993453796926,original_fixed_rbf,16,0
3408,10,0.12830752729255318,1.158465141280923,original_fixed_rbf,16,0
4082,1,0.000591758359082204,0.5365693349339662,original_fixed_rbf,16,0
4082,2,0.0038380498695108896,1.2256284687591583,original_fixed_rbf,16,0
4082,3,0.008301273120197307,0.6784409795957909,original_fixed_rbf,16,0
4082,4,0.0022852551627097393,1.1846098995428331,original_fixed_rbf,16,0
4082,5,0.021790740873411048,2.2677118266569924,original_fixed_rbf,16,0
4082,6,0.017612164890542115,0.9186092541620303,original_fixed_rbf,16,0
4082,7,0.012998231372115315,0.7720606607919982,original_fixed_rbf,16,0
4082,8,0.027699181128072004,0.11433454437134918,original_fixed_rbf,16,0
4082,9,0.03216049875321403,2.312088586029478,original_fixed_rbf,16,0
4082,10,0.007511143688086999,1.0779016840395141,original_fixed_rbf,16,0
4352,1,0.006246960913683521,0.6075020411970241,original_fixed_rbf,16,0
4352,2,0.020694581285950017,1.048309807696984,original_fixed_rbf,16,0
4352,3,0.025353983280184483,2.1549426575514485,original_fixed_rbf,16,0
4352,4,0.021030214784371726,1.3485922746748606,original_fixed_rbf,16,0
4352,5,0.04042248681153032,3.7495088909634147,original_fixed_rbf,16,0
4352,6,0.035368242150655094,5.106459455529786,original_fixed_rbf,16,0
4352,7,0.040251641193560596,1.6744009506891193,original_fixed_rbf,16,0
4352,8,0.047203067007711666,12.344832275857401,original_fixed_rbf,16,0
4352,9,0.05728970650544041,10.72602220060581,original_fixed_rbf,16,0
4352,10,0.055837420931857285,9.080339964415051,original_fixed_rbf,16,0
4470,1,0.0013792805652715204,0.8342263213174949,original_fixed_rbf,16,0
4470,2,0.011361763875744335,8.085948419290977,original_fixed_rbf,16,0
4470,3,0.002511272091857379,0.6363323018513147,original_fixed_rbf,16,0
4470,4,0.006743208229802059,1.5866686714633023,original_fixed_rbf,16,0
4470,5,0.028045362657389855,9.096965265651251,original_fixed_rbf,16,0
4470,6,0.031995660405383264,2.3371846524104405,original_fixed_rbf,16,0
4470,7,0.007834401178887498,3.792501200169621,original_fixed_rbf,16,0
4470,8,0.014985375806727175,1.7708201718359182,original_fixed_rbf,16,0
4470,9,0.006635120048973925,20.895734314784868,original_fixed_rbf,16,0
4470,10,0.011230893050243024,0.6288222492228358,original_fixed_rbf,16,0
5873,1,0.0041094745292035014,0.32589550537350126,original_fixed_rbf,16,0
5873,2,0.018849086307607,4.173434006595938,original_fixed_rbf,16,0
5873,3,0.01580196365871773,0.8578145087016619,original_fixed_rbf,16,0
5873,4,0.009965281753183532,0.054650959649469553,original_fixed_rbf,16,0
5873,5,0.029040323043328174,3.1250146353915826,original_fixed_rbf,16,0
5873,6,0.021108794595975342,2.5663984165112916,original_fixed_rbf,16,0
5873,7,0.018963094312347124,0.8423549811773205,original_fixed_rbf,16,0
5873,8,0.153147910627715,0.03968197711746227,original_fixed_rbf,16,0
5873,9,0.15512128917877746,13.969499104918238,original_fixed_rbf,16,0
5873,10,0.04026234522830027,5.280407780293824,original_fixed_rbf,16,0
6148,1,0.0005862103930568908,3.296635220747728,original_fixed_rbf,16,0
6148,2,0.002155556994632107,7.347308147974716,original_fixed_rbf,16,0
6148,3,0.0043384731580893955,6.788041835939959,original_fixed_rbf,16,0
6148,4,0.002441304705720897,2.097773423869944,original_fixed_rbf,16,0
6148,5,0.022824318781585324,0.0823331672070027,original_fixed_rbf,16,0
6148,6,0.01582420746265666,2.000643230278669,original_fixed_rbf,16,0
6148,7,0.01224484255326682,2.9365475140088972,original_fixed_rbf,16,0
6148,8,0.008142702220556589,6.706736082273266,original_fixed_rbf,16,0
6148,10,0.01234185988749248,1.77266636331272,original_fixed_rbf,16,0
7862,1,0.018242154219448806,1.611707167006999,original_fixed_rbf,16,0
7862,2,0.017785557365041355,4.091151939665574,original_fixed_rbf,16,0
7862,3,0.019662476140537802,0.8465768824905823,original_fixed_rbf,16,0
7862,4,0.03138523107806847,1.1577138517553192,original_fixed_rbf,16,0
7862,5,0.05515822832853157,11.249301229302832,original_fixed_rbf,16,0
7862,6,0.018586210072808928,1.0971798828173638,original_fixed_rbf,16,0
7862,7,0.03849276161044263,8.749741737663259,original_fixed_rbf,16,0
7862,8,0.04034927186112807,0.43416950620749234,original_fixed_rbf,16,0
7862,9,0.08938136076348087,7.874409928178872,original_fixed_rbf,16,0
7862,10,0.07367941968600533,3.0433484984910453,original_fixed_rbf,16,0
8539,1,0.0023361098382770197,1.645759542441374,original_fixed_rbf,16,0
8539,2,0.01657151965402991,2.8304691134490385,original_fixed_rbf,16,0
8539,3,0.0005964020744063372,0.7001452915416598,original_fixed_rbf,16,0
8539,4,0.004692881137717276,2.792703742148275,original_fixed_rbf,16,0
8539,5,0.019453986848255302,5.248733142396198,original_fixed_rbf,16,0
8539,8,0.02676593312462833,0.9930439088168803,original_fixed_rbf,16,0
8539,9,0.023350826055455052,3.144358877719815,original_fixed_rbf,16,0
8539,10,0.014578993287362835,0.03658454983079583,original_fixed_rbf,16,0
9311,1,0.01088230221774403,2.761992551486356,original_fixed_rbf,16,0
9311,2,0.014548594406570614,1.4705814261694161,original_fixed_rbf,16,0
9311,3,0.01363989463067592,2.049758733493349,original_fixed_rbf,16,0
9311,6,0.027765289318234333,0.5766636564449878,original_fixed_rbf,16,0
9311,7,0.026196024855803555,3.7998759221352882,original_fixed_rbf,16,0
9311,8,0.026432186653321393,0.3007234333377988,original_fixed_rbf,16,0
9311,9,0.04556666280405065,1.0384161658436684,original_fixed_rbf,16,0
9311,10,0.05507471085253385,2.1933927413945766,original_fixed_rbf,16,0
9779,1,0.0015543892806067418,3.84627497279276,original_fixed_rbf,16,0
9779,2,0.013823950025786975,4.399609053434658,original_fixed_rbf,16,0
9779,3,0.0063715162746963636,3.4338429509434873,original_fixed_rbf,16,0
9779,4,0.003688382095050538,4.9780045696645,original_fixed_rbf,16,0
9779,5,0.011201027196804417,5.768328065117805,original_fixed_rbf,16,0
9779,6,0.013518235976198936,4.51624343818811,original_fixed_rbf,16,0
9779,7,0.009073274028337694,4.88369005605919,original_fixed_rbf,16,0
9779,8,0.007316397097133989,6.8243346025498575,original_fixed_rbf,16,0
9779,9,0.011562929369946852,7.089056031422588,original_fixed_rbf,16,0
9779,10,0.007486198674101222,3.1925013070124924,original_fixed_rbf,16,0
422,1,0.00579619712312052,3.234131267745978,boundary_kernel_pca,24,0
422,2,0.016445396753442382,0.7394718991798311,boundary_kernel_pca,24,0
422,3,0.01103768038763016,3.712733582421221,boundary_kernel_pca,24,0
422,4,0.012415280067951527,5.780492871977438,boundary_kernel_pca,24,0
422,5,0.02325100075419383,0.5436671515177806,boundary_kernel_pca,24,0
422,8,0.03150747754500512,3.4899183674724563,boundary_kernel_pca,24,0
422,9,0.031413257494433466,4.212650158223322,boundary_kernel_pca,24,0
422,10,0.013927245326728382,4.495700861445271,boundary_kernel_pca,24,0
1190,1,0.0012393791280366254,0.6824287429612813,boundary_kernel_pca,24,0
1190,2,0.0020993382102325727,1.4288690916725748,boundary_kernel_pca,24,0
1190,3,0.0027364864461008175,1.5321837735480306,boundary_kernel_pca,24,0
1190,4,0.004509920926817292,0.5129575552762666,boundary_kernel_pca,24,0
1190,5,0.006573371345186597,0.7348158263724481,boundary_kernel_pca,24,0
1190,6,0.007282336928892519,1.72688643313944,boundary_kernel_pca,24,0
1190,7,0.009577192255135782,0.9171852248439781,boundary_kernel_pca,24,0
1190,8,0.005391424610532168,0.5898715354354841,boundary_kernel_pca,24,0
1190,9,0.004131926792489851,4.920389794211259,boundary_kernel_pca,24,0
1190,10,0.013813329593513732,2.2937403039595217,boundary_kernel_pca,24,0
1826,1,0.0022591535143054774,6.0231095114967115,boundary_kernel_pca,24,0
1826,2,0.004544875590439447,5.470702815256416,boundary_kernel_pca,24,0
1826,3,0.002706745617651125,3.070543722719093,boundary_kernel_pca,24,0
1826,4,0.0047730861944930815,8.212532850169335,boundary_kernel_pca,24,0
1826,5,0.044612859741435466,6.667951266011713,boundary_kernel_pca,24,0
1826,6,0.06715194098914992,1.391040652050926,boundary_kernel_pca,24,0
1826,7,0.0073431848513777764,5.929584668733072,boundary_kernel_pca,24,0
1826,8,0.010046333126184179,2.0264923786040407,boundary_kernel_pca,24,0
1826,9,0.011101734108915755,0.6796353155775284,boundary_kernel_pca,24,0
2209,1,0.0009584022871492055,0.5718172766320474,boundary_kernel_pca,24,0
2209,2,0.005372644623755316,0.8759474109861621,boundary_kernel_pca,24,0
2209,3,0.00384956738996325,0.6102530223504091,boundary_kernel_pca,24,0
2209,4,0.003391097461164747,0.26647808590395916,boundary_kernel_pca,24,0
2209,5,0.0606237172246618,0.3987910487283464,boundary_kernel_pca,24,0
2209,6,0.04937280468624319,5.3465152897707435,boundary_kernel_pca,24,0
2209,7,0.13712050454816202,0.40391138308313523,boundary_kernel_pca,24,0
2209,8,0.008881310347850103,0.9276463533711132,boundary_kernel_pca,24,0
2209,10,0.017385579466769455,0.6428813318030392,boundary_kernel_pca,24,0
2802,1,0.012275068783743986,2.16339368316077,boundary_kernel_pca,24,0
2802,2,0.018801204147589054,0.96368149831158,boundary_kernel_pca,24,0
2802,3,0.01198650627868103,1.9923900270994337,boundary_kernel_pca,24,0
2802,4,0.012052915210905677,2.1013677020943824,boundary_kernel_pca,24,0
2802,5,0.022273704491122533,2.92661392505862,boundary_kernel_pca,24,0
2802,6,0.012585878911325156,4.2784909543457985,boundary_kernel_pca,24,0
2802,7,0.017156132403420923,3.025787149314299,boundary_kernel_pca,24,0
2802,8,0.01951367387572182,0.8889370149764121,boundary_kernel_pca,24,0
2802,9,0.027390295009493512,1.8262644751926778,boundary_kernel_pca,24,0
3377,1,0.00792577403984251,2.156744772701956,boundary_kernel_pca,24,0
3377,2,0.019553555929906468,2.8466721394536685,boundary_kernel_pca,24,0
3377,3,0.01674403903562473,2.902482240226563,boundary_kernel_pca,24,0
3377,4,0.022090732274351297,3.4508979251420633,boundary_kernel_pca,24,0
3377,5,0.029126896489197054,2.4190469690776597,boundary_kernel_pca,24,0
3377,6,0.027130246949210388,0.8971453711394738,boundary_kernel_pca,24,0
3377,7,0.028725941978751335,0.4070871517800493,boundary_kernel_pca,24,0
3377,8,0.025322062122717398,0.5077732106062083,boundary_kernel_pca,24,0
3377,9,0.03683727827593231,3.0889547444812386,boundary_kernel_pca,24,0
3377,10,0.03037797684569717,3.4685824832010415,boundary_kernel_pca,24,0
3408,1,0.0008889904434366379,1.3246482988738026,boundary_kernel_pca,24,0
3408,2,0.0017633334062191126,3.276229572872778,boundary_kernel_pca,24,0
3408,3,0.0018273379378427998,0.9726069647860984,boundary_kernel_pca,24,0
3408,4,0.002839380425961447,0.0591447613627396,boundary_kernel_pca,24,0
3408,5,0.005500364263783427,2.6175912407239634,boundary_kernel_pca,24,0
3408,6,0.005484801008948294,0.6928066800730126,boundary_kernel_pca,24,0
3408,7,0.014404973291545607,1.2312329543509517,boundary_kernel_pca,24,0
3408,8,0.0033721815366685916,0.942733818154038,boundary_kernel_pca,24,0
3408,9,0.01226857719441478,0.501842096751998,boundary_kernel_pca,24,0
3408,10,0.1338820258608556,0.22232104750646875,boundary_kernel_pca,24,0
4082,1,0.0013694641507018264,1.22994193420094,boundary_kernel_pca,24,0
4082,2,0.00518336815791372,1.4200859290711745,boundary_kernel_pca,24,0
4082,3,0.0030740174926696655,0.2766301403628728,boundary_kernel_pca,24,0
4082,4,0.00668493934695455,0.06150924660141534,boundary_kernel_pca,24,0
4082,5,0.00936428954760659,0.6447128314620467,boundary_kernel_pca,24,0
4082,6,0.010275900971498119,0.7894892742888319,boundary_kernel_pca,24,0
4082,7,0.0106676879361929,0.8226092762882492,boundary_kernel_pca,24,0
4082,8,0.027799805963994857,0.9168797781185657,boundary_kernel_pca,24,0
4082,9,0.037048781512387066,0.6151760870583896,boundary_kernel_pca,24,0
4082,10,0.008188598342101928,1.3509909140138268,boundary_kernel_pca,24,0
4352,1,0.0115798677398245,0.21739864443220341,boundary_kernel_pca,24,0
4352,2,0.02164894677829904,1.2092343033750252,boundary_kernel_pca,24,0
4352,3,0.020098374980067498,5.046919560735009,boundary_kernel_pca,24,0
4352,4,0.028551087166924744,3.5693284971908277,boundary_kernel_pca,24,0
4352,5,0.033266107621906967,5.105621362979488,boundary_kernel_pca,24,0
4352,6,0.02905900601021429,6.8623206563232175,boundary_kernel_pca,24,0
4352,7,0.03470277837061955,4.754835716491826,boundary_kernel_pca,24,0
4352,8,0.04047243152785467,6.955686150023808,boundary_kernel_pca,24,0
4352,9,0.04889730540688606,5.907852919295558,boundary_kernel_pca,24,0
4352,10,0.03258875154669797,1.158329185524891,boundary_kernel_pca,24,0
4470,1,0.001649796062215333,0.4635330872168725,boundary_kernel_pca,24,0
4470,2,0.0023063602381822273,5.970761631848627,boundary_kernel_pca,24,0
4470,3,0.0018628530921989503,0.9471942011830761,boundary_kernel_pca,24,0
4470,4,0.0034205053070431373,0.5355116419091179,boundary_kernel_pca,24,0
4470,5,0.01817097148340633,8.853735427716584,boundary_kernel_pca,24,0
4470,6,0.024023609992767262,0.68218753199386,boundary_kernel_pca,24,0
4470,7,0.005127616171871461,6.203431241809059,boundary_kernel_pca,24,0
4470,8,0.007413516389390143,1.130971520541184,boundary_kernel_pca,24,0
4470,9,0.021542285785494844,17.842119738148945,boundary_kernel_pca,24,0
4470,10,0.015841484564717637,0.32511122008270854,boundary_kernel_pca,24,0
5873,1,0.00201700068307203,1.3970486894207579,boundary_kernel_pca,24,0
5873,2,0.005646879462655744,1.7124527490095098,boundary_kernel_pca,24,0
5873,3,0.004569515938827833,1.4132290522455186,boundary_kernel_pca,24,0
5873,4,0.017557084866114035,3.0319229390901583,boundary_kernel_pca,24,0
5873,5,0.015387935474243527,8.40665625961478,boundary_kernel_pca,24,0
5873,6,0.012277616015356284,0.31797780826861166,boundary_kernel_pca,24,0
5873,7,0.02739267184378281,2.8587711516613874,boundary_kernel_pca,24,0
5873,8,0.15424419434821166,1.4422502350148856,boundary_kernel_pca,24,0
5873,9,0.1529798498230916,2.109375534165444,boundary_kernel_pca,24,0
5873,10,0.03611000772706109,1.002207900162743,boundary_kernel_pca,24,0
6148,1,0.0012478670773074692,2.661073962832098,boundary_kernel_pca,24,0
6148,2,0.0018877273941982982,3.338842658868171,boundary_kernel_pca,24,0
6148,3,0.0011856456772218154,5.814562274715378,boundary_kernel_pca,24,0
6148,4,0.0024089984610454157,3.3541289136174735,boundary_kernel_pca,24,0
6148,5,0.00423624832967358,0.8489369419709849,boundary_kernel_pca,24,0
6148,6,0.003867299080916168,6.7516111291168315,boundary_kernel_pca,24,0
6148,7,0.0029271656081859814,3.7821805469330476,boundary_kernel_pca,24,0
6148,8,0.00410502855582443,4.579696008392125,boundary_kernel_pca,24,0
6148,10,0.009347077952185142,1.7489565711147388,boundary_kernel_pca,24,0
7862,1,0.018971612755818778,2.0819938184845928,boundary_kernel_pca,24,0
7862,2,0.029722922738854893,1.713366473973128,boundary_kernel_pca,24,0
7862,3,0.022618056418188714,0.09129723164935526,boundary_kernel_pca,24,0
7862,4,0.03641309730429591,2.7967724378531567,boundary_kernel_pca,24,0
7862,5,0.04545475737467278,6.9928290984276265,boundary_kernel_pca,24,0
7862,6,0.015340077973217138,0.6162237963092865,boundary_kernel_pca,24,0
7862,7,0.04207889154606132,1.246224597555528,boundary_kernel_pca,24,0
7862,8,0.04169921733347869,0.2183449952023898,boundary_kernel_pca,24,0
7862,9,0.06738917684070855,2.152549678821136,boundary_kernel_pca,24,0
7862,10,0.054130371385892995,5.012861556599307,boundary_kernel_pca,24,0
8539,1,0.0052877051160999345,1.3439350281573028,boundary_kernel_pca,24,0
8539,2,0.00864943387309416,2.024584974097193,boundary_kernel_pca,24,0
8539,3,0.00676506923147606,0.2068511843837746,boundary_kernel_pca,24,0
8539,4,0.009429596460353037,1.2308471047582343,boundary_kernel_pca,24,0
8539,5,0.03268469363632277,2.404357223269525,boundary_kernel_pca,24,0
8539,8,0.02522261090654685,0.5380678830905485,boundary_kernel_pca,24,0
8539,9,0.02281474985046194,2.5121025904405054,boundary_kernel_pca,24,0
8539,10,0.0179551623915119,0.4820534452372997,boundary_kernel_pca,24,0
9311,1,0.017857433695201437,2.4133820410104962,boundary_kernel_pca,24,0
9311,2,0.025391456057993398,2.78481400156694,boundary_kernel_pca,24,0
9311,3,0.01897929846377699,3.2726449205934594,boundary_kernel_pca,24,0
9311,6,0.023793210346738796,0.20223849975739958,boundary_kernel_pca,24,0
9311,7,0.033997889276062676,1.2468687441581463,boundary_kernel_pca,24,0
9311,8,0.026281822676545254,2.814632051821836,boundary_kernel_pca,24,0
9311,9,0.027877777618637977,11.394493416539252,boundary_kernel_pca,24,0
9311,10,0.04227160577449291,5.450547070838791,boundary_kernel_pca,24,0
9779,1,0.008554223016289664,3.503122985932048,boundary_kernel_pca,24,0
9779,2,0.007289303462783508,0.9743153323772354,boundary_kernel_pca,24,0
9779,3,0.0081177564527074,5.911320823541278,boundary_kernel_pca,24,0
9779,4,0.0036761443372187873,3.2585868613081286,boundary_kernel_pca,24,0
9779,5,0.009897813908903742,0.8901366457468106,boundary_kernel_pca,24,0
9779,6,0.012671555871104948,2.806345041705428,boundary_kernel_pca,24,0
9779,7,0.006721395695999234,1.7209118618275772,boundary_kernel_pca,24,0
9779,8,0.005917583381332799,3.3797878285012017,boundary_kernel_pca,24,0
9779,9,0.006782684800883241,6.004963867385702,boundary_kernel_pca,24,0
9779,10,0.010329950471519866,6.410745673063453,boundary_kernel_pca,24,0
422,1,0.006231970025804819,3.234131267745978,output_pca,24,0
422,2,0.018436078505380503,0.7394718991798311,output_pca,24,0
422,3,0.018143211346505348,3.712733582421221,output_pca,24,0
422,4,0.013911576442140939,5.780492871977438,output_pca,24,0
422,5,0.022536099968010974,0.5436671515177806,output_pca,24,0
422,8,0.031802221534661154,3.4899183674724563,output_pca,24,0
422,9,0.025031547078603993,4.212650158223322,output_pca,24,0
422,10,0.020097249476601926,4.495700861445271,output_pca,24,0
1190,1,0.0007397399464386224,0.6824287429612813,output_pca,24,0
1190,2,0.003603706532005865,1.4288690916725748,output_pca,24,0
1190,3,0.005428572628878618,1.5321837735480306,output_pca,24,0
1190,4,0.004422033656493091,0.5129575552762666,output_pca,24,0
1190,5,0.006498501407088312,0.7348158263724481,output_pca,24,0
1190,6,0.014083922470141657,1.72688643313944,output_pca,24,0
1190,7,0.00913872133666457,0.9171852248439781,output_pca,24,0
1190,8,0.009753490681352653,0.5898715354354841,output_pca,24,0
1190,9,0.008827496913359548,4.920389794211259,output_pca,24,0
1190,10,0.016200292504630693,2.2937403039595217,output_pca,24,0
1826,1,0.0022328261591612673,6.0231095114967115,output_pca,24,0
1826,2,0.003981687092586694,5.470702815256416,output_pca,24,0
1826,3,0.002418828172253067,3.070543722719093,output_pca,24,0
1826,4,0.0056943706788398695,8.212532850169335,output_pca,24,0
1826,5,0.038693413759245,6.667951266011713,output_pca,24,0
1826,6,0.011468584466865326,1.391040652050926,output_pca,24,0
1826,7,0.007339368655271785,5.929584668733072,output_pca,24,0
1826,8,0.00802421409446171,2.0264923786040407,output_pca,24,0
1826,9,0.010106281079981875,0.6796353155775284,output_pca,24,0
2209,1,0.0011900282924124273,0.5718172766320474,output_pca,24,0
2209,2,0.005756225801282637,0.8759474109861621,output_pca,24,0
2209,3,0.0033494638047227,0.6102530223504091,output_pca,24,0
2209,4,0.0028814467842151847,0.26647808590395916,output_pca,24,0
2209,5,0.06827050896489402,0.3987910487283464,output_pca,24,0
2209,6,0.0172353707523706,5.3465152897707435,output_pca,24,0
2209,7,0.13722807676707155,0.40391138308313523,output_pca,24,0
2209,8,0.008747920522377021,0.9276463533711132,output_pca,24,0
2209,10,0.010396026961583295,0.6428813318030392,output_pca,24,0
2802,1,0.011554191070735803,2.16339368316077,output_pca,24,0
2802,2,0.018015945092613905,0.96368149831158,output_pca,24,0
2802,3,0.012755050602492652,1.9923900270994337,output_pca,24,0
2802,4,0.014494357795253049,2.1013677020943824,output_pca,24,0
2802,5,0.02217502134792092,2.92661392505862,output_pca,24,0
2802,6,0.007584393145843574,4.2784909543457985,output_pca,24,0
2802,7,0.018209835467434623,3.025787149314299,output_pca,24,0
2802,8,0.021193793622322238,0.8889370149764121,output_pca,24,0
2802,9,0.010338288666611458,1.8262644751926778,output_pca,24,0
3377,1,0.007653961002991147,2.156744772701956,output_pca,24,0
3377,2,0.019139188439969746,2.8466721394536685,output_pca,24,0
3377,3,0.016886427720065926,2.902482240226563,output_pca,24,0
3377,4,0.022026378008286707,3.4508979251420633,output_pca,24,0
3377,5,0.030220264177166188,2.4190469690776597,output_pca,24,0
3377,6,0.023508288215061516,0.8971453711394738,output_pca,24,0
3377,7,0.02900892242158497,0.4070871517800493,output_pca,24,0
3377,8,0.026948826883594318,0.5077732106062083,output_pca,24,0
3377,9,0.03290073606941711,3.0889547444812386,output_pca,24,0
3377,10,0.029805146493691613,3.4685824832010415,output_pca,24,0
3408,1,0.0010665354750739177,1.3246482988738026,output_pca,24,0
3408,2,0.0018525294537803795,3.276229572872778,output_pca,24,0
3408,3,0.0019151701559838893,0.9726069647860984,output_pca,24,0
3408,4,0.0025813321120947814,0.0591447613627396,output_pca,24,0
3408,5,0.004489399907598252,2.6175912407239634,output_pca,24,0
3408,6,0.007600090644356515,0.6928066800730126,output_pca,24,0
3408,7,0.014363166782989252,1.2312329543509517,output_pca,24,0
3408,8,0.0033183599923410695,0.942733818154038,output_pca,24,0
3408,9,0.011780256392101453,0.501842096751998,output_pca,24,0
3408,10,0.12759509101128286,0.22232104750646875,output_pca,24,0
4082,1,0.002067619428169828,1.22994193420094,output_pca,24,0
4082,2,0.005813540537110734,1.4200859290711745,output_pca,24,0
4082,3,0.003881389233431084,0.2766301403628728,output_pca,24,0
4082,4,0.006498925072087234,0.06150924660141534,output_pca,24,0
4082,5,0.010309766648610249,0.6447128314620467,output_pca,24,0
4082,6,0.0072169213863202165,0.7894892742888319,output_pca,24,0
4082,7,0.010453957515059273,0.8226092762882492,output_pca,24,0
4082,8,0.027198651004826845,0.9168797781185657,output_pca,24,0
4082,9,0.03242319087282625,0.6151760870583896,output_pca,24,0
4082,10,0.023759447802559296,1.3509909140138268,output_pca,24,0
4352,1,0.011359095098158292,0.21739864443220341,output_pca,24,0
4352,2,0.021750493650331916,1.2092343033750252,output_pca,24,0
4352,3,0.022022656353431605,5.046919560735009,output_pca,24,0
4352,4,0.028899009804866656,3.5693284971908277,output_pca,24,0
4352,5,0.03462026676394192,5.105621362979488,output_pca,24,0
4352,6,0.028534811458931483,6.8623206563232175,output_pca,24,0
4352,7,0.03539452012569504,4.754835716491826,output_pca,24,0
4352,8,0.042715718763748155,6.955686150023808,output_pca,24,0
4352,9,0.03531997159901634,5.907852919295558,output_pca,24,0
4352,10,0.053399641623810924,1.158329185524891,output_pca,24,0
4470,1,0.0010452284637743965,0.4635330872168725,output_pca,24,0
4470,2,0.0016057488397991724,5.970761631848627,output_pca,24,0
4470,3,0.0016936335485266114,0.9471942011830761,output_pca,24,0
4470,4,0.0036119061442297005,0.5355116419091179,output_pca,24,0
4470,5,0.017760737838755068,8.853735427716584,output_pca,24,0
4470,6,0.0302423247311231,0.68218753199386,output_pca,24,0
4470,7,0.004928586839948024,6.203431241809059,output_pca,24,0
4470,8,0.006353774871559568,1.130971520541184,output_pca,24,0
4470,9,0.03229896328562822,17.842119738148945,output_pca,24,0
4470,10,0.014673824154761471,0.32511122008270854,output_pca,24,0
5873,1,0.00113140562839334,1.3970486894207579,output_pca,24,0
5873,2,0.007827434802158193,1.7124527490095098,output_pca,24,0
5873,3,0.0073887024950407935,1.4132290522455186,output_pca,24,0
5873,4,0.019346203054957413,3.0319229390901583,output_pca,24,0
5873,5,0.018155044620819162,8.40665625961478,output_pca,24,0
5873,6,0.019131186930948386,0.31797780826861166,output_pca,24,0
5873,7,0.024630839643432684,2.8587711516613874,output_pca,24,0
5873,8,0.1576205172311709,1.4422502350148856,output_pca,24,0
5873,9,0.14981231833947448,2.109375534165444,output_pca,24,0
5873,10,0.03947081620610628,1.002207900162743,output_pca,24,0
6148,1,0.0009314616574363475,2.661073962832098,output_pca,24,0
6148,2,0.0016248841683962664,3.338842658868171,output_pca,24,0
6148,3,0.0013199099909284107,5.814562274715378,output_pca,24,0
6148,4,0.001800767488357349,3.3541289136174735,output_pca,24,0
6148,5,0.004058649890968359,0.8489369419709849,output_pca,24,0
6148,6,0.0370295580084366,6.7516111291168315,output_pca,24,0
6148,7,0.002839174149938565,3.7821805469330476,output_pca,24,0
6148,8,0.0025396848605821,4.579696008392125,output_pca,24,0
6148,10,0.021752639958896543,1.7489565711147388,output_pca,24,0
7862,1,0.019948739947761616,2.0819938184845928,output_pca,24,0
7862,2,0.0334671215002284,1.713366473973128,output_pca,24,0
7862,3,0.022836859752593624,0.09129723164935526,output_pca,24,0
7862,4,0.03239132713414399,2.7967724378531567,output_pca,24,0
7862,5,0.04397022622834877,6.9928290984276265,output_pca,24,0
7862,6,0.014368008662312788,0.6162237963092865,output_pca,24,0
7862,7,0.037937719730349005,1.246224597555528,output_pca,24,0
7862,8,0.04231147410959126,0.2183449952023898,output_pca,24,0
7862,9,0.0543232761148153,2.152549678821136,output_pca,24,0
7862,10,0.05880924698991552,5.012861556599307,output_pca,24,0
8539,1,0.005507726480231304,1.3439350281573028,output_pca,24,0
8539,2,0.009646049815774408,2.024584974097193,output_pca,24,0
8539,3,0.009368022077479238,0.2068511843837746,output_pca,24,0
8539,4,0.00892435691031134,1.2308471047582343,output_pca,24,0
8539,5,0.03092803045839255,2.404357223269525,output_pca,24,0
8539,8,0.024478570706811677,0.5380678830905485,output_pca,24,0
8539,9,0.026300248971638702,2.5121025904405054,output_pca,24,0
8539,10,0.0029236391062519144,0.4820534452372997,output_pca,24,0
9311,1,0.019264843061471044,2.4133820410104962,output_pca,24,0
9311,2,0.02734131475136169,2.78481400156694,output_pca,24,0
9311,3,0.021250582791593944,3.2726449205934594,output_pca,24,0
9311,6,0.023119150951226415,0.20223849975739958,output_pca,24,0
9311,7,0.032222360375322605,1.2468687441581463,output_pca,24,0
9311,8,0.02398067569370185,2.814632051821836,output_pca,24,0
9311,9,0.041397612980883486,11.394493416539252,output_pca,24,0
9311,10,0.05331601779890464,5.450547070838791,output_pca,24,0
9779,1,0.007056653094575982,3.503122985932048,output_pca,24,0
9779,2,0.008355888595143498,0.9743153323772354,output_pca,24,0
9779,3,0.005748021036813273,5.911320823541278,output_pca,24,0
9779,4,0.0032435708650342095,3.2585868613081286,output_pca,24,0
9779,5,0.007739858267161662,0.8901366457468106,output_pca,24,0
9779,6,0.014956243737576789,2.806345041705428,output_pca,24,0
9779,7,0.005942347604746398,1.7209118618275772,output_pca,24,0
9779,8,0.007589613137480608,3.3797878285012017,output_pca,24,0
9779,9,0.011623937042785741,6.004963867385702,output_pca,24,0
9779,10,0.011334563857664308,6.410745673063453,output_pca,24,0
422,1,0.0072061493578952805,8.070880857394197,direct_hf,24,0
422,2,0.004667280892854537,16.250958920066083,direct_hf,24,0
422,3,0.007527731314813559,20.11299934169294,direct_hf,24,0
422,4,0.008518690605864458,10.272877285180948,direct_hf,24,0
422,5,0.02461307031456923,15.619188832006898,direct_hf,24,0
422,8,0.11847859587252153,14.566785146717,direct_hf,24,0
422,9,0.12345119024739276,15.903154724598824,direct_hf,24,0
422,10,0.02963393822335592,9.132404182296849,direct_hf,24,0
1190,1,0.006524249872445282,0.4420979564786376,direct_hf,24,0
1190,2,0.010306162077604123,2.6769104378729485,direct_hf,24,0
1190,3,0.009186405369209793,0.2074798839425695,direct_hf,24,0
1190,4,0.014114770184424726,4.369464506247217,direct_hf,24,0
1190,5,0.03632648053741942,0.9765611982390021,direct_hf,24,0
1190,6,0.03565141602710978,0.27696571741669956,direct_hf,24,0
1190,7,0.017269071995553806,6.939577414608483,direct_hf,24,0
1190,8,0.011344917281402212,2.0799043462441738,direct_hf,24,0
1190,9,0.0046563459271606175,13.443563884165593,direct_hf,24,0
1190,10,0.0075804670031634136,2.735346603829753,direct_hf,24,0
1826,1,0.012197394635732862,2.93805035715259,direct_hf,24,0
1826,2,0.007982183865300549,6.718545778649718,direct_hf,24,0
1826,3,0.010109633206736437,4.405873573755853,direct_hf,24,0
1826,4,0.013787240667136328,7.610413176487812,direct_hf,24,0
1826,5,0.1842943023410467,1.3598775484436951,direct_hf,24,0
1826,6,0.2195038187678959,5.292519777189173,direct_hf,24,0
1826,7,0.007357779746020475,9.967171860435078,direct_hf,24,0
1826,8,0.022305558169246266,4.438545162849842,direct_hf,24,0
1826,9,0.019371307297349136,16.377985979300274,direct_hf,24,0
2209,1,0.007449643562653515,2.416237414609912,direct_hf,24,0
2209,2,0.012765979954347442,6.069726644622258,direct_hf,24,0
2209,3,0.012551117838313468,4.694981080262077,direct_hf,24,0
2209,4,0.016337694371721362,5.95055972258006,direct_hf,24,0
2209,5,0.19888218501718505,9.576151063580125,direct_hf,24,0
2209,6,0.15245817117266855,13.892514850729743,direct_hf,24,0
2209,7,0.24793907416359012,0.17541906689626102,direct_hf,24,0
2209,8,0.0230888671818698,13.747787799602085,direct_hf,24,0
2209,10,0.036310219202563054,1.1309318537430144,direct_hf,24,0
2802,1,0.009990368888340756,5.511439596158621,direct_hf,24,0
2802,2,0.005109751439525763,3.424333702847065,direct_hf,24,0
2802,3,0.008114197924937217,0.30916265866696974,direct_hf,24,0
2802,4,0.005060101536078084,8.206753879788035,direct_hf,24,0
2802,5,0.01963608686974446,6.964874290969042,direct_hf,24,0
2802,6,0.02252804365183888,2.588784478628404,direct_hf,24,0
2802,7,0.008535464335789708,11.399596462841208,direct_hf,24,0
2802,8,0.011882309144924837,5.127207470295036,direct_hf,24,0
2802,9,0.009368490901468966,8.74486036065597,direct_hf,24,0
3377,1,0.02802834934300476,13.153325731902688,direct_hf,24,0
3377,2,0.02242402377941103,15.830075250060654,direct_hf,24,0
3377,3,0.02886385732382767,20.254812108549483,direct_hf,24,0
3377,4,0.025320679697935007,27.380257946760537,direct_hf,24,0
3377,5,0.19153579597507464,19.562272542999562,direct_hf,24,0
3377,6,0.21058954521211162,27.330216850100634,direct_hf,24,0
3377,7,0.017853672831610413,28.08660339707326,direct_hf,24,0
3377,8,0.02426922646089889,25.11174917528715,direct_hf,24,0
3377,9,0.03231071429332354,36.4602947484416,direct_hf,24,0
3377,10,0.028989846813057083,31.596155155002705,direct_hf,24,0
3408,1,0.004049838125701952,5.550730034778825,direct_hf,24,0
3408,2,0.007366952453871329,24.2637547997327,direct_hf,24,0
3408,3,0.0048360998780061495,3.678516352512002,direct_hf,24,0
3408,4,0.006619117643590546,4.20224085029561,direct_hf,24,0
3408,5,0.008146452050661612,26.009939236618877,direct_hf,24,0
3408,6,0.004220512187370535,3.4244700689912464,direct_hf,24,0
3408,7,0.01351914668841479,34.30590490367998,direct_hf,24,0
3408,8,0.027641298269011644,2.426755101194822,direct_hf,24,0
3408,9,0.03706447634583614,28.9946887837403,direct_hf,24,0
3408,10,0.13583798798542104,3.4115579697493503,direct_hf,24,0
4082,1,0.00131417505727451,4.498854052726822,direct_hf,24,0
4082,2,0.0014728065386986563,1.768336215849244,direct_hf,24,0
4082,3,0.0017030371027802374,4.805624779557896,direct_hf,24,0
4082,4,0.001891340534719649,5.6360422178404725,direct_hf,24,0
4082,5,0.015367549577794784,2.889625471602523,direct_hf,24,0
4082,6,0.018294108323470594,5.299476715593818,direct_hf,24,0
4082,7,0.005602108397578661,0.2450219384872614,direct_hf,24,0
4082,8,0.06349196236928298,3.4043984242890257,direct_hf,24,0
4082,9,0.07292001989454404,6.363878336514674,direct_hf,24,0
4082,10,0.017385633265568454,10.531958745089499,direct_hf,24,0
4352,1,0.004532264483098984,2.212181911014439,direct_hf,24,0
4352,2,0.00888525407478862,1.0478493843561771,direct_hf,24,0
4352,3,0.006956914764835666,2.2085817206697054,direct_hf,24,0
4352,4,0.01039622467075755,0.5093946085228188,direct_hf,24,0
4352,5,0.10160601862859867,5.593189349091612,direct_hf,24,0
4352,6,0.08930743489319368,0.36239023916969,direct_hf,24,0
4352,7,0.01344397545425448,0.24168202336422628,direct_hf,24,0
4352,8,0.017112915800084443,3.431094415652383,direct_hf,24,0
4352,9,0.022699747780471933,1.5617640533561734,direct_hf,24,0
4352,10,0.022657122375983753,2.6613482629980223,direct_hf,24,0
4470,1,0.004024125780926534,4.122107264490308,direct_hf,24,0
4470,2,0.006087285968626153,27.97860296652008,direct_hf,24,0
4470,3,0.005587617721664805,4.121613365627888,direct_hf,24,0
4470,4,0.008234379115413193,5.909434909155721,direct_hf,24,0
4470,5,0.0292722563048593,33.37336583716044,direct_hf,24,0
4470,6,0.03268280571731661,3.4630746794979066,direct_hf,24,0
4470,7,0.009662924423010371,20.226782853663313,direct_hf,24,0
4470,8,0.04425699412254751,5.482143463736486,direct_hf,24,0
4470,9,0.022527563597877245,14.247614021239826,direct_hf,24,0
4470,10,0.02106139687633436,13.813265210880274,direct_hf,24,0
5873,1,0.002473420729609587,2.582682443762528,direct_hf,24,0
5873,2,0.003767028211667145,23.093844990956242,direct_hf,24,0
5873,3,0.0024971116237001386,0.920395833673828,direct_hf,24,0
5873,4,0.0031483387132648787,3.3948839502989947,direct_hf,24,0
5873,5,0.012577425009108155,27.710637856720957,direct_hf,24,0
5873,6,0.01694314835341111,0.9448446206955804,direct_hf,24,0
5873,7,0.0042890417389679514,16.91428760281074,direct_hf,24,0
5873,8,0.024498047350238323,2.571061531303735,direct_hf,24,0
5873,9,0.026693643198037766,14.681142129281143,direct_hf,24,0
5873,10,0.021049398963507833,19.314468395565513,direct_hf,24,0
6148,1,0.0011546645606577725,8.659818596107419,direct_hf,24,0
6148,2,0.00281268306866507,0.23617730477867346,direct_hf,24,0
6148,3,0.0021880968127740447,10.579796207506673,direct_hf,24,0
6148,4,0.004022076437012148,10.062969808558478,direct_hf,24,0
6148,5,0.022187896453536565,0.16347962145491754,direct_hf,24,0
6148,6,0.024085277387019245,11.107445325045944,direct_hf,24,0
6148,7,0.007125614298998838,6.6844295072428,direct_hf,24,0
6148,8,0.004078693861378599,11.093924533532984,direct_hf,24,0
6148,10,0.010782011695444365,10.566629101284658,direct_hf,24,0
7862,1,0.005950425067483532,9.52588515339305,direct_hf,24,0
7862,2,0.011591227920682016,5.057823289311666,direct_hf,24,0
7862,3,0.008386233370228278,9.966654821417613,direct_hf,24,0
7862,4,0.012039320429720246,7.15156328415955,direct_hf,24,0
7862,5,0.01543101931234187,0.4737554248059645,direct_hf,24,0
7862,6,0.013216428156976129,6.674284306323336,direct_hf,24,0
7862,7,0.013005042462610783,3.110054929119766,direct_hf,24,0
7862,8,0.03763026961617267,2.3497250586967584,direct_hf,24,0
7862,9,0.06417793146948271,7.412254984141176,direct_hf,24,0
7862,10,0.026096791394212882,0.8234821481560839,direct_hf,24,0
8539,1,0.004083834461482659,8.278489837564784,direct_hf,24,0
8539,2,0.004242554072091841,17.132398728758577,direct_hf,24,0
8539,3,0.0043552969903706985,8.662338314851079,direct_hf,24,0
8539,4,0.00505555415682645,7.1917037058396245,direct_hf,24,0
8539,5,0.00917198072318571,21.55377696086565,direct_hf,24,0
8539,8,0.09533557149073738,5.362995565693895,direct_hf,24,0
8539,9,0.10637570011411032,17.520594964384955,direct_hf,24,0
8539,10,0.024401690753335394,14.750655395198953,direct_hf,24,0
9311,1,0.0037739623452061597,0.6247597999737909,direct_hf,24,0
9311,2,0.0034309734291786587,16.47745873623594,direct_hf,24,0
9311,3,0.00312531969752636,0.6168830140350082,direct_hf,24,0
9311,6,0.013474182292070085,0.7294704376182475,direct_hf,24,0
9311,7,0.005922685302221447,3.8073457428670463,direct_hf,24,0
9311,8,0.04675581633243879,2.296809847485963,direct_hf,24,0
9311,9,0.03775618682462183,7.533462279061456,direct_hf,24,0
9311,10,0.043230917305486734,1.4345325392332027,direct_hf,24,0
9779,1,0.006517670360922729,3.9089595467296845,direct_hf,24,0
9779,2,0.011720545353986823,8.392492535709108,direct_hf,24,0
9779,3,0.011850084144868624,1.0757093882183226,direct_hf,24,0
9779,4,0.014630892245652373,4.006730045072122,direct_hf,24,0
9779,5,0.016369864194635035,10.183436584202525,direct_hf,24,0
9779,6,0.028011169349463242,7.037501502150973,direct_hf,24,0
9779,7,0.017495336394912065,4.8827239556684985,direct_hf,24,0
9779,8,0.02850602156215113,9.396388662373795,direct_hf,24,0
9779,9,0.03389773788864528,13.453745849357519,direct_hf,24,0
9779,10,0.01845858082597736,1.2242567385560332,direct_hf,24,0
422,1,0.001840773408651002,3.234131267745978,cokriging,24,0
422,2,0.0026832523463097596,0.7394718991798311,cokriging,24,0
422,3,0.0026049816026262546,3.712733582421221,cokriging,24,0
422,4,0.002999421790254957,5.780492871977438,cokriging,24,0
422,5,0.013151992152317344,0.5436671515177806,cokriging,24,0
422,8,0.033064063013511356,3.4899183674724563,cokriging,24,0
422,9,0.02691805441556219,4.212650158223322,cokriging,24,0
422,10,0.006731644598107751,4.495700861445271,cokriging,24,0
1190,1,0.001811654799777647,0.6824287429612813,cokriging,24,0
1190,2,0.004056890950963483,1.4288690916725748,cokriging,24,0
1190,3,0.005969856982613791,1.5321837735480306,cokriging,24,0
1190,4,0.0020727626026145864,0.5129575552762666,cokriging,24,0
1190,5,0.012573619806601072,0.7348158263724481,cokriging,24,0
1190,6,0.022763847016482895,1.72688643313944,cokriging,24,0
1190,7,0.007100330381026145,0.9171852248439781,cokriging,24,0
1190,8,0.004003251740987205,0.5898715354354841,cokriging,24,0
1190,9,0.005282537599165907,4.920389794211259,cokriging,24,0
1190,10,0.005998117163988436,2.2937403039595217,cokriging,24,0
1826,1,0.0038699789661130364,6.0231095114967115,cokriging,24,0
1826,2,0.005206785040665157,5.470702815256416,cokriging,24,0
1826,3,0.004702835243908174,3.070543722719093,cokriging,24,0
1826,4,0.004789305668042974,8.212532850169335,cokriging,24,0
1826,5,0.0510122802171759,6.667951266011713,cokriging,24,0
1826,6,0.01154832744849014,1.391040652050926,cokriging,24,0
1826,7,0.005510974869866409,5.929584668733072,cokriging,24,0
1826,8,0.023700531131606195,2.0264923786040407,cokriging,24,0
1826,9,0.011715893775643853,0.6796353155775284,cokriging,24,0
2209,1,0.002480152230227789,0.5718172766320474,cokriging,24,0
2209,2,0.005821074446600289,0.8759474109861621,cokriging,24,0
2209,3,0.0058875767080235515,0.6102530223504091,cokriging,24,0
2209,4,0.0031340625168925045,0.26647808590395916,cokriging,24,0
2209,5,0.01547339942755929,0.3987910487283464,cokriging,24,0
2209,6,0.02042036469732716,5.3465152897707435,cokriging,24,0
2209,7,0.14184166901139642,0.40391138308313523,cokriging,24,0
2209,8,0.005556683644303753,0.9276463533711132,cokriging,24,0
2209,10,0.004516159912670188,0.6428813318030392,cokriging,24,0
2802,1,0.0032617275709127067,2.16339368316077,cokriging,24,0
2802,2,0.0053192659694053165,0.96368149831158,cokriging,24,0
2802,3,0.008533703039531293,1.9923900270994337,cokriging,24,0
2802,4,0.003919761425891341,2.1013677020943824,cokriging,24,0
2802,5,0.01819459793555234,2.92661392505862,cokriging,24,0
2802,6,0.01664036033476462,4.2784909543457985,cokriging,24,0
2802,7,0.016468646875191888,3.025787149314299,cokriging,24,0
2802,8,0.012658435896151473,0.8889370149764121,cokriging,24,0
2802,9,0.009097391728607133,1.8262644751926778,cokriging,24,0
3377,1,0.004794747381889976,2.156744772701956,cokriging,24,0
3377,2,0.009262435772090566,2.8466721394536685,cokriging,24,0
3377,3,0.00861784847403627,2.902482240226563,cokriging,24,0
3377,4,0.005691615103065829,3.4508979251420633,cokriging,24,0
3377,5,0.035068552973444175,2.4190469690776597,cokriging,24,0
3377,6,0.024190426750358894,0.8971453711394738,cokriging,24,0
3377,7,0.008030241163197489,0.4070871517800493,cokriging,24,0
3377,8,0.018930079814663905,0.5077732106062083,cokriging,24,0
3377,9,0.02248741063208421,3.0889547444812386,cokriging,24,0
3377,10,0.026019579796563386,3.4685824832010415,cokriging,24,0
3408,1,0.0009729769860788212,1.3246482988738026,cokriging,24,0
3408,2,0.0018271479665487034,3.276229572872778,cokriging,24,0
3408,3,0.0014813630486695442,0.9726069647860984,cokriging,24,0
3408,4,0.0018683672963711007,0.0591447613627396,cokriging,24,0
3408,5,0.006726937976076811,2.6175912407239634,cokriging,24,0
3408,6,0.011979641234815859,0.6928066800730126,cokriging,24,0
3408,7,0.004726916577461091,1.2312329543509517,cokriging,24,0
3408,8,0.0029078734585426366,0.942733818154038,cokriging,24,0
3408,9,0.0048427324318017,0.501842096751998,cokriging,24,0
3408,10,0.13215330536189804,0.22232104750646875,cokriging,24,0
4082,1,0.00115332357417714,1.22994193420094,cokriging,24,0
4082,2,0.0022108261610936106,1.4200859290711745,cokriging,24,0
4082,3,0.0016157361290705648,0.2766301403628728,cokriging,24,0
4082,4,0.002115329824312521,0.06150924660141534,cokriging,24,0
4082,5,0.011329197165945139,0.6447128314620467,cokriging,24,0
4082,6,0.01027150897719714,0.7894892742888319,cokriging,24,0
4082,7,0.004473210053796749,0.8226092762882492,cokriging,24,0
4082,8,0.031086052003976662,0.9168797781185657,cokriging,24,0
4082,9,0.03426928326865865,0.6151760870583896,cokriging,24,0
4082,10,0.005361245323042738,1.3509909140138268,cokriging,24,0
4352,1,0.007827614507041154,0.21739864443220341,cokriging,24,0
4352,2,0.013396011725066654,1.2092343033750252,cokriging,24,0
4352,3,0.009516612862508456,5.046919560735009,cokriging,24,0
4352,4,0.01706012971855778,3.5693284971908277,cokriging,24,0
4352,5,0.026988710263528615,5.105621362979488,cokriging,24,0
4352,6,0.03133499835012346,6.8623206563232175,cokriging,24,0
4352,7,0.01693703422410709,4.754835716491826,cokriging,24,0
4352,8,0.03350868316975646,6.955686150023808,cokriging,24,0
4352,9,0.03348439099696986,5.907852919295558,cokriging,24,0
4352,10,0.023769179078786798,1.158329185524891,cokriging,24,0
4470,1,0.009411951315472374,0.4635330872168725,cokriging,24,0
4470,2,0.017597698266671166,5.970761631848627,cokriging,24,0
4470,3,0.01400152784040734,0.9471942011830761,cokriging,24,0
4470,4,0.01299400460870989,0.5355116419091179,cokriging,24,0
4470,5,0.02086104265254138,8.853735427716584,cokriging,24,0
4470,6,0.028530739034706033,0.68218753199386,cokriging,24,0
4470,7,0.02766912163968367,6.203431241809059,cokriging,24,0
4470,8,0.011282329764889167,1.130971520541184,cokriging,24,0
4470,9,0.03755552101217136,17.842119738148945,cokriging,24,0
4470,10,0.030067682666198,0.32511122008270854,cokriging,24,0
5873,1,0.016619006805573825,1.3970486894207579,cokriging,24,0
5873,2,0.023929013500239165,1.7124527490095098,cokriging,24,0
5873,3,0.014422817785062535,1.4132290522455186,cokriging,24,0
5873,4,0.012469471162541004,3.0319229390901583,cokriging,24,0
5873,5,0.009905402660889498,8.40665625961478,cokriging,24,0
5873,6,0.019714103245327817,0.31797780826861166,cokriging,24,0
5873,7,0.02007973555534119,2.8587711516613874,cokriging,24,0
5873,8,0.1494655952512576,1.4422502350148856,cokriging,24,0
5873,9,0.14860632086722828,2.109375534165444,cokriging,24,0
5873,10,0.02921003837567141,1.002207900162743,cokriging,24,0
6148,1,0.001581798331900204,2.661073962832098,cokriging,24,0
6148,2,0.002344162031353159,3.338842658868171,cokriging,24,0
6148,3,0.0015224016300292207,5.814562274715378,cokriging,24,0
6148,4,0.002603256887320865,3.3541289136174735,cokriging,24,0
6148,5,0.008849452587978287,0.8489369419709849,cokriging,24,0
6148,6,0.04739708209101492,6.7516111291168315,cokriging,24,0
6148,7,0.004120387879679763,3.7821805469330476,cokriging,24,0
6148,8,0.006814991404161534,4.579696008392125,cokriging,24,0
6148,10,0.004228467713002629,1.7489565711147388,cokriging,24,0
7862,1,0.005059449694626475,2.0819938184845928,cokriging,24,0
7862,2,0.0024534220058263856,1.713366473973128,cokriging,24,0
7862,3,0.0037044834360241263,0.09129723164935526,cokriging,24,0
7862,4,0.009245452572480948,2.7967724378531567,cokriging,24,0
7862,5,0.05543207703468277,6.9928290984276265,cokriging,24,0
7862,6,0.017788937017809717,0.6162237963092865,cokriging,24,0
7862,7,0.005893981819522613,1.246224597555528,cokriging,24,0
7862,8,0.042018496139883024,0.2183449952023898,cokriging,24,0
7862,9,0.03812717967737707,2.152549678821136,cokriging,24,0
7862,10,0.04459338125179659,5.012861556599307,cokriging,24,0
8539,1,0.006420821778721898,1.3439350281573028,cokriging,24,0
8539,2,0.017270927015017683,2.024584974097193,cokriging,24,0
8539,3,0.013277146856282788,0.2068511843837746,cokriging,24,0
8539,4,0.0071317697562575146,1.2308471047582343,cokriging,24,0
8539,5,0.020827698275005455,2.404357223269525,cokriging,24,0
8539,8,0.030418217053738605,0.5380678830905485,cokriging,24,0
8539,9,0.032155220814991704,2.5121025904405054,cokriging,24,0
8539,10,0.01753992581078007,0.4820534452372997,cokriging,24,0
9311,1,0.008831350320312358,2.4133820410104962,cokriging,24,0
9311,2,0.01208651297043259,2.78481400156694,cokriging,24,0
9311,3,0.007835525679028245,3.2726449205934594,cokriging,24,0
9311,6,0.026127590679798387,0.20223849975739958,cokriging,24,0
9311,7,0.010078635108430356,1.2468687441581463,cokriging,24,0
9311,8,0.04024796776352526,2.814632051821836,cokriging,24,0
9311,9,0.05057383303611841,11.394493416539252,cokriging,24,0
9311,10,0.04501578961511829,5.450547070838791,cokriging,24,0
9779,1,0.0068351275628750026,3.503122985932048,cokriging,24,0
9779,2,0.014674186810158123,0.9743153323772354,cokriging,24,0
9779,3,0.010549827820929987,5.911320823541278,cokriging,24,0
9779,4,0.005290663254025167,3.2585868613081286,cokriging,24,0
9779,5,0.037749668193500584,0.8901366457468106,cokriging,24,0
9779,6,0.018002888599591812,2.806345041705428,cokriging,24,0
9779,7,0.01164821817437671,1.7209118618275772,cokriging,24,0
9779,8,0.0085857269873377,3.3797878285012017,cokriging,24,0
9779,9,0.014531838269099833,6.004963867385702,cokriging,24,0
9779,10,0.011143245152815324,6.410745673063453,cokriging,24,0
422,1,0.003382141871647634,3.68468637299417,neural_inr,24,0
422,2,0.008410848682483263,2.7022813694908727,neural_inr,24,0
422,3,0.005915151587887365,4.376986739417757,neural_inr,24,0
422,4,0.007343881061491867,3.8402074295538875,neural_inr,24,0
422,5,0.014149706706330029,1.6238791830496924,neural_inr,24,0
422,8,0.029905118563651162,3.360365530118042,neural_inr,24,0
422,9,0.03183196210499615,1.012653112446477,neural_inr,24,0
422,10,0.00931370001532639,2.955574527737512,neural_inr,24,0
1190,1,0.002657418902945149,0.9892573741717818,neural_inr,24,0
1190,2,0.007591586494434569,0.3895221414526929,neural_inr,24,0
1190,3,0.00490273129203848,1.8871653992836037,neural_inr,24,0
1190,4,0.0065690527322525534,0.5781836178791618,neural_inr,24,0
1190,5,0.012496106108221036,0.8552577783296126,neural_inr,24,0
1190,6,0.00924707641648739,1.4693863559297526,neural_inr,24,0
1190,7,0.009388087930125147,0.5407070273420328,neural_inr,24,0
1190,8,0.008109679905542299,0.9029076667635607,neural_inr,24,0
1190,9,0.012554070298631188,0.24814676591169416,neural_inr,24,0
1190,10,0.009058748062537337,0.30833904838556087,neural_inr,24,0
1826,1,0.005028726425755209,4.694185270599946,neural_inr,24,0
1826,2,0.010095692770898515,4.87966359742124,neural_inr,24,0
1826,3,0.006110543855728775,2.9790964303776475,neural_inr,24,0
1826,4,0.010146946320809471,4.395679219423809,neural_inr,24,0
1826,5,0.0177586230409838,4.08024948641107,neural_inr,24,0
1826,6,0.012261566210586538,3.968857195273126,neural_inr,24,0
1826,7,0.01782917150279542,5.938872682027429,neural_inr,24,0
1826,8,0.01485228956346792,4.23151677393436,neural_inr,24,0
1826,9,0.025252148408269882,3.886896331758024,neural_inr,24,0
2209,1,0.002754466090952872,1.6862389339157713,neural_inr,24,0
2209,2,0.008387512195042432,1.787114556749175,neural_inr,24,0
2209,3,0.005673338969296498,1.9735551906248285,neural_inr,24,0
2209,4,0.007517754968605761,1.8930321254051616,neural_inr,24,0
2209,5,0.013826595215498148,1.790931431748184,neural_inr,24,0
2209,6,0.011012364852583964,4.437071827993177,neural_inr,24,0
2209,7,0.13713458125559266,2.416138685509537,neural_inr,24,0
2209,8,0.009450949372395986,3.4179297493378487,neural_inr,24,0
2209,10,0.010617330719834088,2.788919482660983,neural_inr,24,0
2802,1,0.004460116871180538,0.5841290981935506,neural_inr,24,0
2802,2,0.0087817463678502,2.8296197193388384,neural_inr,24,0
2802,3,0.009612935487773297,0.7162903802411457,neural_inr,24,0
2802,4,0.009532287219168413,2.660216587194427,neural_inr,24,0
2802,5,0.017387135656248297,5.164774285210282,neural_inr,24,0
2802,6,0.018133525175285835,0.49279883413096515,neural_inr,24,0
2802,7,0.017297172495324788,4.495733738003398,neural_inr,24,0
2802,8,0.0200169873319603,1.5774093835016643,neural_inr,24,0
2802,9,0.034186782511516745,8.054176025272152,neural_inr,24,0
3377,1,0.0072143743653413795,6.098604665618657,neural_inr,24,0
3377,2,0.012547991923052232,14.431725482525831,neural_inr,24,0
3377,3,0.012413604211159592,3.3341425325114535,neural_inr,24,0
3377,4,0.017749808595593802,6.936758369103636,neural_inr,24,0
3377,5,0.022603340818690875,19.88491397472853,neural_inr,24,0
3377,6,0.022300544816830237,3.916600266747458,neural_inr,24,0
3377,7,0.0280392735919068,15.448029857808265,neural_inr,24,0
3377,8,0.026226036697076203,3.7785893905980417,neural_inr,24,0
3377,9,0.0437739740282274,24.387326808558637,neural_inr,24,0
3377,10,0.036900663766718626,9.65476496723242,neural_inr,24,0
3408,1,0.002945859591041741,3.2859634275465828,neural_inr,24,0
3408,2,0.006571637749024184,4.87848700094109,neural_inr,24,0
3408,3,0.0036045113166789386,1.707131726006432,neural_inr,24,0
3408,4,0.005297546944046696,2.501660098066363,neural_inr,24,0
3408,5,0.014132901221204986,4.319923691884285,neural_inr,24,0
3408,6,0.007732362168053813,2.3760552341879873,neural_inr,24,0
3408,7,0.00836060463482582,4.339612998237167,neural_inr,24,0
3408,8,0.006698345998756722,1.9670249595898397,neural_inr,24,0
3408,9,0.010899220487001454,4.634593633859869,neural_inr,24,0
3408,10,0.13591493853937803,2.9427353284175237,neural_inr,24,0
4082,1,0.0026702987929475112,1.7421455577486067,neural_inr,24,0
4082,2,0.007034480588737245,1.0188400504338584,neural_inr,24,0
4082,3,0.0034966890195148566,1.6521770051873803,neural_inr,24,0
4082,4,0.005237022789103712,1.6219809141233326,neural_inr,24,0
4082,5,0.013092665587749207,0.033977711734579155,neural_inr,24,0
4082,6,0.008292245803946564,1.1053934808114079,neural_inr,24,0
4082,7,0.008192832993640634,0.9699172797540392,neural_inr,24,0
4082,8,0.030733215977599152,1.4838125830535247,neural_inr,24,0
4082,9,0.03548588596314392,0.25369873623381306,neural_inr,24,0
4082,10,0.00777208118030532,0.8211926981399947,neural_inr,24,0
4352,1,0.011069813454716297,2.018481900811661,neural_inr,24,0
4352,2,0.019315920828147277,5.991067890047938,neural_inr,24,0
4352,3,0.019106471951661673,4.436982956648694,neural_inr,24,0
4352,4,0.028825376884207016,6.6570324319657885,neural_inr,24,0
4352,5,0.03386616278984726,9.039233659527273,neural_inr,24,0
4352,6,0.03064229122188099,6.704180927402409,neural_inr,24,0
4352,7,0.0412430133888294,9.114151571558047,neural_inr,24,0
4352,8,0.041718692786149814,7.795085556800409,neural_inr,24,0
4352,9,0.055903342741702715,12.664232642906205,neural_inr,24,0
4352,10,0.05424232676123795,10.978086049832338,neural_inr,24,0
4470,1,0.0025730587880619295,1.4132497104165789,neural_inr,24,0
4470,2,0.004356368988995064,2.9050348409215525,neural_inr,24,0
4470,3,0.005577220169090836,0.732736334282254,neural_inr,24,0
4470,4,0.006161330194328396,2.4121926299793297,neural_inr,24,0
4470,5,0.027102059931600638,4.289195463340895,neural_inr,24,0
4470,6,0.028938365143873834,0.6706012325925685,neural_inr,24,0
4470,7,0.010149908054512565,3.437941909071517,neural_inr,24,0
4470,8,0.00999499467187248,1.1117414263797862,neural_inr,24,0
4470,9,0.010642274915411674,6.68115933438846,neural_inr,24,0
4470,10,0.011904630543526772,3.2899850672807207,neural_inr,24,0
5873,1,0.014818890478223958,1.9888454725704279,neural_inr,24,0
5873,2,0.01668993362002769,8.130293565603376,neural_inr,24,0
5873,3,0.02072087815778519,1.3787184067365128,neural_inr,24,0
5873,4,0.019130082980108577,5.81848897957573,neural_inr,24,0
5873,5,0.03138670735236903,12.914594449283376,neural_inr,24,0
5873,6,0.029591082172826903,1.1542796780295672,neural_inr,24,0
5873,7,0.030816363763458185,10.572757410837568,neural_inr,24,0
5873,8,0.1451192170524888,3.3816296244865383,neural_inr,24,0
5873,9,0.16652138087685045,18.168801165410567,neural_inr,24,0
5873,10,0.03947005440975517,8.967104132018402,neural_inr,24,0
6148,1,0.0033082871780329946,3.6705400273446216,neural_inr,24,0
6148,2,0.008347466064566586,1.4481515700756868,neural_inr,24,0
6148,3,0.005216533415233256,5.21765710986581,neural_inr,24,0
6148,4,0.006981795542431859,2.800706186144441,neural_inr,24,0
6148,5,0.01316105611698959,0.5861857562944796,neural_inr,24,0
6148,6,0.008842867546939455,5.0649269375532615,neural_inr,24,0
6148,7,0.009637955714791393,1.0886999522592586,neural_inr,24,0
6148,8,0.008379244531534774,3.519538021718163,neural_inr,24,0
6148,10,0.00869668705371387,1.6705659264665396,neural_inr,24,0
7862,1,0.04140288179425181,0.23346846447478747,neural_inr,24,0
7862,2,0.058110286182095926,0.3647958179897644,neural_inr,24,0
7862,3,0.04859957000573853,1.7737081649285904,neural_inr,24,0
7862,4,0.06092660477110074,0.8968884582673241,neural_inr,24,0
7862,5,0.08694131705612608,0.3445546279770305,neural_inr,24,0
7862,6,0.05094922529791464,3.425791272831383,neural_inr,24,0
7862,7,0.08122328364320724,0.8951088926368562,neural_inr,24,0
7862,8,0.05456020710357967,0.03452713418562808,neural_inr,24,0
7862,9,0.1041494823394966,2.8047415300069605,neural_inr,24,0
7862,10,0.08498887282241459,0.7114229477843418,neural_inr,24,0
8539,1,0.0038968219557192233,1.1366943186931777,neural_inr,24,0
8539,2,0.010066704859985686,2.2482332508787417,neural_inr,24,0
8539,3,0.007275014256794351,0.3477000843414968,neural_inr,24,0
8539,4,0.00915882424802434,0.5542732475070944,neural_inr,24,0
8539,5,0.01632856642183133,2.9669815520174754,neural_inr,24,0
8539,8,0.024840280911481032,0.5425424850543297,neural_inr,24,0
8539,9,0.027907092040008224,3.4798473229952296,neural_inr,24,0
8539,10,0.011980287896599991,1.3379994522916843,neural_inr,24,0
9311,1,0.01671437406239182,2.2291250937235714,neural_inr,24,0
9311,2,0.024418304538176134,3.82250581865177,neural_inr,24,0
9311,3,0.017916989504516215,1.720991101297774,neural_inr,24,0
9311,6,0.026936987443460465,0.4006998670633087,neural_inr,24,0
9311,7,0.04262427799603515,2.368023351736372,neural_inr,24,0
9311,8,0.02598727648409738,2.025300616641017,neural_inr,24,0
9311,9,0.05682543700581828,7.248509286524622,neural_inr,24,0
9311,10,0.05888297171645092,2.722574236935,neural_inr,24,0
9779,1,0.0035612259535971373,2.317732757627738,neural_inr,24,0
9779,2,0.006744165702241562,2.934426033490809,neural_inr,24,0
9779,3,0.004142077956217136,2.1282782094382746,neural_inr,24,0
9779,4,0.00747079439994718,2.263873756023019,neural_inr,24,0
9779,5,0.014616722214023813,3.7319299811628883,neural_inr,24,0
9779,6,0.010477894424478305,2.3040938576706513,neural_inr,24,0
9779,7,0.01213466214987686,3.0921521628062054,neural_inr,24,0
9779,8,0.009824442924720596,2.4128564155810546,neural_inr,24,0
9779,9,0.016509922515160935,3.9331914933027172,neural_inr,24,0
9779,10,0.015686970108186517,3.1065346311417716,neural_inr,24,0
422,1,0.00579619712312052,3.234131267745978,original_fixed_rbf,24,0
422,2,0.016445396753442382,0.7394718991798311,original_fixed_rbf,24,0
422,3,0.01103768038763016,3.712733582421221,original_fixed_rbf,24,0
422,4,0.012415280067951527,5.780492871977438,original_fixed_rbf,24,0
422,5,0.02325100075419383,0.5436671515177806,original_fixed_rbf,24,0
422,8,0.03150747754500512,3.4899183674724563,original_fixed_rbf,24,0
422,9,0.031413257494433466,4.212650158223322,original_fixed_rbf,24,0
422,10,0.013927245326728382,4.495700861445271,original_fixed_rbf,24,0
1190,1,0.0012393791280366254,0.6824287429612813,original_fixed_rbf,24,0
1190,2,0.0020993382102325727,1.4288690916725748,original_fixed_rbf,24,0
1190,3,0.0027364864461008175,1.5321837735480306,original_fixed_rbf,24,0
1190,4,0.004509920926817292,0.5129575552762666,original_fixed_rbf,24,0
1190,5,0.006573371345186597,0.7348158263724481,original_fixed_rbf,24,0
1190,6,0.007282336928892519,1.72688643313944,original_fixed_rbf,24,0
1190,7,0.009577192255135782,0.9171852248439781,original_fixed_rbf,24,0
1190,8,0.005391424610532168,0.5898715354354841,original_fixed_rbf,24,0
1190,9,0.004131926792489851,4.920389794211259,original_fixed_rbf,24,0
1190,10,0.013813329593513732,2.2937403039595217,original_fixed_rbf,24,0
1826,1,0.0022591535143054774,6.0231095114967115,original_fixed_rbf,24,0
1826,2,0.004544875590439447,5.470702815256416,original_fixed_rbf,24,0
1826,3,0.002706745617651125,3.070543722719093,original_fixed_rbf,24,0
1826,4,0.0047730861944930815,8.212532850169335,original_fixed_rbf,24,0
1826,5,0.044612859741435466,6.667951266011713,original_fixed_rbf,24,0
1826,6,0.06715194098914992,1.391040652050926,original_fixed_rbf,24,0
1826,7,0.0073431848513777764,5.929584668733072,original_fixed_rbf,24,0
1826,8,0.010046333126184179,2.0264923786040407,original_fixed_rbf,24,0
1826,9,0.011101734108915755,0.6796353155775284,original_fixed_rbf,24,0
2209,1,0.0009584022871492055,0.5718172766320474,original_fixed_rbf,24,0
2209,2,0.005372644623755316,0.8759474109861621,original_fixed_rbf,24,0
2209,3,0.00384956738996325,0.6102530223504091,original_fixed_rbf,24,0
2209,4,0.003391097461164747,0.26647808590395916,original_fixed_rbf,24,0
2209,5,0.0606237172246618,0.3987910487283464,original_fixed_rbf,24,0
2209,6,0.04937280468624319,5.3465152897707435,original_fixed_rbf,24,0
2209,7,0.13712050454816202,0.40391138308313523,original_fixed_rbf,24,0
2209,8,0.008881310347850103,0.9276463533711132,original_fixed_rbf,24,0
2209,10,0.017385579466769455,0.6428813318030392,original_fixed_rbf,24,0
2802,1,0.012275068783743986,2.16339368316077,original_fixed_rbf,24,0
2802,2,0.018801204147589054,0.96368149831158,original_fixed_rbf,24,0
2802,3,0.01198650627868103,1.9923900270994337,original_fixed_rbf,24,0
2802,4,0.012052915210905677,2.1013677020943824,original_fixed_rbf,24,0
2802,5,0.022273704491122533,2.92661392505862,original_fixed_rbf,24,0
2802,6,0.012585878911325156,4.2784909543457985,original_fixed_rbf,24,0
2802,7,0.017156132403420923,3.025787149314299,original_fixed_rbf,24,0
2802,8,0.01951367387572182,0.8889370149764121,original_fixed_rbf,24,0
2802,9,0.027390295009493512,1.8262644751926778,original_fixed_rbf,24,0
3377,1,0.00792577403984251,2.156744772701956,original_fixed_rbf,24,0
3377,2,0.019553555929906468,2.8466721394536685,original_fixed_rbf,24,0
3377,3,0.01674403903562473,2.902482240226563,original_fixed_rbf,24,0
3377,4,0.022090732274351297,3.4508979251420633,original_fixed_rbf,24,0
3377,5,0.029126896489197054,2.4190469690776597,original_fixed_rbf,24,0
3377,6,0.027130246949210388,0.8971453711394738,original_fixed_rbf,24,0
3377,7,0.028725941978751335,0.4070871517800493,original_fixed_rbf,24,0
3377,8,0.025322062122717398,0.5077732106062083,original_fixed_rbf,24,0
3377,9,0.03683727827593231,3.0889547444812386,original_fixed_rbf,24,0
3377,10,0.03037797684569717,3.4685824832010415,original_fixed_rbf,24,0
3408,1,0.0008889904434366379,1.3246482988738026,original_fixed_rbf,24,0
3408,2,0.0017633334062191126,3.276229572872778,original_fixed_rbf,24,0
3408,3,0.0018273379378427998,0.9726069647860984,original_fixed_rbf,24,0
3408,4,0.002839380425961447,0.0591447613627396,original_fixed_rbf,24,0
3408,5,0.005500364263783427,2.6175912407239634,original_fixed_rbf,24,0
3408,6,0.005484801008948294,0.6928066800730126,original_fixed_rbf,24,0
3408,7,0.014404973291545607,1.2312329543509517,original_fixed_rbf,24,0
3408,8,0.0033721815366685916,0.942733818154038,original_fixed_rbf,24,0
3408,9,0.01226857719441478,0.501842096751998,original_fixed_rbf,24,0
3408,10,0.1338820258608556,0.22232104750646875,original_fixed_rbf,24,0
4082,1,0.0013694641507018264,1.22994193420094,original_fixed_rbf,24,0
4082,2,0.00518336815791372,1.4200859290711745,original_fixed_rbf,24,0
4082,3,0.0030740174926696655,0.2766301403628728,original_fixed_rbf,24,0
4082,4,0.00668493934695455,0.06150924660141534,original_fixed_rbf,24,0
4082,5,0.00936428954760659,0.6447128314620467,original_fixed_rbf,24,0
4082,6,0.010275900971498119,0.7894892742888319,original_fixed_rbf,24,0
4082,7,0.0106676879361929,0.8226092762882492,original_fixed_rbf,24,0
4082,8,0.027799805963994857,0.9168797781185657,original_fixed_rbf,24,0
4082,9,0.037048781512387066,0.6151760870583896,original_fixed_rbf,24,0
4082,10,0.008188598342101928,1.3509909140138268,original_fixed_rbf,24,0
4352,1,0.0115798677398245,0.21739864443220341,original_fixed_rbf,24,0
4352,2,0.02164894677829904,1.2092343033750252,original_fixed_rbf,24,0
4352,3,0.020098374980067498,5.046919560735009,original_fixed_rbf,24,0
4352,4,0.028551087166924744,3.5693284971908277,original_fixed_rbf,24,0
4352,5,0.033266107621906967,5.105621362979488,original_fixed_rbf,24,0
4352,6,0.02905900601021429,6.8623206563232175,original_fixed_rbf,24,0
4352,7,0.03470277837061955,4.754835716491826,original_fixed_rbf,24,0
4352,8,0.04047243152785467,6.955686150023808,original_fixed_rbf,24,0
4352,9,0.04889730540688606,5.907852919295558,original_fixed_rbf,24,0
4352,10,0.03258875154669797,1.158329185524891,original_fixed_rbf,24,0
4470,1,0.001649796062215333,0.4635330872168725,original_fixed_rbf,24,0
4470,2,0.0023063602381822273,5.970761631848627,original_fixed_rbf,24,0
4470,3,0.0018628530921989503,0.9471942011830761,original_fixed_rbf,24,0
4470,4,0.0034205053070431373,0.5355116419091179,original_fixed_rbf,24,0
4470,5,0.01817097148340633,8.853735427716584,original_fixed_rbf,24,0
4470,6,0.024023609992767262,0.68218753199386,original_fixed_rbf,24,0
4470,7,0.005127616171871461,6.203431241809059,original_fixed_rbf,24,0
4470,8,0.007413516389390143,1.130971520541184,original_fixed_rbf,24,0
4470,9,0.021542285785494844,17.842119738148945,original_fixed_rbf,24,0
4470,10,0.015841484564717637,0.32511122008270854,original_fixed_rbf,24,0
5873,1,0.00201700068307203,1.3970486894207579,original_fixed_rbf,24,0
5873,2,0.005646879462655744,1.7124527490095098,original_fixed_rbf,24,0
5873,3,0.004569515938827833,1.4132290522455186,original_fixed_rbf,24,0
5873,4,0.017557084866114035,3.0319229390901583,original_fixed_rbf,24,0
5873,5,0.015387935474243527,8.40665625961478,original_fixed_rbf,24,0
5873,6,0.012277616015356284,0.31797780826861166,original_fixed_rbf,24,0
5873,7,0.02739267184378281,2.8587711516613874,original_fixed_rbf,24,0
5873,8,0.15424419434821166,1.4422502350148856,original_fixed_rbf,24,0
5873,9,0.1529798498230916,2.109375534165444,original_fixed_rbf,24,0
5873,10,0.03611000772706109,1.002207900162743,original_fixed_rbf,24,0
6148,1,0.0012478670773074692,2.661073962832098,original_fixed_rbf,24,0
6148,2,0.0018877273941982982,3.338842658868171,original_fixed_rbf,24,0
6148,3,0.0011856456772218154,5.814562274715378,original_fixed_rbf,24,0
6148,4,0.0024089984610454157,3.3541289136174735,original_fixed_rbf,24,0
6148,5,0.00423624832967358,0.8489369419709849,original_fixed_rbf,24,0
6148,6,0.003867299080916168,6.7516111291168315,original_fixed_rbf,24,0
6148,7,0.0029271656081859814,3.7821805469330476,original_fixed_rbf,24,0
6148,8,0.00410502855582443,4.579696008392125,original_fixed_rbf,24,0
6148,10,0.009347077952185142,1.7489565711147388,original_fixed_rbf,24,0
7862,1,0.018971612755818778,2.0819938184845928,original_fixed_rbf,24,0
7862,2,0.029722922738854893,1.713366473973128,original_fixed_rbf,24,0
7862,3,0.022618056418188714,0.09129723164935526,original_fixed_rbf,24,0
7862,4,0.03641309730429591,2.7967724378531567,original_fixed_rbf,24,0
7862,5,0.04545475737467278,6.9928290984276265,original_fixed_rbf,24,0
7862,6,0.015340077973217138,0.6162237963092865,original_fixed_rbf,24,0
7862,7,0.04207889154606132,1.246224597555528,original_fixed_rbf,24,0
7862,8,0.04169921733347869,0.2183449952023898,original_fixed_rbf,24,0
7862,9,0.06738917684070855,2.152549678821136,original_fixed_rbf,24,0
7862,10,0.054130371385892995,5.012861556599307,original_fixed_rbf,24,0
8539,1,0.0052877051160999345,1.3439350281573028,original_fixed_rbf,24,0
8539,2,0.00864943387309416,2.024584974097193,original_fixed_rbf,24,0
8539,3,0.00676506923147606,0.2068511843837746,original_fixed_rbf,24,0
8539,4,0.009429596460353037,1.2308471047582343,original_fixed_rbf,24,0
8539,5,0.03268469363632277,2.404357223269525,original_fixed_rbf,24,0
8539,8,0.02522261090654685,0.5380678830905485,original_fixed_rbf,24,0
8539,9,0.02281474985046194,2.5121025904405054,original_fixed_rbf,24,0
8539,10,0.0179551623915119,0.4820534452372997,original_fixed_rbf,24,0
9311,1,0.017857433695201437,2.4133820410104962,original_fixed_rbf,24,0
9311,2,0.025391456057993398,2.78481400156694,original_fixed_rbf,24,0
9311,3,0.01897929846377699,3.2726449205934594,original_fixed_rbf,24,0
9311,6,0.023793210346738796,0.20223849975739958,original_fixed_rbf,24,0
9311,7,0.033997889276062676,1.2468687441581463,original_fixed_rbf,24,0
9311,8,0.026281822676545254,2.814632051821836,original_fixed_rbf,24,0
9311,9,0.027877777618637977,11.394493416539252,original_fixed_rbf,24,0
9311,10,0.04227160577449291,5.450547070838791,original_fixed_rbf,24,0
9779,1,0.008554223016289664,3.503122985932048,original_fixed_rbf,24,0
9779,2,0.007289303462783508,0.9743153323772354,original_fixed_rbf,24,0
9779,3,0.0081177564527074,5.911320823541278,original_fixed_rbf,24,0
9779,4,0.0036761443372187873,3.2585868613081286,original_fixed_rbf,24,0
9779,5,0.009897813908903742,0.8901366457468106,original_fixed_rbf,24,0
9779,6,0.012671555871104948,2.806345041705428,original_fixed_rbf,24,0
9779,7,0.006721395695999234,1.7209118618275772,original_fixed_rbf,24,0
9779,8,0.005917583381332799,3.3797878285012017,original_fixed_rbf,24,0
9779,9,0.006782684800883241,6.004963867385702,original_fixed_rbf,24,0
9779,10,0.010329950471519866,6.410745673063453,original_fixed_rbf,24,0
422,1,0.0006234725127615446,1.7918109796783561,boundary_kernel_pca,32,0
422,2,0.0059674710187011685,1.2557097161526871,boundary_kernel_pca,32,0
422,3,0.0015062221737911574,0.3603648337158709,boundary_kernel_pca,32,0
422,4,0.0015143853723141067,1.2481088014829895,boundary_kernel_pca,32,0
422,5,0.008182040075694341,2.7504958383750315,boundary_kernel_pca,32,0
422,8,0.013432546976365863,2.304185234321796,boundary_kernel_pca,32,0
422,9,0.036330920375850805,0.3823959398882741,boundary_kernel_pca,32,0
422,10,0.005735417767673636,1.1033206618708717,boundary_kernel_pca,32,0
1190,1,0.0020197609985289524,0.5310420439541393,boundary_kernel_pca,32,0
1190,2,0.0022615549207234747,0.7828777521329172,boundary_kernel_pca,32,0
1190,3,0.0005037586138087147,1.723734681334327,boundary_kernel_pca,32,0
1190,4,0.001937707020183508,2.0181667693508882,boundary_kernel_pca,32,0
1190,5,0.005700317770296101,1.193346941867018,boundary_kernel_pca,32,0
1190,6,0.0050005352121988015,2.002468303897982,boundary_kernel_pca,32,0
1190,7,0.0037779590409489743,0.31467095392683436,boundary_kernel_pca,32,0
1190,8,0.009591323059127596,0.1723382841803207,boundary_kernel_pca,32,0
1190,9,0.008486129039861593,1.8296835940653315,boundary_kernel_pca,32,0
1190,10,0.01149611495339663,1.1907896047081652,boundary_kernel_pca,32,0
1826,1,0.0022366522627873583,0.046369972099884124,boundary_kernel_pca,32,0
1826,2,0.003984098097112625,4.168530522696826,boundary_kernel_pca,32,0
1826,3,0.0017906031731443146,0.556473420416961,boundary_kernel_pca,32,0
1826,4,0.0037886972175512823,0.42435049782218115,boundary_kernel_pca,32,0
1826,5,0.01788909639472029,3.6567749570464283,boundary_kernel_pca,32,0
1826,6,0.01683094925959023,0.40375841720174355,boundary_kernel_pca,32,0
1826,7,0.006053234867252103,0.9532094418392445,boundary_kernel_pca,32,0
1826,8,0.013019314214107205,1.8094121362548679,boundary_kernel_pca,32,0
1826,9,0.011108596445468659,1.7102025188278562,boundary_kernel_pca,32,0
2209,1,0.002145165001201024,0.24247163097988506,boundary_kernel_pca,32,0
2209,2,0.005466061803693739,0.9486549661251862,boundary_kernel_pca,32,0
2209,3,0.004606918032812766,3.321669620008147,boundary_kernel_pca,32,0
2209,4,0.003989784135529696,1.2204285519267264,boundary_kernel_pca,32,0
2209,5,0.02506130120896107,0.2864046335636575,boundary_kernel_pca,32,0
2209,6,0.007723896227373379,6.805863320722814,boundary_kernel_pca,32,0
2209,7,0.13700692407005702,1.2781419774401948,boundary_kernel_pca,32,0
2209,8,0.009953345896247192,0.527477599260021,boundary_kernel_pca,32,0
2209,10,0.011598345488628974,1.124908798434975,boundary_kernel_pca,32,0
2802,1,0.006003172327875291,1.1354120016723983,boundary_kernel_pca,32,0
2802,2,0.01644017214880762,3.2646057347142357,boundary_kernel_pca,32,0
2802,3,0.0014837875888099573,0.42915067241017457,boundary_kernel_pca,32,0
2802,4,0.00531776734606023,0.6064272715468985,boundary_kernel_pca,32,0
2802,5,0.010000231433207257,5.7384352401975045,boundary_kernel_pca,32,0
2802,6,0.013352439753635396,0.996877231801395,boundary_kernel_pca,32,0
2802,7,0.017582080837012654,6.036697339222402,boundary_kernel_pca,32,0
2802,8,0.01523570387829954,0.7246951631763041,boundary_kernel_pca,32,0
2802,9,0.021012539391360035,8.053913855305767,boundary_kernel_pca,32,0
3377,1,0.0072320986348277175,0.35224772569261725,boundary_kernel_pca,32,0
3377,2,0.0183775406357479,1.41342084037917,boundary_kernel_pca,32,0
3377,3,0.007687864159545914,0.2862085393631914,boundary_kernel_pca,32,0
3377,4,0.013188813242131572,1.0995369403033282,boundary_kernel_pca,32,0
3377,5,0.031413537970201806,1.6276306513264218,boundary_kernel_pca,32,0
3377,6,0.04264993962105276,1.671667625845729,boundary_kernel_pca,32,0
3377,7,0.028292037707500408,0.6992692376688953,boundary_kernel_pca,32,0
3377,8,0.025350166382021987,0.08177606375002223,boundary_kernel_pca,32,0
3377,9,0.036798726548336914,1.501911746560953,boundary_kernel_pca,32,0
3377,10,0.027505818209512808,1.1912317734602142,boundary_kernel_pca,32,0
3408,1,0.0013797995312502733,1.6758305649298684,boundary_kernel_pca,32,0
3408,2,0.0026590925951886324,0.4377049181260182,boundary_kernel_pca,32,0
3408,3,0.0020666085991517934,3.889874901908849,boundary_kernel_pca,32,0
3408,4,0.0031385202555919366,2.9528352515435663,boundary_kernel_pca,32,0
3408,5,0.008321099454214637,0.01806390621217845,boundary_kernel_pca,32,0
3408,6,0.007939831210731068,3.258319697857705,boundary_kernel_pca,32,0
3408,7,0.011594726854029066,2.600971235658251,boundary_kernel_pca,32,0
3408,8,0.0047846783570830035,0.44326670295480297,boundary_kernel_pca,32,0
3408,9,0.013113999537308284,2.254116861160673,boundary_kernel_pca,32,0
3408,10,0.1317738842293991,0.28983505099050016,boundary_kernel_pca,32,0
4082,1,0.0009752682058896933,0.202620929493873,boundary_kernel_pca,32,0
4082,2,0.003321554553466558,0.7741606987311961,boundary_kernel_pca,32,0
4082,3,0.0012752251309662553,1.2986358564878568,boundary_kernel_pca,32,0
4082,4,0.003056137759494759,1.1049590602442874,boundary_kernel_pca,32,0
4082,5,0.004945011880076716,1.6228544011376185,boundary_kernel_pca,32,0
4082,6,0.004885483261127102,0.51732831238502,boundary_kernel_pca,32,0
4082,7,0.00865026739039141,1.317780261338159,boundary_kernel_pca,32,0
4082,8,0.011826283612722943,0.3374900392215052,boundary_kernel_pca,32,0
4082,9,0.026823054014134394,0.40821821027174165,boundary_kernel_pca,32,0
4082,10,0.007437108317731307,1.0877874324201415,boundary_kernel_pca,32,0
4352,1,0.01019118302776751,1.8219798455313043,boundary_kernel_pca,32,0
4352,2,0.021816518104570855,2.0877666119321048,boundary_kernel_pca,32,0
4352,3,0.016155635170645326,2.5318391747459494,boundary_kernel_pca,32,0
4352,4,0.019882357909422752,5.614502459820123,boundary_kernel_pca,32,0
4352,5,0.02756088920649584,4.277919533552285,boundary_kernel_pca,32,0
4352,6,0.033575954133079774,6.430409679422463,boundary_kernel_pca,32,0
4352,7,0.036707423331173265,3.6317287982969364,boundary_kernel_pca,32,0
4352,8,0.0391106971092885,7.605143295670944,boundary_kernel_pca,32,0
4352,9,0.0480530139663383,6.193232973550208,boundary_kernel_pca,32,0
4352,10,0.03249351332681835,6.119383925905647,boundary_kernel_pca,32,0
4470,1,0.004080733257564886,2.4454816636467034,boundary_kernel_pca,32,0
4470,2,0.004288523687861249,3.0125982771265103,boundary_kernel_pca,32,0
4470,3,0.005731944596555246,1.8039451950861942,boundary_kernel_pca,32,0
4470,4,0.010844590383335849,1.519684846370977,boundary_kernel_pca,32,0
4470,5,0.02285087482708485,5.190777940340136,boundary_kernel_pca,32,0
4470,6,0.027596446340602238,1.5817634203717441,boundary_kernel_pca,32,0
4470,7,0.008511061457874742,8.729837799045287,boundary_kernel_pca,32,0
4470,8,0.01261152943911492,1.9817742652666102,boundary_kernel_pca,32,0
4470,9,0.01401600669818353,10.079135299016068,boundary_kernel_pca,32,0
4470,10,0.018148472845200745,0.19877688059538565,boundary_kernel_pca,32,0
5873,1,0.008203632468578116,3.3337086865828054,boundary_kernel_pca,32,0
5873,2,0.0029303592349575933,7.262721704263903,boundary_kernel_pca,32,0
5873,3,0.005617251835867914,0.20089930133025444,boundary_kernel_pca,32,0
5873,4,0.005158056193325717,1.0841075022593827,boundary_kernel_pca,32,0
5873,5,0.008801525500943203,12.792304387380455,boundary_kernel_pca,32,0
5873,6,0.018517493652335723,0.524744534390576,boundary_kernel_pca,32,0
5873,7,0.014158801897769682,10.726170263153902,boundary_kernel_pca,32,0
5873,8,0.15218814786786125,1.862325187944573,boundary_kernel_pca,32,0
5873,9,0.15031023391687603,1.3671079060128655,boundary_kernel_pca,32,0
5873,10,0.023919798428807246,3.480281245493415,boundary_kernel_pca,32,0
6148,1,0.0011980779180309166,1.1827260721290818,boundary_kernel_pca,32,0
6148,2,0.0015385397131567446,0.956586485864268,boundary_kernel_pca,32,0
6148,3,0.0013964641097086567,5.40835761534489,boundary_kernel_pca,32,0
6148,4,0.0022339789655219148,2.310699948410422,boundary_kernel_pca,32,0
6148,5,0.04676137858976079,0.1832624872852455,boundary_kernel_pca,32,0
6148,6,0.058699590080242926,5.405739847058999,boundary_kernel_pca,32,0
6148,7,0.0025475968058322855,0.11838237058714651,boundary_kernel_pca,32,0
6148,8,0.003938263296457487,3.6589181593555673,boundary_kernel_pca,32,0
6148,10,0.003907923382279614,2.1285617050439387,boundary_kernel_pca,32,0
7862,1,0.019833501648976355,0.16181722469248722,boundary_kernel_pca,32,0
7862,2,0.0325547630042647,4.026771948922117,boundary_kernel_pca,32,0
7862,3,0.015051915911149953,0.48839586554165226,boundary_kernel_pca,32,0
7862,4,0.023696007961787918,1.299420279248024,boundary_kernel_pca,32,0
7862,5,0.034191794236880145,10.026730611133448,boundary_kernel_pca,32,0
7862,6,0.011203373758137724,0.8064958255093317,boundary_kernel_pca,32,0
7862,7,0.03903193894340349,3.0748366495851442,boundary_kernel_pca,32,0
7862,8,0.0391515981114914,1.269269810277682,boundary_kernel_pca,32,0
7862,9,0.06547727376177521,17.249638185886948,boundary_kernel_pca,32,0
7862,10,0.05271957160628294,3.6559815869944705,boundary_kernel_pca,32,0
8539,1,0.0034921716226926653,0.19861941413227618,boundary_kernel_pca,32,0
8539,2,0.008031431392606364,0.7311915942693612,boundary_kernel_pca,32,0
8539,3,0.003611034379846938,0.1199540633072627,boundary_kernel_pca,32,0
8539,4,0.0072626312231607836,1.109982316312474,boundary_kernel_pca,32,0
8539,5,0.011838221492851958,1.2564250860365707,boundary_kernel_pca,32,0
8539,8,0.029794293141302594,0.42291452527062634,boundary_kernel_pca,32,0
8539,9,0.027221733821115895,1.343610027118651,boundary_kernel_pca,32,0
8539,10,0.016379876313672954,0.403315789173326,boundary_kernel_pca,32,0
9311,1,0.009375638872628888,3.5197807515808823,boundary_kernel_pca,32,0
9311,2,0.02216572415824459,4.07295843811972,boundary_kernel_pca,32,0
9311,3,0.005686756187076416,3.00747540879487,boundary_kernel_pca,32,0
9311,6,0.008069521428337827,2.3140334162835825,boundary_kernel_pca,32,0
9311,7,0.02671456306034362,4.104886579489415,boundary_kernel_pca,32,0
9311,8,0.029357776086713864,1.6672384125005526,boundary_kernel_pca,32,0
9311,9,0.03213674709558792,1.117582235322156,boundary_kernel_pca,32,0
9311,10,0.03706092397876561,4.855278619538691,boundary_kernel_pca,32,0
9779,1,0.005016241492594658,3.614598764401895,boundary_kernel_pca,32,0
9779,2,0.002497359026969054,1.5752758524725776,boundary_kernel_pca,32,0
9779,3,0.0027350159629369445,3.0067834026157993,boundary_kernel_pca,32,0
9779,4,0.003278566073693679,2.7474121964133267,boundary_kernel_pca,32,0
9779,5,0.010876922301685089,1.3393974338232824,boundary_kernel_pca,32,0
9779,6,0.013090376263574727,4.231947641554839,boundary_kernel_pca,32,0
9779,7,0.005395050024539292,0.07580649128703115,boundary_kernel_pca,32,0
9779,8,0.013121851597091897,3.045991726932694,boundary_kernel_pca,32,0
9779,9,0.011258258175448031,1.985829384569709,boundary_kernel_pca,32,0
9779,10,0.007650742385259753,3.876750157638589,boundary_kernel_pca,32,0
422,1,0.0005116979352017195,1.1868231412849968,output_pca,32,0
422,2,0.0018952136232003188,0.6306780385307864,output_pca,32,0
422,3,0.0006530399871458025,0.8727086167515697,output_pca,32,0
422,4,0.0053457760996402865,1.0791361896210676,output_pca,32,0
422,5,0.0087016131686022,2.3153436100877425,output_pca,32,0
422,8,0.01258017560450879,3.214877409716238,output_pca,32,0
422,9,0.02604146372305438,0.19340723182099276,output_pca,32,0
422,10,0.004499086245807447,1.260120937844138,output_pca,32,0
1190,1,0.0006107997838066387,1.1866248911741963,output_pca,32,0
1190,2,0.000998424072942905,1.371919259699679,output_pca,32,0
1190,3,0.0006325481384556942,1.8208071330522224,output_pca,32,0
1190,4,0.002255551233492223,1.24696576053801,output_pca,32,0
1190,5,0.010374569264004688,1.9229937217668271,output_pca,32,0
1190,6,0.013377570094500427,1.905385022222336,output_pca,32,0
1190,7,0.009043297970426589,1.2341779253220053,output_pca,32,0
1190,8,0.0093127494446712,0.3396004618627336,output_pca,32,0
1190,9,0.012437014105879086,2.6419463546090367,output_pca,32,0
1190,10,0.011381276557559192,0.9996604300537502,output_pca,32,0
1826,1,0.0008783382582756399,0.31734155111546347,output_pca,32,0
1826,2,0.0029464129711905926,3.7631089332000967,output_pca,32,0
1826,3,0.001615301811681077,0.5081843576402504,output_pca,32,0
1826,4,0.005294615574597816,0.9106943603046801,output_pca,32,0
1826,5,0.01820929763091625,4.233196752260091,output_pca,32,0
1826,6,0.018348168887620996,0.15393265921233817,output_pca,32,0
1826,7,0.009250661290713762,2.56067711303716,output_pca,32,0
1826,8,0.008456983116800975,3.93490990326928,output_pca,32,0
1826,9,0.01021065920013592,1.5205156136885403,output_pca,32,0
2209,1,0.0012709604108660055,1.7793089956147052,output_pca,32,0
2209,2,0.004131334537016734,1.048817719170463,output_pca,32,0
2209,3,0.0037538486593844686,3.460205475288592,output_pca,32,0
2209,4,0.0031549991159931486,1.64367353144288,output_pca,32,0
2209,5,0.027757936581082946,0.4196196917015198,output_pca,32,0
2209,6,0.0071990532748063525,6.142812577395726,output_pca,32,0
2209,7,0.1373252408076007,0.6762059078880247,output_pca,32,0
2209,8,0.010911095257295984,1.6933998828665189,output_pca,32,0
2209,10,0.011733045414771671,1.5866186517910552,output_pca,32,0
2802,1,0.003571099722564874,0.20449124906207355,output_pca,32,0
2802,2,0.011659463560051793,2.7461381187745744,output_pca,32,0
2802,3,0.0048007831670107085,0.07066651433576827,output_pca,32,0
2802,4,0.018532621440243202,0.6121900469346159,output_pca,32,0
2802,5,0.011879888529978181,5.075172507037845,output_pca,32,0
2802,6,0.00941258164888611,0.864104348099865,output_pca,32,0
2802,7,0.026403394534994615,4.518067260933295,output_pca,32,0
2802,8,0.014390181115097192,1.160023263409737,output_pca,32,0
2802,9,0.012847829512381056,7.119187930261164,output_pca,32,0
3377,1,0.0055166412064843705,0.18406173355741642,output_pca,32,0
3377,2,0.015649555004045232,1.8090029703566455,output_pca,32,0
3377,3,0.010858563359621754,0.6838424372497512,output_pca,32,0
3377,4,0.02135027759796101,0.4420473615169262,output_pca,32,0
3377,5,0.0324149131690227,0.7461474508507369,output_pca,32,0
3377,6,0.04711097552395033,1.7103709467102761,output_pca,32,0
3377,7,0.028623057183514548,0.07145569250082048,output_pca,32,0
3377,8,0.025215838972131942,0.8899124636870708,output_pca,32,0
3377,9,0.03395833398613688,2.5612527644070857,output_pca,32,0
3377,10,0.030013082841160565,1.5438255997286052,output_pca,32,0
3408,1,0.0007296542380023299,3.013729439988796,output_pca,32,0
3408,2,0.0016600641457757618,0.48734143278476433,output_pca,32,0
3408,3,0.0015530899592777116,3.3640461505991293,output_pca,32,0
3408,4,0.0026228445728563674,2.7403921948389045,output_pca,32,0
3408,5,0.007320783146762795,0.2500933442464119,output_pca,32,0
3408,6,0.011425668915103158,3.212093628776999,output_pca,32,0
3408,7,0.011423308947334988,0.04614359232509872,output_pca,32,0
3408,8,0.0038344949510732236,1.2364108137687997,output_pca,32,0
3408,9,0.021473541746238927,2.3402951253642974,output_pca,32,0
3408,10,0.1328266568660075,0.25274731969138864,output_pca,32,0
4082,1,0.0006455014363085812,0.1370384322800962,output_pca,32,0
4082,2,0.0019143168606962444,0.4418041486769196,output_pca,32,0
4082,3,0.0010256691038693915,0.11375827627344638,output_pca,32,0
4082,4,0.005988263555164715,0.647800848088166,output_pca,32,0
4082,5,0.0043021956371947145,1.1348688710408212,output_pca,32,0
4082,6,0.009503848534882892,0.1500100469330364,output_pca,32,0
4082,7,0.01021510818314976,0.1809644046801208,output_pca,32,0
4082,8,0.01372088806907912,1.0566317253787083,output_pca,32,0
4082,9,0.02731231016479853,0.4078158952371758,output_pca,32,0
4082,10,0.0065130320736786354,1.0453770528854858,output_pca,32,0
4352,1,0.009902210463030928,2.4485127113879184,output_pca,32,0
4352,2,0.019564699362665215,2.1002868918619595,output_pca,32,0
4352,3,0.018358028182325802,4.0441357690158,output_pca,32,0
4352,4,0.028270536185605183,5.37390612756283,output_pca,32,0
4352,5,0.030364252377244584,5.411593515785499,output_pca,32,0
4352,6,0.03655480926377294,6.135147903894645,output_pca,32,0
4352,7,0.03766850382573473,6.24269845642302,output_pca,32,0
4352,8,0.04138773335522143,8.970538289886562,output_pca,32,0
4352,9,0.0456708676836965,6.756912120955275,output_pca,32,0
4352,10,0.03419113064758323,6.008022892677446,output_pca,32,0
4470,1,0.0017179740975587774,1.1747484517230606,output_pca,32,0
4470,2,0.004669584896989844,4.1573627959266926,output_pca,32,0
4470,3,0.0027840711075421214,1.1341682776049922,output_pca,32,0
4470,4,0.0018662616507665033,1.287236392775032,output_pca,32,0
4470,5,0.022987743083534174,6.749599516415545,output_pca,32,0
4470,6,0.029070427436924687,1.9536733292916693,output_pca,32,0
4470,7,0.002011831075741262,4.807085659744365,output_pca,32,0
4470,8,0.007135005287103608,3.200160370477076,output_pca,32,0
4470,9,0.025336481494744215,10.868396590610947,output_pca,32,0
4470,10,0.015191160997485104,0.07292533783857334,output_pca,32,0
5873,1,0.003345577529271968,1.2491317551932344,output_pca,32,0
5873,2,0.0015280587530580995,9.465021271212668,output_pca,32,0
5873,3,0.002289249821566439,0.3204334141424447,output_pca,32,0
5873,4,0.014452701991966029,0.31726495591831777,output_pca,32,0
5873,5,0.007993638715603348,14.375475367280815,output_pca,32,0
5873,6,0.01673478207727953,0.8510927804191905,output_pca,32,0
5873,7,0.02406339019809135,6.350041887340801,output_pca,32,0
5873,8,0.15424997237921825,0.5258286520968681,output_pca,32,0
5873,9,0.1507710756641639,1.4953420339412036,output_pca,32,0
5873,10,0.029252795396354454,2.7786074205887803,output_pca,32,0
6148,1,0.0006110543210295897,2.137743178257185,output_pca,32,0
6148,2,0.00140716433106926,1.3575500663096556,output_pca,32,0
6148,3,0.0006958574883556899,4.4292217024895555,output_pca,32,0
6148,4,0.0012760409001350546,2.0920137580841924,output_pca,32,0
6148,5,0.04463392616408895,0.652647953015036,output_pca,32,0
6148,6,0.06926503756738564,4.777729550867587,output_pca,32,0
6148,7,0.003209071111143163,2.2207820052895193,output_pca,32,0
6148,8,0.0040047675894748745,4.67730086084554,output_pca,32,0
6148,10,0.0029723514764146593,1.8986371887930578,output_pca,32,0
7862,1,0.016230125029364887,1.1163245678429934,output_pca,32,0
7862,2,0.02957880254542159,3.373356751601127,output_pca,32,0
7862,3,0.015487703122818443,0.48083194800961215,output_pca,32,0
7862,4,0.029455172346128006,0.9296062504501889,output_pca,32,0
7862,5,0.03615914893442496,7.69383849608066,output_pca,32,0
7862,6,0.013313469901044275,0.5713151081714893,output_pca,32,0
7862,7,0.03458483886447464,3.995718426411602,output_pca,32,0
7862,8,0.040702174519956634,0.6027501752290028,output_pca,32,0
7862,9,0.061329866586762004,17.452095092072287,output_pca,32,0
7862,10,0.05668589224186579,3.546588683977277,output_pca,32,0
8539,1,0.002111212580951692,1.0362690082470967,output_pca,32,0
8539,2,0.006698822053062114,0.3973442321000438,output_pca,32,0
8539,3,0.003735962188246013,1.1039438797976917,output_pca,32,0
8539,4,0.00760764466640657,1.044829674866778,output_pca,32,0
8539,5,0.010838293427591215,0.4426602714656861,output_pca,32,0
8539,8,0.02478642903094876,0.5428369040608081,output_pca,32,0
8539,9,0.03159380133295151,2.9223024454553403,output_pca,32,0
8539,10,0.012925353796769642,0.22529291661530287,output_pca,32,0
9311,1,0.00804043788042838,3.8967370676818107,output_pca,32,0
9311,2,0.013278821852698299,3.2635820713316823,output_pca,32,0
9311,3,0.006397108074877143,3.20154337936973,output_pca,32,0
9311,6,0.008011177802561477,2.598808405513449,output_pca,32,0
9311,7,0.027086952021792662,2.9744356292691823,output_pca,32,0
9311,8,0.024082578501243016,1.337020158551026,output_pca,32,0
9311,9,0.03149942176692409,2.2222919649913107,output_pca,32,0
9311,10,0.034576386796266866,4.82686751661899,output_pca,32,0
9779,1,0.001954134298879481,2.500962646382591,output_pca,32,0
9779,2,0.003559531249021707,2.202858859844484,output_pca,32,0
9779,3,0.002290799049658885,3.15172436568783,output_pca,32,0
9779,4,0.0024580879391275213,2.321216824108566,output_pca,32,0
9779,5,0.007013589564656701,2.3313620107521347,output_pca,32,0
9779,6,0.013194514470555701,4.3337868770668235,output_pca,32,0
9779,7,0.0043539325951071775,1.0249249350095264,output_pca,32,0
9779,8,0.010157057525454427,2.304322649942912,output_pca,32,0
9779,9,0.012701250151811455,2.8384181707185343,output_pca,32,0
9779,10,0.007210590222227802,3.4935225934080343,output_pca,32,0
422,1,0.0027919220406050164,6.139477209712046,direct_hf,32,0
422,2,0.005060638235384536,11.694302092931107,direct_hf,32,0
422,3,0.0035912980856721423,1.0165587033742298,direct_hf,32,0
422,4,0.005352964920672066,6.4709936213876045,direct_hf,32,0
422,5,0.017087922433867975,15.867860627628755,direct_hf,32,0
422,8,0.1300239830278587,12.809454836278958,direct_hf,32,0
422,9,0.12901362972581923,14.855134955405084,direct_hf,32,0
422,10,0.01612875948604779,6.439003381483091,direct_hf,32,0
1190,1,0.006298577427467192,18.21485429896898,direct_hf,32,0
1190,2,0.012186404112959896,18.303867413333393,direct_hf,32,0
1190,3,0.009938090972857205,16.25756576971797,direct_hf,32,0
1190,4,0.01580495996044274,15.24672989417881,direct_hf,32,0
1190,5,0.07846197012129237,12.41047122698265,direct_hf,32,0
1190,6,0.04650856814215417,8.192555600893742,direct_hf,32,0
1190,7,0.020247782750860057,8.193466788893671,direct_hf,32,0
1190,8,0.011389452836886901,15.22267012952391,direct_hf,32,0
1190,9,0.014277435312323235,3.3207557140691066,direct_hf,32,0
1190,10,0.017247333199759404,8.610524379851702,direct_hf,32,0
1826,1,0.012636146640954325,1.5795936204877736,direct_hf,32,0
1826,2,0.00982908624476049,4.579863450469278,direct_hf,32,0
1826,3,0.007344492981709257,1.7176140643018878,direct_hf,32,0
1826,4,0.011413913241941478,4.2322634310168,direct_hf,32,0
1826,5,0.10365784397923544,5.0285073204590764,direct_hf,32,0
1826,6,0.17640573794526623,4.232257852698729,direct_hf,32,0
1826,7,0.0076022685602858955,11.948758545957379,direct_hf,32,0
1826,8,0.011166503139246222,2.3813940428719227,direct_hf,32,0
1826,9,0.012797379403585073,2.73193373773328,direct_hf,32,0
2209,1,0.0073505837724038466,9.281868560175859,direct_hf,32,0
2209,2,0.012523246834332437,1.0514466854201634,direct_hf,32,0
2209,3,0.010979378970378833,15.239898914391283,direct_hf,32,0
2209,4,0.017624240540205133,7.178949997976285,direct_hf,32,0
2209,5,0.06866333678208453,2.11222798671532,direct_hf,32,0
2209,6,0.05309000895031332,14.099101898423408,direct_hf,32,0
2209,7,0.24746586774143262,2.382893022221693,direct_hf,32,0
2209,8,0.03158043809450408,7.783076088857304,direct_hf,32,0
2209,10,0.03621408431184117,12.830997456919938,direct_hf,32,0
2802,1,0.010381960000454613,1.3930908623050302,direct_hf,32,0
2802,2,0.004144772372910785,2.907895852246405,direct_hf,32,0
2802,3,0.003034421202560833,0.5844673826915346,direct_hf,32,0
2802,4,0.003495615464857273,2.9503117147561873,direct_hf,32,0
2802,5,0.015864344019836968,1.6402335101957803,direct_hf,32,0
2802,6,0.012527458208407144,1.123764091636635,direct_hf,32,0
2802,7,0.007702000765784568,0.4288848178789823,direct_hf,32,0
2802,8,0.006864616764798745,3.2946533790855876,direct_hf,32,0
2802,9,0.01057284629351031,2.3469886077401343,direct_hf,32,0
3377,1,0.026657933136868414,8.87576756029894,direct_hf,32,0
3377,2,0.019377007391043883,11.118513444488997,direct_hf,32,0
3377,3,0.019565842307414313,7.0649339834200635,direct_hf,32,0
3377,4,0.017952763389107843,16.086192869871965,direct_hf,32,0
3377,5,0.15629293783167028,14.062395346805506,direct_hf,32,0
3377,6,0.19783339487948196,17.508602724231846,direct_hf,32,0
3377,7,0.01461807622377193,10.318902688817273,direct_hf,32,0
3377,8,0.029890110883352583,26.83796254148421,direct_hf,32,0
3377,9,0.03504532030142129,24.74471860138152,direct_hf,32,0
3377,10,0.026426122806565713,35.62027776593253,direct_hf,32,0
3408,1,0.004769092936789421,11.023893557512874,direct_hf,32,0
3408,2,0.007017780990580162,15.973190789494442,direct_hf,32,0
3408,3,0.0034512336274250886,4.899867450252332,direct_hf,32,0
3408,4,0.005979166620268898,8.959944989556556,direct_hf,32,0
3408,5,0.016534135440143545,20.44127646859024,direct_hf,32,0
3408,6,0.01716349178286745,1.6651636171180921,direct_hf,32,0
3408,7,0.015961904625127372,31.31972878034459,direct_hf,32,0
3408,8,0.008157092315496276,11.827188763626928,direct_hf,32,0
3408,9,0.028968454400573815,37.64715018782958,direct_hf,32,0
3408,10,0.1371800309986222,1.0992903914365877,direct_hf,32,0
4082,1,0.001392362475821946,2.8729947563693696,direct_hf,32,0
4082,2,0.0023140891672576054,1.4748486689620948,direct_hf,32,0
4082,3,0.0015603383761995221,3.8392360228377824,direct_hf,32,0
4082,4,0.0027507882277549127,2.700687262109737,direct_hf,32,0
4082,5,0.011104630812035056,2.1098127091465675,direct_hf,32,0
4082,6,0.009923861562238255,0.31597858434211523,direct_hf,32,0
4082,7,0.00800608518060663,3.3142947968850156,direct_hf,32,0
4082,8,0.04827483349690377,2.241531837865541,direct_hf,32,0
4082,9,0.046350039874726995,0.5337282615672239,direct_hf,32,0
4082,10,0.009137144103646008,1.6411407632581367,direct_hf,32,0
4352,1,0.003409548242710277,5.272711306211523,direct_hf,32,0
4352,2,0.008733066237424564,3.0500675318971915,direct_hf,32,0
4352,3,0.005378602619289514,10.46717628740304,direct_hf,32,0
4352,4,0.009117282226317308,3.769437617624279,direct_hf,32,0
4352,5,0.032299487345919434,2.478209172132817,direct_hf,32,0
4352,6,0.011348223976342666,0.5189612568989731,direct_hf,32,0
4352,7,0.011024517782848789,5.322143671814922,direct_hf,32,0
4352,8,0.016865731371813034,2.8914774292016006,direct_hf,32,0
4352,9,0.026143969575940628,2.4750661795140827,direct_hf,32,0
4352,10,0.021492828405087042,5.944405711704644,direct_hf,32,0
4470,1,0.0039730088927671684,3.010190500448132,direct_hf,32,0
4470,2,0.00611169204488122,0.3304398489395111,direct_hf,32,0
4470,3,0.0054981818015968735,1.3311710452754433,direct_hf,32,0
4470,4,0.006995062020248514,1.3711603869806752,direct_hf,32,0
4470,5,0.01796052503863235,1.739025688537916,direct_hf,32,0
4470,6,0.02214433549831904,2.780176695077423,direct_hf,32,0
4470,7,0.009805111103568298,8.54665997291135,direct_hf,32,0
4470,8,0.020035393693815875,1.7341554885315045,direct_hf,32,0
4470,9,0.022763098181535324,0.8629099676586226,direct_hf,32,0
4470,10,0.011664773642162484,4.087668963844651,direct_hf,32,0
5873,1,0.0010084398785937673,1.0384418892930107,direct_hf,32,0
5873,2,0.0018965609158329703,5.9562614605853135,direct_hf,32,0
5873,3,0.0015597066291369312,0.46634832284684785,direct_hf,32,0
5873,4,0.002433545323492819,2.5191694298409457,direct_hf,32,0
5873,5,0.014765206357243337,9.666812388472017,direct_hf,32,0
5873,6,0.008231426147242026,1.6822594840678844,direct_hf,32,0
5873,7,0.0015051017442423839,7.840636557298348,direct_hf,32,0
5873,8,0.025673518185254745,0.22632124741154905,direct_hf,32,0
5873,9,0.026279381796053738,8.237222584785826,direct_hf,32,0
5873,10,0.013685791396398085,2.657747189340074,direct_hf,32,0
6148,1,0.0010575402720890464,5.452342203095504,direct_hf,32,0
6148,2,0.0030994260155177973,2.299368391901758,direct_hf,32,0
6148,3,0.001873496983771545,9.981105998489193,direct_hf,32,0
6148,4,0.0035495098221621875,6.343162656484516,direct_hf,32,0
6148,5,0.15591983443380725,2.1800699761817057,direct_hf,32,0
6148,6,0.13928329775942755,6.3717262550195475,direct_hf,32,0
6148,7,0.0071248786529500025,13.022606769174153,direct_hf,32,0
6148,8,0.00910430137148929,3.3488374782933974,direct_hf,32,0
6148,10,0.008549992610241579,9.662771640351057,direct_hf,32,0
7862,1,0.006421484986701372,1.0249613671170232,direct_hf,32,0
7862,2,0.008166283446691007,0.7052595538560815,direct_hf,32,0
7862,3,0.006150036090565941,6.309059707252027,direct_hf,32,0
7862,4,0.008150710016979508,0.32996652851663183,direct_hf,32,0
7862,5,0.011808225749792664,3.305920616724026,direct_hf,32,0
7862,6,0.007368555815484249,1.7525391693183903,direct_hf,32,0
7862,7,0.009313175144598125,2.8933756343912203,direct_hf,32,0
7862,8,0.051168159663167,3.1779736414966124,direct_hf,32,0
7862,9,0.04655558338600281,8.546827743992287,direct_hf,32,0
7862,10,0.02800441113163426,0.6038648402742518,direct_hf,32,0
8539,1,0.005460084011776935,3.7285408328668566,direct_hf,32,0
8539,2,0.002645580254182002,3.34631536313946,direct_hf,32,0
8539,3,0.0031421823178671942,5.157390803583239,direct_hf,32,0
8539,4,0.004331803638764619,1.2108214789948735,direct_hf,32,0
8539,5,0.0057943551404631395,4.2996258657187685,direct_hf,32,0
8539,8,0.09700836014374281,1.8982026598565829,direct_hf,32,0
8539,9,0.10559969504330408,1.066306117081952,direct_hf,32,0
8539,10,0.020249513309864346,3.724099357599658,direct_hf,32,0
9311,1,0.0025446093302546385,1.187867609525592,direct_hf,32,0
9311,2,0.003956155528070627,4.349999216581519,direct_hf,32,0
9311,3,0.0020589862451860967,0.6398032079953447,direct_hf,32,0
9311,6,0.006713712948506156,0.9345545532668594,direct_hf,32,0
9311,7,0.00355645023177306,6.03649743254148,direct_hf,32,0
9311,8,0.028936157377332416,0.01410007119561863,direct_hf,32,0
9311,9,0.03134527975648906,5.99957406096361,direct_hf,32,0
9311,10,0.035396210803131385,7.402259801526468,direct_hf,32,0
9779,1,0.007412710255899733,21.517761765345192,direct_hf,32,0
9779,2,0.010776020037939371,25.027676218604697,direct_hf,32,0
9779,3,0.007758989668239339,16.82013912153585,direct_hf,32,0
9779,4,0.013133597276374226,22.678354234189953,direct_hf,32,0
9779,5,0.006738303168329169,15.327160838922884,direct_hf,32,0
9779,6,0.0288281024577508,15.805765413298667,direct_hf,32,0
9779,7,0.014971602252763817,19.43993647778502,direct_hf,32,0
9779,8,0.013501189943329942,17.691690494682096,direct_hf,32,0
9779,9,0.01640133014338785,11.200873042715536,direct_hf,32,0
9779,10,0.030357362958451144,0.1410105807969953,direct_hf,32,0
422,1,0.0005394408700580485,1.1868231412849968,cokriging,32,0
422,2,0.0010067528103487736,0.6306780385307864,cokriging,32,0
422,3,0.0009384301022509048,0.8727086167515697,cokriging,32,0
422,4,0.00147905685049624,1.0791361896210676,cokriging,32,0
422,5,0.022357332424862365,2.3153436100877425,cokriging,32,0
422,8,0.012578842394354355,3.214877409716238,cokriging,32,0
422,9,0.0390515354767929,0.19340723182099276,cokriging,32,0
422,10,0.0030354450743227193,1.260120937844138,cokriging,32,0
1190,1,0.0005691118701009605,1.1866248911741963,cokriging,32,0
1190,2,0.0012249119435627114,1.371919259699679,cokriging,32,0
1190,3,0.0006130015525494253,1.8208071330522224,cokriging,32,0
1190,4,0.0018903175323311749,1.24696576053801,cokriging,32,0
1190,5,0.012649261583525754,1.9229937217668271,cokriging,32,0
1190,6,0.02611623241585164,1.905385022222336,cokriging,32,0
1190,7,0.0023781522345961738,1.2341779253220053,cokriging,32,0
1190,8,0.004984751729619138,0.3396004618627336,cokriging,32,0
1190,9,0.00637648193815658,2.6419463546090367,cokriging,32,0
1190,10,0.003507364833150815,0.9996604300537502,cokriging,32,0
1826,1,0.0012366446147630402,0.31734155111546347,cokriging,32,0
1826,2,0.0026512377524884703,3.7631089332000967,cokriging,32,0
1826,3,0.0011109944327049083,0.5081843576402504,cokriging,32,0
1826,4,0.0010749144402025725,0.9106943603046801,cokriging,32,0
1826,5,0.03220820852331814,4.233196752260091,cokriging,32,0
1826,6,0.04076446400137173,0.15393265921233817,cokriging,32,0
1826,7,0.0025016026620799737,2.56067711303716,cokriging,32,0
1826,8,0.019053114439645476,3.93490990326928,cokriging,32,0
1826,9,0.02220321939883435,1.5205156136885403,cokriging,32,0
2209,1,0.001260696118423136,1.7793089956147052,cokriging,32,0
2209,2,0.00279960830057578,1.048817719170463,cokriging,32,0
2209,3,0.0015185186599360316,3.460205475288592,cokriging,32,0
2209,4,0.002375107523109605,1.64367353144288,cokriging,32,0
2209,5,0.005266936203721391,0.4196196917015198,cokriging,32,0
2209,6,0.009082277536192625,6.142812577395726,cokriging,32,0
2209,7,0.14079395143895543,0.6762059078880247,cokriging,32,0
2209,8,0.00416895968754283,1.6933998828665189,cokriging,32,0
2209,10,0.00457087079631252,1.5866186517910552,cokriging,32,0
2802,1,0.001967439739731404,0.20449124906207355,cokriging,32,0
2802,2,0.005672001174618972,2.7461381187745744,cokriging,32,0
2802,3,0.005244174981733941,0.07066651433576827,cokriging,32,0
2802,4,0.00698492088296702,0.6121900469346159,cokriging,32,0
2802,5,0.02011499200288263,5.075172507037845,cokriging,32,0
2802,6,0.011143045798678846,0.864104348099865,cokriging,32,0
2802,7,0.0173326152599391,4.518067260933295,cokriging,32,0
2802,8,0.022516058964935064,1.160023263409737,cokriging,32,0
2802,9,0.02086499779874474,7.119187930261164,cokriging,32,0
3377,1,0.0070780090180947676,0.18406173355741642,cokriging,32,0
3377,2,0.013933063345415067,1.8090029703566455,cokriging,32,0
3377,3,0.007285610327656573,0.6838424372497512,cokriging,32,0
3377,4,0.007858925275835076,0.4420473615169262,cokriging,32,0
3377,5,0.0673906500114622,0.7461474508507369,cokriging,32,0
3377,6,0.07140514476875323,1.7103709467102761,cokriging,32,0
3377,7,0.007803652868148707,0.07145569250082048,cokriging,32,0
3377,8,0.02392782119829402,0.8899124636870708,cokriging,32,0
3377,9,0.02953435658736879,2.5612527644070857,cokriging,32,0
3377,10,0.03868801333099461,1.5438255997286052,cokriging,32,0
3408,1,0.0006953158589900187,3.013729439988796,cokriging,32,0
3408,2,0.0008430109589882505,0.48734143278476433,cokriging,32,0
3408,3,0.0013833990694621372,3.3640461505991293,cokriging,32,0
3408,4,0.001532223280120805,2.7403921948389045,cokriging,32,0
3408,5,0.006873134681927284,0.2500933442464119,cokriging,32,0
3408,6,0.009355840508607834,3.212093628776999,cokriging,32,0
3408,7,0.0021578546840313843,0.04614359232509872,cokriging,32,0
3408,8,0.003011071293307694,1.2364108137687997,cokriging,32,0
3408,9,0.009173765628211228,2.3402951253642974,cokriging,32,0
3408,10,0.12725476843338393,0.25274731969138864,cokriging,32,0
4082,1,0.0005248237190836382,0.1370384322800962,cokriging,32,0
4082,2,0.0013645895623764722,0.4418041486769196,cokriging,32,0
4082,3,0.0007235873904176404,0.11375827627344638,cokriging,32,0
4082,4,0.0015187233980579035,0.647800848088166,cokriging,32,0
4082,5,0.0030583105889078793,1.1348688710408212,cokriging,32,0
4082,6,0.007194264229858743,0.1500100469330364,cokriging,32,0
4082,7,0.002751618044734725,0.1809644046801208,cokriging,32,0
4082,8,0.017370373677088467,1.0566317253787083,cokriging,32,0
4082,9,0.028995484270616066,0.4078158952371758,cokriging,32,0
4082,10,0.006155500278522828,1.0453770528854858,cokriging,32,0
4352,1,0.00905058611344189,2.4485127113879184,cokriging,32,0
4352,2,0.01681754728533928,2.1002868918619595,cokriging,32,0
4352,3,0.015380850606941348,4.0441357690158,cokriging,32,0
4352,4,0.016454891182001483,5.37390612756283,cokriging,32,0
4352,5,0.04586097562475031,5.411593515785499,cokriging,32,0
4352,6,0.041691932789826885,6.135147903894645,cokriging,32,0
4352,7,0.0176966944901305,6.24269845642302,cokriging,32,0
4352,8,0.039112885576746755,8.970538289886562,cokriging,32,0
4352,9,0.03991324606679388,6.756912120955275,cokriging,32,0
4352,10,0.024208222363827032,6.008022892677446,cokriging,32,0
4470,1,0.0020917932685617724,1.1747484517230606,cokriging,32,0
4470,2,0.0021900469368746557,4.1573627959266926,cokriging,32,0
4470,3,0.004775656034261364,1.1341682776049922,cokriging,32,0
4470,4,0.00845159932957488,1.287236392775032,cokriging,32,0
4470,5,0.03142139589819476,6.749599516415545,cokriging,32,0
4470,6,0.027474609408083203,1.9536733292916693,cokriging,32,0
4470,7,0.016416806418233582,4.807085659744365,cokriging,32,0
4470,8,0.004761889294842722,3.200160370477076,cokriging,32,0
4470,9,0.008104137533129134,10.868396590610947,cokriging,32,0
4470,10,0.008153685513273638,0.07292533783857334,cokriging,32,0
5873,1,0.0018872537195071693,1.2491317551932344,cokriging,32,0
5873,2,0.0032863084881364604,9.465021271212668,cokriging,32,0
5873,3,0.0018162989670576122,0.3204334141424447,cokriging,32,0
5873,4,0.004332363507896682,0.31726495591831777,cokriging,32,0
5873,5,0.014538765014468538,14.375475367280815,cokriging,32,0
5873,6,0.01665663431515101,0.8510927804191905,cokriging,32,0
5873,7,0.008423087298186,6.350041887340801,cokriging,32,0
5873,8,0.15164585082694532,0.5258286520968681,cokriging,32,0
5873,9,0.14942184310921094,1.4953420339412036,cokriging,32,0
5873,10,0.026426065835548844,2.7786074205887803,cokriging,32,0
6148,1,0.0007146662322139428,2.137743178257185,cokriging,32,0
6148,2,0.0015445233343451283,1.3575500663096556,cokriging,32,0
6148,3,0.0007149333034027943,4.4292217024895555,cokriging,32,0
6148,4,0.0011642000865838633,2.0920137580841924,cokriging,32,0
6148,5,0.08052563388645459,0.652647953015036,cokriging,32,0
6148,6,0.08515696364923026,4.777729550867587,cokriging,32,0
6148,7,0.0027445368489347,2.2207820052895193,cokriging,32,0
6148,8,0.0033268707931124425,4.67730086084554,cokriging,32,0
6148,10,0.002548317374147668,1.8986371887930578,cokriging,32,0
7862,1,0.018327600192192234,1.1163245678429934,cokriging,32,0
7862,2,0.02279275365669888,3.373356751601127,cokriging,32,0
7862,3,0.019367982523337053,0.48083194800961215,cokriging,32,0
7862,4,0.015258652964420865,0.9296062504501889,cokriging,32,0
7862,5,0.029389710094032132,7.69383849608066,cokriging,32,0
7862,6,0.011054718997910735,0.5713151081714893,cokriging,32,0
7862,7,0.02063371935867509,3.995718426411602,cokriging,32,0
7862,8,0.04924681275181581,0.6027501752290028,cokriging,32,0
7862,9,0.060139624677943974,17.452095092072287,cokriging,32,0
7862,10,0.050752034722311795,3.546588683977277,cokriging,32,0
8539,1,0.0011232442803645634,1.0362690082470967,cokriging,32,0
8539,2,0.0025413200253978033,0.3973442321000438,cokriging,32,0
8539,3,0.002056675197198974,1.1039438797976917,cokriging,32,0
8539,4,0.003538169190010402,1.044829674866778,cokriging,32,0
8539,5,0.010106072667937654,0.4426602714656861,cokriging,32,0
8539,8,0.027629992929979526,0.5428369040608081,cokriging,32,0
8539,9,0.02570762843429708,2.9223024454553403,cokriging,32,0
8539,10,0.007095877881047885,0.22529291661530287,cokriging,32,0
9311,1,0.006724702186574032,3.8967370676818107,cokriging,32,0
9311,2,0.004449265830575623,3.2635820713316823,cokriging,32,0
9311,3,0.0038758366340858634,3.20154337936973,cokriging,32,0
9311,6,0.009104413046024624,2.598808405513449,cokriging,32,0
9311,7,0.005159839977128733,2.9744356292691823,cokriging,32,0
9311,8,0.022638180743754677,1.337020158551026,cokriging,32,0
9311,9,0.028616079132046904,2.2222919649913107,cokriging,32,0
9311,10,0.03876300492176119,4.82686751661899,cokriging,32,0
9779,1,0.0007594176174012255,2.500962646382591,cokriging,32,0
9779,2,0.0020148601175672895,2.202858859844484,cokriging,32,0
9779,3,0.001729662333203685,3.15172436568783,cokriging,32,0
9779,4,0.0020915053201142814,2.321216824108566,cokriging,32,0
9779,5,0.008316717422836262,2.3313620107521347,cokriging,32,0
9779,6,0.016198790806161562,4.3337868770668235,cokriging,32,0
9779,7,0.003752480569898712,1.0249249350095264,cokriging,32,0
9779,8,0.009831188945641705,2.304322649942912,cokriging,32,0
9779,9,0.012258353928847117,2.8384181707185343,cokriging,32,0
9779,10,0.00973212829226511,3.4935225934080343,cokriging,32,0
422,1,0.00554533376044851,3.0587550046489618,neural_inr,32,0
422,2,0.005436292325419689,1.0819780463951412,neural_inr,32,0
422,3,0.004531681291003815,3.5392368804329926,neural_inr,32,0
422,4,0.005757218151777208,1.90742902933388,neural_inr,32,0
422,5,0.015583887430181517,1.195636900761107,neural_inr,32,0
422,8,0.03291385794200326,2.7931590244344062,neural_inr,32,0
422,9,0.03163574517936648,5.304770061731305,neural_inr,32,0
422,10,0.00734235368802166,1.0739884714297188,neural_inr,32,0
1190,1,0.004170230439662461,1.0419759425046957,neural_inr,32,0
1190,2,0.004606622287225909,2.5183034763412895,neural_inr,32,0
1190,3,0.004737537570362462,1.7009847130498927,neural_inr,32,0
1190,4,0.006334225549956305,0.566495790628498,neural_inr,32,0
1190,5,0.009854238442368273,4.9649403642853605,neural_inr,32,0
1190,6,0.008343306757759253,1.3058297440399336,neural_inr,32,0
1190,7,0.008251877408672129,1.0360159221744392,neural_inr,32,0
1190,8,0.007345406424712381,0.7668096479420518,neural_inr,32,0
1190,9,0.012068345796112247,7.870374048867064,neural_inr,32,0
1190,10,0.00843294256534592,0.908240953776104,neural_inr,32,0
1826,1,0.006409010599544833,3.745723947909746,neural_inr,32,0
1826,2,0.009016978845223305,5.453161424158318,neural_inr,32,0
1826,3,0.006267377865987804,2.3304347633075415,neural_inr,32,0
1826,4,0.011488131364525417,4.542340530936606,neural_inr,32,0
1826,5,0.017690945117387242,6.168836595431214,neural_inr,32,0
1826,6,0.012764306027271443,2.8439895707907956,neural_inr,32,0
1826,7,0.01992211009042868,7.233861119512273,neural_inr,32,0
1826,8,0.016257174892435958,3.0292462049449087,neural_inr,32,0
1826,9,0.027232362512840412,9.902612692457843,neural_inr,32,0
2209,1,0.004059914972707802,1.1058806829413526,neural_inr,32,0
2209,2,0.005031256091876892,0.7483199430839387,neural_inr,32,0
2209,3,0.004771345565171927,1.3411288800308236,neural_inr,32,0
2209,4,0.007012985117286663,2.3865287002609907,neural_inr,32,0
2209,5,0.010502691599331499,1.419039263191313,neural_inr,32,0
2209,6,0.008431302747455786,2.959352366806367,neural_inr,32,0
2209,7,0.1372924756918769,2.8324404309108995,neural_inr,32,0
2209,8,0.008335612301586604,2.550035348831102,neural_inr,32,0
2209,10,0.009999620953200958,2.834929201511392,neural_inr,32,0
2802,1,0.003545834689353471,0.8826384079496018,neural_inr,32,0
2802,2,0.012605169612741515,1.8959405674303176,neural_inr,32,0
2802,3,0.007830336219183595,0.5230832315792177,neural_inr,32,0
2802,4,0.017065288563767662,0.3908931428796597,neural_inr,32,0
2802,5,0.02480492034944173,4.8913565044896075,neural_inr,32,0
2802,6,0.011948125903883439,1.0153370655938014,neural_inr,32,0
2802,7,0.029531746392140637,1.9536917956929916,neural_inr,32,0
2802,8,0.030040970055587132,0.10155786766276753,neural_inr,32,0
2802,9,0.04490329372120742,6.2118129751432525,neural_inr,32,0
3377,1,0.007262816199344646,4.782736424450748,neural_inr,32,0
3377,2,0.02184667293294094,8.947138215028644,neural_inr,32,0
3377,3,0.018532853169501692,3.092835052397893,neural_inr,32,0
3377,4,0.028701528916327237,5.888266942299023,neural_inr,32,0
3377,5,0.03634046089208971,14.023678281240754,neural_inr,32,0
3377,6,0.02841773610771042,4.066355520627411,neural_inr,32,0
3377,7,0.04237418844758713,11.61621455080985,neural_inr,32,0
3377,8,0.03731787960265378,3.4028572512346638,neural_inr,32,0
3377,9,0.05603743657897744,23.382310030573798,neural_inr,32,0
3377,10,0.04762250848928586,7.525610107873806,neural_inr,32,0
3408,1,0.0024754878758888555,2.203109922072077,neural_inr,32,0
3408,2,0.0042663145611956865,6.04963489789789,neural_inr,32,0
3408,3,0.0028680281929472323,2.0095010676279994,neural_inr,32,0
3408,4,0.005912653033063957,3.033204436322708,neural_inr,32,0
3408,5,0.009033481453829173,10.989670183905561,neural_inr,32,0
3408,6,0.006551774618808393,2.6755774229771956,neural_inr,32,0
3408,7,0.009540747842583843,7.765239337183228,neural_inr,32,0
3408,8,0.007228546890833403,1.6294310799601186,neural_inr,32,0
3408,9,0.013332823281229634,20.529520488072244,neural_inr,32,0
3408,10,0.13527965563444536,3.959685519424482,neural_inr,32,0
4082,1,0.002705949631958599,1.2992564028584412,neural_inr,32,0
4082,2,0.00416338838161014,0.823741013537769,neural_inr,32,0
4082,3,0.003330279807916262,1.565399471332547,neural_inr,32,0
4082,4,0.005575199180306226,0.8751057074612166,neural_inr,32,0
4082,5,0.008148505674612828,0.35804841917688607,neural_inr,32,0
4082,6,0.00648781439547434,1.3139408729181954,neural_inr,32,0
4082,7,0.008933230033528123,0.6062488018596531,neural_inr,32,0
4082,8,0.03326552826207616,1.1924757234587244,neural_inr,32,0
4082,9,0.03614614877707529,2.406322587569917,neural_inr,32,0
4082,10,0.009218508337283896,1.1804640216482982,neural_inr,32,0
4352,1,0.010842301611149704,1.3118688834656371,neural_inr,32,0
4352,2,0.026044413203503015,4.286427329072289,neural_inr,32,0
4352,3,0.027098247968134752,4.287948622149611,neural_inr,32,0
4352,4,0.040325434006975476,4.7590448841823525,neural_inr,32,0
4352,5,0.03598388449533214,7.753479528497898,neural_inr,32,0
4352,6,0.037167340247633934,7.09265121245918,neural_inr,32,0
4352,7,0.05756689267748807,6.486825214245281,neural_inr,32,0
4352,8,0.05434257211957362,8.005830809538207,neural_inr,32,0
4352,9,0.07168703967134707,10.51403008793315,neural_inr,32,0
4352,10,0.06713246456863521,9.472942172140753,neural_inr,32,0
4470,1,0.004490083689311142,0.7121515176838906,neural_inr,32,0
4470,2,0.005062888257137275,2.3125755606758047,neural_inr,32,0
4470,3,0.0037843672562805444,0.9028070458402695,neural_inr,32,0
4470,4,0.006488693185569743,0.2616827638971985,neural_inr,32,0
4470,5,0.029601048798417743,5.343048925871053,neural_inr,32,0
4470,6,0.02824739458571392,1.3566327735515036,neural_inr,32,0
4470,7,0.012040217353018667,1.4546239709720807,neural_inr,32,0
4470,8,0.008796496952136636,0.9286915678086637,neural_inr,32,0
4470,9,0.015904207069749186,8.317420954153175,neural_inr,32,0
4470,10,0.015249998101906553,1.2884097080550232,neural_inr,32,0
5873,1,0.006611429307402687,0.015553115443208664,neural_inr,32,0
5873,2,0.021306848449774606,4.179860229589536,neural_inr,32,0
5873,3,0.014664909472240119,0.4133821021056243,neural_inr,32,0
5873,4,0.029087808572299204,2.035408680702846,neural_inr,32,0
5873,5,0.04260811583132216,8.315665015756315,neural_inr,32,0
5873,6,0.02526607686127989,1.0396522571913187,neural_inr,32,0
5873,7,0.04788305213449988,5.50707817361857,neural_inr,32,0
5873,8,0.15746655225526848,1.3826265759452803,neural_inr,32,0
5873,9,0.16717522170531077,11.98460304846851,neural_inr,32,0
5873,10,0.05468045363776457,4.841389915385774,neural_inr,32,0
6148,1,0.003942750686154141,3.533180584179691,neural_inr,32,0
6148,2,0.004762399577066797,3.458246335215882,neural_inr,32,0
6148,3,0.0042914616246978185,4.833415356295078,neural_inr,32,0
6148,4,0.006285646024669411,2.315445666227332,neural_inr,32,0
6148,5,0.008586173536424921,4.833042654677571,neural_inr,32,0
6148,6,0.00760992565833979,4.785304259893108,neural_inr,32,0
6148,7,0.008429904602724976,1.652640106937399,neural_inr,32,0
6148,8,0.006999649781829005,3.2302365377511766,neural_inr,32,0
6148,10,0.0077825685707494,2.4126233286889063,neural_inr,32,0
7862,1,0.02898735789615713,0.14073989977354584,neural_inr,32,0
7862,2,0.06017893907700626,3.180978512381509,neural_inr,32,0
7862,3,0.03977687078283759,2.0077295315408854,neural_inr,32,0
7862,4,0.06092804975376455,0.7025372374702388,neural_inr,32,0
7862,5,0.08696933689600829,3.3134925815137004,neural_inr,32,0
7862,6,0.026697860687333208,3.627548947776759,neural_inr,32,0
7862,7,0.08648779075617909,1.4991686024951616,neural_inr,32,0
7862,8,0.05126591286268856,0.028694443582658553,neural_inr,32,0
7862,9,0.11038991834781914,0.25954140650485835,neural_inr,32,0
7862,10,0.08372697945146236,1.061773986617016,neural_inr,32,0
8539,1,0.004390153538957515,1.0660921118817512,neural_inr,32,0
8539,2,0.004458100571606176,3.7823120675530717,neural_inr,32,0
8539,3,0.004192357594457906,0.007832380950012197,neural_inr,32,0
8539,4,0.0054858519564364005,1.8140564330239553,neural_inr,32,0
8539,5,0.011450428726619494,6.061047408719384,neural_inr,32,0
8539,8,0.02675485037201794,0.660898832582343,neural_inr,32,0
8539,9,0.027178577680204086,10.954519214610851,neural_inr,32,0
8539,10,0.007646939878470651,2.6444408570254287,neural_inr,32,0
9311,1,0.01496894653720244,2.8516611389409787,neural_inr,32,0
9311,2,0.0332883132076236,4.812742036820763,neural_inr,32,0
9311,3,0.023027922469085787,1.4514059622315716,neural_inr,32,0
9311,6,0.029354153283244956,0.0074254174094019075,neural_inr,32,0
9311,7,0.05359747364595343,2.39826375137896,neural_inr,32,0
9311,8,0.034061914759556125,2.4007379016165813,neural_inr,32,0
9311,9,0.06694058778265405,2.098338382360505,neural_inr,32,0
9311,10,0.0661148380875959,2.863914705830297,neural_inr,32,0
9779,1,0.002607435516962126,3.1214023611519903,neural_inr,32,0
9779,2,0.007809202677228705,4.433635036244416,neural_inr,32,0
9779,3,0.00443693977516363,2.407622770005069,neural_inr,32,0
9779,4,0.010442750040090765,3.6513288176639946,neural_inr,32,0
9779,5,0.018386567452160545,7.10523944099479,neural_inr,32,0
9779,6,0.008876556169127525,2.3841175960918917,neural_inr,32,0
9779,7,0.01837690741878526,6.129420577711258,neural_inr,32,0
9779,8,0.01223039397951868,3.070119715823925,neural_inr,32,0
9779,9,0.024116161284549013,12.268231864751797,neural_inr,32,0
9779,10,0.019897280603288298,3.9952777559490023,neural_inr,32,0
422,1,0.0006234725127615446,1.7918109796783561,original_fixed_rbf,32,0
422,2,0.0059674710187011685,1.2557097161526871,original_fixed_rbf,32,0
422,3,0.0015062221737911574,0.3603648337158709,original_fixed_rbf,32,0
422,4,0.0015143853723141067,1.2481088014829895,original_fixed_rbf,32,0
422,5,0.008182040075694341,2.7504958383750315,original_fixed_rbf,32,0
422,8,0.013432546976365863,2.304185234321796,original_fixed_rbf,32,0
422,9,0.036330920375850805,0.3823959398882741,original_fixed_rbf,32,0
422,10,0.005735417767673636,1.1033206618708717,original_fixed_rbf,32,0
1190,1,0.0020197609985289524,0.5310420439541393,original_fixed_rbf,32,0
1190,2,0.0022615549207234747,0.7828777521329172,original_fixed_rbf,32,0
1190,3,0.0005037586138087147,1.723734681334327,original_fixed_rbf,32,0
1190,4,0.001937707020183508,2.0181667693508882,original_fixed_rbf,32,0
1190,5,0.005700317770296101,1.193346941867018,original_fixed_rbf,32,0
1190,6,0.0050005352121988015,2.002468303897982,original_fixed_rbf,32,0
1190,7,0.0037779590409489743,0.31467095392683436,original_fixed_rbf,32,0
1190,8,0.009591323059127596,0.1723382841803207,original_fixed_rbf,32,0
1190,9,0.008486129039861593,1.8296835940653315,original_fixed_rbf,32,0
1190,10,0.01149611495339663,1.1907896047081652,original_fixed_rbf,32,0
1826,1,0.0022366522627873583,0.046369972099884124,original_fixed_rbf,32,0
1826,2,0.003984098097112625,4.168530522696826,original_fixed_rbf,32,0
1826,3,0.0017906031731443146,0.556473420416961,original_fixed_rbf,32,0
1826,4,0.0037886972175512823,0.42435049782218115,original_fixed_rbf,32,0
1826,5,0.01788909639472029,3.6567749570464283,original_fixed_rbf,32,0
1826,6,0.01683094925959023,0.40375841720174355,original_fixed_rbf,32,0
1826,7,0.006053234867252103,0.9532094418392445,original_fixed_rbf,32,0
1826,8,0.013019314214107205,1.8094121362548679,original_fixed_rbf,32,0
1826,9,0.011108596445468659,1.7102025188278562,original_fixed_rbf,32,0
2209,1,0.002145165001201024,0.24247163097988506,original_fixed_rbf,32,0
2209,2,0.005466061803693739,0.9486549661251862,original_fixed_rbf,32,0
2209,3,0.004606918032812766,3.321669620008147,original_fixed_rbf,32,0
2209,4,0.003989784135529696,1.2204285519267264,original_fixed_rbf,32,0
2209,5,0.02506130120896107,0.2864046335636575,original_fixed_rbf,32,0
2209,6,0.007723896227373379,6.805863320722814,original_fixed_rbf,32,0
2209,7,0.13700692407005702,1.2781419774401948,original_fixed_rbf,32,0
2209,8,0.009953345896247192,0.527477599260021,original_fixed_rbf,32,0
2209,10,0.011598345488628974,1.124908798434975,original_fixed_rbf,32,0
2802,1,0.006003172327875291,1.1354120016723983,original_fixed_rbf,32,0
2802,2,0.01644017214880762,3.2646057347142357,original_fixed_rbf,32,0
2802,3,0.0014837875888099573,0.42915067241017457,original_fixed_rbf,32,0
2802,4,0.00531776734606023,0.6064272715468985,original_fixed_rbf,32,0
2802,5,0.010000231433207257,5.7384352401975045,original_fixed_rbf,32,0
2802,6,0.013352439753635396,0.996877231801395,original_fixed_rbf,32,0
2802,7,0.017582080837012654,6.036697339222402,original_fixed_rbf,32,0
2802,8,0.01523570387829954,0.7246951631763041,original_fixed_rbf,32,0
2802,9,0.021012539391360035,8.053913855305767,original_fixed_rbf,32,0
3377,1,0.0072320986348277175,0.35224772569261725,original_fixed_rbf,32,0
3377,2,0.0183775406357479,1.41342084037917,original_fixed_rbf,32,0
3377,3,0.007687864159545914,0.2862085393631914,original_fixed_rbf,32,0
3377,4,0.013188813242131572,1.0995369403033282,original_fixed_rbf,32,0
3377,5,0.031413537970201806,1.6276306513264218,original_fixed_rbf,32,0
3377,6,0.04264993962105276,1.671667625845729,original_fixed_rbf,32,0
3377,7,0.028292037707500408,0.6992692376688953,original_fixed_rbf,32,0
3377,8,0.025350166382021987,0.08177606375002223,original_fixed_rbf,32,0
3377,9,0.036798726548336914,1.501911746560953,original_fixed_rbf,32,0
3377,10,0.027505818209512808,1.1912317734602142,original_fixed_rbf,32,0
3408,1,0.0013797995312502733,1.6758305649298684,original_fixed_rbf,32,0
3408,2,0.0026590925951886324,0.4377049181260182,original_fixed_rbf,32,0
3408,3,0.0020666085991517934,3.889874901908849,original_fixed_rbf,32,0
3408,4,0.0031385202555919366,2.9528352515435663,original_fixed_rbf,32,0
3408,5,0.008321099454214637,0.01806390621217845,original_fixed_rbf,32,0
3408,6,0.007939831210731068,3.258319697857705,original_fixed_rbf,32,0
3408,7,0.011594726854029066,2.600971235658251,original_fixed_rbf,32,0
3408,8,0.0047846783570830035,0.44326670295480297,original_fixed_rbf,32,0
3408,9,0.013113999537308284,2.254116861160673,original_fixed_rbf,32,0
3408,10,0.1317738842293991,0.28983505099050016,original_fixed_rbf,32,0
4082,1,0.0009752682058896933,0.202620929493873,original_fixed_rbf,32,0
4082,2,0.003321554553466558,0.7741606987311961,original_fixed_rbf,32,0
4082,3,0.0012752251309662553,1.2986358564878568,original_fixed_rbf,32,0
4082,4,0.003056137759494759,1.1049590602442874,original_fixed_rbf,32,0
4082,5,0.004945011880076716,1.6228544011376185,original_fixed_rbf,32,0
4082,6,0.004885483261127102,0.51732831238502,original_fixed_rbf,32,0
4082,7,0.00865026739039141,1.317780261338159,original_fixed_rbf,32,0
4082,8,0.011826283612722943,0.3374900392215052,original_fixed_rbf,32,0
4082,9,0.026823054014134394,0.40821821027174165,original_fixed_rbf,32,0
4082,10,0.007437108317731307,1.0877874324201415,original_fixed_rbf,32,0
4352,1,0.01019118302776751,1.8219798455313043,original_fixed_rbf,32,0
4352,2,0.021816518104570855,2.0877666119321048,original_fixed_rbf,32,0
4352,3,0.016155635170645326,2.5318391747459494,original_fixed_rbf,32,0
4352,4,0.019882357909422752,5.614502459820123,original_fixed_rbf,32,0
4352,5,0.02756088920649584,4.277919533552285,original_fixed_rbf,32,0
4352,6,0.033575954133079774,6.430409679422463,original_fixed_rbf,32,0
4352,7,0.036707423331173265,3.6317287982969364,original_fixed_rbf,32,0
4352,8,0.0391106971092885,7.605143295670944,original_fixed_rbf,32,0
4352,9,0.0480530139663383,6.193232973550208,original_fixed_rbf,32,0
4352,10,0.03249351332681835,6.119383925905647,original_fixed_rbf,32,0
4470,1,0.004080733257564886,2.4454816636467034,original_fixed_rbf,32,0
4470,2,0.004288523687861249,3.0125982771265103,original_fixed_rbf,32,0
4470,3,0.005731944596555246,1.8039451950861942,original_fixed_rbf,32,0
4470,4,0.010844590383335849,1.519684846370977,original_fixed_rbf,32,0
4470,5,0.02285087482708485,5.190777940340136,original_fixed_rbf,32,0
4470,6,0.027596446340602238,1.5817634203717441,original_fixed_rbf,32,0
4470,7,0.008511061457874742,8.729837799045287,original_fixed_rbf,32,0
4470,8,0.01261152943911492,1.9817742652666102,original_fixed_rbf,32,0
4470,9,0.01401600669818353,10.079135299016068,original_fixed_rbf,32,0
4470,10,0.018148472845200745,0.19877688059538565,original_fixed_rbf,32,0
5873,1,0.008203632468578116,3.3337086865828054,original_fixed_rbf,32,0
5873,2,0.0029303592349575933,7.262721704263903,original_fixed_rbf,32,0
5873,3,0.005617251835867914,0.20089930133025444,original_fixed_rbf,32,0
5873,4,0.005158056193325717,1.0841075022593827,original_fixed_rbf,32,0
5873,5,0.008801525500943203,12.792304387380455,original_fixed_rbf,32,0
5873,6,0.018517493652335723,0.524744534390576,original_fixed_rbf,32,0
5873,7,0.014158801897769682,10.726170263153902,original_fixed_rbf,32,0
5873,8,0.15218814786786125,1.862325187944573,original_fixed_rbf,32,0
5873,9,0.15031023391687603,1.3671079060128655,original_fixed_rbf,32,0
5873,10,0.023919798428807246,3.480281245493415,original_fixed_rbf,32,0
6148,1,0.0011980779180309166,1.1827260721290818,original_fixed_rbf,32,0
6148,2,0.0015385397131567446,0.956586485864268,original_fixed_rbf,32,0
6148,3,0.0013964641097086567,5.40835761534489,original_fixed_rbf,32,0
6148,4,0.0022339789655219148,2.310699948410422,original_fixed_rbf,32,0
6148,5,0.04676137858976079,0.1832624872852455,original_fixed_rbf,32,0
6148,6,0.058699590080242926,5.405739847058999,original_fixed_rbf,32,0
6148,7,0.0025475968058322855,0.11838237058714651,original_fixed_rbf,32,0
6148,8,0.003938263296457487,3.6589181593555673,original_fixed_rbf,32,0
6148,10,0.003907923382279614,2.1285617050439387,original_fixed_rbf,32,0
7862,1,0.019833501648976355,0.16181722469248722,original_fixed_rbf,32,0
7862,2,0.0325547630042647,4.026771948922117,original_fixed_rbf,32,0
7862,3,0.015051915911149953,0.48839586554165226,original_fixed_rbf,32,0
7862,4,0.023696007961787918,1.299420279248024,original_fixed_rbf,32,0
7862,5,0.034191794236880145,10.026730611133448,original_fixed_rbf,32,0
7862,6,0.011203373758137724,0.8064958255093317,original_fixed_rbf,32,0
7862,7,0.03903193894340349,3.0748366495851442,original_fixed_rbf,32,0
7862,8,0.0391515981114914,1.269269810277682,original_fixed_rbf,32,0
7862,9,0.06547727376177521,17.249638185886948,original_fixed_rbf,32,0
7862,10,0.05271957160628294,3.6559815869944705,original_fixed_rbf,32,0
8539,1,0.0034921716226926653,0.19861941413227618,original_fixed_rbf,32,0
8539,2,0.008031431392606364,0.7311915942693612,original_fixed_rbf,32,0
8539,3,0.003611034379846938,0.1199540633072627,original_fixed_rbf,32,0
8539,4,0.0072626312231607836,1.109982316312474,original_fixed_rbf,32,0
8539,5,0.011838221492851958,1.2564250860365707,original_fixed_rbf,32,0
8539,8,0.029794293141302594,0.42291452527062634,original_fixed_rbf,32,0
8539,9,0.027221733821115895,1.343610027118651,original_fixed_rbf,32,0
8539,10,0.016379876313672954,0.403315789173326,original_fixed_rbf,32,0
9311,1,0.009375638872628888,3.5197807515808823,original_fixed_rbf,32,0
9311,2,0.02216572415824459,4.07295843811972,original_fixed_rbf,32,0
9311,3,0.005686756187076416,3.00747540879487,original_fixed_rbf,32,0
9311,6,0.008069521428337827,2.3140334162835825,original_fixed_rbf,32,0
9311,7,0.02671456306034362,4.104886579489415,original_fixed_rbf,32,0
9311,8,0.029357776086713864,1.6672384125005526,original_fixed_rbf,32,0
9311,9,0.03213674709558792,1.117582235322156,original_fixed_rbf,32,0
9311,10,0.03706092397876561,4.855278619538691,original_fixed_rbf,32,0
9779,1,0.005016241492594658,3.614598764401895,original_fixed_rbf,32,0
9779,2,0.002497359026969054,1.5752758524725776,original_fixed_rbf,32,0
9779,3,0.0027350159629369445,3.0067834026157993,original_fixed_rbf,32,0
9779,4,0.003278566073693679,2.7474121964133267,original_fixed_rbf,32,0
9779,5,0.010876922301685089,1.3393974338232824,original_fixed_rbf,32,0
9779,6,0.013090376263574727,4.231947641554839,original_fixed_rbf,32,0
9779,7,0.005395050024539292,0.07580649128703115,original_fixed_rbf,32,0
9779,8,0.013121851597091897,3.045991726932694,original_fixed_rbf,32,0
9779,9,0.011258258175448031,1.985829384569709,original_fixed_rbf,32,0
9779,10,0.007650742385259753,3.876750157638589,original_fixed_rbf,32,0
422,1,0.0005176514707393578,1.4101812413803543,boundary_kernel_pca,48,0
422,2,0.0017123986172760933,1.4959916863283185,boundary_kernel_pca,48,0
422,3,0.0013308146821009756,1.3758664114917138,boundary_kernel_pca,48,0
422,4,0.0016730394335356532,1.390770112838559,boundary_kernel_pca,48,0
422,5,0.011987944202025402,1.3851543998295222,boundary_kernel_pca,48,0
422,8,0.02558677279640476,0.08661607570907065,boundary_kernel_pca,48,0
422,9,0.02742131764887909,1.6070785961904097,boundary_kernel_pca,48,0
422,10,0.011524580121661155,0.8003045900836361,boundary_kernel_pca,48,0
1190,1,0.001678294014943795,0.42840983595992604,boundary_kernel_pca,48,0
1190,2,0.001972468921198848,0.8123868987278665,boundary_kernel_pca,48,0
1190,3,0.0015939822476368566,0.06247349875044941,boundary_kernel_pca,48,0
1190,4,0.001666541006446823,0.47044409687111227,boundary_kernel_pca,48,0
1190,5,0.003623328987747762,0.007380402891212782,boundary_kernel_pca,48,0
1190,6,0.01802591271869348,0.35822776380797583,boundary_kernel_pca,48,0
1190,7,0.0024503030382815837,0.9064831007731505,boundary_kernel_pca,48,0
1190,8,0.006946978576213505,0.6728947872298677,boundary_kernel_pca,48,0
1190,9,0.010291281685206304,1.2507744366610674,boundary_kernel_pca,48,0
1190,10,0.011752165999985653,1.6470586902014912,boundary_kernel_pca,48,0
1826,1,0.0017678381094965274,0.3687529157421359,boundary_kernel_pca,48,0
1826,2,0.00382763325686916,0.13361847435948696,boundary_kernel_pca,48,0
1826,3,0.0033350667545909733,1.8251132718403964,boundary_kernel_pca,48,0
1826,4,0.003325541548948474,0.17581774254150198,boundary_kernel_pca,48,0
1826,5,0.009038721728541959,0.2937149383019435,boundary_kernel_pca,48,0
1826,6,0.01440127302280545,2.872940295606696,boundary_kernel_pca,48,0
1826,7,0.004877496824756829,3.269181070088272,boundary_kernel_pca,48,0
1826,8,0.006143548948211492,2.4580722236091064,boundary_kernel_pca,48,0
1826,9,0.004501848885878071,2.9842539498748524,boundary_kernel_pca,48,0
2209,1,0.0012554738608593265,1.5346028564815333,boundary_kernel_pca,48,0
2209,2,0.0030247434552456414,0.7521987237920255,boundary_kernel_pca,48,0
2209,3,0.002548544063381833,0.6105278523195955,boundary_kernel_pca,48,0
2209,4,0.0031861883301078017,1.7208303017141067,boundary_kernel_pca,48,0
2209,5,0.04030751709485274,0.4705671166586393,boundary_kernel_pca,48,0
2209,6,0.05055003644744107,2.917852369854844,boundary_kernel_pca,48,0
2209,7,0.13855442994637265,0.09577622623432641,boundary_kernel_pca,48,0
2209,8,0.00988079840246598,1.727641579718078,boundary_kernel_pca,48,0
2209,10,0.012081075624925287,1.795465484286913,boundary_kernel_pca,48,0
2802,1,0.0022803507137604357,0.2946261197718505,boundary_kernel_pca,48,0
2802,2,0.0028868767615854306,3.8072094437726745,boundary_kernel_pca,48,0
2802,3,0.001437424261927477,0.6587670475894044,boundary_kernel_pca,48,0
2802,4,0.00814945179106716,1.3447443754745085,boundary_kernel_pca,48,0
2802,5,0.005771058274480854,6.912617979043647,boundary_kernel_pca,48,0
2802,6,0.009954739622535189,0.6280197139389054,boundary_kernel_pca,48,0
2802,7,0.005167627397684499,6.122193399210177,boundary_kernel_pca,48,0
2802,8,0.016329049809250856,0.032696475749555476,boundary_kernel_pca,48,0
2802,9,0.011561422936532072,6.762180646945647,boundary_kernel_pca,48,0
3377,1,0.0022832586019410654,0.06334841991553651,boundary_kernel_pca,48,0
3377,2,0.005356563937431758,0.2688337922276201,boundary_kernel_pca,48,0
3377,3,0.002939354615282743,0.2995641777552589,boundary_kernel_pca,48,0
3377,4,0.001464977247593918,0.2851373418884197,boundary_kernel_pca,48,0
3377,5,0.00806461975492641,0.12788725234991716,boundary_kernel_pca,48,0
3377,6,0.0193240605231837,1.0037657716639448,boundary_kernel_pca,48,0
3377,7,0.01438887021488595,1.2167738539041557,boundary_kernel_pca,48,0
3377,8,0.01471744727944285,1.0725045503781405,boundary_kernel_pca,48,0
3377,9,0.013946454761815524,0.9830857725889081,boundary_kernel_pca,48,0
3377,10,0.022801370749128823,1.2257725764933782,boundary_kernel_pca,48,0
3408,1,0.0005875924698093533,3.5239715618035303,boundary_kernel_pca,48,0
3408,2,0.0011698260204407217,1.171951042580269,boundary_kernel_pca,48,0
3408,3,0.001596177247758579,0.903595371415853,boundary_kernel_pca,48,0
3408,4,0.00213606413328082,2.9206146038409595,boundary_kernel_pca,48,0
3408,5,0.006899381847224676,0.7549127708173807,boundary_kernel_pca,48,0
3408,6,0.00844351872687138,1.5526180184496585,boundary_kernel_pca,48,0
3408,7,0.00657353965846623,1.7892731996598814,boundary_kernel_pca,48,0
3408,8,0.011777066568097891,0.6377768114378926,boundary_kernel_pca,48,0
3408,9,0.02253487769167381,0.33675028966534065,boundary_kernel_pca,48,0
3408,10,0.13213353031605451,1.1826861383587204,boundary_kernel_pca,48,0
4082,1,0.0010348978175279352,0.6344707748977911,boundary_kernel_pca,48,0
4082,2,0.0024822941677511527,0.7182065273282537,boundary_kernel_pca,48,0
4082,3,0.001519887103130011,0.06177887542132843,boundary_kernel_pca,48,0
4082,4,0.0025908955515049287,0.7207056705818395,boundary_kernel_pca,48,0
4082,5,0.005512894893009133,0.18167663937471118,boundary_kernel_pca,48,0
4082,6,0.020073725394336713,1.542765828918395,boundary_kernel_pca,48,0
4082,7,0.005697472876567071,0.46422139293365483,boundary_kernel_pca,48,0
4082,8,0.014365957082401081,0.600285185095661,boundary_kernel_pca,48,0
4082,9,0.03076920084618037,1.5913784647207485,boundary_kernel_pca,48,0
4082,10,0.0073264696314032495,0.6413642274406147,boundary_kernel_pca,48,0
4352,1,0.00556727441780511,0.9874214424153627,boundary_kernel_pca,48,0
4352,2,0.013056245276907165,0.7329557637665873,boundary_kernel_pca,48,0
4352,3,0.01483331557348343,3.21125839319161,boundary_kernel_pca,48,0
4352,4,0.014219402594905114,3.190753654981642,boundary_kernel_pca,48,0
4352,5,0.022201857568870335,2.524441984433455,boundary_kernel_pca,48,0
4352,6,0.026069476260705323,5.7260898471172705,boundary_kernel_pca,48,0
4352,7,0.022472431213531863,3.875570508470999,boundary_kernel_pca,48,0
4352,8,0.034742808577491714,8.38233039342531,boundary_kernel_pca,48,0
4352,9,0.03722758278575358,6.49448429432693,boundary_kernel_pca,48,0
4352,10,0.034094253314252254,4.760832423606678,boundary_kernel_pca,48,0
4470,1,0.0013937058985792506,0.51090510930702,boundary_kernel_pca,48,0
4470,2,0.004409596989816771,6.514036564097657,boundary_kernel_pca,48,0
4470,3,0.005026608870502044,1.239804921766923,boundary_kernel_pca,48,0
4470,4,0.010303817306836837,1.7755730951155422,boundary_kernel_pca,48,0
4470,5,0.01775421576831967,13.91598068944981,boundary_kernel_pca,48,0
4470,6,0.02402390684347491,1.8423592505151651,boundary_kernel_pca,48,0
4470,7,0.01294888197211966,11.980438589384805,boundary_kernel_pca,48,0
4470,8,0.007990511864470804,0.6797098659800919,boundary_kernel_pca,48,0
4470,9,0.015868993664522903,5.741702972654245,boundary_kernel_pca,48,0
4470,10,0.016524389598990396,4.516284096134492,boundary_kernel_pca,48,0
5873,1,0.007120909280876694,1.5012558874380975,boundary_kernel_pca,48,0
5873,2,0.003480970429526435,5.436776429212706,boundary_kernel_pca,48,0
5873,3,0.0037766700665153963,0.7186836386770107,boundary_kernel_pca,48,0
5873,4,0.005656959129808767,0.938113106041365,boundary_kernel_pca,48,0
5873,5,0.006267223831291969,6.992999684227797,boundary_kernel_pca,48,0
5873,6,0.014291097619779158,0.9981752054052185,boundary_kernel_pca,48,0
5873,7,0.011312124755258779,3.120695987064297,boundary_kernel_pca,48,0
5873,8,0.15459084751498892,0.8270267233668318,boundary_kernel_pca,48,0
5873,9,0.15419170872550006,1.9392917839104244,boundary_kernel_pca,48,0
5873,10,0.034889011206608124,0.7035923176257363,boundary_kernel_pca,48,0
6148,1,0.0007001182391681977,1.210331171442948,boundary_kernel_pca,48,0
6148,2,0.0011623132133299254,1.3933233313425477,boundary_kernel_pca,48,0
6148,3,0.0013722380190898564,1.4336944742356683,boundary_kernel_pca,48,0
6148,4,0.0013992464372097257,1.2754248009177567,boundary_kernel_pca,48,0
6148,5,0.04762797633831332,0.46383903403697013,boundary_kernel_pca,48,0
6148,6,0.044423828105896394,2.6904659914865205,boundary_kernel_pca,48,0
6148,7,0.002902678257365601,0.016641290802792367,boundary_kernel_pca,48,0
6148,8,0.004475204319457422,2.394824735247598,boundary_kernel_pca,48,0
6148,10,0.0036377539776534947,1.1860729856221783,boundary_kernel_pca,48,0
7862,1,0.0128867407419215,0.8032758135495652,boundary_kernel_pca,48,0
7862,2,0.02220594811323043,4.009972247303494,boundary_kernel_pca,48,0
7862,3,0.01838832878960797,0.032151560967740606,boundary_kernel_pca,48,0
7862,4,0.025603796130875836,1.2608861643411493,boundary_kernel_pca,48,0
7862,5,0.03689521191358945,7.236858482331432,boundary_kernel_pca,48,0
7862,6,0.012261037531434276,0.20825790210487494,boundary_kernel_pca,48,0
7862,7,0.034119469057206864,3.391032549699931,boundary_kernel_pca,48,0
7862,8,0.03619440669483968,1.1228443774685632,boundary_kernel_pca,48,0
7862,9,0.04790988153634232,15.17004701943165,boundary_kernel_pca,48,0
7862,10,0.05469185249411426,3.922482871314906,boundary_kernel_pca,48,0
8539,1,0.0020559699507726042,1.8016778002804017,boundary_kernel_pca,48,0
8539,2,0.004843368598738083,1.4028524499785926,boundary_kernel_pca,48,0
8539,3,0.004135485669309169,0.8141454033367392,boundary_kernel_pca,48,0
8539,4,0.005034137309920202,1.709445530456707,boundary_kernel_pca,48,0
8539,5,0.010993999711237436,0.304686282262023,boundary_kernel_pca,48,0
8539,8,0.023254845439647988,0.9721869110497688,boundary_kernel_pca,48,0
8539,9,0.021826795426506555,2.4870682599118137,boundary_kernel_pca,48,0
8539,10,0.016697923302983222,1.6730804150665342,boundary_kernel_pca,48,0
9311,1,0.005015898189908262,1.6874136237963553,boundary_kernel_pca,48,0
9311,2,0.0043705372736239185,2.3647672247187597,boundary_kernel_pca,48,0
9311,3,0.0034547898464569373,0.7244924381140888,boundary_kernel_pca,48,0
9311,6,0.01635771516535341,0.5423163125533689,boundary_kernel_pca,48,0
9311,7,0.004028222104146037,0.37479110260682963,boundary_kernel_pca,48,0
9311,8,0.017988750105291655,0.8066659837240605,boundary_kernel_pca,48,0
9311,9,0.02216485631577659,1.0835709361811459,boundary_kernel_pca,48,0
9311,10,0.036404324835154864,2.863803026062379,boundary_kernel_pca,48,0
9779,1,0.002509183856076523,2.733416368342288,boundary_kernel_pca,48,0
9779,2,0.002031665377664092,1.9465578817381581,boundary_kernel_pca,48,0
9779,3,0.0014631547564153617,4.325652498028065,boundary_kernel_pca,48,0
9779,4,0.003051784427233997,2.9993210211964665,boundary_kernel_pca,48,0
9779,5,0.00554234897308795,0.05014979026986957,boundary_kernel_pca,48,0
9779,6,0.010480608451293573,4.798616197467883,boundary_kernel_pca,48,0
9779,7,0.004490584095386255,0.2529380986967088,boundary_kernel_pca,48,0
9779,8,0.010335383680564712,4.369241969291018,boundary_kernel_pca,48,0
9779,9,0.006520557295477121,3.3568205579019437,boundary_kernel_pca,48,0
9779,10,0.008057272020966035,4.767460154093174,boundary_kernel_pca,48,0
422,1,0.0004678489443378272,1.4101812413803543,output_pca,48,0
422,2,0.0016039977783354597,1.4959916863283185,output_pca,48,0
422,3,0.0010221275057039382,1.3758664114917138,output_pca,48,0
422,4,0.0015171822002418495,1.390770112838559,output_pca,48,0
422,5,0.006035749867785981,1.3851543998295222,output_pca,48,0
422,8,0.028097031946254025,0.08661607570907065,output_pca,48,0
422,9,0.026574297853161056,1.6070785961904097,output_pca,48,0
422,10,0.009224557394071272,0.8003045900836361,output_pca,48,0
1190,1,0.001310216624497392,0.42840983595992604,output_pca,48,0
1190,2,0.0023329960069150605,0.8123868987278665,output_pca,48,0
1190,3,0.0012144535076916896,0.06247349875044941,output_pca,48,0
1190,4,0.001662279070074352,0.47044409687111227,output_pca,48,0
1190,5,0.00972287510989515,0.007380402891212782,output_pca,48,0
1190,6,0.009522143528139659,0.35822776380797583,output_pca,48,0
1190,7,0.0068158001548003135,0.9064831007731505,output_pca,48,0
1190,8,0.007870504197402414,0.6728947872298677,output_pca,48,0
1190,9,0.010376118965116215,1.2507744366610674,output_pca,48,0
1190,10,0.010473210214107274,1.6470586902014912,output_pca,48,0
1826,1,0.0032406890104148133,0.3687529157421359,output_pca,48,0
1826,2,0.005817360621236011,0.13361847435948696,output_pca,48,0
1826,3,0.004060641757540263,1.8251132718403964,output_pca,48,0
1826,4,0.003652494965481818,0.17581774254150198,output_pca,48,0
1826,5,0.008324934568574431,0.2937149383019435,output_pca,48,0
1826,6,0.008240105196475202,2.872940295606696,output_pca,48,0
1826,7,0.005544725693377253,3.269181070088272,output_pca,48,0
1826,8,0.009731284058417349,2.4580722236091064,output_pca,48,0
1826,9,0.006024172133902445,2.9842539498748524,output_pca,48,0
2209,1,0.00136314619928229,1.5346028564815333,output_pca,48,0
2209,2,0.0033042208920778587,0.7521987237920255,output_pca,48,0
2209,3,0.0027146581303584853,0.6105278523195955,output_pca,48,0
2209,4,0.003299232016371043,1.7208303017141067,output_pca,48,0
2209,5,0.03846002087145185,0.4705671166586393,output_pca,48,0
2209,6,0.014223324888694997,2.917852369854844,output_pca,48,0
2209,7,0.13868678933761683,0.09577622623432641,output_pca,48,0
2209,8,0.012683596163857561,1.727641579718078,output_pca,48,0
2209,10,0.01079270984669105,1.795465484286913,output_pca,48,0
2802,1,0.0027917290425204613,0.2946261197718505,output_pca,48,0
2802,2,0.004619762701378441,3.8072094437726745,output_pca,48,0
2802,3,0.0016204081450448432,0.6587670475894044,output_pca,48,0
2802,4,0.004559101432691712,1.3447443754745085,output_pca,48,0
2802,5,0.006605932147960234,6.912617979043647,output_pca,48,0
2802,6,0.007164175560649378,0.6280197139389054,output_pca,48,0
2802,7,0.011331479876178371,6.122193399210177,output_pca,48,0
2802,8,0.020535318492994566,0.032696475749555476,output_pca,48,0
2802,9,0.011120767975554169,6.762180646945647,output_pca,48,0
3377,1,0.00223397647556213,0.06334841991553651,output_pca,48,0
3377,2,0.006879166273036858,0.2688337922276201,output_pca,48,0
3377,3,0.004666976350388448,0.2995641777552589,output_pca,48,0
3377,4,0.003961095148619056,0.2851373418884197,output_pca,48,0
3377,5,0.006843628278983669,0.12788725234991716,output_pca,48,0
3377,6,0.01839065206034108,1.0037657716639448,output_pca,48,0
3377,7,0.009121942948254523,1.2167738539041557,output_pca,48,0
3377,8,0.01815348090517896,1.0725045503781405,output_pca,48,0
3377,9,0.018135730270171187,0.9830857725889081,output_pca,48,0
3377,10,0.021902907512870416,1.2257725764933782,output_pca,48,0
3408,1,0.0006081431271474989,3.5239715618035303,output_pca,48,0
3408,2,0.0014825099065527206,1.171951042580269,output_pca,48,0
3408,3,0.0015143398035674248,0.903595371415853,output_pca,48,0
3408,4,0.0020418568667162434,2.9206146038409595,output_pca,48,0
3408,5,0.006719007598870768,0.7549127708173807,output_pca,48,0
3408,6,0.008929184449251396,1.5526180184496585,output_pca,48,0
3408,7,0.008171686637302875,1.7892731996598814,output_pca,48,0
3408,8,0.012198906099014462,0.6377768114378926,output_pca,48,0
3408,9,0.017029190545970123,0.33675028966534065,output_pca,48,0
3408,10,0.13219852721832334,1.1826861383587204,output_pca,48,0
4082,1,0.0011571756090782712,0.6344707748977911,output_pca,48,0
4082,2,0.0027141809373968807,0.7182065273282537,output_pca,48,0
4082,3,0.001510856745507104,0.06177887542132843,output_pca,48,0
4082,4,0.002735786629351653,0.7207056705818395,output_pca,48,0
4082,5,0.005715357345856888,0.18167663937471118,output_pca,48,0
4082,6,0.008726213837156917,1.542765828918395,output_pca,48,0
4082,7,0.007032389227216948,0.46422139293365483,output_pca,48,0
4082,8,0.015974872842334262,0.600285185095661,output_pca,48,0
4082,9,0.029517001542975364,1.5913784647207485,output_pca,48,0
4082,10,0.005830637516858978,0.6413642274406147,output_pca,48,0
4352,1,0.006523479625370808,0.9874214424153627,output_pca,48,0
4352,2,0.013445397495643179,0.7329557637665873,output_pca,48,0
4352,3,0.015464832610696512,3.21125839319161,output_pca,48,0
4352,4,0.015008230428607073,3.190753654981642,output_pca,48,0
4352,5,0.022345062525323808,2.524441984433455,output_pca,48,0
4352,6,0.029352601666066597,5.7260898471172705,output_pca,48,0
4352,7,0.020488301769152274,3.875570508470999,output_pca,48,0
4352,8,0.03677906139365881,8.38233039342531,output_pca,48,0
4352,9,0.04136173722440333,6.49448429432693,output_pca,48,0
4352,10,0.03634869629867475,4.760832423606678,output_pca,48,0
4470,1,0.0019197230720701482,0.51090510930702,output_pca,48,0
4470,2,0.005187323122899234,6.514036564097657,output_pca,48,0
4470,3,0.00363068888682945,1.239804921766923,output_pca,48,0
4470,4,0.009565837586283417,1.7755730951155422,output_pca,48,0
4470,5,0.015708593719224874,13.91598068944981,output_pca,48,0
4470,6,0.03288555429259137,1.8423592505151651,output_pca,48,0
4470,7,0.02304688975401391,11.980438589384805,output_pca,48,0
4470,8,0.010104881812983618,0.6797098659800919,output_pca,48,0
4470,9,0.01775911133195096,5.741702972654245,output_pca,48,0
4470,10,0.0162081287784612,4.516284096134492,output_pca,48,0
5873,1,0.002063002271540336,1.5012558874380975,output_pca,48,0
5873,2,0.001371554290037618,5.436776429212706,output_pca,48,0
5873,3,0.004201104834877976,0.7186836386770107,output_pca,48,0
5873,4,0.0035118945987019663,0.938113106041365,output_pca,48,0
5873,5,0.006086044324740488,6.992999684227797,output_pca,48,0
5873,6,0.02017394767394264,0.9981752054052185,output_pca,48,0
5873,7,0.007218565744986658,3.120695987064297,output_pca,48,0
5873,8,0.15313607850325406,0.8270267233668318,output_pca,48,0
5873,9,0.15326678152491308,1.9392917839104244,output_pca,48,0
5873,10,0.031223935139196673,0.7035923176257363,output_pca,48,0
6148,1,0.0006689034317221505,1.210331171442948,output_pca,48,0
6148,2,0.001549473809727959,1.3933233313425477,output_pca,48,0
6148,3,0.0011519698324613775,1.4336944742356683,output_pca,48,0
6148,4,0.0010713284483404775,1.2754248009177567,output_pca,48,0
6148,5,0.04788671246559689,0.46383903403697013,output_pca,48,0
6148,6,0.020694017850898833,2.6904659914865205,output_pca,48,0
6148,7,0.005141361034910254,0.016641290802792367,output_pca,48,0
6148,8,0.006443913377780546,2.394824735247598,output_pca,48,0
6148,10,0.004370896577681109,1.1860729856221783,output_pca,48,0
7862,1,0.015769819181714252,0.8032758135495652,output_pca,48,0
7862,2,0.025044201984727163,4.009972247303494,output_pca,48,0
7862,3,0.01846996730135853,0.032151560967740606,output_pca,48,0
7862,4,0.024286938716462883,1.2608861643411493,output_pca,48,0
7862,5,0.03668124381239177,7.236858482331432,output_pca,48,0
7862,6,0.015911410395145695,0.20825790210487494,output_pca,48,0
7862,7,0.035673937424111055,3.391032549699931,output_pca,48,0
7862,8,0.03669037522074808,1.1228443774685632,output_pca,48,0
7862,9,0.05299256621469731,15.17004701943165,output_pca,48,0
7862,10,0.053775715905026084,3.922482871314906,output_pca,48,0
8539,1,0.0029359991402404086,1.8016778002804017,output_pca,48,0
8539,2,0.005796099575479316,1.4028524499785926,output_pca,48,0
8539,3,0.004084249522811035,0.8141454033367392,output_pca,48,0
8539,4,0.00549786957887907,1.709445530456707,output_pca,48,0
8539,5,0.010527554636192782,0.304686282262023,output_pca,48,0
8539,8,0.022868969472613,0.9721869110497688,output_pca,48,0
8539,9,0.022225093580936266,2.4870682599118137,output_pca,48,0
8539,10,0.014488289899931398,1.6730804150665342,output_pca,48,0
9311,1,0.006196222259009573,1.6874136237963553,output_pca,48,0
9311,2,0.007144317133659529,2.3647672247187597,output_pca,48,0
9311,3,0.005118525556624766,0.7244924381140888,output_pca,48,0
9311,6,0.016493492208785727,0.5423163125533689,output_pca,48,0
9311,7,0.0040627225017242875,0.37479110260682963,output_pca,48,0
9311,8,0.01825468359400905,0.8066659837240605,output_pca,48,0
9311,9,0.019446871323277562,1.0835709361811459,output_pca,48,0
9311,10,0.032228455760238146,2.863803026062379,output_pca,48,0
9779,1,0.0011979954573351622,2.733416368342288,output_pca,48,0
9779,2,0.0019476109138487317,1.9465578817381581,output_pca,48,0
9779,3,0.001419522610935854,4.325652498028065,output_pca,48,0
9779,4,0.0024010002355794894,2.9993210211964665,output_pca,48,0
9779,5,0.002996200863964136,0.05014979026986957,output_pca,48,0
9779,6,0.010795251828569857,4.798616197467883,output_pca,48,0
9779,7,0.006033304198839198,0.2529380986967088,output_pca,48,0
9779,8,0.012177746517850028,4.369241969291018,output_pca,48,0
9779,9,0.006480822140951398,3.3568205579019437,output_pca,48,0
9779,10,0.007364381329350005,4.767460154093174,output_pca,48,0
422,1,0.0029182656934011075,4.12993709141328,direct_hf,48,0
422,2,0.0042136808671838204,3.6319434613939174,direct_hf,48,0
422,3,0.005449288471577841,0.9584551790827845,direct_hf,48,0
422,4,0.006532620434986768,1.450929264745402,direct_hf,48,0
422,5,0.02095890308111111,4.711601510955897,direct_hf,48,0
422,8,0.11535659503574072,2.0908447556293406,direct_hf,48,0
422,9,0.12219063870061068,4.403047502945456,direct_hf,48,0
422,10,0.014050759740019887,5.808333101836731,direct_hf,48,0
1190,1,0.003280082828349323,5.32303348488262,direct_hf,48,0
1190,2,0.0028524353385627325,10.439616497369594,direct_hf,48,0
1190,3,0.0034322485194739007,8.146618124443902,direct_hf,48,0
1190,4,0.006976119747591592,6.444450051331338,direct_hf,48,0
1190,5,0.02077938030482505,11.716861889970826,direct_hf,48,0
1190,6,0.008818639689414107,8.888840724710427,direct_hf,48,0
1190,7,0.011044224209255505,11.238459889112855,direct_hf,48,0
1190,8,0.02534096006178366,6.961618878162085,direct_hf,48,0
1190,9,0.02309791393871072,11.332545706993368,direct_hf,48,0
1190,10,0.016655649616031318,2.329338408418858,direct_hf,48,0
1826,1,0.001596688043066557,1.3733691533830865,direct_hf,48,0
1826,2,0.002916506488646206,6.61985155495465,direct_hf,48,0
1826,3,0.0020577009561840733,4.881973034405574,direct_hf,48,0
1826,4,0.0013943365718345016,4.013418804517956,direct_hf,48,0
1826,5,0.028132925813577018,5.172341907938718,direct_hf,48,0
1826,6,0.009994316212045615,1.0604945670401702,direct_hf,48,0
1826,7,0.006878803327390159,6.063596971821619,direct_hf,48,0
1826,8,0.008875506295715097,8.387373700862272,direct_hf,48,0
1826,9,0.004959654209811349,7.365001668128244,direct_hf,48,0
2209,1,0.0013208419353485416,0.8418128808420662,direct_hf,48,0
2209,2,0.006649198215977387,2.85929719456405,direct_hf,48,0
2209,3,0.006758267487039802,7.729201988956125,direct_hf,48,0
2209,4,0.011145426389256837,0.6350887873283564,direct_hf,48,0
2209,5,0.033048061710010325,4.301243266936734,direct_hf,48,0
2209,6,0.022008939733271272,11.497522548883273,direct_hf,48,0
2209,7,0.2463192965689269,4.242729606408293,direct_hf,48,0
2209,8,0.03080573383680421,5.5344607480110355,direct_hf,48,0
2209,10,0.029288871981500087,2.4219253255173228,direct_hf,48,0
2802,1,0.0007710912507796824,2.3903344956858708,direct_hf,48,0
2802,2,0.002131565870219608,1.515691052805364,direct_hf,48,0
2802,3,0.0016744026481008564,0.9604988998314768,direct_hf,48,0
2802,4,0.003270505956883827,2.2204541860139417,direct_hf,48,0
2802,5,0.008010477340753691,1.2599631323736906,direct_hf,48,0
2802,6,0.012710703904811852,0.5034007942227143,direct_hf,48,0
2802,7,0.004788676771396448,1.694342817704672,direct_hf,48,0
2802,8,0.01913517339655165,1.3895405013941673,direct_hf,48,0
2802,9,0.014193255188653815,2.1675313536801624,direct_hf,48,0
3377,1,0.0035071541338348626,4.672301803509383,direct_hf,48,0
3377,2,0.0032448906404788976,3.270588910923721,direct_hf,48,0
3377,3,0.005279499061508148,1.062233592401727,direct_hf,48,0
3377,4,0.0039207725926736405,2.7853146809981313,direct_hf,48,0
3377,5,0.04256079084349525,4.133276554350824,direct_hf,48,0
3377,6,0.02874571262749614,18.385532717543033,direct_hf,48,0
3377,7,0.007149135973813185,8.38414230759987,direct_hf,48,0
3377,8,0.024179279135563527,1.9457360035413307,direct_hf,48,0
3377,9,0.026598882877223534,2.033367714520528,direct_hf,48,0
3377,10,0.018868208329066445,14.626352234297757,direct_hf,48,0
3408,1,0.0012226661261175188,5.526249101117163,direct_hf,48,0
3408,2,0.0018361730938345664,6.608509822937021,direct_hf,48,0
3408,3,0.001425273227175052,3.8503883457746864,direct_hf,48,0
3408,4,0.0015174834475181482,4.655861179141305,direct_hf,48,0
3408,5,0.012183938307827713,7.657074256262334,direct_hf,48,0
3408,6,0.013864075766539273,3.855230049031811,direct_hf,48,0
3408,7,0.007057657511564696,16.534537450283057,direct_hf,48,0
3408,8,0.01135874864734947,3.7522785156519927,direct_hf,48,0
3408,9,0.03135866057812984,22.89891038980477,direct_hf,48,0
3408,10,0.1485534601356785,2.443630537425617,direct_hf,48,0
4082,1,0.0016224207036413208,5.567894768298487,direct_hf,48,0
4082,2,0.003141488572472086,7.562902188598875,direct_hf,48,0
4082,3,0.001515683440943635,5.142613078973434,direct_hf,48,0
4082,4,0.0034854853762179864,6.194254674644961,direct_hf,48,0
4082,5,0.015532098315237556,7.029281227336704,direct_hf,48,0
4082,6,0.016236508497966144,3.348957796886546,direct_hf,48,0
4082,7,0.006780731985179537,5.893692723478045,direct_hf,48,0
4082,8,0.05169281059347117,5.48449586312386,direct_hf,48,0
4082,9,0.06685881589866738,7.654103678876579,direct_hf,48,0
4082,10,0.009693336953147972,6.906397585425079,direct_hf,48,0
4352,1,0.004425414927807933,1.7204892422525158,direct_hf,48,0
4352,2,0.004184022830587935,0.20210028182706782,direct_hf,48,0
4352,3,0.002990663592962036,4.04945011929398,direct_hf,48,0
4352,4,0.0021776024710961133,1.1370081155123488,direct_hf,48,0
4352,5,0.03763631471883215,2.7974472989150767,direct_hf,48,0
4352,6,0.03640929104457459,0.9418306953729768,direct_hf,48,0
4352,7,0.004753313104788228,4.909081602305167,direct_hf,48,0
4352,8,0.010870348008425405,2.9237753659081007,direct_hf,48,0
4352,9,0.01727126888374624,8.567094160374683,direct_hf,48,0
4352,10,0.009701155148148738,6.195137479487156,direct_hf,48,0
4470,1,0.0032260779126755635,0.43959388573643715,direct_hf,48,0
4470,2,0.004119909803587677,0.6627397162941204,direct_hf,48,0
4470,3,0.005067014555293607,0.38790090175737685,direct_hf,48,0
4470,4,0.005018073481318834,2.756768142653163,direct_hf,48,0
4470,5,0.035757620399736595,2.1670145911709873,direct_hf,48,0
4470,6,0.0422681281091859,2.701283234604274,direct_hf,48,0
4470,7,0.006481273842859349,3.4268281530944043,direct_hf,48,0
4470,8,0.013288210937115429,2.5827031484537795,direct_hf,48,0
4470,9,0.016404460494409506,4.482642511511888,direct_hf,48,0
4470,10,0.01943062325232364,6.864288587003142,direct_hf,48,0
5873,1,0.0014323973753979063,1.9299774359138588,direct_hf,48,0
5873,2,0.001942342574325936,9.377432772184763,direct_hf,48,0
5873,3,0.0017179941682976675,0.8076665349207022,direct_hf,48,0
5873,4,0.002826729122891856,4.422923816101339,direct_hf,48,0
5873,5,0.018021375351035807,10.746017862565008,direct_hf,48,0
5873,6,0.016858680636155986,1.1704705171129148,direct_hf,48,0
5873,7,0.0026571728973062104,8.594021482761878,direct_hf,48,0
5873,8,0.005950569716852376,2.640319659850188,direct_hf,48,0
5873,9,0.012511199277548108,13.577472402246896,direct_hf,48,0
5873,10,0.033233777609524735,13.08670586025178,direct_hf,48,0
6148,1,0.003060564412024925,4.5328565955662015,direct_hf,48,0
6148,2,0.0016038991246742449,2.2446096633536063,direct_hf,48,0
6148,3,0.0025386645951974984,8.560154991752709,direct_hf,48,0
6148,4,0.0020044138627422024,4.420698573464951,direct_hf,48,0
6148,5,0.02347829446308629,0.5325156174617485,direct_hf,48,0
6148,6,0.028473902631172724,6.014139178230471,direct_hf,48,0
6148,7,0.005365443712629614,5.366237786426,direct_hf,48,0
6148,8,0.010904244063921644,7.95208210419862,direct_hf,48,0
6148,10,0.005360848927832222,8.052588921550447,direct_hf,48,0
7862,1,0.003721734403960213,3.5847627495187413,direct_hf,48,0
7862,2,0.0054375947989010265,5.743281663576366,direct_hf,48,0
7862,3,0.003851353813928535,0.8076673265279041,direct_hf,48,0
7862,4,0.005644981866692747,0.09876604976018824,direct_hf,48,0
7862,5,0.014639887210500371,9.36028673969091,direct_hf,48,0
7862,6,0.01343430701813006,1.440487422198481,direct_hf,48,0
7862,7,0.0068764500298533265,6.094159553170139,direct_hf,48,0
7862,8,0.022000757243956764,0.2487160618215247,direct_hf,48,0
7862,9,0.021901789287373137,18.623063423851786,direct_hf,48,0
7862,10,0.022118845499144876,0.047165495437918814,direct_hf,48,0
8539,1,0.010942221299263827,7.843487039462311,direct_hf,48,0
8539,2,0.008385630515932174,10.040479822478858,direct_hf,48,0
8539,3,0.008880864917418643,6.536572047945664,direct_hf,48,0
8539,4,0.005764384402092601,9.847264657198448,direct_hf,48,0
8539,5,0.017217719788505493,10.838637960647606,direct_hf,48,0
8539,8,0.07182599557964277,8.385249466529153,direct_hf,48,0
8539,9,0.08358275881356456,13.862932264206146,direct_hf,48,0
8539,10,0.025991726873953534,15.679917400595807,direct_hf,48,0
9311,1,0.0027949705275791582,4.426552270969277,direct_hf,48,0
9311,2,0.005456116364212167,7.4525186693893835,direct_hf,48,0
9311,3,0.0028245158964445155,2.980134355285895,direct_hf,48,0
9311,6,0.011324698929180248,2.944590210813039,direct_hf,48,0
9311,7,0.006533913651656558,8.252909413660822,direct_hf,48,0
9311,8,0.008204583974476936,4.748368149989729,direct_hf,48,0
9311,9,0.009545559160063754,12.359909416893315,direct_hf,48,0
9311,10,0.04012210776987207,0.9170263667643259,direct_hf,48,0
9779,1,0.0013987533725761776,2.392570078508531,direct_hf,48,0
9779,2,0.004192333521532254,9.928204168541965,direct_hf,48,0
9779,3,0.0062646170326056076,6.206619773178027,direct_hf,48,0
9779,4,0.008541587604964072,5.694394384689358,direct_hf,48,0
9779,5,0.015064089315055252,14.264887524215366,direct_hf,48,0
9779,6,0.02230785684587475,4.317162469932206,direct_hf,48,0
9779,7,0.008723187859102187,13.945209476491014,direct_hf,48,0
9779,8,0.0200922818595235,6.5872539650156,direct_hf,48,0
9779,9,0.010997667682024106,21.042411817275386,direct_hf,48,0
9779,10,0.02377956881538473,3.322768512706544,direct_hf,48,0
422,1,0.0007107177814708673,1.348839767094703,cokriging,48,0
422,2,0.0015126668365672581,1.121641541124589,cokriging,48,0
422,3,0.0009444481470923807,1.1302000147900948,cokriging,48,0
422,4,0.0011310572169757217,1.2862380605651116,cokriging,48,0
422,5,0.021183815287114504,0.8508578779567783,cokriging,48,0
422,8,0.022448684175925243,0.6721347464790279,cokriging,48,0
422,9,0.028569293176763634,1.550551649425011,cokriging,48,0
422,10,0.017603730223778456,0.7431184450475686,cokriging,48,0
1190,1,0.0012312085852791306,0.6550401249525086,cokriging,48,0
1190,2,0.002683840300877638,0.953776858673482,cokriging,48,0
1190,3,0.0021426852145545725,0.8343140261020554,cokriging,48,0
1190,4,0.0029764505071992165,0.9768031639345257,cokriging,48,0
1190,5,0.011741960003584274,1.237365910780711,cokriging,48,0
1190,6,0.00469500753812887,2.858575568696058,cokriging,48,0
1190,7,0.0037516632351548788,0.27786699701917233,cokriging,48,0
1190,8,0.0046454853618094726,0.3880250313251506,cokriging,48,0
1190,9,0.009093725960754081,1.3450492133888685,cokriging,48,0
1190,10,0.006677868218839529,1.283934692464989,cokriging,48,0
1826,1,0.0004991791908822816,0.45353157776255915,cokriging,48,0
1826,2,0.0012695782545080845,0.617671881690276,cokriging,48,0
1826,3,0.0008648687023568485,0.22392723433062878,cokriging,48,0
1826,4,0.003270339893122963,0.30937412704029116,cokriging,48,0
1826,5,0.014737261546877515,0.8321524730024389,cokriging,48,0
1826,6,0.012572712619362998,0.4099533154576556,cokriging,48,0
1826,7,0.002325727675533228,2.7490537524190013,cokriging,48,0
1826,8,0.0036939889121640063,2.377257115845538,cokriging,48,0
1826,9,0.005445557042010669,3.0412114744471563,cokriging,48,0
2209,1,0.0018100190259046126,1.4325148539999715,cokriging,48,0
2209,2,0.0032409734680496492,1.0546981629115388,cokriging,48,0
2209,3,0.0021839485880769784,2.3275055976605636,cokriging,48,0
2209,4,0.0024870237461684136,1.6150995666992827,cokriging,48,0
2209,5,0.040226104347817315,1.4335699129179955,cokriging,48,0
2209,6,0.033937411623144516,3.514501504111291,cokriging,48,0
2209,7,0.14280022601864134,0.5819909105424427,cokriging,48,0
2209,8,0.011677061125576925,1.1202460241802812,cokriging,48,0
2209,10,0.005405145427588951,1.8223331188350897,cokriging,48,0
2802,1,0.0027561925918671037,0.3289786957190309,cokriging,48,0
2802,2,0.0075943570672911955,2.9527296825133083,cokriging,48,0
2802,3,0.0035496595821967107,0.05308237764962798,cokriging,48,0
2802,4,0.004761721630063951,1.5092263524727212,cokriging,48,0
2802,5,0.0070213031836287975,5.06017881771529,cokriging,48,0
2802,6,0.007145639501254486,0.2685307183979363,cokriging,48,0
2802,7,0.015212558577376892,4.928885455081468,cokriging,48,0
2802,8,0.02460431361742786,0.10034806719851926,cokriging,48,0
2802,9,0.011110758485431364,6.738439173344457,cokriging,48,0
3377,1,0.0011167741402050607,0.19947137371550686,cokriging,48,0
3377,2,0.002581258013930061,0.3767394506797458,cokriging,48,0
3377,3,0.001322430700985601,0.04753197872189204,cokriging,48,0
3377,4,0.0014549262342681603,0.3121330993196722,cokriging,48,0
3377,5,0.013053124467370647,0.7529271116916848,cokriging,48,0
3377,6,0.01873275966668319,0.0431800343632698,cokriging,48,0
3377,7,0.0019054249572537179,1.4863297731019394,cokriging,48,0
3377,8,0.018259339264837866,0.6079250717018034,cokriging,48,0
3377,9,0.015710630028504955,1.0567971286384357,cokriging,48,0
3377,10,0.02999161608217618,1.3803223172363723,cokriging,48,0
3408,1,0.0007410105457336384,3.423995011804574,cokriging,48,0
3408,2,0.001134409419977914,3.4680725383988187,cokriging,48,0
3408,3,0.0014635317027601412,2.960114255873914,cokriging,48,0
3408,4,0.00161581681303563,3.261465816229301,cokriging,48,0
3408,5,0.005349285633282265,3.4350316355188277,cokriging,48,0
3408,6,0.007506022443791407,3.38405895694752,cokriging,48,0
3408,7,0.002531094639862077,1.0353418975198783,cokriging,48,0
3408,8,0.004589317475128159,0.6318754933676857,cokriging,48,0
3408,9,0.020080007537115776,0.2619746708340346,cokriging,48,0
3408,10,0.12977979010002996,0.5060304056873552,cokriging,48,0
4082,1,0.0005814719237046437,0.3732835161342119,cokriging,48,0
4082,2,0.0013406239336538662,1.2323274978779244,cokriging,48,0
4082,3,0.0010031863876787785,0.07237362954243155,cokriging,48,0
4082,4,0.0018543410272328128,0.18489065346422387,cokriging,48,0
4082,5,0.00410822048193381,1.1351076624772414,cokriging,48,0
4082,6,0.013719657708240695,0.8133214074228986,cokriging,48,0
4082,7,0.0035580563110582226,0.07946744877649202,cokriging,48,0
4082,8,0.016761651248006975,0.04398258939570013,cokriging,48,0
4082,9,0.03192062096642011,1.5850378502696487,cokriging,48,0
4082,10,0.008487961429624132,0.5593646187162337,cokriging,48,0
4352,1,0.005112806686055414,1.3213079593350194,cokriging,48,0
4352,2,0.008377792877129028,1.9062147374724947,cokriging,48,0
4352,3,0.012094045332111418,3.566619505940523,cokriging,48,0
4352,4,0.013087057654427128,3.6074525167726645,cokriging,48,0
4352,5,0.024963917060931397,3.8201099072250386,cokriging,48,0
4352,6,0.026919255650928738,5.280080593516597,cokriging,48,0
4352,7,0.01459398133224525,4.644704242639852,cokriging,48,0
4352,8,0.03708448510175918,7.873619529935275,cokriging,48,0
4352,9,0.0374557182967234,6.867508755457553,cokriging,48,0
4352,10,0.0199149319881017,5.205883332765883,cokriging,48,0
4470,1,0.0007377403927496046,0.5495036323478395,cokriging,48,0
4470,2,0.003436341025634858,2.8682130606921197,cokriging,48,0
4470,3,0.0030785034611653245,0.7770980564400849,cokriging,48,0
4470,4,0.007396535281360666,1.6119697590043878,cokriging,48,0
4470,5,0.025162874591144826,4.331061728727524,cokriging,48,0
4470,6,0.025437755684617088,1.4622786402631784,cokriging,48,0
4470,7,0.013805857742806894,8.532373697676807,cokriging,48,0
4470,8,0.008072631777327031,1.1878408719914435,cokriging,48,0
4470,9,0.015363918660675185,7.910670275499404,cokriging,48,0
4470,10,0.02699064349059148,3.9892347373495975,cokriging,48,0
5873,1,0.004181702126143897,1.2717015665588682,cokriging,48,0
5873,2,0.005083405447614886,2.2161079019684102,cokriging,48,0
5873,3,0.0019533445473832864,0.21399900825957774,cokriging,48,0
5873,4,0.0029604386823589117,0.1077597119996822,cokriging,48,0
5873,5,0.012159769239253725,0.636858457506381,cokriging,48,0
5873,6,0.013840548905241955,0.2406777947359957,cokriging,48,0
5873,7,0.00678652988242622,5.0078294930211324,cokriging,48,0
5873,8,0.1512395785986879,0.8884922874236455,cokriging,48,0
5873,9,0.15109693751679337,0.35642650941851783,cokriging,48,0
5873,10,0.07351065572308549,0.6033230122268155,cokriging,48,0
6148,1,0.0004959440367954381,1.0679440245649456,cokriging,48,0
6148,2,0.0015777183172413446,1.0518504647041615,cokriging,48,0
6148,3,0.001099924078354699,2.71373953196754,cokriging,48,0
6148,4,0.0010433444424359408,1.1354468161067883,cokriging,48,0
6148,5,0.04807540794084197,0.20274828771169015,cokriging,48,0
6148,6,0.03383207047637252,3.942295126006653,cokriging,48,0
6148,7,0.0031824384582287337,0.8332015881171565,cokriging,48,0
6148,8,0.0036469237314110925,3.1404397752969775,cokriging,48,0
6148,10,0.0029703132935222326,1.1531635825952868,cokriging,48,0
7862,1,0.013882684205795161,0.6242488349548475,cokriging,48,0
7862,2,0.016465594746752087,5.172024953483992,cokriging,48,0
7862,3,0.014149235332955916,0.3678339281142546,cokriging,48,0
7862,4,0.014867267094991726,1.7560191544421855,cokriging,48,0
7862,5,0.03398289384258967,10.389393971692101,cokriging,48,0
7862,6,0.013521044397009052,0.9072645183227901,cokriging,48,0
7862,7,0.021421961744915383,1.3675165179043187,cokriging,48,0
7862,8,0.03825127456051845,1.092679423753143,cokriging,48,0
7862,9,0.04432033751832795,14.35450283643415,cokriging,48,0
7862,10,0.05753058037710985,3.1481936459737834,cokriging,48,0
8539,1,0.0016390519936980415,2.002620451866389,cokriging,48,0
8539,2,0.002531700515899564,3.2070579733749143,cokriging,48,0
8539,3,0.002612939363795948,1.5866232027793687,cokriging,48,0
8539,4,0.002834668300804056,2.35650696591384,cokriging,48,0
8539,5,0.011833422632611007,3.4903104146844486,cokriging,48,0
8539,8,0.02470735733432151,0.430642879832135,cokriging,48,0
8539,9,0.023390512800262657,2.5593541673097597,cokriging,48,0
8539,10,0.014234977719279843,1.4604075286006089,cokriging,48,0
9311,1,0.0038428631858294683,2.0707786209660166,cokriging,48,0
9311,2,0.0020447632077946467,2.7407908318807297,cokriging,48,0
9311,3,0.001910278977442104,2.214870092565988,cokriging,48,0
9311,6,0.01609929444322185,1.8435944129742894,cokriging,48,0
9311,7,0.006584451111991722,1.5520574193956411,cokriging,48,0
9311,8,0.020608224340654575,0.6615152006818068,cokriging,48,0
9311,9,0.022110378319408625,1.7533054976947595,cokriging,48,0
9311,10,0.04982729363962091,3.5812943751087127,cokriging,48,0
9779,1,0.0012275381412039767,3.2816914513393782,cokriging,48,0
9779,2,0.0013735722085682597,3.583787856347704,cokriging,48,0
9779,3,0.0008924169994980006,3.398949800121479,cokriging,48,0
9779,4,0.0021856092648881425,3.5201189794392915,cokriging,48,0
9779,5,0.006852965075629191,3.1912973026044074,cokriging,48,0
9779,6,0.00705487722338715,4.304575470119205,cokriging,48,0
9779,7,0.004747323599265394,2.256952108111547,cokriging,48,0
9779,8,0.008241143570343034,4.3712065851684265,cokriging,48,0
9779,9,0.006011615978023861,3.690204636672161,cokriging,48,0
9779,10,0.01148763642286725,4.377135407445036,cokriging,48,0
422,1,0.003453335189059624,2.6393354827119393,neural_inr,48,0
422,2,0.008472003026528648,1.720544103428621,neural_inr,48,0
422,3,0.005974936734779397,2.7923342840995757,neural_inr,48,0
422,4,0.00804853580526059,1.8881235182852638,neural_inr,48,0
422,5,0.012527329256964434,0.10644012704934508,neural_inr,48,0
422,8,0.029856593764284973,2.62382372944304,neural_inr,48,0
422,9,0.035133880153278896,1.3228229863199545,neural_inr,48,0
422,10,0.011444767933106458,0.9225956467701618,neural_inr,48,0
1190,1,0.002041219068704529,0.48122185335001494,neural_inr,48,0
1190,2,0.006682542358334416,1.4534138827425187,neural_inr,48,0
1190,3,0.004802105146919829,0.6869176437287764,neural_inr,48,0
1190,4,0.006372822756349144,0.09733218824254265,neural_inr,48,0
1190,5,0.012621895785699621,0.46584698725990076,neural_inr,48,0
1190,6,0.009073506460915983,0.6193830741292141,neural_inr,48,0
1190,7,0.008844031891639048,0.5066490145159878,neural_inr,48,0
1190,8,0.008300409941372199,0.35160229398311077,neural_inr,48,0
1190,9,0.014846344877698519,0.8604553185549467,neural_inr,48,0
1190,10,0.009391226896342707,0.8002364322808833,neural_inr,48,0
1826,1,0.00444573577627998,3.8469484159418497,neural_inr,48,0
1826,2,0.008514008536735033,4.461153766874496,neural_inr,48,0
1826,3,0.00605795206197579,3.0722285496696995,neural_inr,48,0
1826,4,0.009321592590815166,4.513154207021381,neural_inr,48,0
1826,5,0.015647214228281317,5.776595527400692,neural_inr,48,0
1826,6,0.011443905228490408,3.1241257890138416,neural_inr,48,0
1826,7,0.015390089847202748,5.9665267514909965,neural_inr,48,0
1826,8,0.014024487781056222,3.1333242047228667,neural_inr,48,0
1826,9,0.02045235608250239,6.6606131160171715,neural_inr,48,0
2209,1,0.002139824669242367,0.7037572575073241,neural_inr,48,0
2209,2,0.0071183066340938985,0.2122075314591364,neural_inr,48,0
2209,3,0.004633110027798823,1.5343942785742253,neural_inr,48,0
2209,4,0.006865110867753767,1.8993913556384199,neural_inr,48,0
2209,5,0.012382261037965211,0.40241231508091163,neural_inr,48,0
2209,6,0.010060145989092929,2.6423219063850283,neural_inr,48,0
2209,7,0.1370544511455781,2.135976518733554,neural_inr,48,0
2209,8,0.009128045140478255,2.149621088370325,neural_inr,48,0
2209,10,0.010425434354284904,2.948323067246585,neural_inr,48,0
2802,1,0.0039936389183554315,0.09398066750133283,neural_inr,48,0
2802,2,0.009657500004929834,3.848436350895367,neural_inr,48,0
2802,3,0.008641464832732409,0.3593996170953333,neural_inr,48,0
2802,4,0.00863920842066829,1.166901547709703,neural_inr,48,0
2802,5,0.015179392040442611,5.0897836774281835,neural_inr,48,0
2802,6,0.014045252671507271,0.6657177328476791,neural_inr,48,0
2802,7,0.017278410881886686,3.388714284644466,neural_inr,48,0
2802,8,0.018789075388183845,0.6778771758454827,neural_inr,48,0
2802,9,0.0317913359001572,7.3669994233275995,neural_inr,48,0
3377,1,0.007377551398129371,4.109048240483605,neural_inr,48,0
3377,2,0.011651872113229503,6.069683177122351,neural_inr,48,0
3377,3,0.01424165092938654,2.965420558345844,neural_inr,48,0
3377,4,0.018048715629015118,4.489765233207193,neural_inr,48,0
3377,5,0.021627444748870166,7.7565058334131685,neural_inr,48,0
3377,6,0.024981158803749293,3.0220188918960904,neural_inr,48,0
3377,7,0.02763093951588992,7.105262815860824,neural_inr,48,0
3377,8,0.02633155380424363,2.4908498890126163,neural_inr,48,0
3377,9,0.03739602453754188,10.269260878282116,neural_inr,48,0
3377,10,0.0363820898493778,5.230790781509109,neural_inr,48,0
3408,1,0.002078976657801651,2.113378897492719,neural_inr,48,0
3408,2,0.005172888180380722,4.227185765561715,neural_inr,48,0
3408,3,0.003030802156842994,2.6201363344858337,neural_inr,48,0
3408,4,0.004695538343163005,2.6564383926044712,neural_inr,48,0
3408,5,0.012860154192368006,6.845043107289391,neural_inr,48,0
3408,6,0.007460720164151106,2.8853145178641544,neural_inr,48,0
3408,7,0.006980915920698093,5.023294171931938,neural_inr,48,0
3408,8,0.006279171317824074,1.6368757007772796,neural_inr,48,0
3408,9,0.010788116471240668,10.84936551028139,neural_inr,48,0
3408,10,0.13589279392619813,3.3665130919618234,neural_inr,48,0
4082,1,0.001843811844200932,0.30362353587782864,neural_inr,48,0
4082,2,0.006303724814867581,0.2721797987827053,neural_inr,48,0
4082,3,0.0033039432086879317,0.2819400302961907,neural_inr,48,0
4082,4,0.004959558531506951,0.024187678429171237,neural_inr,48,0
4082,5,0.013341680971722081,1.1955238576911773,neural_inr,48,0
4082,6,0.008607687099602853,0.13035643835800076,neural_inr,48,0
4082,7,0.00738604329010828,0.7774330331539936,neural_inr,48,0
4082,8,0.029915768776994936,0.5523762754131188,neural_inr,48,0
4082,9,0.036313806328182284,1.837631632304033,neural_inr,48,0
4082,10,0.008549843396377255,0.24845216371122325,neural_inr,48,0
4352,1,0.01076238407529527,1.8656290674853513,neural_inr,48,0
4352,2,0.018272120553409963,5.390660089468427,neural_inr,48,0
4352,3,0.022683991173697415,4.231893121779284,neural_inr,48,0
4352,4,0.02889747823178118,5.319235681986446,neural_inr,48,0
4352,5,0.03485890948160324,6.995450761362751,neural_inr,48,0
4352,6,0.03588408722756402,7.4839495749212945,neural_inr,48,0
4352,7,0.04098566296338465,7.427134456462907,neural_inr,48,0
4352,8,0.04208955922967324,8.508849089627303,neural_inr,48,0
4352,9,0.051368899737812036,10.365282457842738,neural_inr,48,0
4352,10,0.052993602858445864,9.641752727791514,neural_inr,48,0
4470,1,0.004162931706431154,1.2647904441421896,neural_inr,48,0
4470,2,0.01112381309074233,2.013133121419303,neural_inr,48,0
4470,3,0.009665416904470626,1.7885936520238472,neural_inr,48,0
4470,4,0.009571724907903869,0.7134867543373692,neural_inr,48,0
4470,5,0.028868872181505453,2.2825575189582676,neural_inr,48,0
4470,6,0.030093087754731802,2.0951833554436536,neural_inr,48,0
4470,7,0.01164569116789053,0.7205854227443782,neural_inr,48,0
4470,8,0.011432421250431903,1.2170947537928298,neural_inr,48,0
4470,9,0.015151264971030405,3.906387857817877,neural_inr,48,0
4470,10,0.016029608245576046,0.23165853592091545,neural_inr,48,0
5873,1,0.02255873237962315,0.2537801275573356,neural_inr,48,0
5873,2,0.028474151104411496,5.336268673265056,neural_inr,48,0
5873,3,0.035012280333945295,0.6539540759901756,neural_inr,48,0
5873,4,0.03126171314567963,2.387823383043042,neural_inr,48,0
5873,5,0.0423636655450253,8.444959627043119,neural_inr,48,0
5873,6,0.030631287706574088,1.0783459921629215,neural_inr,48,0
5873,7,0.04216546624374289,6.442671314123753,neural_inr,48,0
5873,8,0.14647676049894806,1.6159040959689064,neural_inr,48,0
5873,9,0.1658446834001499,13.056469277614562,neural_inr,48,0
5873,10,0.054522752342913795,4.695521864116553,neural_inr,48,0
6148,1,0.002469444242129273,2.2240153209277733,neural_inr,48,0
6148,2,0.00746229433638213,2.1634272722361203,neural_inr,48,0
6148,3,0.004967365144420678,3.1935112470537352,neural_inr,48,0
6148,4,0.006806670884830898,1.161455983421609,neural_inr,48,0
6148,5,0.01407398965963511,1.043260622865958,neural_inr,48,0
6148,6,0.008514203834011958,3.483005625446679,neural_inr,48,0
6148,7,0.0091376324948813,0.22590127616513866,neural_inr,48,0
6148,8,0.00834717028494061,2.3666207659664953,neural_inr,48,0
6148,10,0.008850455954474144,0.5070670495946331,neural_inr,48,0
7862,1,0.028711297474555787,1.1884562226836912,neural_inr,48,0
7862,2,0.051353800137260354,6.823412954163088,neural_inr,48,0
7862,3,0.03975929498000021,1.34168678671902,neural_inr,48,0
7862,4,0.054989702952158936,2.4759490189799296,neural_inr,48,0
7862,5,0.08197411595345903,9.924904804332032,neural_inr,48,0
7862,6,0.03270900548376148,2.233525204714029,neural_inr,48,0
7862,7,0.08132220652800481,5.927313374031836,neural_inr,48,0
7862,8,0.043417729288293155,1.193402764252264,neural_inr,48,0
7862,9,0.09540287624660777,12.352115852992892,neural_inr,48,0
7862,10,0.08701041104880901,3.526545466320774,neural_inr,48,0
8539,1,0.0029691361580799092,0.3802395401963097,neural_inr,48,0
8539,2,0.007444507929651818,1.203592168387098,neural_inr,48,0
8539,3,0.0051494223764923155,0.05346006108378428,neural_inr,48,0
8539,4,0.007085854822534962,0.8852840463297557,neural_inr,48,0
8539,5,0.011088989330407039,2.566089840279108,neural_inr,48,0
8539,8,0.02359647559473576,0.14622593810662526,neural_inr,48,0
8539,9,0.03045459876382875,3.885821183703346,neural_inr,48,0
8539,10,0.010532905899085234,1.7799841654170716,neural_inr,48,0
9311,1,0.014218599958631875,2.681524913811638,neural_inr,48,0
9311,2,0.01703010198542758,5.692810033942265,neural_inr,48,0
9311,3,0.014031351063320511,0.7598865951627749,neural_inr,48,0
9311,6,0.025351781149169982,0.27802453484438844,neural_inr,48,0
9311,7,0.036926057097031284,4.021747527630064,neural_inr,48,0
9311,8,0.02133686223859906,2.3118611334750545,neural_inr,48,0
9311,9,0.044753303547821324,4.41833457845101,neural_inr,48,0
9311,10,0.05106365399493922,2.972903665561879,neural_inr,48,0
9779,1,0.002600156808086922,3.227048130461856,neural_inr,48,0
9779,2,0.005434326809820604,3.40181366994246,neural_inr,48,0
9779,3,0.0033496960590517566,3.1605152158421514,neural_inr,48,0
9779,4,0.006324959086820985,3.621998397215688,neural_inr,48,0
9779,5,0.013912888445328696,4.731265771160626,neural_inr,48,0
9779,6,0.00827537133496485,3.2480753931359274,neural_inr,48,0
9779,7,0.01167403350418921,4.542488363433928,neural_inr,48,0
9779,8,0.009432970911361008,3.286757238852939,neural_inr,48,0
9779,9,0.01508498450355376,6.034743117204814,neural_inr,48,0
9779,10,0.01614143374554947,4.289557359141442,neural_inr,48,0
422,1,0.0005176514707393578,1.4101812413803543,original_fixed_rbf,48,0
422,2,0.0017123986172760933,1.4959916863283185,original_fixed_rbf,48,0
422,3,0.0013308146821009756,1.3758664114917138,original_fixed_rbf,48,0
422,4,0.0016730394335356532,1.390770112838559,original_fixed_rbf,48,0
422,5,0.011987944202025402,1.3851543998295222,original_fixed_rbf,48,0
422,8,0.02558677279640476,0.08661607570907065,original_fixed_rbf,48,0
422,9,0.02742131764887909,1.6070785961904097,original_fixed_rbf,48,0
422,10,0.011524580121661155,0.8003045900836361,original_fixed_rbf,48,0
1190,1,0.001678294014943795,0.42840983595992604,original_fixed_rbf,48,0
1190,2,0.001972468921198848,0.8123868987278665,original_fixed_rbf,48,0
1190,3,0.0015939822476368566,0.06247349875044941,original_fixed_rbf,48,0
1190,4,0.001666541006446823,0.47044409687111227,original_fixed_rbf,48,0
1190,5,0.003623328987747762,0.007380402891212782,original_fixed_rbf,48,0
1190,6,0.01802591271869348,0.35822776380797583,original_fixed_rbf,48,0
1190,7,0.0024503030382815837,0.9064831007731505,original_fixed_rbf,48,0
1190,8,0.006946978576213505,0.6728947872298677,original_fixed_rbf,48,0
1190,9,0.010291281685206304,1.2507744366610674,original_fixed_rbf,48,0
1190,10,0.011752165999985653,1.6470586902014912,original_fixed_rbf,48,0
1826,1,0.0017678381094965274,0.3687529157421359,original_fixed_rbf,48,0
1826,2,0.00382763325686916,0.13361847435948696,original_fixed_rbf,48,0
1826,3,0.0033350667545909733,1.8251132718403964,original_fixed_rbf,48,0
1826,4,0.003325541548948474,0.17581774254150198,original_fixed_rbf,48,0
1826,5,0.009038721728541959,0.2937149383019435,original_fixed_rbf,48,0
1826,6,0.01440127302280545,2.872940295606696,original_fixed_rbf,48,0
1826,7,0.004877496824756829,3.269181070088272,original_fixed_rbf,48,0
1826,8,0.006143548948211492,2.4580722236091064,original_fixed_rbf,48,0
1826,9,0.004501848885878071,2.9842539498748524,original_fixed_rbf,48,0
2209,1,0.0012554738608593265,1.5346028564815333,original_fixed_rbf,48,0
2209,2,0.0030247434552456414,0.7521987237920255,original_fixed_rbf,48,0
2209,3,0.002548544063381833,0.6105278523195955,original_fixed_rbf,48,0
2209,4,0.0031861883301078017,1.7208303017141067,original_fixed_rbf,48,0
2209,5,0.04030751709485274,0.4705671166586393,original_fixed_rbf,48,0
2209,6,0.05055003644744107,2.917852369854844,original_fixed_rbf,48,0
2209,7,0.13855442994637265,0.09577622623432641,original_fixed_rbf,48,0
2209,8,0.00988079840246598,1.727641579718078,original_fixed_rbf,48,0
2209,10,0.012081075624925287,1.795465484286913,original_fixed_rbf,48,0
2802,1,0.0022803507137604357,0.2946261197718505,original_fixed_rbf,48,0
2802,2,0.0028868767615854306,3.8072094437726745,original_fixed_rbf,48,0
2802,3,0.001437424261927477,0.6587670475894044,original_fixed_rbf,48,0
2802,4,0.00814945179106716,1.3447443754745085,original_fixed_rbf,48,0
2802,5,0.005771058274480854,6.912617979043647,original_fixed_rbf,48,0
2802,6,0.009954739622535189,0.6280197139389054,original_fixed_rbf,48,0
2802,7,0.005167627397684499,6.122193399210177,original_fixed_rbf,48,0
2802,8,0.016329049809250856,0.032696475749555476,original_fixed_rbf,48,0
2802,9,0.011561422936532072,6.762180646945647,original_fixed_rbf,48,0
3377,1,0.0022832586019410654,0.06334841991553651,original_fixed_rbf,48,0
3377,2,0.005356563937431758,0.2688337922276201,original_fixed_rbf,48,0
3377,3,0.002939354615282743,0.2995641777552589,original_fixed_rbf,48,0
3377,4,0.001464977247593918,0.2851373418884197,original_fixed_rbf,48,0
3377,5,0.00806461975492641,0.12788725234991716,original_fixed_rbf,48,0
3377,6,0.0193240605231837,1.0037657716639448,original_fixed_rbf,48,0
3377,7,0.01438887021488595,1.2167738539041557,original_fixed_rbf,48,0
3377,8,0.01471744727944285,1.0725045503781405,original_fixed_rbf,48,0
3377,9,0.013946454761815524,0.9830857725889081,original_fixed_rbf,48,0
3377,10,0.022801370749128823,1.2257725764933782,original_fixed_rbf,48,0
3408,1,0.0005875924698093533,3.5239715618035303,original_fixed_rbf,48,0
3408,2,0.0011698260204407217,1.171951042580269,original_fixed_rbf,48,0
3408,3,0.001596177247758579,0.903595371415853,original_fixed_rbf,48,0
3408,4,0.00213606413328082,2.9206146038409595,original_fixed_rbf,48,0
3408,5,0.006899381847224676,0.7549127708173807,original_fixed_rbf,48,0
3408,6,0.00844351872687138,1.5526180184496585,original_fixed_rbf,48,0
3408,7,0.00657353965846623,1.7892731996598814,original_fixed_rbf,48,0
3408,8,0.011777066568097891,0.6377768114378926,original_fixed_rbf,48,0
3408,9,0.02253487769167381,0.33675028966534065,original_fixed_rbf,48,0
3408,10,0.13213353031605451,1.1826861383587204,original_fixed_rbf,48,0
4082,1,0.0010348978175279352,0.6344707748977911,original_fixed_rbf,48,0
4082,2,0.0024822941677511527,0.7182065273282537,original_fixed_rbf,48,0
4082,3,0.001519887103130011,0.06177887542132843,original_fixed_rbf,48,0
4082,4,0.0025908955515049287,0.7207056705818395,original_fixed_rbf,48,0
4082,5,0.005512894893009133,0.18167663937471118,original_fixed_rbf,48,0
4082,6,0.020073725394336713,1.542765828918395,original_fixed_rbf,48,0
4082,7,0.005697472876567071,0.46422139293365483,original_fixed_rbf,48,0
4082,8,0.014365957082401081,0.600285185095661,original_fixed_rbf,48,0
4082,9,0.03076920084618037,1.5913784647207485,original_fixed_rbf,48,0
4082,10,0.0073264696314032495,0.6413642274406147,original_fixed_rbf,48,0
4352,1,0.00556727441780511,0.9874214424153627,original_fixed_rbf,48,0
4352,2,0.013056245276907165,0.7329557637665873,original_fixed_rbf,48,0
4352,3,0.01483331557348343,3.21125839319161,original_fixed_rbf,48,0
4352,4,0.014219402594905114,3.190753654981642,original_fixed_rbf,48,0
4352,5,0.022201857568870335,2.524441984433455,original_fixed_rbf,48,0
4352,6,0.026069476260705323,5.7260898471172705,original_fixed_rbf,48,0
4352,7,0.022472431213531863,3.875570508470999,original_fixed_rbf,48,0
4352,8,0.034742808577491714,8.38233039342531,original_fixed_rbf,48,0
4352,9,0.03722758278575358,6.49448429432693,original_fixed_rbf,48,0
4352,10,0.034094253314252254,4.760832423606678,original_fixed_rbf,48,0
4470,1,0.0013937058985792506,0.51090510930702,original_fixed_rbf,48,0
4470,2,0.004409596989816771,6.514036564097657,original_fixed_rbf,48,0
4470,3,0.005026608870502044,1.239804921766923,original_fixed_rbf,48,0
4470,4,0.010303817306836837,1.7755730951155422,original_fixed_rbf,48,0
4470,5,0.01775421576831967,13.91598068944981,original_fixed_rbf,48,0
4470,6,0.02402390684347491,1.8423592505151651,original_fixed_rbf,48,0
4470,7,0.01294888197211966,11.980438589384805,original_fixed_rbf,48,0
4470,8,0.007990511864470804,0.6797098659800919,original_fixed_rbf,48,0
4470,9,0.015868993664522903,5.741702972654245,original_fixed_rbf,48,0
4470,10,0.016524389598990396,4.516284096134492,original_fixed_rbf,48,0
5873,1,0.007120909280876694,1.5012558874380975,original_fixed_rbf,48,0
5873,2,0.003480970429526435,5.436776429212706,original_fixed_rbf,48,0
5873,3,0.0037766700665153963,0.7186836386770107,original_fixed_rbf,48,0
5873,4,0.005656959129808767,0.938113106041365,original_fixed_rbf,48,0
5873,5,0.006267223831291969,6.992999684227797,original_fixed_rbf,48,0
5873,6,0.014291097619779158,0.9981752054052185,original_fixed_rbf,48,0
5873,7,0.011312124755258779,3.120695987064297,original_fixed_rbf,48,0
5873,8,0.15459084751498892,0.8270267233668318,original_fixed_rbf,48,0
5873,9,0.15419170872550006,1.9392917839104244,original_fixed_rbf,48,0
5873,10,0.034889011206608124,0.7035923176257363,original_fixed_rbf,48,0
6148,1,0.0007001182391681977,1.210331171442948,original_fixed_rbf,48,0
6148,2,0.0011623132133299254,1.3933233313425477,original_fixed_rbf,48,0
6148,3,0.0013722380190898564,1.4336944742356683,original_fixed_rbf,48,0
6148,4,0.0013992464372097257,1.2754248009177567,original_fixed_rbf,48,0
6148,5,0.04762797633831332,0.46383903403697013,original_fixed_rbf,48,0
6148,6,0.044423828105896394,2.6904659914865205,original_fixed_rbf,48,0
6148,7,0.002902678257365601,0.016641290802792367,original_fixed_rbf,48,0
6148,8,0.004475204319457422,2.394824735247598,original_fixed_rbf,48,0
6148,10,0.0036377539776534947,1.1860729856221783,original_fixed_rbf,48,0
7862,1,0.0128867407419215,0.8032758135495652,original_fixed_rbf,48,0
7862,2,0.02220594811323043,4.009972247303494,original_fixed_rbf,48,0
7862,3,0.01838832878960797,0.032151560967740606,original_fixed_rbf,48,0
7862,4,0.025603796130875836,1.2608861643411493,original_fixed_rbf,48,0
7862,5,0.03689521191358945,7.236858482331432,original_fixed_rbf,48,0
7862,6,0.012261037531434276,0.20825790210487494,original_fixed_rbf,48,0
7862,7,0.034119469057206864,3.391032549699931,original_fixed_rbf,48,0
7862,8,0.03619440669483968,1.1228443774685632,original_fixed_rbf,48,0
7862,9,0.04790988153634232,15.17004701943165,original_fixed_rbf,48,0
7862,10,0.05469185249411426,3.922482871314906,original_fixed_rbf,48,0
8539,1,0.0020559699507726042,1.8016778002804017,original_fixed_rbf,48,0
8539,2,0.004843368598738083,1.4028524499785926,original_fixed_rbf,48,0
8539,3,0.004135485669309169,0.8141454033367392,original_fixed_rbf,48,0
8539,4,0.005034137309920202,1.709445530456707,original_fixed_rbf,48,0
8539,5,0.010993999711237436,0.304686282262023,original_fixed_rbf,48,0
8539,8,0.023254845439647988,0.9721869110497688,original_fixed_rbf,48,0
8539,9,0.021826795426506555,2.4870682599118137,original_fixed_rbf,48,0
8539,10,0.016697923302983222,1.6730804150665342,original_fixed_rbf,48,0
9311,1,0.005015898189908262,1.6874136237963553,original_fixed_rbf,48,0
9311,2,0.0043705372736239185,2.3647672247187597,original_fixed_rbf,48,0
9311,3,0.0034547898464569373,0.7244924381140888,original_fixed_rbf,48,0
9311,6,0.01635771516535341,0.5423163125533689,original_fixed_rbf,48,0
9311,7,0.004028222104146037,0.37479110260682963,original_fixed_rbf,48,0
9311,8,0.017988750105291655,0.8066659837240605,original_fixed_rbf,48,0
9311,9,0.02216485631577659,1.0835709361811459,original_fixed_rbf,48,0
9311,10,0.036404324835154864,2.863803026062379,original_fixed_rbf,48,0
9779,1,0.002509183856076523,2.733416368342288,original_fixed_rbf,48,0
9779,2,0.002031665377664092,1.9465578817381581,original_fixed_rbf,48,0
9779,3,0.0014631547564153617,4.325652498028065,original_fixed_rbf,48,0
9779,4,0.003051784427233997,2.9993210211964665,original_fixed_rbf,48,0
9779,5,0.00554234897308795,0.05014979026986957,original_fixed_rbf,48,0
9779,6,0.010480608451293573,4.798616197467883,original_fixed_rbf,48,0
9779,7,0.004490584095386255,0.2529380986967088,original_fixed_rbf,48,0
9779,8,0.010335383680564712,4.369241969291018,original_fixed_rbf,48,0
9779,9,0.006520557295477121,3.3568205579019437,original_fixed_rbf,48,0
9779,10,0.008057272020966035,4.767460154093174,original_fixed_rbf,48,0
422,1,0.00039559293879915273,1.6782935251000684,boundary_kernel_pca,8,1
422,2,0.0004925449188353308,0.8088896425916203,boundary_kernel_pca,8,1
422,3,0.0006003600190578019,0.5643647392517647,boundary_kernel_pca,8,1
422,4,0.000680410314531233,0.7601844480333959,boundary_kernel_pca,8,1
422,5,0.00245258263775172,0.7557397008903807,boundary_kernel_pca,8,1
422,8,0.02594309048003031,1.7243500624489256,boundary_kernel_pca,8,1
422,9,0.02960422981963454,0.323603823179703,boundary_kernel_pca,8,1
422,10,0.0022561388697167942,0.6617954355407967,boundary_kernel_pca,8,1
1190,1,0.00047112758521909313,0.2993818406573624,boundary_kernel_pca,8,1
1190,2,0.0015153926091037613,0.11246856639375681,boundary_kernel_pca,8,1
1190,3,0.0009291891762610698,0.8955033040896262,boundary_kernel_pca,8,1
1190,4,0.0018474376710029277,0.10096923332010979,boundary_kernel_pca,8,1
1190,5,0.0028806892529498634,4.856535785200015,boundary_kernel_pca,8,1
1190,6,0.0021411897816040154,0.48932714823186096,boundary_kernel_pca,8,1
1190,7,0.0033656837406619866,0.2477823101903234,boundary_kernel_pca,8,1
1190,8,0.01123594268320243,0.12856537128509316,boundary_kernel_pca,8,1
1190,9,0.01670599168165378,2.7527315458857946,boundary_kernel_pca,8,1
1190,10,0.004998586452376096,0.7041223462729749,boundary_kernel_pca,8,1
1826,1,0.0035189327211672646,6.167243682190259,boundary_kernel_pca,8,1
1826,2,0.009493821225652475,5.1831759912009465,boundary_kernel_pca,8,1
1826,3,0.006734757252007818,5.231340850898489,boundary_kernel_pca,8,1
1826,4,0.012907455445475025,5.360685482510565,boundary_kernel_pca,8,1
1826,5,0.016886575857548568,6.100859628665944,boundary_kernel_pca,8,1
1826,6,0.012271531827343595,4.181940809348265,boundary_kernel_pca,8,1
1826,7,0.021760107766016227,4.28096167244696,boundary_kernel_pca,8,1
1826,8,0.019972269691181526,4.335727506807586,boundary_kernel_pca,8,1
1826,9,0.0349363781147336,3.3358117910398293,boundary_kernel_pca,8,1
2209,1,0.0006124724110501761,3.0508923723370076,boundary_kernel_pca,8,1
2209,2,0.0011953252538161824,2.4751297342844727,boundary_kernel_pca,8,1
2209,3,0.0012812178718333363,3.751993252216616,boundary_kernel_pca,8,1
2209,4,0.002114244777391858,0.6170153952145813,boundary_kernel_pca,8,1
2209,5,0.003610124432642872,4.837994539367783,boundary_kernel_pca,8,1
2209,6,0.003598665350178738,5.4967461064002885,boundary_kernel_pca,8,1
2209,7,0.13738918680690537,1.0554505286051272,boundary_kernel_pca,8,1
2209,8,0.011995676132271971,4.082201262430265,boundary_kernel_pca,8,1
2209,10,0.005525530536833976,3.3273371795705886,boundary_kernel_pca,8,1
2802,1,0.007090857424500795,5.398887252436103,boundary_kernel_pca,8,1
2802,2,0.016406207548682224,3.542632835188265,boundary_kernel_pca,8,1
2802,3,0.011444402418173754,5.520700828883704,boundary_kernel_pca,8,1
2802,4,0.02140279927057027,3.2025185072463365,boundary_kernel_pca,8,1
2802,5,0.02857747953001455,0.13133832952481075,boundary_kernel_pca,8,1
2802,6,0.015574409568786205,5.478169542661783,boundary_kernel_pca,8,1
2802,7,0.03359367508278351,0.5107161444592248,boundary_kernel_pca,8,1
2802,8,0.028431159972415045,3.63604980086447,boundary_kernel_pca,8,1
2802,9,0.04800613770262412,3.456677198158957,boundary_kernel_pca,8,1
3377,1,0.012653880175309226,5.021282117927676,boundary_kernel_pca,8,1
3377,2,0.02801528747951832,1.941161461550881,boundary_kernel_pca,8,1
3377,3,0.022346407131171402,4.4754790046441615,boundary_kernel_pca,8,1
3377,4,0.03437292391330765,2.9329289584409843,boundary_kernel_pca,8,1
3377,5,0.04178153212514212,2.677274640840847,boundary_kernel_pca,8,1
3377,6,0.033661402517247585,1.9579507124047777,boundary_kernel_pca,8,1
3377,7,0.04768768055664392,1.0835103182849597,boundary_kernel_pca,8,1
3377,8,0.04122827593331036,1.2983049247917289,boundary_kernel_pca,8,1
3377,9,0.06336367287157485,0.6224417866104092,boundary_kernel_pca,8,1
3377,10,0.05238266047590223,0.4223540998269777,boundary_kernel_pca,8,1
3408,1,0.0017745208436571241,3.8863858404206097,boundary_kernel_pca,8,1
3408,2,0.003580021095950497,5.048831382562917,boundary_kernel_pca,8,1
3408,3,0.002629706235289199,2.949924221155036,boundary_kernel_pca,8,1
3408,4,0.0039358699343866365,0.10047514180950995,boundary_kernel_pca,8,1
3408,5,0.005726634619473842,5.098235989088549,boundary_kernel_pca,8,1
3408,6,0.004463586234881166,4.046410046601042,boundary_kernel_pca,8,1
3408,7,0.005938221253402683,0.8085921272780531,boundary_kernel_pca,8,1
3408,8,0.014596169385485525,3.8674918826745177,boundary_kernel_pca,8,1
3408,9,0.015459038520562973,5.0703127889006225,boundary_kernel_pca,8,1
3408,10,0.13404897976774932,3.9823210082409366,boundary_kernel_pca,8,1
4082,1,0.0004808832710871601,0.1721864941447016,boundary_kernel_pca,8,1
4082,2,0.0013367181450571657,3.3220567202332623,boundary_kernel_pca,8,1
4082,3,0.0007087691988358055,0.5160555091173223,boundary_kernel_pca,8,1
4082,4,0.0014467617462948215,0.9526480360210134,boundary_kernel_pca,8,1
4082,5,0.0035486418344852803,2.2611869720371365,boundary_kernel_pca,8,1
4082,6,0.0029061327878729046,0.6729029032699029,boundary_kernel_pca,8,1
4082,7,0.0031162217749866774,1.970279854600406,boundary_kernel_pca,8,1
4082,8,0.023137547768089566,0.6310174037215399,boundary_kernel_pca,8,1
4082,9,0.032194967849868056,0.5221840638582844,boundary_kernel_pca,8,1
4082,10,0.003831211249713872,1.8969793765072311,boundary_kernel_pca,8,1
4352,1,0.01809484097260841,3.65722921332731,boundary_kernel_pca,8,1
4352,2,0.03681908291043552,0.7453709842115489,boundary_kernel_pca,8,1
4352,3,0.03210251820272458,0.9555720689323747,boundary_kernel_pca,8,1
4352,4,0.04778520943903618,1.4921203256810118,boundary_kernel_pca,8,1
4352,5,0.05982441483909169,1.6054186960784382,boundary_kernel_pca,8,1
4352,6,0.047076367808482907,4.440568479946853,boundary_kernel_pca,8,1
4352,7,0.06498486332021597,4.901407878963208,boundary_kernel_pca,8,1
4352,8,0.06068536077606832,5.485233869649178,boundary_kernel_pca,8,1
4352,9,0.08350078096064706,6.828883429636539,boundary_kernel_pca,8,1
4352,10,0.07441032338340295,7.873845668003525,boundary_kernel_pca,8,1
4470,1,0.004454747261654695,6.265981080601146,boundary_kernel_pca,8,1
4470,2,0.008722488250365965,5.206435232849782,boundary_kernel_pca,8,1
4470,3,0.005596876898497798,6.396880133384,boundary_kernel_pca,8,1
4470,4,0.010001493902801034,5.268706340513855,boundary_kernel_pca,8,1
4470,5,0.02819939976111252,3.712159029703082,boundary_kernel_pca,8,1
4470,6,0.031393464943507206,6.813032451750848,boundary_kernel_pca,8,1
4470,7,0.015564006179943243,2.8686407604400688,boundary_kernel_pca,8,1
4470,8,0.015309993200728154,5.616914624166458,boundary_kernel_pca,8,1
4470,9,0.02507318151906797,1.3276876917259974,boundary_kernel_pca,8,1
4470,10,0.016776590485183734,4.324422648449733,boundary_kernel_pca,8,1
5873,1,0.013079066399190396,4.695442532797353,boundary_kernel_pca,8,1
5873,2,0.028548767463463322,0.313405663526136,boundary_kernel_pca,8,1
5873,3,0.0198865531962571,5.047802172351282,boundary_kernel_pca,8,1
5873,4,0.0359938589955999,1.4100844451517252,boundary_kernel_pca,8,1
5873,5,0.04638571641302004,4.758396922657801,boundary_kernel_pca,8,1
5873,6,0.025240612585417262,5.597444159413098,boundary_kernel_pca,8,1
5873,7,0.054156994435860493,4.432673637396581,boundary_kernel_pca,8,1
5873,8,0.14975470753058237,2.3194658575205387,boundary_kernel_pca,8,1
5873,9,0.15185996313767725,10.711045287024472,boundary_kernel_pca,8,1
5873,10,0.05959771975433317,1.8115135122746329,boundary_kernel_pca,8,1
6148,1,0.0010641531324343822,2.2396969732683463,boundary_kernel_pca,8,1
6148,2,0.001983812826091838,1.654828001514545,boundary_kernel_pca,8,1
6148,3,0.0012350172327550148,3.0473876454430564,boundary_kernel_pca,8,1
6148,4,0.0016763382066977098,2.0745653412782787,boundary_kernel_pca,8,1
6148,5,0.007576174340106772,1.6008773089664647,boundary_kernel_pca,8,1
6148,6,0.0031106041994928262,2.8491371407491863,boundary_kernel_pca,8,1
6148,7,0.0031672994596767257,2.2783804011062716,boundary_kernel_pca,8,1
6148,8,0.011936960662622814,3.1083667315698094,boundary_kernel_pca,8,1
6148,10,0.0045279244421453585,1.6430660378753095,boundary_kernel_pca,8,1
7862,1,0.0429412376412789,0.5601653175562549,boundary_kernel_pca,8,1
7862,2,0.06872344654718694,10.156833727440057,boundary_kernel_pca,8,1
7862,3,0.047260768477801376,3.2282754955108213,boundary_kernel_pca,8,1
7862,4,0.06864957475461976,3.97851254859826,boundary_kernel_pca,8,1
7862,5,0.09166331228195067,20.33015626850279,boundary_kernel_pca,8,1
7862,6,0.03493594715090944,3.5404123511356733,boundary_kernel_pca,8,1
7862,7,0.09246564403174157,13.154135736771552,boundary_kernel_pca,8,1
7862,8,0.05941337298966275,0.670868875244797,boundary_kernel_pca,8,1
7862,9,0.11693751462015058,28.60029162510353,boundary_kernel_pca,8,1
7862,10,0.08980896036461226,5.739274209630702,boundary_kernel_pca,8,1
8539,1,0.0003581391766805148,1.876545420837241,boundary_kernel_pca,8,1
8539,2,0.0009071835813579797,7.752594547058549,boundary_kernel_pca,8,1
8539,3,0.0003629121540903372,2.8435039753598366,boundary_kernel_pca,8,1
8539,4,0.0009683561431933872,0.4782293567497629,boundary_kernel_pca,8,1
8539,5,0.0027667962066990717,2.4791419075992542,boundary_kernel_pca,8,1
8539,8,0.014218159229425646,2.516743596153647,boundary_kernel_pca,8,1
8539,9,0.025297907668897276,5.7122616717697765,boundary_kernel_pca,8,1
8539,10,0.002665743875050069,5.994976339196041,boundary_kernel_pca,8,1
9311,1,0.021307722868900644,1.9060597752145916,boundary_kernel_pca,8,1
9311,2,0.03792804100620585,6.210561441108823,boundary_kernel_pca,8,1
9311,3,0.027054518964508775,0.46526122338671216,boundary_kernel_pca,8,1
9311,6,0.03548476273678174,1.6551222008400968,boundary_kernel_pca,8,1
9311,7,0.05771126890663935,10.178789010589508,boundary_kernel_pca,8,1
9311,8,0.03797990050264806,1.614198042179077,boundary_kernel_pca,8,1
9311,9,0.0723979160184487,17.639602697206918,boundary_kernel_pca,8,1
9311,10,0.06952025654058189,3.6278649555110287,boundary_kernel_pca,8,1
9779,1,0.0047605711228271294,4.239118071324165,boundary_kernel_pca,8,1
9779,2,0.010926535370043984,5.470446775308756,boundary_kernel_pca,8,1
9779,3,0.006690757867670765,6.606117948499934,boundary_kernel_pca,8,1
9779,4,0.013345215549411036,2.2531646558984386,boundary_kernel_pca,8,1
9779,5,0.018091170106230188,3.347530999732632,boundary_kernel_pca,8,1
9779,6,0.01182201301955907,6.868617370102034,boundary_kernel_pca,8,1
9779,7,0.02086997598802885,0.35650846752498455,boundary_kernel_pca,8,1
9779,8,0.018719032266147535,4.237102091048478,boundary_kernel_pca,8,1
9779,9,0.03117505758510395,1.8717730815432307,boundary_kernel_pca,8,1
9779,10,0.021254155959546245,6.505147863138874,boundary_kernel_pca,8,1
422,1,0.0004579627522832556,1.6783514895298146,output_pca,8,1
422,2,0.0004959258709180465,0.35646232228359775,output_pca,8,1
422,3,0.0004917036848645115,0.6049771737785099,output_pca,8,1
422,4,0.0006884654567845618,0.3853020594472785,output_pca,8,1
422,5,0.0020996400340133575,0.30746918155970454,output_pca,8,1
422,8,0.023130079376087062,1.626429801441878,output_pca,8,1
422,9,0.029600713011774478,0.7720660342777883,output_pca,8,1
422,10,0.00232090970381692,0.8093986087818683,output_pca,8,1
1190,1,0.00035712355437318965,0.4332218019405409,output_pca,8,1
1190,2,0.0012928526890106696,3.302653403540135,output_pca,8,1
1190,3,0.0006985604563522335,0.7751134335902097,output_pca,8,1
1190,4,0.0014612929835351055,0.10536416309806308,output_pca,8,1
1190,5,0.0025674953108437916,4.147024994599483,output_pca,8,1
1190,6,0.002169752991947767,0.541483562625974,output_pca,8,1
1190,7,0.0031587100129714728,0.07781951121927987,output_pca,8,1
1190,8,0.011915769530035479,0.01154061496034901,output_pca,8,1
1190,9,0.016712382099206717,2.7067601567824386,output_pca,8,1
1190,10,0.004996970857353214,1.4445994252712413,output_pca,8,1
1826,1,0.0035326001495271367,6.162889573610286,output_pca,8,1
1826,2,0.009443686129732839,6.706900968321138,output_pca,8,1
1826,3,0.006746029389415551,5.303436827139926,output_pca,8,1
1826,4,0.012876050521740293,5.210799593945239,output_pca,8,1
1826,5,0.01677336484608126,6.100859626912517,output_pca,8,1
1826,6,0.012280607403415286,4.229113171084157,output_pca,8,1
1826,7,0.021734229488861005,4.248212032423889,output_pca,8,1
1826,8,0.019973615718722092,4.186770110301448,output_pca,8,1
1826,9,0.0349413274549413,4.150627617672874,output_pca,8,1
2209,1,0.0005465891845041301,3.4175456484908193,output_pca,8,1
2209,2,0.001193475641238825,3.6222860490530526,output_pca,8,1
2209,3,0.0012598834104675,4.262690482944735,output_pca,8,1
2209,4,0.002110026480361006,0.5640672254250221,output_pca,8,1
2209,5,0.00363024275813934,4.38502217738454,output_pca,8,1
2209,6,0.0036101903720843214,5.237629354484893,output_pca,8,1
2209,7,0.13738610206558693,3.1909780329219926,output_pca,8,1
2209,8,0.011999842855002557,4.265462550287757,output_pca,8,1
2209,10,0.00552332191172837,3.75885969999229,output_pca,8,1
2802,1,0.007106416463021491,5.398771572047251,output_pca,8,1
2802,2,0.016434325280095363,2.9268261213148032,output_pca,8,1
2802,3,0.011465460505203653,5.305271580678874,output_pca,8,1
2802,4,0.021452302923645136,3.184511733702727,output_pca,8,1
2802,5,0.02857298778087577,0.13133832952481075,output_pca,8,1
2802,6,0.015601416934103454,5.472379242642354,output_pca,8,1
2802,7,0.03360732702146972,0.1309100891825461,output_pca,8,1
2802,8,0.028430160796121907,3.548476199810965,output_pca,8,1
2802,9,0.04800665085621978,3.577690226518183,output_pca,8,1
3377,1,0.012697922581601476,4.951503284957214,output_pca,8,1
3377,2,0.02803753686575915,4.1122782597916325,output_pca,8,1
3377,3,0.022388426612716724,4.402316810749478,output_pca,8,1
3377,4,0.03440280489586382,2.0754186187322285,output_pca,8,1
3377,5,0.04195546962569768,2.6772007770057935,output_pca,8,1
3377,6,0.033679404300169205,2.291508607532453,output_pca,8,1
3377,7,0.04769822222096697,0.9041499445024261,output_pca,8,1
3377,8,0.04122764839752212,1.2181035135235487,output_pca,8,1
3377,9,0.06336822126141034,0.5891497911297385,output_pca,8,1
3377,10,0.052386445153008866,0.856335738424914,output_pca,8,1
3408,1,0.0005843275530799226,4.022692322199372,output_pca,8,1
3408,2,0.0035313052771946928,2.706258997988704,output_pca,8,1
3408,3,0.0023002181058947744,3.2626954537479,output_pca,8,1
3408,4,0.00389070840866953,0.46501964046119776,output_pca,8,1
3408,5,0.005225608164907901,4.371985856118072,output_pca,8,1
3408,6,0.004475681205954335,4.10465027068892,output_pca,8,1
3408,7,0.005940019313361125,0.3777819609008004,output_pca,8,1
3408,8,0.009369404961328386,3.806949367404005,output_pca,8,1
3408,9,0.015461066672708816,5.412300566261467,output_pca,8,1
3408,10,0.13439152541802324,3.724355270565727,output_pca,8,1
4082,1,0.00041211740178898905,0.007226849417828767,output_pca,8,1
4082,2,0.0013259619680577163,1.7571133466593245,output_pca,8,1
4082,3,0.0007001678604323531,0.5362158886203363,output_pca,8,1
4082,4,0.001463638066844222,0.7862272557842277,output_pca,8,1
4082,5,0.002981693022167234,2.1260630866452477,output_pca,8,1
4082,6,0.002929187447716757,0.7408709500549837,output_pca,8,1
4082,7,0.0030959354355335855,1.1717415131287008,output_pca,8,1
4082,8,0.023135247158169787,0.6300144906393857,output_pca,8,1
4082,9,0.032220042845093284,1.2674476391010958,output_pca,8,1
4082,10,0.003829193862213811,0.9505741530988399,output_pca,8,1
4352,1,0.018143915536373772,3.656917117643713,output_pca,8,1
4352,2,0.03672087055754138,1.7099644561064309,output_pca,8,1
4352,3,0.03219006436312412,0.7961229476882838,output_pca,8,1
4352,4,0.04773235788334938,1.5236352743201835,output_pca,8,1
4352,5,0.05925888912752307,1.6054186960785637,output_pca,8,1
4352,6,0.04708505914812704,4.451045782574334,output_pca,8,1
4352,7,0.06487451233867358,5.534001894931096,output_pca,8,1
4352,8,0.06068523334490132,5.613459266421721,output_pca,8,1
4352,9,0.08350712292694684,6.577573190688701,output_pca,8,1
4352,10,0.07441455767219367,7.775649528957432,output_pca,8,1
4470,1,0.004438020540300593,6.265865774678904,output_pca,8,1
4470,2,0.008719490716137233,5.096835613453285,output_pca,8,1
4470,3,0.005589532455434157,6.241196301640418,output_pca,8,1
4470,4,0.009997654723446136,5.253005078833644,output_pca,8,1
4470,5,0.028098815022722587,3.712159029703082,output_pca,8,1
4470,6,0.03142299018759563,6.808779458243955,output_pca,8,1
4470,7,0.015564562240955978,2.9568013121005823,output_pca,8,1
4470,8,0.015313951924576526,5.527377902784476,output_pca,8,1
4470,9,0.025081694966981993,1.0388024589257,output_pca,8,1
4470,10,0.016780167105710186,4.197729767673044,output_pca,8,1
5873,1,0.013074964478211997,4.695300687656689,output_pca,8,1
5873,2,0.028548404730928605,0.4011747494925874,output_pca,8,1
5873,3,0.019877713211207824,4.881930340685318,output_pca,8,1
5873,4,0.03599377559622937,1.3919913291598494,output_pca,8,1
5873,5,0.046333113240893585,4.758396922657801,output_pca,8,1
5873,6,0.02526714345720987,5.592265979915153,output_pca,8,1
5873,7,0.054158685101134744,4.4345011068078986,output_pca,8,1
5873,8,0.14974969269914593,2.2174565287835595,output_pca,8,1
5873,9,0.15185448079719102,10.960913352825889,output_pca,8,1
5873,10,0.059600575303363226,1.9565918455471774,output_pca,8,1
6148,1,0.0010396108595476924,2.3639358420676864,output_pca,8,1
6148,2,0.002115554133802927,0.2634458792201782,output_pca,8,1
6148,3,0.0012140672685605712,3.0755624496059593,output_pca,8,1
6148,4,0.002322191169511739,2.076226747213933,output_pca,8,1
6148,5,0.00854194059483085,1.2068355308254908,output_pca,8,1
6148,6,0.003141167521278884,3.195409777678242,output_pca,8,1
6148,7,0.003483917516120308,1.812945362870796,output_pca,8,1
6148,8,0.011941739220699748,2.957725521502085,output_pca,8,1
6148,10,0.00452916672066957,0.7539811528347818,output_pca,8,1
7862,1,0.04298266989915134,0.5602877625646291,output_pca,8,1
7862,2,0.06802064754715788,11.27276402333733,output_pca,8,1
7862,3,0.046739491372776186,3.2360008214961105,output_pca,8,1
7862,4,0.06791092492539715,3.997999768087488,output_pca,8,1
7862,5,0.0916695144448644,20.3301562685028,output_pca,8,1
7862,6,0.03496168526595188,3.5487421441742164,output_pca,8,1
7862,7,0.09247423134571096,12.681004689359458,output_pca,8,1
7862,8,0.0594132663205892,0.7374615777813192,output_pca,8,1
7862,9,0.11694105033294304,28.57037449115172,output_pca,8,1
7862,10,0.08981111878419908,5.9497315165382005,output_pca,8,1
8539,1,0.0007898190579333247,2.3562227828190068,output_pca,8,1
8539,2,0.00091348461198333,1.366322231457415,output_pca,8,1
8539,3,0.00034187997051331984,3.360544771984203,output_pca,8,1
8539,4,0.0009771691530236209,0.01696944309615936,output_pca,8,1
8539,5,0.0023848906347213885,1.7478252771573495,output_pca,8,1
8539,8,0.016971140995248303,2.7117845076570437,output_pca,8,1
8539,9,0.025294439289672864,3.1030564335076627,output_pca,8,1
8539,10,0.0026736837900505047,5.834019349829929,output_pca,8,1
9311,1,0.021251569535564795,1.910591986515497,output_pca,8,1
9311,2,0.037641942713934555,8.891979677628012,output_pca,8,1
9311,3,0.026605344287605238,0.7477080802682903,output_pca,8,1
9311,6,0.0354829515175009,1.6580882146106672,output_pca,8,1
9311,7,0.05771477293711835,8.969146205440323,output_pca,8,1
9311,8,0.03798089180815088,1.7965182300071068,output_pca,8,1
9311,9,0.07240144932296405,17.768598608057353,output_pca,8,1
9311,10,0.06951965987870207,4.146594162851161,output_pca,8,1
9779,1,0.0047282689082741225,4.167611001221865,output_pca,8,1
9779,2,0.010930399553375656,3.7447807394067594,output_pca,8,1
9779,3,0.006690160191679053,6.411386041905215,output_pca,8,1
9779,4,0.013356675960378702,1.944150361564555,output_pca,8,1
9779,5,0.01807810923789824,2.960676375162011,output_pca,8,1
9779,6,0.011824508546770356,6.658470787483646,output_pca,8,1
9779,7,0.020877954841720562,3.7382786908589654,output_pca,8,1
9779,8,0.01872295945971702,4.21509850193859,output_pca,8,1
9779,9,0.03118204597609217,1.2348816299621317,output_pca,8,1
9779,10,0.021257386430603317,5.664548699557965,output_pca,8,1
422,1,0.005414144201828285,7.0614792147417615,direct_hf,8,1
422,2,0.002548750151784072,2.004991831486218,direct_hf,8,1
422,3,0.0013176809502510518,5.3220793082476465,direct_hf,8,1
422,4,0.002945421265950435,3.2119048653936675,direct_hf,8,1
422,5,0.011767379756535334,1.4354317197209285,direct_hf,8,1
422,8,0.11720692445317198,3.887890865746814,direct_hf,8,1
422,9,0.1241417671854864,0.7939084282453458,direct_hf,8,1
422,10,0.02044270002031711,5.559962144828009,direct_hf,8,1
1190,1,0.011789646636121271,8.912667843394443,direct_hf,8,1
1190,2,0.005387379808108424,7.330168903954252,direct_hf,8,1
1190,3,0.00672599924642662,0.8525022020147219,direct_hf,8,1
1190,4,0.007982188541555031,3.1820458431886802,direct_hf,8,1
1190,5,0.03163775057535511,9.911909671436824,direct_hf,8,1
1190,6,0.02354377751070219,2.532474978709631,direct_hf,8,1
1190,7,0.01095342089327319,4.298431265650108,direct_hf,8,1
1190,8,0.031919573420611774,0.5217390913815995,direct_hf,8,1
1190,9,0.027020559949350112,1.4990126457628983,direct_hf,8,1
1190,10,0.04195433122046506,18.131400932267056,direct_hf,8,1
1826,1,0.0044396168045037,6.295559713284166,direct_hf,8,1
1826,2,0.006811479400891189,11.4899534228943,direct_hf,8,1
1826,3,0.00419124018324811,10.955297561701297,direct_hf,8,1
1826,4,0.009012818178334216,12.321040531794479,direct_hf,8,1
1826,5,0.01325485281899982,13.37835628639375,direct_hf,8,1
1826,6,0.010875975463268977,13.48004971944072,direct_hf,8,1
1826,7,0.015568604533334125,8.685018317427062,direct_hf,8,1
1826,8,0.015446626510111075,14.067303800806426,direct_hf,8,1
1826,9,0.022589922344704118,6.734539054198217,direct_hf,8,1
2209,1,0.01490695612386974,12.287738067544241,direct_hf,8,1
2209,2,0.01825141129916015,0.16830289654452946,direct_hf,8,1
2209,3,0.022994104364111787,12.416777581774312,direct_hf,8,1
2209,4,0.0284183973557397,7.81519994803727,direct_hf,8,1
2209,5,0.03783223768782183,6.322724314023345,direct_hf,8,1
2209,6,0.03448037466631755,23.62118739993474,direct_hf,8,1
2209,7,0.2513172373905963,7.197092063961269,direct_hf,8,1
2209,8,0.05310212772873696,15.945096014969671,direct_hf,8,1
2209,10,0.06380038444548303,1.338935610516661,direct_hf,8,1
2802,1,0.006808667161201516,5.058059548564785,direct_hf,8,1
2802,2,0.014533184598975023,0.19649893346618566,direct_hf,8,1
2802,3,0.011881629952756576,5.673486592368837,direct_hf,8,1
2802,4,0.018526530861248208,1.8819447679905006,direct_hf,8,1
2802,5,0.023790439028576547,2.680190169655117,direct_hf,8,1
2802,6,0.01540901402633705,4.8194184366745505,direct_hf,8,1
2802,7,0.02354740747503408,1.4800206764023873,direct_hf,8,1
2802,8,0.023494395281831386,2.568975028187423,direct_hf,8,1
2802,9,0.033377393275889275,2.327593445711749,direct_hf,8,1
3377,1,0.028984784440596562,17.19566648720845,direct_hf,8,1
3377,2,0.018403902844577366,38.935140464121396,direct_hf,8,1
3377,3,0.0252325691391193,30.05251794783804,direct_hf,8,1
3377,4,0.0195351410292339,41.13956235652125,direct_hf,8,1
3377,5,0.03435084289496621,50.047674202949835,direct_hf,8,1
3377,6,0.04830285278547962,42.30091201974928,direct_hf,8,1
3377,7,0.020451476324632845,39.902688312621706,direct_hf,8,1
3377,8,0.03473734333937716,48.0703702570482,direct_hf,8,1
3377,9,0.02818821940020807,43.00598554631749,direct_hf,8,1
3377,10,0.03405726558418102,38.61384653900073,direct_hf,8,1
3408,1,0.003950359451551551,18.71161908400055,direct_hf,8,1
3408,2,0.006529105390562184,3.057973365693539,direct_hf,8,1
3408,3,0.005362573146729334,5.931791952868271,direct_hf,8,1
3408,4,0.009296122095574483,3.8593134317446833,direct_hf,8,1
3408,5,0.010771965953584935,0.16407527435522695,direct_hf,8,1
3408,6,0.006533146152894518,5.293214638711262,direct_hf,8,1
3408,7,0.021915557065252923,29.904506956881896,direct_hf,8,1
3408,8,0.039298936408258406,4.015125865769988,direct_hf,8,1
3408,9,0.04970792267476244,45.70346719597588,direct_hf,8,1
3408,10,0.16118250866687944,12.004476381037952,direct_hf,8,1
4082,1,0.0026621659144394857,7.8096037807428695,direct_hf,8,1
4082,2,0.002951701794375381,11.044402439704744,direct_hf,8,1
4082,3,0.0022448273996936927,10.491707604185137,direct_hf,8,1
4082,4,0.004214873371667742,9.970037380519807,direct_hf,8,1
4082,5,0.007107779057487433,6.204886296357809,direct_hf,8,1
4082,6,0.004197039466289462,8.563407330923104,direct_hf,8,1
4082,7,0.008826425275413266,11.234040740569325,direct_hf,8,1
4082,8,0.08120985965365572,7.078195877450293,direct_hf,8,1
4082,9,0.08553949738970423,18.74006466515974,direct_hf,8,1
4082,10,0.027531268730529974,4.246561792378064,direct_hf,8,1
4352,1,0.009724697465532851,12.865950277966183,direct_hf,8,1
4352,2,0.026249483954932453,11.550280142539552,direct_hf,8,1
4352,3,0.016406107236622253,17.109619958841808,direct_hf,8,1
4352,4,0.03135321385618624,13.833225881469529,direct_hf,8,1
4352,5,0.10335438660957685,10.92345236335848,direct_hf,8,1
4352,6,0.09734319517374064,18.99250934296357,direct_hf,8,1
4352,7,0.04518986369877147,11.750704734194217,direct_hf,8,1
4352,8,0.038898083737072056,16.282233186726724,direct_hf,8,1
4352,9,0.06603067940755626,14.034557529446019,direct_hf,8,1
4352,10,0.055779392818614326,17.77437200218769,direct_hf,8,1
4470,1,0.015077896963092405,9.479221019445305,direct_hf,8,1
4470,2,0.029203557921776976,3.3271256910320854,direct_hf,8,1
4470,3,0.023077849896063637,12.753472119122508,direct_hf,8,1
4470,4,0.03503095655644884,5.2141160360615775,direct_hf,8,1
4470,5,0.05303335840296312,4.001678858228182,direct_hf,8,1
4470,6,0.04336654603132358,9.962489828633734,direct_hf,8,1
4470,7,0.042811683923465634,0.5741150942218474,direct_hf,8,1
4470,8,0.03801534061844856,4.981429441184978,direct_hf,8,1
4470,9,0.058428005155287,3.2444315045687993,direct_hf,8,1
4470,10,0.0518686120327593,3.0164775375130333,direct_hf,8,1
5873,1,0.011897775300169465,13.400453836610765,direct_hf,8,1
5873,2,0.03006292455232891,9.495573543340814,direct_hf,8,1
5873,3,0.022127652567611095,15.71660051576518,direct_hf,8,1
5873,4,0.036044799449042944,10.615466850935055,direct_hf,8,1
5873,5,0.03840931203904762,3.5277614553499514,direct_hf,8,1
5873,6,0.023395276861141193,13.043586028482997,direct_hf,8,1
5873,7,0.04434538098798328,8.060773018330357,direct_hf,8,1
5873,8,0.03630714510494964,9.763748095535474,direct_hf,8,1
5873,9,0.05715956870217984,6.632481214585575,direct_hf,8,1
5873,10,0.0491635115578966,6.982758353673553,direct_hf,8,1
6148,1,0.006250076148404317,2.306595215429608,direct_hf,8,1
6148,2,0.00831364917249811,1.5491637064265231,direct_hf,8,1
6148,3,0.011134114318576771,1.9528256606167869,direct_hf,8,1
6148,4,0.011742396739798022,0.7842058310229858,direct_hf,8,1
6148,5,0.050435230683682684,2.5722092512967554,direct_hf,8,1
6148,6,0.055328302801754825,0.45992973147743604,direct_hf,8,1
6148,7,0.01580796526719075,3.635228388560268,direct_hf,8,1
6148,8,0.030956026142685212,1.3754669129467052,direct_hf,8,1
6148,10,0.03572547510499622,6.953266550308949,direct_hf,8,1
7862,1,0.007193595951918833,17.24981843068255,direct_hf,8,1
7862,2,0.020579977108353038,29.48129301454408,direct_hf,8,1
7862,3,0.009150623423421864,12.61022826152858,direct_hf,8,1
7862,4,0.02581718322037306,21.516405395664243,direct_hf,8,1
7862,5,0.03211544200414466,34.92265154550867,direct_hf,8,1
7862,6,0.01905519407488891,11.409989008631207,direct_hf,8,1
7862,7,0.03700840223104853,37.58451028839722,direct_hf,8,1
7862,8,0.03868519467140012,17.308824889402583,direct_hf,8,1
7862,9,0.06116215355697068,54.81460845383451,direct_hf,8,1
7862,10,0.05056625685345976,27.609384435781266,direct_hf,8,1
8539,1,0.0056065952870607534,14.012856545966578,direct_hf,8,1
8539,2,0.01068283746771016,16.50435189517539,direct_hf,8,1
8539,3,0.0075503962590412945,11.337543923035353,direct_hf,8,1
8539,4,0.012172694960629797,13.020138277778573,direct_hf,8,1
8539,5,0.01745790906705236,15.850270348167381,direct_hf,8,1
8539,8,0.09748287002988097,9.535255497514573,direct_hf,8,1
8539,9,0.11238634184925393,3.6383586958764664,direct_hf,8,1
8539,10,0.025955218852606342,2.6866213861840453,direct_hf,8,1
9311,1,0.006077722252063072,1.7657047359324662,direct_hf,8,1
9311,2,0.00770713975786774,2.810336059401943,direct_hf,8,1
9311,3,0.005345178480255756,0.562229739327252,direct_hf,8,1
9311,6,0.008517434417879811,1.0669980322132862,direct_hf,8,1
9311,7,0.01986638898925694,15.753972886112118,direct_hf,8,1
9311,8,0.03700865291524808,1.56569534210549,direct_hf,8,1
9311,9,0.05189776823861636,30.225395886675496,direct_hf,8,1
9311,10,0.048676184718775606,2.834063841686577,direct_hf,8,1
9779,1,0.007166642506965139,23.839247158916436,direct_hf,8,1
9779,2,0.009283357338447198,41.12331123998829,direct_hf,8,1
9779,3,0.007719421855955492,19.909105371126252,direct_hf,8,1
9779,4,0.01199945769343449,30.741372126217154,direct_hf,8,1
9779,5,0.01957947430447982,36.290669927019714,direct_hf,8,1
9779,6,0.018735665818168976,18.120201424569636,direct_hf,8,1
9779,7,0.020574150046602162,42.231866439092826,direct_hf,8,1
9779,8,0.032871492981197736,21.97486475446003,direct_hf,8,1
9779,9,0.045162399767493026,66.94294878009417,direct_hf,8,1
9779,10,0.029074698955033465,28.97983016062326,direct_hf,8,1
422,1,0.000384614119004417,1.6783514895298146,cokriging,8,1
422,2,0.0004780568143503211,0.35646232228359775,cokriging,8,1
422,3,0.0005935764712499764,0.6049771737785099,cokriging,8,1
422,4,0.0006834662350392462,0.3853020594472785,cokriging,8,1
422,5,0.001528560207732961,0.30746918155970454,cokriging,8,1
422,8,0.02316678016387569,1.626429801441878,cokriging,8,1
422,9,0.0286723856052121,0.7720660342777883,cokriging,8,1
422,10,0.0023431173366451463,0.8093986087818683,cokriging,8,1
1190,1,0.0006406856377500919,0.4332218019405409,cokriging,8,1
1190,2,0.0015246181498982058,3.302653403540135,cokriging,8,1
1190,3,0.0009485447302468808,0.7751134335902097,cokriging,8,1
1190,4,0.0018455054821640382,0.10536416309806308,cokriging,8,1
1190,5,0.002987968432544234,4.147024994599483,cokriging,8,1
1190,6,0.002558743383714708,0.541483562625974,cokriging,8,1
1190,7,0.0033257099898934416,0.07781951121927987,cokriging,8,1
1190,8,0.011903477134351604,0.01154061496034901,cokriging,8,1
1190,9,0.017148222778607645,2.7067601567824386,cokriging,8,1
1190,10,0.004905976520813955,1.4445994252712413,cokriging,8,1
1826,1,0.00358082288923644,6.162889573610286,cokriging,8,1
1826,2,0.0094986970850046,6.706900968321138,cokriging,8,1
1826,3,0.006732252907746088,5.303436827139926,cokriging,8,1
1826,4,0.012906869594145725,5.210799593945239,cokriging,8,1
1826,5,0.016839827331742788,6.100859626912517,cokriging,8,1
1826,6,0.012177640858333593,4.229113171084157,cokriging,8,1
1826,7,0.0221853593500206,4.248212032423889,cokriging,8,1
1826,8,0.019964548532727354,4.186770110301448,cokriging,8,1
1826,9,0.03526834277252658,4.150627617672874,cokriging,8,1
2209,1,0.000586976556873493,3.4175456484908193,cokriging,8,1
2209,2,0.0012077169398337563,3.6222860490530526,cokriging,8,1
2209,3,0.0012778551342298875,4.262690482944735,cokriging,8,1
2209,4,0.002109279973201267,0.5640672254250221,cokriging,8,1
2209,5,0.003835469945362741,4.38502217738454,cokriging,8,1
2209,6,0.014281526333792389,5.237629354484893,cokriging,8,1
2209,7,0.13753782842220974,3.1909780329219926,cokriging,8,1
2209,8,0.011986364368038722,4.265462550287757,cokriging,8,1
2209,10,0.005408796929034172,3.75885969999229,cokriging,8,1
2802,1,0.007091890614628258,5.398771572047251,cokriging,8,1
2802,2,0.016409745257244118,2.9268261213148032,cokriging,8,1
2802,3,0.01144344836503723,5.305271580678874,cokriging,8,1
2802,4,0.02140380757208977,3.184511733702727,cokriging,8,1
2802,5,0.028486879778637893,0.13133832952481075,cokriging,8,1
2802,6,0.01543026455975534,5.472379242642354,cokriging,8,1
2802,7,0.0334789790626705,0.1309100891825461,cokriging,8,1
2802,8,0.028426388968803586,3.548476199810965,cokriging,8,1
2802,9,0.04816666098998885,3.577690226518183,cokriging,8,1
3377,1,0.012704899755734774,4.951503284957214,cokriging,8,1
3377,2,0.028057951749293507,4.1122782597916325,cokriging,8,1
3377,3,0.022382843482346683,4.402316810749478,cokriging,8,1
3377,4,0.03436848881198868,2.0754186187322285,cokriging,8,1
3377,5,0.0422228784730099,2.6772007770057935,cokriging,8,1
3377,6,0.033766661789258225,2.291508607532453,cokriging,8,1
3377,7,0.04738725404770076,0.9041499445024261,cokriging,8,1
3377,8,0.04120178515176632,1.2181035135235487,cokriging,8,1
3377,9,0.06422922342221557,0.5891497911297385,cokriging,8,1
3377,10,0.05220471357154737,0.856335738424914,cokriging,8,1
3408,1,0.001951880639982938,4.022692322199372,cokriging,8,1
3408,2,0.0035985741001263076,2.706258997988704,cokriging,8,1
3408,3,0.002631054354840346,3.2626954537479,cokriging,8,1
3408,4,0.003935637915159119,0.46501964046119776,cokriging,8,1
3408,5,0.004639269717742078,4.371985856118072,cokriging,8,1
3408,6,0.005038857163021942,4.10465027068892,cokriging,8,1
3408,7,0.0067946071591323395,0.3777819609008004,cokriging,8,1
3408,8,0.009351402881138627,3.806949367404005,cokriging,8,1
3408,9,0.015854555051973793,5.412300566261467,cokriging,8,1
3408,10,0.13446972308853,3.724355270565727,cokriging,8,1
4082,1,0.0005048910264500809,0.007226849417828767,cokriging,8,1
4082,2,0.00145223750045693,1.7571133466593245,cokriging,8,1
4082,3,0.0007162363551490636,0.5362158886203363,cokriging,8,1
4082,4,0.0014479952795751277,0.7862272557842277,cokriging,8,1
4082,5,0.0025625231620755697,2.1260630866452477,cokriging,8,1
4082,6,0.0036027255064744503,0.7408709500549837,cokriging,8,1
4082,7,0.003176254988522495,1.1717415131287008,cokriging,8,1
4082,8,0.023158545189288844,0.6300144906393857,cokriging,8,1
4082,9,0.03157213451373693,1.2674476391010958,cokriging,8,1
4082,10,0.003782710510948465,0.9505741530988399,cokriging,8,1
4352,1,0.018182749940709793,3.656917117643713,cokriging,8,1
4352,2,0.036831430561991736,1.7099644561064309,cokriging,8,1
4352,3,0.03211532917273857,0.7961229476882838,cokriging,8,1
4352,4,0.04778682672536392,1.5236352743201835,cokriging,8,1
4352,5,0.05936763921878889,1.6054186960785637,cokriging,8,1
4352,6,0.047698116529405025,4.451045782574334,cokriging,8,1
4352,7,0.06485964649728963,5.534001894931096,cokriging,8,1
4352,8,0.06066971232745401,5.613459266421721,cokriging,8,1
4352,9,0.08385355776497802,6.577573190688701,cokriging,8,1
4352,10,0.07432166658021258,7.775649528957432,cokriging,8,1
4470,1,0.004450475318924241,6.265865774678904,cokriging,8,1
4470,2,0.008712014062451371,5.096835613453285,cokriging,8,1
4470,3,0.005592108763862734,6.241196301640418,cokriging,8,1
4470,4,0.010008396416137584,5.253005078833644,cokriging,8,1
4470,5,0.02791414495828684,3.712159029703082,cokriging,8,1
4470,6,0.03116151553327977,6.808779458243955,cokriging,8,1
4470,7,0.015738298180927906,2.9568013121005823,cokriging,8,1
4470,8,0.015313575877565027,5.527377902784476,cokriging,8,1
4470,9,0.02496995861022559,1.0388024589257,cokriging,8,1
4470,10,0.016855759941835607,4.197729767673044,cokriging,8,1
5873,1,0.013097254444299527,4.695300687656689,cokriging,8,1
5873,2,0.02855446454135429,0.4011747494925874,cokriging,8,1
5873,3,0.019889871756226522,4.881930340685318,cokriging,8,1
5873,4,0.03599536406002915,1.3919913291598494,cokriging,8,1
5873,5,0.04613566950889686,4.758396922657801,cokriging,8,1
5873,6,0.025052570956549725,5.592265979915153,cokriging,8,1
5873,7,0.05388766056199263,4.4345011068078986,cokriging,8,1
5873,8,0.1496906385509972,2.2174565287835595,cokriging,8,1
5873,9,0.15338376394585282,10.960913352825889,cokriging,8,1
5873,10,0.05955209244275495,1.9565918455471774,cokriging,8,1
6148,1,0.0006111179433331538,2.3639358420676864,cokriging,8,1
6148,2,0.001981918732235391,0.2634458792201782,cokriging,8,1
6148,3,0.0012357507518381548,3.0755624496059593,cokriging,8,1
6148,4,0.0016710728438802049,2.076226747213933,cokriging,8,1
6148,5,0.008738181606524571,1.2068355308254908,cokriging,8,1
6148,6,0.005080493644865558,3.195409777678242,cokriging,8,1
6148,7,0.0030509766579212786,1.812945362870796,cokriging,8,1
6148,8,0.011930463211880718,2.957725521502085,cokriging,8,1
6148,10,0.004480315168896719,0.7539811528347818,cokriging,8,1
7862,1,0.04344621393603866,0.5602877625646291,cokriging,8,1
7862,2,0.06877512256833963,11.27276402333733,cokriging,8,1
7862,3,0.047296683915524496,3.2360008214961105,cokriging,8,1
7862,4,0.06864498917748293,3.997999768087488,cokriging,8,1
7862,5,0.09161996643120039,20.3301562685028,cokriging,8,1
7862,6,0.0347863125540604,3.5487421441742164,cokriging,8,1
7862,7,0.09216744392719241,12.681004689359458,cokriging,8,1
7862,8,0.05939746796810318,0.7374615777813192,cokriging,8,1
7862,9,0.11793182864448788,28.57037449115172,cokriging,8,1
7862,10,0.08964859536110964,5.9497315165382005,cokriging,8,1
8539,1,0.00036919630145414124,2.3562227828190068,cokriging,8,1
8539,2,0.0009147017515456817,1.366322231457415,cokriging,8,1
8539,3,0.0003668123701075297,3.360544771984203,cokriging,8,1
8539,4,0.0009656056383968052,0.01696944309615936,cokriging,8,1
8539,5,0.002041591498630809,1.7478252771573495,cokriging,8,1
8539,8,0.017001908046728968,2.7117845076570437,cokriging,8,1
8539,9,0.024605801360977765,3.1030564335076627,cokriging,8,1
8539,10,0.0026564897544339152,5.834019349829929,cokriging,8,1
9311,1,0.02157640541307927,1.910591986515497,cokriging,8,1
9311,2,0.03796727857728293,8.891979677628012,cokriging,8,1
9311,3,0.027082739580387483,0.7477080802682903,cokriging,8,1
9311,6,0.03419280148429255,1.6580882146106672,cokriging,8,1
9311,7,0.05766159709482372,8.969146205440323,cokriging,8,1
9311,8,0.03796314028553326,1.7965182300071068,cokriging,8,1
9311,9,0.07319217637456765,17.768598608057353,cokriging,8,1
9311,10,0.06940193543958993,4.146594162851161,cokriging,8,1
9779,1,0.004781890255640026,4.167611001221865,cokriging,8,1
9779,2,0.010941684622877973,3.7447807394067594,cokriging,8,1
9779,3,0.006704285488697196,6.411386041905215,cokriging,8,1
9779,4,0.0133463282230732,1.944150361564555,cokriging,8,1
9779,5,0.018018879084986793,2.960676375162011,cokriging,8,1
9779,6,0.0062906198518789674,6.658470787483646,cokriging,8,1
9779,7,0.019951235810260055,3.7382786908589654,cokriging,8,1
9779,8,0.018706746720625046,4.21509850193859,cokriging,8,1
9779,9,0.031688534931690764,1.2348816299621317,cokriging,8,1
9779,10,0.02118927233752166,5.664548699557965,cokriging,8,1
422,1,0.0010320383267945275,0.4388866600816862,neural_inr,8,1
422,2,0.0012438792015492736,1.0573580334361998,neural_inr,8,1
422,3,0.001234204485911441,0.2729603239500402,neural_inr,8,1
422,4,0.0016646525520062313,0.4330289964344245,neural_inr,8,1
422,5,0.0038436629436284144,1.1819116634886613,neural_inr,8,1
422,8,0.025564075729331993,0.06217098777820192,neural_inr,8,1
422,9,0.030987157972186815,0.39070057999481206,neural_inr,8,1
422,10,0.004162708939636977,0.5250414442208969,neural_inr,8,1
1190,1,0.0008441884778486939,0.414545037080053,neural_inr,8,1
1190,2,0.0014836817283048452,1.3021472292962537,neural_inr,8,1
1190,3,0.001379317113305328,0.1361606564801053,neural_inr,8,1
1190,4,0.002317207475682105,0.8221388698593524,neural_inr,8,1
1190,5,0.0034517499382175597,1.7940231462975633,neural_inr,8,1
1190,6,0.003513546106676143,0.35728260871991685,neural_inr,8,1
1190,7,0.0037475404050856588,0.6014763782269711,neural_inr,8,1
1190,8,0.009544513763523678,0.48336155197508424,neural_inr,8,1
1190,9,0.010728159873038207,0.43913207674486116,neural_inr,8,1
1190,10,0.005028717567737483,0.683558222757184,neural_inr,8,1
1826,1,0.00421700967556409,0.5769242301733118,neural_inr,8,1
1826,2,0.011620297952638041,3.4232341189996407,neural_inr,8,1
1826,3,0.00700949745169492,0.01903362005013625,neural_inr,8,1
1826,4,0.013928111784443566,2.2175586260562095,neural_inr,8,1
1826,5,0.017372173002189115,5.302894190896688,neural_inr,8,1
1826,6,0.018330494392149843,0.4887333503311505,neural_inr,8,1
1826,7,0.022086096460305293,2.6940044455840004,neural_inr,8,1
1826,8,0.029677961910789398,1.5295885833946514,neural_inr,8,1
1826,9,0.04019987639679329,2.7111553331844043,neural_inr,8,1
2209,1,0.0007731571655246834,0.645359571761842,neural_inr,8,1
2209,2,0.0012705197194763922,2.1455026741510963,neural_inr,8,1
2209,3,0.0015420179371691788,0.850916465012274,neural_inr,8,1
2209,4,0.0026780547335692063,0.613439972040631,neural_inr,8,1
2209,5,0.0044496426266810015,2.717150148225123,neural_inr,8,1
2209,6,0.004081094086396542,1.2525671786237045,neural_inr,8,1
2209,7,0.1377110611144456,0.6685809189958543,neural_inr,8,1
2209,8,0.011855553569564905,0.5491722215412153,neural_inr,8,1
2209,10,0.006636080364119073,0.2649798442701576,neural_inr,8,1
2802,1,0.008489403666303465,2.991818758858634,neural_inr,8,1
2802,2,0.017854679176134865,9.512602589261132,neural_inr,8,1
2802,3,0.010675068171705816,0.818960408083811,neural_inr,8,1
2802,4,0.021625504724431817,5.941312082497539,neural_inr,8,1
2802,5,0.028566707497842618,13.987510255852833,neural_inr,8,1
2802,6,0.017634600780415934,0.3920363908421224,neural_inr,8,1
2802,7,0.033307855613626015,8.804021872112898,neural_inr,8,1
2802,8,0.0368156935319947,3.672025450055586,neural_inr,8,1
2802,9,0.058072905985111334,11.999587826287664,neural_inr,8,1
3377,1,0.013727826534486487,0.9895597683233269,neural_inr,8,1
3377,2,0.029494929256695182,4.392385142335259,neural_inr,8,1
3377,3,0.022173930126615234,0.9751651044240003,neural_inr,8,1
3377,4,0.03499117573371234,3.394113346135993,neural_inr,8,1
3377,5,0.04170037011235569,6.350543060246182,neural_inr,8,1
3377,6,0.03612100265507967,2.0198384695180973,neural_inr,8,1
3377,7,0.04727288542674536,4.452927477064396,neural_inr,8,1
3377,8,0.04547194313549846,3.179792991423229,neural_inr,8,1
3377,9,0.07489654651944917,5.203754526208122,neural_inr,8,1
3377,10,0.053651132345194856,4.955492076233254,neural_inr,8,1
3408,1,0.001657919131081001,2.521314657419097,neural_inr,8,1
3408,2,0.0032935372773430236,1.4482391842634335,neural_inr,8,1
3408,3,0.0025678359911467234,3.391367933718832,neural_inr,8,1
3408,4,0.004309209204232074,2.134533357892894,neural_inr,8,1
3408,5,0.005910986809608132,0.40761981435759526,neural_inr,8,1
3408,6,0.003879508702265719,3.364304653253563,neural_inr,8,1
3408,7,0.00663364767821413,0.03150229726261103,neural_inr,8,1
3408,8,0.010021702103702533,2.5637803734144335,neural_inr,8,1
3408,9,0.018277858404529144,2.726501952698662,neural_inr,8,1
3408,10,0.13450258566988313,1.8369147690627718,neural_inr,8,1
4082,1,0.0008355475096284932,0.3200562721957328,neural_inr,8,1
4082,2,0.0016075838937116285,1.7075755373168142,neural_inr,8,1
4082,3,0.001028851346916496,0.884991183367907,neural_inr,8,1
4082,4,0.0021570225054539953,1.1034640502097328,neural_inr,8,1
4082,5,0.003298493841571947,2.519672581371742,neural_inr,8,1
4082,6,0.002887771737909815,0.9314923923993268,neural_inr,8,1
4082,7,0.004086534402590538,1.8670978731286076,neural_inr,8,1
4082,8,0.025511147635385333,0.33394431963748855,neural_inr,8,1
4082,9,0.03260550465091847,2.592851178431486,neural_inr,8,1
4082,10,0.005799856545108699,1.2906878073722279,neural_inr,8,1
4352,1,0.01939113101547904,4.580029340610887,neural_inr,8,1
4352,2,0.03815602847511588,10.587925109606477,neural_inr,8,1
4352,3,0.03116746760966442,5.993291023957192,neural_inr,8,1
4352,4,0.04756143282360462,10.190376707364083,neural_inr,8,1
4352,5,0.061359916771904846,15.248022070472347,neural_inr,8,1
4352,6,0.04953172018690133,9.740089127576633,neural_inr,8,1
4352,7,0.06363787950090666,12.836618959266133,neural_inr,8,1
4352,8,0.06347525036122235,12.129266546547719,neural_inr,8,1
4352,9,0.08699104039940651,14.130501166460608,neural_inr,8,1
4352,10,0.07494556609191036,15.670531767818822,neural_inr,8,1
4470,1,0.005299899018631297,1.8962479714685885,neural_inr,8,1
4470,2,0.010380425956195536,7.124886832566103,neural_inr,8,1
4470,3,0.004910385499405589,0.5556386891314736,neural_inr,8,1
4470,4,0.010057574318230247,3.763733974123433,neural_inr,8,1
4470,5,0.029428403589332276,10.171134492953172,neural_inr,8,1
4470,6,0.02993595906436769,1.0619348202117156,neural_inr,8,1
4470,7,0.014515226393428213,5.437422315076491,neural_inr,8,1
4470,8,0.02124107294662977,1.5821821822446978,neural_inr,8,1
4470,9,0.03274165133679811,6.917668186368062,neural_inr,8,1
4470,10,0.018354905994556425,4.844774024323373,neural_inr,8,1
5873,1,0.014011615661971519,3.527550816016713,neural_inr,8,1
5873,2,0.02987314055863324,11.518797451830487,neural_inr,8,1
5873,3,0.018872248298681966,0.8350722216836941,neural_inr,8,1
5873,4,0.03590183493501823,7.44023965952906,neural_inr,8,1
5873,5,0.0461952197401756,17.731191464788804,neural_inr,8,1
5873,6,0.02709364952876068,0.20114711679456304,neural_inr,8,1
5873,7,0.053113679307264273,12.286150232937345,neural_inr,8,1
5873,8,0.15864334625591153,4.792168919779024,neural_inr,8,1
5873,9,0.17137393382018445,18.07291594068882,neural_inr,8,1
5873,10,0.060720091046115636,10.632155814607355,neural_inr,8,1
6148,1,0.0007234363317840623,2.1441165866210645,neural_inr,8,1
6148,2,0.002062834984614727,1.9896393517547122,neural_inr,8,1
6148,3,0.001515944216949016,3.009049601536698,neural_inr,8,1
6148,4,0.002150631617947373,2.187939596173263,neural_inr,8,1
6148,5,0.0036473524413192073,2.4800367570069466,neural_inr,8,1
6148,6,0.0056097994453156875,3.5969824328107727,neural_inr,8,1
6148,7,0.0037975325502953524,1.7208992253154236,neural_inr,8,1
6148,8,0.011801692108219155,2.547606534672446,neural_inr,8,1
6148,10,0.005826746662771993,1.9948891412428302,neural_inr,8,1
7862,1,0.044390224381027306,8.125663123997327,neural_inr,8,1
7862,2,0.06967111807355221,21.27567749740887,neural_inr,8,1
7862,3,0.04609565265618257,2.94852110736202,neural_inr,8,1
7862,4,0.06853133222308332,12.097872924667525,neural_inr,8,1
7862,5,0.09341066505559922,30.558396413980155,neural_inr,8,1
7862,6,0.037325902484106444,2.023820819349555,neural_inr,8,1
7862,7,0.09145505398148962,20.003993151577262,neural_inr,8,1
7862,8,0.06056354983907658,7.387154172661402,neural_inr,8,1
7862,9,0.13517010392031573,34.24857777769513,neural_inr,8,1
7862,10,0.0896490029002198,14.843464188658265,neural_inr,8,1
8539,1,0.000849273176685727,0.3443642063709423,neural_inr,8,1
8539,2,0.0016034968859797176,1.0359193696843259,neural_inr,8,1
8539,3,0.0009310245256475872,0.47870691509765395,neural_inr,8,1
8539,4,0.002060126075670204,0.6354573702019716,neural_inr,8,1
8539,5,0.003027859478362662,1.2475882694155391,neural_inr,8,1
8539,8,0.020064010634141552,0.13423654513152633,neural_inr,8,1
8539,9,0.025479055679051076,0.5277556829365123,neural_inr,8,1
8539,10,0.004610621276626373,0.49035288436712343,neural_inr,8,1
9311,1,0.02256168252357975,8.168778076783688,neural_inr,8,1
9311,2,0.039257532892681704,17.187546779879312,neural_inr,8,1
9311,3,0.026534135246313192,4.102349174552706,neural_inr,8,1
9311,6,0.03993338993641635,2.955971180165575,neural_inr,8,1
9311,7,0.05697104876572004,15.971341324044495,neural_inr,8,1
9311,8,0.04142721000861485,7.150587156835079,neural_inr,8,1
9311,9,0.08697526582316148,23.479509291262197,neural_inr,8,1
9311,10,0.06781188273636489,12.220064300599905,neural_inr,8,1
9779,1,0.004295425982290357,0.7796282076336319,neural_inr,8,1
9779,2,0.01014942812795207,2.9689249633079293,neural_inr,8,1
9779,3,0.006455504631888249,2.8397457216440882,neural_inr,8,1
9779,4,0.013171270070848017,0.44771595844165424,neural_inr,8,1
9779,5,0.017690889292636826,4.4173559859627245,neural_inr,8,1
9779,6,0.010592416464060842,3.038217174714935,neural_inr,8,1
9779,7,0.020510444602684932,1.5694599160258478,neural_inr,8,1
9779,8,0.0191209829077134,1.2453679752275915,neural_inr,8,1
9779,9,0.032413985811515916,3.2770923220291786,neural_inr,8,1
9779,10,0.022384767171016094,0.5768980171544303,neural_inr,8,1
422,1,0.00039559293879915273,1.6782935251000684,original_fixed_rbf,8,1
422,2,0.0004925449188353308,0.8088896425916203,original_fixed_rbf,8,1
422,3,0.0006003600190578019,0.5643647392517647,original_fixed_rbf,8,1
422,4,0.000680410314531233,0.7601844480333959,original_fixed_rbf,8,1
422,5,0.00245258263775172,0.7557397008903807,original_fixed_rbf,8,1
422,8,0.02594309048003031,1.7243500624489256,original_fixed_rbf,8,1
422,9,0.02960422981963454,0.323603823179703,original_fixed_rbf,8,1
422,10,0.0022561388697167942,0.6617954355407967,original_fixed_rbf,8,1
1190,1,0.00047112758521909313,0.2993818406573624,original_fixed_rbf,8,1
1190,2,0.0015153926091037613,0.11246856639375681,original_fixed_rbf,8,1
1190,3,0.0009291891762610698,0.8955033040896262,original_fixed_rbf,8,1
1190,4,0.0018474376710029277,0.10096923332010979,original_fixed_rbf,8,1
1190,5,0.0028806892529498634,4.856535785200015,original_fixed_rbf,8,1
1190,6,0.0021411897816040154,0.48932714823186096,original_fixed_rbf,8,1
1190,7,0.0033656837406619866,0.2477823101903234,original_fixed_rbf,8,1
1190,8,0.01123594268320243,0.12856537128509316,original_fixed_rbf,8,1
1190,9,0.01670599168165378,2.7527315458857946,original_fixed_rbf,8,1
1190,10,0.004998586452376096,0.7041223462729749,original_fixed_rbf,8,1
1826,1,0.0035189327211672646,6.167243682190259,original_fixed_rbf,8,1
1826,2,0.009493821225652475,5.1831759912009465,original_fixed_rbf,8,1
1826,3,0.006734757252007818,5.231340850898489,original_fixed_rbf,8,1
1826,4,0.012907455445475025,5.360685482510565,original_fixed_rbf,8,1
1826,5,0.016886575857548568,6.100859628665944,original_fixed_rbf,8,1
1826,6,0.012271531827343595,4.181940809348265,original_fixed_rbf,8,1
1826,7,0.021760107766016227,4.28096167244696,original_fixed_rbf,8,1
1826,8,0.019972269691181526,4.335727506807586,original_fixed_rbf,8,1
1826,9,0.0349363781147336,3.3358117910398293,original_fixed_rbf,8,1
2209,1,0.0006124724110501761,3.0508923723370076,original_fixed_rbf,8,1
2209,2,0.0011953252538161824,2.4751297342844727,original_fixed_rbf,8,1
2209,3,0.0012812178718333363,3.751993252216616,original_fixed_rbf,8,1
2209,4,0.002114244777391858,0.6170153952145813,original_fixed_rbf,8,1
2209,5,0.003610124432642872,4.837994539367783,original_fixed_rbf,8,1
2209,6,0.003598665350178738,5.4967461064002885,original_fixed_rbf,8,1
2209,7,0.13738918680690537,1.0554505286051272,original_fixed_rbf,8,1
2209,8,0.011995676132271971,4.082201262430265,original_fixed_rbf,8,1
2209,10,0.005525530536833976,3.3273371795705886,original_fixed_rbf,8,1
2802,1,0.007090857424500795,5.398887252436103,original_fixed_rbf,8,1
2802,2,0.016406207548682224,3.542632835188265,original_fixed_rbf,8,1
2802,3,0.011444402418173754,5.520700828883704,original_fixed_rbf,8,1
2802,4,0.02140279927057027,3.2025185072463365,original_fixed_rbf,8,1
2802,5,0.02857747953001455,0.13133832952481075,original_fixed_rbf,8,1
2802,6,0.015574409568786205,5.478169542661783,original_fixed_rbf,8,1
2802,7,0.03359367508278351,0.5107161444592248,original_fixed_rbf,8,1
2802,8,0.028431159972415045,3.63604980086447,original_fixed_rbf,8,1
2802,9,0.04800613770262412,3.456677198158957,original_fixed_rbf,8,1
3377,1,0.012653880175309226,5.021282117927676,original_fixed_rbf,8,1
3377,2,0.02801528747951832,1.941161461550881,original_fixed_rbf,8,1
3377,3,0.022346407131171402,4.4754790046441615,original_fixed_rbf,8,1
3377,4,0.03437292391330765,2.9329289584409843,original_fixed_rbf,8,1
3377,5,0.04178153212514212,2.677274640840847,original_fixed_rbf,8,1
3377,6,0.033661402517247585,1.9579507124047777,original_fixed_rbf,8,1
3377,7,0.04768768055664392,1.0835103182849597,original_fixed_rbf,8,1
3377,8,0.04122827593331036,1.2983049247917289,original_fixed_rbf,8,1
3377,9,0.06336367287157485,0.6224417866104092,original_fixed_rbf,8,1
3377,10,0.05238266047590223,0.4223540998269777,original_fixed_rbf,8,1
3408,1,0.0017745208436571241,3.8863858404206097,original_fixed_rbf,8,1
3408,2,0.003580021095950497,5.048831382562917,original_fixed_rbf,8,1
3408,3,0.002629706235289199,2.949924221155036,original_fixed_rbf,8,1
3408,4,0.0039358699343866365,0.10047514180950995,original_fixed_rbf,8,1
3408,5,0.005726634619473842,5.098235989088549,original_fixed_rbf,8,1
3408,6,0.004463586234881166,4.046410046601042,original_fixed_rbf,8,1
3408,7,0.005938221253402683,0.8085921272780531,original_fixed_rbf,8,1
3408,8,0.014596169385485525,3.8674918826745177,original_fixed_rbf,8,1
3408,9,0.015459038520562973,5.0703127889006225,original_fixed_rbf,8,1
3408,10,0.13404897976774932,3.9823210082409366,original_fixed_rbf,8,1
4082,1,0.0004808832710871601,0.1721864941447016,original_fixed_rbf,8,1
4082,2,0.0013367181450571657,3.3220567202332623,original_fixed_rbf,8,1
4082,3,0.0007087691988358055,0.5160555091173223,original_fixed_rbf,8,1
4082,4,0.0014467617462948215,0.9526480360210134,original_fixed_rbf,8,1
4082,5,0.0035486418344852803,2.2611869720371365,original_fixed_rbf,8,1
4082,6,0.0029061327878729046,0.6729029032699029,original_fixed_rbf,8,1
4082,7,0.0031162217749866774,1.970279854600406,original_fixed_rbf,8,1
4082,8,0.023137547768089566,0.6310174037215399,original_fixed_rbf,8,1
4082,9,0.032194967849868056,0.5221840638582844,original_fixed_rbf,8,1
4082,10,0.003831211249713872,1.8969793765072311,original_fixed_rbf,8,1
4352,1,0.01809484097260841,3.65722921332731,original_fixed_rbf,8,1
4352,2,0.03681908291043552,0.7453709842115489,original_fixed_rbf,8,1
4352,3,0.03210251820272458,0.9555720689323747,original_fixed_rbf,8,1
4352,4,0.04778520943903618,1.4921203256810118,original_fixed_rbf,8,1
4352,5,0.05982441483909169,1.6054186960784382,original_fixed_rbf,8,1
4352,6,0.047076367808482907,4.440568479946853,original_fixed_rbf,8,1
4352,7,0.06498486332021597,4.901407878963208,original_fixed_rbf,8,1
4352,8,0.06068536077606832,5.485233869649178,original_fixed_rbf,8,1
4352,9,0.08350078096064706,6.828883429636539,original_fixed_rbf,8,1
4352,10,0.07441032338340295,7.873845668003525,original_fixed_rbf,8,1
4470,1,0.004454747261654695,6.265981080601146,original_fixed_rbf,8,1
4470,2,0.008722488250365965,5.206435232849782,original_fixed_rbf,8,1
4470,3,0.005596876898497798,6.396880133384,original_fixed_rbf,8,1
4470,4,0.010001493902801034,5.268706340513855,original_fixed_rbf,8,1
4470,5,0.02819939976111252,3.712159029703082,original_fixed_rbf,8,1
4470,6,0.031393464943507206,6.813032451750848,original_fixed_rbf,8,1
4470,7,0.015564006179943243,2.8686407604400688,original_fixed_rbf,8,1
4470,8,0.015309993200728154,5.616914624166458,original_fixed_rbf,8,1
4470,9,0.02507318151906797,1.3276876917259974,original_fixed_rbf,8,1
4470,10,0.016776590485183734,4.324422648449733,original_fixed_rbf,8,1
5873,1,0.013079066399190396,4.695442532797353,original_fixed_rbf,8,1
5873,2,0.028548767463463322,0.313405663526136,original_fixed_rbf,8,1
5873,3,0.0198865531962571,5.047802172351282,original_fixed_rbf,8,1
5873,4,0.0359938589955999,1.4100844451517252,original_fixed_rbf,8,1
5873,5,0.04638571641302004,4.758396922657801,original_fixed_rbf,8,1
5873,6,0.025240612585417262,5.597444159413098,original_fixed_rbf,8,1
5873,7,0.054156994435860493,4.432673637396581,original_fixed_rbf,8,1
5873,8,0.14975470753058237,2.3194658575205387,original_fixed_rbf,8,1
5873,9,0.15185996313767725,10.711045287024472,original_fixed_rbf,8,1
5873,10,0.05959771975433317,1.8115135122746329,original_fixed_rbf,8,1
6148,1,0.0010641531324343822,2.2396969732683463,original_fixed_rbf,8,1
6148,2,0.001983812826091838,1.654828001514545,original_fixed_rbf,8,1
6148,3,0.0012350172327550148,3.0473876454430564,original_fixed_rbf,8,1
6148,4,0.0016763382066977098,2.0745653412782787,original_fixed_rbf,8,1
6148,5,0.007576174340106772,1.6008773089664647,original_fixed_rbf,8,1
6148,6,0.0031106041994928262,2.8491371407491863,original_fixed_rbf,8,1
6148,7,0.0031672994596767257,2.2783804011062716,original_fixed_rbf,8,1
6148,8,0.011936960662622814,3.1083667315698094,original_fixed_rbf,8,1
6148,10,0.0045279244421453585,1.6430660378753095,original_fixed_rbf,8,1
7862,1,0.0429412376412789,0.5601653175562549,original_fixed_rbf,8,1
7862,2,0.06872344654718694,10.156833727440057,original_fixed_rbf,8,1
7862,3,0.047260768477801376,3.2282754955108213,original_fixed_rbf,8,1
7862,4,0.06864957475461976,3.97851254859826,original_fixed_rbf,8,1
7862,5,0.09166331228195067,20.33015626850279,original_fixed_rbf,8,1
7862,6,0.03493594715090944,3.5404123511356733,original_fixed_rbf,8,1
7862,7,0.09246564403174157,13.154135736771552,original_fixed_rbf,8,1
7862,8,0.05941337298966275,0.670868875244797,original_fixed_rbf,8,1
7862,9,0.11693751462015058,28.60029162510353,original_fixed_rbf,8,1
7862,10,0.08980896036461226,5.739274209630702,original_fixed_rbf,8,1
8539,1,0.0003581391766805148,1.876545420837241,original_fixed_rbf,8,1
8539,2,0.0009071835813579797,7.752594547058549,original_fixed_rbf,8,1
8539,3,0.0003629121540903372,2.8435039753598366,original_fixed_rbf,8,1
8539,4,0.0009683561431933872,0.4782293567497629,original_fixed_rbf,8,1
8539,5,0.0027667962066990717,2.4791419075992542,original_fixed_rbf,8,1
8539,8,0.014218159229425646,2.516743596153647,original_fixed_rbf,8,1
8539,9,0.025297907668897276,5.7122616717697765,original_fixed_rbf,8,1
8539,10,0.002665743875050069,5.994976339196041,original_fixed_rbf,8,1
9311,1,0.021307722868900644,1.9060597752145916,original_fixed_rbf,8,1
9311,2,0.03792804100620585,6.210561441108823,original_fixed_rbf,8,1
9311,3,0.027054518964508775,0.46526122338671216,original_fixed_rbf,8,1
9311,6,0.03548476273678174,1.6551222008400968,original_fixed_rbf,8,1
9311,7,0.05771126890663935,10.178789010589508,original_fixed_rbf,8,1
9311,8,0.03797990050264806,1.614198042179077,original_fixed_rbf,8,1
9311,9,0.0723979160184487,17.639602697206918,original_fixed_rbf,8,1
9311,10,0.06952025654058189,3.6278649555110287,original_fixed_rbf,8,1
9779,1,0.0047605711228271294,4.239118071324165,original_fixed_rbf,8,1
9779,2,0.010926535370043984,5.470446775308756,original_fixed_rbf,8,1
9779,3,0.006690757867670765,6.606117948499934,original_fixed_rbf,8,1
9779,4,0.013345215549411036,2.2531646558984386,original_fixed_rbf,8,1
9779,5,0.018091170106230188,3.347530999732632,original_fixed_rbf,8,1
9779,6,0.01182201301955907,6.868617370102034,original_fixed_rbf,8,1
9779,7,0.02086997598802885,0.35650846752498455,original_fixed_rbf,8,1
9779,8,0.018719032266147535,4.237102091048478,original_fixed_rbf,8,1
9779,9,0.03117505758510395,1.8717730815432307,original_fixed_rbf,8,1
9779,10,0.021254155959546245,6.505147863138874,original_fixed_rbf,8,1
422,1,0.0006300531515915882,0.49091071877370934,boundary_kernel_pca,16,1
422,2,0.0007343144682141873,0.07262157427505375,boundary_kernel_pca,16,1
422,3,0.003947335945519535,0.48251144353416425,boundary_kernel_pca,16,1
422,4,0.0014147436837545365,0.07944759511144321,boundary_kernel_pca,16,1
422,5,0.0037001056128378403,0.003481324762941818,boundary_kernel_pca,16,1
422,8,0.025303970804099938,1.2759259020822245,boundary_kernel_pca,16,1
422,9,0.038868731947124806,0.5453755909792446,boundary_kernel_pca,16,1
422,10,0.005602495445535442,0.5891471433528532,boundary_kernel_pca,16,1
1190,1,0.001102196010696643,0.39027677363736146,boundary_kernel_pca,16,1
1190,2,0.0017438708459053414,0.9974179128609898,boundary_kernel_pca,16,1
1190,3,0.004620535369148282,0.030891292334956116,boundary_kernel_pca,16,1
1190,4,0.004568035708676997,0.13514404045035144,boundary_kernel_pca,16,1
1190,5,0.010786032706818768,0.07682638083787482,boundary_kernel_pca,16,1
1190,6,0.008338159442324583,0.03313909536776428,boundary_kernel_pca,16,1
1190,7,0.01641870792479513,1.6189290126130838,boundary_kernel_pca,16,1
1190,8,0.013329133516895858,0.13992868949385961,boundary_kernel_pca,16,1
1190,9,0.019204783733697935,2.837029837123019,boundary_kernel_pca,16,1
1190,10,0.00644584524061221,1.1044106097601407,boundary_kernel_pca,16,1
1826,1,0.005100971628912037,1.9144248893904874,boundary_kernel_pca,16,1
1826,2,0.00997662114361533,1.8302004880007459,boundary_kernel_pca,16,1
1826,3,0.004740466368843716,1.6029541520156405,boundary_kernel_pca,16,1
1826,4,0.00589970462959512,2.812010640310474,boundary_kernel_pca,16,1
1826,5,0.009583716061487804,4.490696564004736,boundary_kernel_pca,16,1
1826,6,0.008884609957027327,1.9046314860378037,boundary_kernel_pca,16,1
1826,7,0.007975733736110411,1.8808920725952607,boundary_kernel_pca,16,1
1826,8,0.012750814477869521,2.3346278180174327,boundary_kernel_pca,16,1
1826,9,0.01847772338087137,3.7483938531212773,boundary_kernel_pca,16,1
2209,1,0.0015033178052943396,3.5647364262936314,boundary_kernel_pca,16,1
2209,2,0.0032493412787031415,0.45234391249743655,boundary_kernel_pca,16,1
2209,3,0.0026998823333837145,4.02419074259919,boundary_kernel_pca,16,1
2209,4,0.0049515832686328086,2.950580530699853,boundary_kernel_pca,16,1
2209,5,0.012099692797296849,2.9394695803180753,boundary_kernel_pca,16,1
2209,6,0.007950065537513448,5.619326452611396,boundary_kernel_pca,16,1
2209,7,0.13658177087070353,0.5556049404613824,boundary_kernel_pca,16,1
2209,8,0.014187699652046021,3.8455583563261233,boundary_kernel_pca,16,1
2209,10,0.011602324353637766,2.799625364845216,boundary_kernel_pca,16,1
2802,1,0.003412402536090753,1.1290451744871437,boundary_kernel_pca,16,1
2802,2,0.005969705677717675,2.6801408803348266,boundary_kernel_pca,16,1
2802,3,0.006195598875337683,0.6850736536742053,boundary_kernel_pca,16,1
2802,4,0.012056754495266784,1.7175806562884446,boundary_kernel_pca,16,1
2802,5,0.018356880622779775,2.4976305153105103,boundary_kernel_pca,16,1
2802,6,0.014854546023023026,0.5306466512015501,boundary_kernel_pca,16,1
2802,7,0.01947872643454288,2.5940459742356383,boundary_kernel_pca,16,1
2802,8,0.022882778821423495,1.3389345699920774,boundary_kernel_pca,16,1
2802,9,0.031169035103946075,2.386792470562671,boundary_kernel_pca,16,1
3377,1,0.0022531111542500953,1.3361190837468326,boundary_kernel_pca,16,1
3377,2,0.008652303503291341,1.7121530823215094,boundary_kernel_pca,16,1
3377,3,0.007616467681593324,1.5929547443990077,boundary_kernel_pca,16,1
3377,4,0.006302303284851486,1.1552773011996438,boundary_kernel_pca,16,1
3377,5,0.0076943579823382825,3.171603239238983,boundary_kernel_pca,16,1
3377,6,0.013902293004470103,1.6415606044845714,boundary_kernel_pca,16,1
3377,7,0.02942546262568851,1.6232352976876623,boundary_kernel_pca,16,1
3377,8,0.033001408978328164,0.7979093439138417,boundary_kernel_pca,16,1
3377,9,0.04236243381888096,1.1851894260023934,boundary_kernel_pca,16,1
3377,10,0.043796910904403116,2.3310517763471794,boundary_kernel_pca,16,1
3408,1,0.0007112103426645972,3.5692060732592212,boundary_kernel_pca,16,1
3408,2,0.0019283990873981288,4.3458492395551245,boundary_kernel_pca,16,1
3408,3,0.002769794650198214,3.6482186387020343,boundary_kernel_pca,16,1
3408,4,0.0028350082372856555,3.007698998838432,boundary_kernel_pca,16,1
3408,5,0.0034328889496230675,1.9905180561099252,boundary_kernel_pca,16,1
3408,6,0.0029735775045597783,3.8968160005836827,boundary_kernel_pca,16,1
3408,7,0.006098124667645776,2.7024054735564316,boundary_kernel_pca,16,1
3408,8,0.009913916090413585,3.869743230257049,boundary_kernel_pca,16,1
3408,9,0.0112919729926749,2.313471816365063,boundary_kernel_pca,16,1
3408,10,0.1347720738511,4.147606406419204,boundary_kernel_pca,16,1
4082,1,0.0003948862370229331,0.8952688682039034,boundary_kernel_pca,16,1
4082,2,0.002529472524433206,3.8314760486968154,boundary_kernel_pca,16,1
4082,3,0.0007986415342581159,1.2105828496298883,boundary_kernel_pca,16,1
4082,4,0.0015877151652669323,1.0159452892956986,boundary_kernel_pca,16,1
4082,5,0.005292086325204465,2.2414977080767122,boundary_kernel_pca,16,1
4082,6,0.0036684118641135918,1.0191749138797581,boundary_kernel_pca,16,1
4082,7,0.006969225557191388,2.824090838743555,boundary_kernel_pca,16,1
4082,8,0.02575695964998209,1.0810179458564144,boundary_kernel_pca,16,1
4082,9,0.03097578954745544,2.5022512076449495,boundary_kernel_pca,16,1
4082,10,0.0075573284366535235,0.43793654681120225,boundary_kernel_pca,16,1
4352,1,0.014673245339882422,3.1499309068386196,boundary_kernel_pca,16,1
4352,2,0.02679898957745566,3.3079651453644083,boundary_kernel_pca,16,1
4352,3,0.027806465121246893,5.868329157679764,boundary_kernel_pca,16,1
4352,4,0.04057006492833824,7.505829871177716,boundary_kernel_pca,16,1
4352,5,0.04760938776156254,6.979294986112287,boundary_kernel_pca,16,1
4352,6,0.039562476067353976,8.872871301196462,boundary_kernel_pca,16,1
4352,7,0.05248055311322155,7.2213819953287395,boundary_kernel_pca,16,1
4352,8,0.052517316077787576,9.103402388324124,boundary_kernel_pca,16,1
4352,9,0.06687024877540089,7.386764175369832,boundary_kernel_pca,16,1
4352,10,0.06065762179050129,10.895978025211233,boundary_kernel_pca,16,1
4470,1,0.0014577994851920739,0.5145307764918583,boundary_kernel_pca,16,1
4470,2,0.0019900682820392056,2.188007256531066,boundary_kernel_pca,16,1
4470,3,0.004863777848267133,0.51471543201819,boundary_kernel_pca,16,1
4470,4,0.007148206728943178,0.9234352330115034,boundary_kernel_pca,16,1
4470,5,0.024274874459195562,2.2703237989232163,boundary_kernel_pca,16,1
4470,6,0.025543604685598652,0.4435494126906691,boundary_kernel_pca,16,1
4470,7,0.00960321698899452,1.6408532906342423,boundary_kernel_pca,16,1
4470,8,0.011651705071807064,0.7530937543811514,boundary_kernel_pca,16,1
4470,9,0.0036060122830797255,0.7704486467831168,boundary_kernel_pca,16,1
4470,10,0.009507300232922263,0.5506709704103824,boundary_kernel_pca,16,1
5873,1,0.009637360791599013,1.4720119415992756,boundary_kernel_pca,16,1
5873,2,0.019930558928986396,4.557500350046578,boundary_kernel_pca,16,1
5873,3,0.01576771124523864,0.886303908389469,boundary_kernel_pca,16,1
5873,4,0.02898000135277329,2.943578855597,boundary_kernel_pca,16,1
5873,5,0.03665366202752509,6.3575710106756995,boundary_kernel_pca,16,1
5873,6,0.022232861261351287,0.6676601699558092,boundary_kernel_pca,16,1
5873,7,0.04125720251350071,5.773221585352312,boundary_kernel_pca,16,1
5873,8,0.15007583111910636,2.0633407417010496,boundary_kernel_pca,16,1
5873,9,0.15763658203961944,11.138509499038811,boundary_kernel_pca,16,1
5873,10,0.05049990355390515,5.257738806480476,boundary_kernel_pca,16,1
6148,1,0.0005978452586324851,3.1178196428271354,boundary_kernel_pca,16,1
6148,2,0.0021034363824371663,3.49521121209073,boundary_kernel_pca,16,1
6148,3,0.001392865097263956,3.9065079665370006,boundary_kernel_pca,16,1
6148,4,0.002022655874006452,2.522841059542992,boundary_kernel_pca,16,1
6148,5,0.014003800197184797,2.5450361112502327,boundary_kernel_pca,16,1
6148,6,0.008186293205610762,4.145870981145915,boundary_kernel_pca,16,1
6148,7,0.006963179737349695,3.520361900702533,boundary_kernel_pca,16,1
6148,8,0.012857474850782057,2.981654777440758,boundary_kernel_pca,16,1
6148,10,0.004179664815261974,2.72657490700465,boundary_kernel_pca,16,1
7862,1,0.040168265616201126,6.200029710765993,boundary_kernel_pca,16,1
7862,2,0.05856623369758993,14.771970706028373,boundary_kernel_pca,16,1
7862,3,0.043019714583704315,2.063622972170411,boundary_kernel_pca,16,1
7862,4,0.06144413826588304,6.812572756736453,boundary_kernel_pca,16,1
7862,5,0.08318000348896153,19.52142209813317,boundary_kernel_pca,16,1
7862,6,0.02907359522559088,1.2780183108527101,boundary_kernel_pca,16,1
7862,7,0.07974142379544497,12.889485433537043,boundary_kernel_pca,16,1
7862,8,0.051974062189433096,3.0710794896593585,boundary_kernel_pca,16,1
7862,9,0.0982641033548882,27.286993349263476,boundary_kernel_pca,16,1
7862,10,0.08115766011737885,9.90241816875184,boundary_kernel_pca,16,1
8539,1,0.0021297667836690853,3.4895222872661824,boundary_kernel_pca,16,1
8539,2,0.003016625805982959,2.9679765936630926,boundary_kernel_pca,16,1
8539,3,0.0014354632587997439,3.2295900835231146,boundary_kernel_pca,16,1
8539,4,0.0026903148946139477,3.46396800594886,boundary_kernel_pca,16,1
8539,5,0.0037171341489404945,5.586281693758583,boundary_kernel_pca,16,1
8539,8,0.018186726483010757,3.236002684348374,boundary_kernel_pca,16,1
8539,9,0.027249287360839522,6.704189962381385,boundary_kernel_pca,16,1
8539,10,0.0065536687582439905,2.50057635590505,boundary_kernel_pca,16,1
9311,1,0.015317403985542793,5.740913251353606,boundary_kernel_pca,16,1
9311,2,0.023929836272826018,7.372194781987171,boundary_kernel_pca,16,1
9311,3,0.020068169008657894,2.994774115601942,boundary_kernel_pca,16,1
9311,6,0.028155862891271036,2.0575421332231048,boundary_kernel_pca,16,1
9311,7,0.04149716179784815,7.724346404927559,boundary_kernel_pca,16,1
9311,8,0.031218352277699916,3.5534634145691273,boundary_kernel_pca,16,1
9311,9,0.05709063053845947,17.5565606419611,boundary_kernel_pca,16,1
9311,10,0.06219662724543473,5.838646289696591,boundary_kernel_pca,16,1
9779,1,0.0021615143267083767,3.54270769305033,boundary_kernel_pca,16,1
9779,2,0.005733754123664952,2.8121384331555492,boundary_kernel_pca,16,1
9779,3,0.0051365477360143606,4.451893437326897,boundary_kernel_pca,16,1
9779,4,0.008824251934580415,3.400606168154313,boundary_kernel_pca,16,1
9779,5,0.011961553638290618,2.046060826377996,boundary_kernel_pca,16,1
9779,6,0.008939406146962066,4.349851955554898,boundary_kernel_pca,16,1
9779,7,0.017863300972630322,2.785936304500454,boundary_kernel_pca,16,1
9779,8,0.013716590969336645,3.616258398943752,boundary_kernel_pca,16,1
9779,9,0.015227079640747435,4.091482135302184,boundary_kernel_pca,16,1
9779,10,0.012739103218427215,5.029287421440831,boundary_kernel_pca,16,1
422,1,0.0006437537849759043,0.49091071877370934,output_pca,16,1
422,2,0.0008782186919415786,0.07262157427505375,output_pca,16,1
422,3,0.0011059543557857896,0.48251144353416425,output_pca,16,1
422,4,0.0014617235163471884,0.07944759511144321,output_pca,16,1
422,5,0.0029381665985029194,0.003481324762941818,output_pca,16,1
422,8,0.029618948377162325,1.2759259020822245,output_pca,16,1
422,9,0.028026508632329302,0.5453755909792446,output_pca,16,1
422,10,0.004262623816746345,0.5891471433528532,output_pca,16,1
1190,1,0.0015250717313522709,0.39027677363736146,output_pca,16,1
1190,2,0.001867960528440889,0.9974179128609898,output_pca,16,1
1190,3,0.001494058844887591,0.030891292334956116,output_pca,16,1
1190,4,0.005363039617219224,0.13514404045035144,output_pca,16,1
1190,5,0.007685979240293286,0.07682638083787482,output_pca,16,1
1190,6,0.006627602309331207,0.03313909536776428,output_pca,16,1
1190,7,0.004558826144327934,1.6189290126130838,output_pca,16,1
1190,8,0.01619376272059958,0.13992868949385961,output_pca,16,1
1190,9,0.018182137292169536,2.837029837123019,output_pca,16,1
1190,10,0.014031540135425229,1.1044106097601407,output_pca,16,1
1826,1,0.0040895814207872255,1.9144248893904874,output_pca,16,1
1826,2,0.01165157384414084,1.8302004880007459,output_pca,16,1
1826,3,0.009538858157116392,1.6029541520156405,output_pca,16,1
1826,4,0.005948927826166289,2.812010640310474,output_pca,16,1
1826,5,0.008610284973756533,4.490696564004736,output_pca,16,1
1826,6,0.008820211608944783,1.9046314860378037,output_pca,16,1
1826,7,0.0080081582909876,1.8808920725952607,output_pca,16,1
1826,8,0.017112833607430242,2.3346278180174327,output_pca,16,1
1826,9,0.01896551281756811,3.7483938531212773,output_pca,16,1
2209,1,0.0019088077859856889,3.5647364262936314,output_pca,16,1
2209,2,0.0033891258373756786,0.45234391249743655,output_pca,16,1
2209,3,0.0022894659833173426,4.02419074259919,output_pca,16,1
2209,4,0.005965358385490024,2.950580530699853,output_pca,16,1
2209,5,0.007810686985522584,2.9394695803180753,output_pca,16,1
2209,6,0.00734067601359749,5.619326452611396,output_pca,16,1
2209,7,0.1367144367800504,0.5556049404613824,output_pca,16,1
2209,8,0.008544558276223743,3.8455583563261233,output_pca,16,1
2209,10,0.013331092423572357,2.799625364845216,output_pca,16,1
2802,1,0.0040071082189840415,1.1290451744871437,output_pca,16,1
2802,2,0.006227219364646129,2.6801408803348266,output_pca,16,1
2802,3,0.003659048446842676,0.6850736536742053,output_pca,16,1
2802,4,0.011209028672204214,1.7175806562884446,output_pca,16,1
2802,5,0.01901734743592559,2.4976305153105103,output_pca,16,1
2802,6,0.015491058613238328,0.5306466512015501,output_pca,16,1
2802,7,0.011737540273500413,2.5940459742356383,output_pca,16,1
2802,8,0.022923909268541483,1.3389345699920774,output_pca,16,1
2802,9,0.031764210658114495,2.386792470562671,output_pca,16,1
3377,1,0.0022030057447392747,1.3361190837468326,output_pca,16,1
3377,2,0.0035343678642184096,1.7121530823215094,output_pca,16,1
3377,3,0.0037902444899843885,1.5929547443990077,output_pca,16,1
3377,4,0.004272037559162217,1.1552773011996438,output_pca,16,1
3377,5,0.006099687227456035,3.171603239238983,output_pca,16,1
3377,6,0.011153966692681594,1.6415606044845714,output_pca,16,1
3377,7,0.01548519263541827,1.6232352976876623,output_pca,16,1
3377,8,0.031447137418682394,0.7979093439138417,output_pca,16,1
3377,9,0.04584967074326609,1.1851894260023934,output_pca,16,1
3377,10,0.043090251023291774,2.3310517763471794,output_pca,16,1
3408,1,0.0010713557203558233,3.5692060732592212,output_pca,16,1
3408,2,0.0021475773485493213,4.3458492395551245,output_pca,16,1
3408,3,0.0015577347858215585,3.6482186387020343,output_pca,16,1
3408,4,0.0023469801418263534,3.007698998838432,output_pca,16,1
3408,5,0.0037889666397935414,1.9905180561099252,output_pca,16,1
3408,6,0.002958756883846494,3.8968160005836827,output_pca,16,1
3408,7,0.005452689670123658,2.7024054735564316,output_pca,16,1
3408,8,0.009592425199468754,3.869743230257049,output_pca,16,1
3408,9,0.01098271522712931,2.313471816365063,output_pca,16,1
3408,10,0.1346212404612936,4.147606406419204,output_pca,16,1
4082,1,0.0007025532046235711,0.8952688682039034,output_pca,16,1
4082,2,0.002172955779468432,3.8314760486968154,output_pca,16,1
4082,3,0.0014497144157735004,1.2105828496298883,output_pca,16,1
4082,4,0.0014708197412970048,1.0159452892956986,output_pca,16,1
4082,5,0.0030865892920642238,2.2414977080767122,output_pca,16,1
4082,6,0.0036241201391217443,1.0191749138797581,output_pca,16,1
4082,7,0.003415577093287199,2.824090838743555,output_pca,16,1
4082,8,0.02434058041316771,1.0810179458564144,output_pca,16,1
4082,9,0.03208861526522627,2.5022512076449495,output_pca,16,1
4082,10,0.004849896534171725,0.43793654681120225,output_pca,16,1
4352,1,0.01535659366157897,3.1499309068386196,output_pca,16,1
4352,2,0.02624192801973379,3.3079651453644083,output_pca,16,1
4352,3,0.024856083548980997,5.868329157679764,output_pca,16,1
4352,4,0.039045662573452836,7.505829871177716,output_pca,16,1
4352,5,0.04765282079794297,6.979294986112287,output_pca,16,1
4352,6,0.039571506361961994,8.872871301196462,output_pca,16,1
4352,7,0.045761313173640746,7.2213819953287395,output_pca,16,1
4352,8,0.05277433735594961,9.103402388324124,output_pca,16,1
4352,9,0.06382827836776934,7.386764175369832,output_pca,16,1
4352,10,0.0648602685367211,10.895978025211233,output_pca,16,1
4470,1,0.002662141088911908,0.5145307764918583,output_pca,16,1
4470,2,0.0017620642487393662,2.188007256531066,output_pca,16,1
4470,3,0.0019981081638893003,0.51471543201819,output_pca,16,1
4470,4,0.004482273500452286,0.9234352330115034,output_pca,16,1
4470,5,0.023927766688938576,2.2703237989232163,output_pca,16,1
4470,6,0.026269756103042503,0.4435494126906691,output_pca,16,1
4470,7,0.0037924164849417047,1.6408532906342423,output_pca,16,1
4470,8,0.011998247195676383,0.7530937543811514,output_pca,16,1
4470,9,0.008402676913122988,0.7704486467831168,output_pca,16,1
4470,10,0.009055752503058607,0.5506709704103824,output_pca,16,1
5873,1,0.010099927225442134,1.4720119415992756,output_pca,16,1
5873,2,0.020494698812609895,4.557500350046578,output_pca,16,1
5873,3,0.01520248721698525,0.886303908389469,output_pca,16,1
5873,4,0.02797641710828511,2.943578855597,output_pca,16,1
5873,5,0.03679988739544686,6.3575710106756995,output_pca,16,1
5873,6,0.02229873676271654,0.6676601699558092,output_pca,16,1
5873,7,0.03853766999238787,5.773221585352312,output_pca,16,1
5873,8,0.15002801189419424,2.0633407417010496,output_pca,16,1
5873,9,0.1528448219105295,11.138509499038811,output_pca,16,1
5873,10,0.05006451931119503,5.257738806480476,output_pca,16,1
6148,1,0.0007975240838625676,3.1178196428271354,output_pca,16,1
6148,2,0.0010674509066998263,3.49521121209073,output_pca,16,1
6148,3,0.0007249891488463622,3.9065079665370006,output_pca,16,1
6148,4,0.0015919138596942907,2.522841059542992,output_pca,16,1
6148,5,0.01419779999004903,2.5450361112502327,output_pca,16,1
6148,6,0.011020201259409649,4.145870981145915,output_pca,16,1
6148,7,0.004492691016209419,3.520361900702533,output_pca,16,1
6148,8,0.0033628355120081965,2.981654777440758,output_pca,16,1
6148,10,0.0037551925372710003,2.72657490700465,output_pca,16,1
7862,1,0.0406724003954778,6.200029710765993,output_pca,16,1
7862,2,0.05954928633167182,14.771970706028373,output_pca,16,1
7862,3,0.041055477988401846,2.063622972170411,output_pca,16,1
7862,4,0.06097791584031231,6.812572756736453,output_pca,16,1
7862,5,0.08316902950682732,19.52142209813317,output_pca,16,1
7862,6,0.02908045602224552,1.2780183108527101,output_pca,16,1
7862,7,0.07528197732235152,12.889485433537043,output_pca,16,1
7862,8,0.05195460266308829,3.0710794896593585,output_pca,16,1
7862,9,0.10188351765887471,27.286993349263476,output_pca,16,1
7862,10,0.08168128918428476,9.90241816875184,output_pca,16,1
8539,1,0.0020344766467325095,3.4895222872661824,output_pca,16,1
8539,2,0.004454600653676895,2.9679765936630926,output_pca,16,1
8539,3,0.002675190363947615,3.2295900835231146,output_pca,16,1
8539,4,0.004903629911190982,3.46396800594886,output_pca,16,1
8539,5,0.002923097253870205,5.586281693758583,output_pca,16,1
8539,8,0.018405293820442703,3.236002684348374,output_pca,16,1
8539,9,0.0229064625217481,6.704189962381385,output_pca,16,1
8539,10,0.00997708540735555,2.50057635590505,output_pca,16,1
9311,1,0.01606742821933703,5.740913251353606,output_pca,16,1
9311,2,0.022946445313069677,7.372194781987171,output_pca,16,1
9311,3,0.018332254232734917,2.994774115601942,output_pca,16,1
9311,6,0.02848887607367443,2.0575421332231048,output_pca,16,1
9311,7,0.03488861822637902,7.724346404927559,output_pca,16,1
9311,8,0.029525600401534062,3.5534634145691273,output_pca,16,1
9311,9,0.05655754165827931,17.5565606419611,output_pca,16,1
9311,10,0.06179248693051757,5.838646289696591,output_pca,16,1
9779,1,0.002439604018611616,3.54270769305033,output_pca,16,1
9779,2,0.00437218612413846,2.8121384331555492,output_pca,16,1
9779,3,0.002693097621170443,4.451893437326897,output_pca,16,1
9779,4,0.006843384057922126,3.400606168154313,output_pca,16,1
9779,5,0.013005270794668119,2.046060826377996,output_pca,16,1
9779,6,0.008890487978968076,4.349851955554898,output_pca,16,1
9779,7,0.009494930972893985,2.785936304500454,output_pca,16,1
9779,8,0.012629841889576167,3.616258398943752,output_pca,16,1
9779,9,0.019343381894391377,4.091482135302184,output_pca,16,1
9779,10,0.01221779752333279,5.029287421440831,output_pca,16,1
422,1,0.0010017853923999893,6.285202337582492,direct_hf,16,1
422,2,0.003930413793461443,0.8211244165785212,direct_hf,16,1
422,3,0.0022568803363883323,7.079878014092388,direct_hf,16,1
422,4,0.002475316305990932,2.654714487895322,direct_hf,16,1
422,5,0.025282287424124205,0.585784274732855,direct_hf,16,1
422,8,0.13569418389647017,3.6536781804916285,direct_hf,16,1
422,9,0.13791221498843115,6.510349593961716,direct_hf,16,1
422,10,0.008568483049220503,4.128040725167088,direct_hf,16,1
1190,1,0.002272051517193957,2.0405239967830093,direct_hf,16,1
1190,2,0.0035323384227381833,6.009672220215666,direct_hf,16,1
1190,3,0.005335769589214567,1.9077415762714274,direct_hf,16,1
1190,4,0.004232948480016193,2.6505469100254984,direct_hf,16,1
1190,5,0.027407437320910544,9.972425049084116,direct_hf,16,1
1190,6,0.029389239848787125,2.572442301446189,direct_hf,16,1
1190,7,0.010533356074316222,4.590936743577252,direct_hf,16,1
1190,8,0.0070334435589074484,2.0644226316861185,direct_hf,16,1
1190,9,0.009245368096070397,3.7240035508801657,direct_hf,16,1
1190,10,0.040852343944021215,8.522300701552695,direct_hf,16,1
1826,1,0.003392967764272993,7.345565740647663,direct_hf,16,1
1826,2,0.005730682347877285,5.165800442096246,direct_hf,16,1
1826,3,0.004548971729227076,1.145649053569385,direct_hf,16,1
1826,4,0.006435369723125982,3.875046020955655,direct_hf,16,1
1826,5,0.024701423296892143,8.650638152050616,direct_hf,16,1
1826,6,0.024380020928327875,1.9039440702277555,direct_hf,16,1
1826,7,0.008241174726388412,4.946390602116431,direct_hf,16,1
1826,8,0.009592125726532601,6.709943136892426,direct_hf,16,1
1826,9,0.01740414737436116,4.434724984080029,direct_hf,16,1
2209,1,0.008868800448501506,1.1853106048544302,direct_hf,16,1
2209,2,0.015311815815263592,18.346138457367502,direct_hf,16,1
2209,3,0.016954105383094928,9.405550564441915,direct_hf,16,1
2209,4,0.022482152159333593,1.326277921291855,direct_hf,16,1
2209,5,0.02242289717368768,10.423910459066349,direct_hf,16,1
2209,6,0.034975028853826466,13.774671946483336,direct_hf,16,1
2209,7,0.25009792023564154,14.866351007284948,direct_hf,16,1
2209,8,0.034695810003060976,4.584980987554364,direct_hf,16,1
2209,10,0.047148878333933636,3.1073718251481046,direct_hf,16,1
2802,1,0.0074318611495777405,0.5349973623853123,direct_hf,16,1
2802,2,0.008944236637373912,0.3410585734521929,direct_hf,16,1
2802,3,0.009363488806031753,1.1873801867907787,direct_hf,16,1
2802,4,0.01073870151341948,0.1362936734873555,direct_hf,16,1
2802,5,0.020899556345111397,2.0048428569760084,direct_hf,16,1
2802,6,0.0226403832807173,1.1015332325348128,direct_hf,16,1
2802,7,0.012658965083444305,1.0274676812660657,direct_hf,16,1
2802,8,0.0021449051366612243,1.2002639927050591,direct_hf,16,1
2802,9,0.0021610024605000023,3.8689994444347025,direct_hf,16,1
3377,1,0.009002997089297847,10.75986319670157,direct_hf,16,1
3377,2,0.007907562140156983,5.617821928741434,direct_hf,16,1
3377,3,0.009863974444165995,14.115096466435991,direct_hf,16,1
3377,4,0.010318559702104617,13.655676099412661,direct_hf,16,1
3377,5,0.02622371065859199,12.66891064117356,direct_hf,16,1
3377,6,0.04426640636475989,23.75712030164484,direct_hf,16,1
3377,7,0.010693804796099013,15.943040073972037,direct_hf,16,1
3377,8,0.011066685099170545,16.410954554245553,direct_hf,16,1
3377,9,0.013598680424570811,2.4727915613705824,direct_hf,16,1
3377,10,0.015406362691145986,36.6005800354193,direct_hf,16,1
3408,1,0.0011407163674925,5.780720466992582,direct_hf,16,1
3408,2,0.00538310102594292,12.098635663183217,direct_hf,16,1
3408,3,0.0028248219469890075,5.095069060211815,direct_hf,16,1
3408,4,0.0020469089480426796,5.888777918094084,direct_hf,16,1
3408,5,0.028718614357723545,6.374120548930371,direct_hf,16,1
3408,6,0.01880731656668603,4.543691058398031,direct_hf,16,1
3408,7,0.004911075289532315,16.335604109238453,direct_hf,16,1
3408,8,0.013661732090327342,4.565760283877361,direct_hf,16,1
3408,9,0.022559405546997587,8.563817698374267,direct_hf,16,1
3408,10,0.13569876974100922,3.2238512775193984,direct_hf,16,1
4082,1,0.002418340809850284,3.276973031108959,direct_hf,16,1
4082,2,0.004734092472740532,5.955200220993462,direct_hf,16,1
4082,3,0.0034528720012533985,10.279131496140305,direct_hf,16,1
4082,4,0.0043243474806065225,6.183094237947183,direct_hf,16,1
4082,5,0.03247301784272276,2.3273604681822007,direct_hf,16,1
4082,6,0.02050513908734508,8.915864059984674,direct_hf,16,1
4082,7,0.0036029973923856545,0.17245429167089915,direct_hf,16,1
4082,8,0.07522969146007993,3.8487802244348046,direct_hf,16,1
4082,9,0.08035222947570718,8.742632343020157,direct_hf,16,1
4082,10,0.02499160815520774,0.5247989353289778,direct_hf,16,1
4352,1,0.006184023474671339,4.383286681111895,direct_hf,16,1
4352,2,0.011779214573892893,8.623828848964068,direct_hf,16,1
4352,3,0.009218192618641393,14.700126057723155,direct_hf,16,1
4352,4,0.014041446946437683,12.671334622076554,direct_hf,16,1
4352,5,0.08893874376949515,8.69997642673236,direct_hf,16,1
4352,6,0.09441233625492085,17.133998822464683,direct_hf,16,1
4352,7,0.019621885039775466,10.589858773186384,direct_hf,16,1
4352,8,0.027929129623526696,18.583650701005723,direct_hf,16,1
4352,9,0.04415117582690547,10.02207965577934,direct_hf,16,1
4352,10,0.03181556465525203,14.810769594151143,direct_hf,16,1
4470,1,0.006523360643533002,1.3359162477195294,direct_hf,16,1
4470,2,0.005745846347361255,0.24554788532446797,direct_hf,16,1
4470,3,0.0076565448199989615,0.030881038090279166,direct_hf,16,1
4470,4,0.00807356309082312,0.052111555466165894,direct_hf,16,1
4470,5,0.05208680564604815,1.4450508239203934,direct_hf,16,1
4470,6,0.041099046935453354,0.03311434072925072,direct_hf,16,1
4470,7,0.009318000839760924,1.655501287418966,direct_hf,16,1
4470,8,0.009871502847273414,0.3173574526889689,direct_hf,16,1
4470,9,0.015400651815241943,1.8239691919589724,direct_hf,16,1
4470,10,0.020080923712360196,0.4936706445217451,direct_hf,16,1
5873,1,0.002048124464038993,8.573166798711506,direct_hf,16,1
5873,2,0.0033358542006442413,6.429030196850004,direct_hf,16,1
5873,3,0.002975128630568746,2.4276666987474527,direct_hf,16,1
5873,4,0.004482549870601071,5.281375599880328,direct_hf,16,1
5873,5,0.040445847503753705,6.369634491086266,direct_hf,16,1
5873,6,0.02566933714434191,2.50835303225066,direct_hf,16,1
5873,7,0.004865571286027101,5.26736894335497,direct_hf,16,1
5873,8,0.006333332461250596,4.662330704479277,direct_hf,16,1
5873,9,0.016821260293335423,9.022178951852776,direct_hf,16,1
5873,10,0.008004405075715247,6.206347698979451,direct_hf,16,1
6148,1,0.006400248020189318,20.082058287319455,direct_hf,16,1
6148,2,0.009720200658060684,7.9324645814525105,direct_hf,16,1
6148,3,0.012272640991676693,4.358443761049105,direct_hf,16,1
6148,4,0.013161637821648905,4.39881543762234,direct_hf,16,1
6148,5,0.030089705986534526,1.6274377417729518,direct_hf,16,1
6148,6,0.016728298422416403,0.8980189667018802,direct_hf,16,1
6148,7,0.018090587941747605,2.1873311605983727,direct_hf,16,1
6148,8,0.027064234570448233,1.8700239075613978,direct_hf,16,1
6148,10,0.016675038158700188,14.649811988607446,direct_hf,16,1
7862,1,0.016106428872206615,19.707035587512067,direct_hf,16,1
7862,2,0.011256610747955793,34.34987707255078,direct_hf,16,1
7862,3,0.015864465220917626,10.895548310502214,direct_hf,16,1
7862,4,0.014631902370708983,24.479891425610685,direct_hf,16,1
7862,5,0.026089089040357304,46.36544641585384,direct_hf,16,1
7862,6,0.013992170592464648,9.403265611781098,direct_hf,16,1
7862,7,0.015722427870657533,34.27549212564797,direct_hf,16,1
7862,8,0.016522167981003408,17.084930415419823,direct_hf,16,1
7862,9,0.024184868245710044,57.433678703848514,direct_hf,16,1
7862,10,0.025688722851084807,28.84601022106116,direct_hf,16,1
8539,1,0.0016721420663471996,7.497454825796479,direct_hf,16,1
8539,2,0.004604944531133087,13.552998142470452,direct_hf,16,1
8539,3,0.002846367194010427,10.226311693840561,direct_hf,16,1
8539,4,0.005253818839541852,12.795318552872056,direct_hf,16,1
8539,5,0.028190070008819915,11.250841012818038,direct_hf,16,1
8539,8,0.10367791302813531,11.135863440218474,direct_hf,16,1
8539,9,0.10069652560094741,19.148790773903297,direct_hf,16,1
8539,10,0.016221019935225307,12.585319546729373,direct_hf,16,1
9311,1,0.0038267813683518785,2.9502688975340865,direct_hf,16,1
9311,2,0.002897554225096387,9.416185971660381,direct_hf,16,1
9311,3,0.001999453776680881,0.35376153889546735,direct_hf,16,1
9311,6,0.020657867347734192,1.2587365726406228,direct_hf,16,1
9311,7,0.004997524818730193,10.213461451366857,direct_hf,16,1
9311,8,0.025964966493391074,2.4201038734707736,direct_hf,16,1
9311,9,0.033323165795205036,22.74244714493622,direct_hf,16,1
9311,10,0.039180081104137135,9.616700897038902,direct_hf,16,1
9779,1,0.007757545776100378,22.152807968319834,direct_hf,16,1
9779,2,0.018205094150491027,32.601074059692316,direct_hf,16,1
9779,3,0.011995001495509675,15.83577774647718,direct_hf,16,1
9779,4,0.013689060043667179,24.77299103188073,direct_hf,16,1
9779,5,0.019737937332875162,30.734520950268426,direct_hf,16,1
9779,6,0.019744493580031424,13.573836125591004,direct_hf,16,1
9779,7,0.019390859976513724,27.066100973461335,direct_hf,16,1
9779,8,0.017632821900731576,17.152986643664182,direct_hf,16,1
9779,9,0.022862751075051754,6.717911270572466,direct_hf,16,1
9779,10,0.01968462853820911,23.11526779099589,direct_hf,16,1
422,1,0.0009504163549445423,0.49091071877370934,cokriging,16,1
422,2,0.0013995126349444235,0.07262157427505375,cokriging,16,1
422,3,0.001163717122175867,0.48251144353416425,cokriging,16,1
422,4,0.0011236331612182182,0.07944759511144321,cokriging,16,1
422,5,0.011695020876036915,0.003481324762941818,cokriging,16,1
422,8,0.03139487261164343,1.2759259020822245,cokriging,16,1
422,9,0.03189274175358603,0.5453755909792446,cokriging,16,1
422,10,0.0023137518245826493,0.5891471433528532,cokriging,16,1
1190,1,0.0018062141284741753,0.39027677363736146,cokriging,16,1
1190,2,0.001282104672278946,0.9974179128609898,cokriging,16,1
1190,3,0.001282114232728743,0.030891292334956116,cokriging,16,1
1190,4,0.002176805384056063,0.13514404045035144,cokriging,16,1
1190,5,0.014990143830273292,0.07682638083787482,cokriging,16,1
1190,6,0.0061482846074522295,0.03313909536776428,cokriging,16,1
1190,7,0.004102716308781434,1.6189290126130838,cokriging,16,1
1190,8,0.013755613701781936,0.13992868949385961,cokriging,16,1
1190,9,0.020324132528170353,2.837029837123019,cokriging,16,1
1190,10,0.0035895555107369427,1.1044106097601407,cokriging,16,1
1826,1,0.005077248604032501,1.9144248893904874,cokriging,16,1
1826,2,0.01374890935581361,1.8302004880007459,cokriging,16,1
1826,3,0.008872491347515206,1.6029541520156405,cokriging,16,1
1826,4,0.01534746115495739,2.812010640310474,cokriging,16,1
1826,5,0.008814921563030218,4.490696564004736,cokriging,16,1
1826,6,0.009371139141628746,1.9046314860378037,cokriging,16,1
1826,7,0.022115990597570297,1.8808920725952607,cokriging,16,1
1826,8,0.028203584376446877,2.3346278180174327,cokriging,16,1
1826,9,0.0183074888648304,3.7483938531212773,cokriging,16,1
2209,1,0.0024075426489124294,3.5647364262936314,cokriging,16,1
2209,2,0.002142001083639567,0.45234391249743655,cokriging,16,1
2209,3,0.001798385623801999,4.02419074259919,cokriging,16,1
2209,4,0.003964323464588232,2.950580530699853,cokriging,16,1
2209,5,0.011869841363133788,2.9394695803180753,cokriging,16,1
2209,6,0.005110085668892099,5.619326452611396,cokriging,16,1
2209,7,0.13828589802347183,0.5556049404613824,cokriging,16,1
2209,8,0.003930689773649265,3.8455583563261233,cokriging,16,1
2209,10,0.004837115687234675,2.799625364845216,cokriging,16,1
2802,1,0.00396459935398498,1.1290451744871437,cokriging,16,1
2802,2,0.007063845031017625,2.6801408803348266,cokriging,16,1
2802,3,0.0046499593763494225,0.6850736536742053,cokriging,16,1
2802,4,0.008575450063749985,1.7175806562884446,cokriging,16,1
2802,5,0.019764406019712823,2.4976305153105103,cokriging,16,1
2802,6,0.016413951335754424,0.5306466512015501,cokriging,16,1
2802,7,0.01281660816619912,2.5940459742356383,cokriging,16,1
2802,8,0.02537886670795752,1.3389345699920774,cokriging,16,1
2802,9,0.027550967249499958,2.386792470562671,cokriging,16,1
3377,1,0.002017655027338277,1.3361190837468326,cokriging,16,1
3377,2,0.002840691003764952,1.7121530823215094,cokriging,16,1
3377,3,0.002242874171012146,1.5929547443990077,cokriging,16,1
3377,4,0.0031074213753774513,1.1552773011996438,cokriging,16,1
3377,5,0.011618639040569052,3.171603239238983,cokriging,16,1
3377,6,0.01061396589588547,1.6415606044845714,cokriging,16,1
3377,7,0.004346031223685173,1.6232352976876623,cokriging,16,1
3377,8,0.03323515297921592,0.7979093439138417,cokriging,16,1
3377,9,0.04681270104006503,1.1851894260023934,cokriging,16,1
3377,10,0.03767269063495967,2.3310517763471794,cokriging,16,1
3408,1,0.0009014973883402677,3.5692060732592212,cokriging,16,1
3408,2,0.0013823312834323894,4.3458492395551245,cokriging,16,1
3408,3,0.0015022160363880742,3.6482186387020343,cokriging,16,1
3408,4,0.0020480276705348494,3.007698998838432,cokriging,16,1
3408,5,0.006193477954087337,1.9905180561099252,cokriging,16,1
3408,6,0.006757766374655033,3.8968160005836827,cokriging,16,1
3408,7,0.0028915259526820307,2.7024054735564316,cokriging,16,1
3408,8,0.005310534058679578,3.869743230257049,cokriging,16,1
3408,9,0.009145616447218266,2.313471816365063,cokriging,16,1
3408,10,0.12817071917169062,4.147606406419204,cokriging,16,1
4082,1,0.0008276846394347022,0.8952688682039034,cokriging,16,1
4082,2,0.0030872040622158046,3.8314760486968154,cokriging,16,1
4082,3,0.0019085569640183162,1.2105828496298883,cokriging,16,1
4082,4,0.0019069031928144896,1.0159452892956986,cokriging,16,1
4082,5,0.004046945594192874,2.2414977080767122,cokriging,16,1
4082,6,0.002846012853382106,1.0191749138797581,cokriging,16,1
4082,7,0.0034322159035180544,2.824090838743555,cokriging,16,1
4082,8,0.028867583236564142,1.0810179458564144,cokriging,16,1
4082,9,0.032790777478627346,2.5022512076449495,cokriging,16,1
4082,10,0.0024878007769210428,0.43793654681120225,cokriging,16,1
4352,1,0.014998324109130958,3.1499309068386196,cokriging,16,1
4352,2,0.024811185055702966,3.3079651453644083,cokriging,16,1
4352,3,0.024067327759609396,5.868329157679764,cokriging,16,1
4352,4,0.032771445003435484,7.505829871177716,cokriging,16,1
4352,5,0.04769034279159629,6.979294986112287,cokriging,16,1
4352,6,0.03875040662657924,8.872871301196462,cokriging,16,1
4352,7,0.04023180481976635,7.2213819953287395,cokriging,16,1
4352,8,0.05176583547977267,9.103402388324124,cokriging,16,1
4352,9,0.06338937874165702,7.386764175369832,cokriging,16,1
4352,10,0.05227064407216643,10.895978025211233,cokriging,16,1
4470,1,0.002406327196301996,0.5145307764918583,cokriging,16,1
4470,2,0.0024489858645969486,2.188007256531066,cokriging,16,1
4470,3,0.001208638962234887,0.51471543201819,cokriging,16,1
4470,4,0.0030444764302895973,0.9234352330115034,cokriging,16,1
4470,5,0.024159977714369018,2.2703237989232163,cokriging,16,1
4470,6,0.025285471351096236,0.4435494126906691,cokriging,16,1
4470,7,0.004263291094004013,1.6408532906342423,cokriging,16,1
4470,8,0.009588486829552986,0.7530937543811514,cokriging,16,1
4470,9,0.0058004020592706445,0.7704486467831168,cokriging,16,1
4470,10,0.011683498152091243,0.5506709704103824,cokriging,16,1
5873,1,0.009858915437008061,1.4720119415992756,cokriging,16,1
5873,2,0.02020849678417671,4.557500350046578,cokriging,16,1
5873,3,0.014495762130272557,0.886303908389469,cokriging,16,1
5873,4,0.026375370626978905,2.943578855597,cokriging,16,1
5873,5,0.03234737248722935,6.3575710106756995,cokriging,16,1
5873,6,0.02178235216036669,0.6676601699558092,cokriging,16,1
5873,7,0.03851484095860544,5.773221585352312,cokriging,16,1
5873,8,0.15019576725197678,2.0633407417010496,cokriging,16,1
5873,9,0.15511459357138133,11.138509499038811,cokriging,16,1
5873,10,0.04717382081375343,5.257738806480476,cokriging,16,1
6148,1,0.0007537766945869168,3.1178196428271354,cokriging,16,1
6148,2,0.0011928187453797497,3.49521121209073,cokriging,16,1
6148,3,0.0010638702205996342,3.9065079665370006,cokriging,16,1
6148,4,0.0014384620642589495,2.522841059542992,cokriging,16,1
6148,5,0.006981672901165894,2.5450361112502327,cokriging,16,1
6148,6,0.010032209184091808,4.145870981145915,cokriging,16,1
6148,7,0.0021888412468085254,3.520361900702533,cokriging,16,1
6148,8,0.0032670261297542357,2.981654777440758,cokriging,16,1
6148,10,0.003406114749742326,2.72657490700465,cokriging,16,1
7862,1,0.04052510542569311,6.200029710765993,cokriging,16,1
7862,2,0.059222018089451975,14.771970706028373,cokriging,16,1
7862,3,0.04074400164427885,2.063622972170411,cokriging,16,1
7862,4,0.05672853653009201,6.812572756736453,cokriging,16,1
7862,5,0.0814244662981146,19.52142209813317,cokriging,16,1
7862,6,0.02847835984671564,1.2780183108527101,cokriging,16,1
7862,7,0.07446784318347317,12.889485433537043,cokriging,16,1
7862,8,0.051766487341023334,3.0710794896593585,cokriging,16,1
7862,9,0.10155738386806767,27.286993349263476,cokriging,16,1
7862,10,0.07978525795133704,9.90241816875184,cokriging,16,1
8539,1,0.0022303218208861624,3.4895222872661824,cokriging,16,1
8539,2,0.0026633241059453258,2.9679765936630926,cokriging,16,1
8539,3,0.0019877665139078986,3.2295900835231146,cokriging,16,1
8539,4,0.0035809700719381895,3.46396800594886,cokriging,16,1
8539,5,0.0017914472747253291,5.586281693758583,cokriging,16,1
8539,8,0.02128607399345476,3.236002684348374,cokriging,16,1
8539,9,0.021575847075752885,6.704189962381385,cokriging,16,1
8539,10,0.006830761115488213,2.50057635590505,cokriging,16,1
9311,1,0.014879982651990566,5.740913251353606,cokriging,16,1
9311,2,0.018499438469442388,7.372194781987171,cokriging,16,1
9311,3,0.01496012222515147,2.994774115601942,cokriging,16,1
9311,6,0.027723493217746104,2.0575421332231048,cokriging,16,1
9311,7,0.023692743466882372,7.724346404927559,cokriging,16,1
9311,8,0.029350999199247624,3.5534634145691273,cokriging,16,1
9311,9,0.05569604164436205,17.5565606419611,cokriging,16,1
9311,10,0.05428141956164559,5.838646289696591,cokriging,16,1
9779,1,0.002011242187961061,3.54270769305033,cokriging,16,1
9779,2,0.003970307855863805,2.8121384331555492,cokriging,16,1
9779,3,0.0019488003752138193,4.451893437326897,cokriging,16,1
9779,4,0.0058646224005148625,3.400606168154313,cokriging,16,1
9779,5,0.017970982844842744,2.046060826377996,cokriging,16,1
9779,6,0.009608513367144977,4.349851955554898,cokriging,16,1
9779,7,0.008828951778982894,2.785936304500454,cokriging,16,1
9779,8,0.013063438723911509,3.616258398943752,cokriging,16,1
9779,9,0.02531178808340567,4.091482135302184,cokriging,16,1
9779,10,0.011981002501899122,5.029287421440831,cokriging,16,1
422,1,0.002351744259476677,1.4552598936727084,neural_inr,16,1
422,2,0.0046375134239090695,1.47799627663394,neural_inr,16,1
422,3,0.0035199933589328686,2.0061172614374576,neural_inr,16,1
422,4,0.00527085838210417,1.4734391198548797,neural_inr,16,1
422,5,0.008265157884571724,0.20293635788900524,neural_inr,16,1
422,8,0.02863323600517822,1.5355798784700396,neural_inr,16,1
422,9,0.03565520298742444,0.1879908804773129,neural_inr,16,1
422,10,0.006408727477245923,1.0331162212418374,neural_inr,16,1
1190,1,0.0009114177285529394,0.38639666359849206,neural_inr,16,1
1190,2,0.0035484282647635116,1.6336169474588862,neural_inr,16,1
1190,3,0.0032873197148920903,0.2641615755542766,neural_inr,16,1
1190,4,0.004584571274835175,0.08244298594998163,neural_inr,16,1
1190,5,0.010846867874808038,1.3023096593244563,neural_inr,16,1
1190,6,0.0087005057582466,0.2117255716627187,neural_inr,16,1
1190,7,0.00695011702626078,0.22969566753995185,neural_inr,16,1
1190,8,0.00838603851812637,0.2764092269133049,neural_inr,16,1
1190,9,0.011349289226248898,0.1313771220090362,neural_inr,16,1
1190,10,0.0065224123054968865,0.31430600157498234,neural_inr,16,1
1826,1,0.004132543128452912,2.363028522983228,neural_inr,16,1
1826,2,0.007201522640544574,3.8490736277322495,neural_inr,16,1
1826,3,0.006085424041114036,1.7528918198305676,neural_inr,16,1
1826,4,0.008994667485629555,2.7522979734064656,neural_inr,16,1
1826,5,0.013910415384982987,5.000656527155474,neural_inr,16,1
1826,6,0.011562210581116334,2.1123663818990837,neural_inr,16,1
1826,7,0.013633535876479056,3.6444858856163598,neural_inr,16,1
1826,8,0.012544797679584836,2.26709091958165,neural_inr,16,1
1826,9,0.01690992735882234,4.449809699781923,neural_inr,16,1
2209,1,0.0019487877204167722,1.9471177103116752,neural_inr,16,1
2209,2,0.004968028424288095,0.1807483313191665,neural_inr,16,1
2209,3,0.004742116341695307,2.312962614096612,neural_inr,16,1
2209,4,0.006887634928870784,2.7226364457021157,neural_inr,16,1
2209,5,0.014038329143403753,0.13409506693855974,neural_inr,16,1
2209,6,0.013105318793897855,3.5959376897019024,neural_inr,16,1
2209,7,0.13689005658897907,2.6202151791757933,neural_inr,16,1
2209,8,0.011521664154348169,3.2833979115491565,neural_inr,16,1
2209,10,0.009667304013645146,3.4616448052948714,neural_inr,16,1
2802,1,0.0037455571517820887,1.2205789071208666,neural_inr,16,1
2802,2,0.009600449040109016,1.9342884363176096,neural_inr,16,1
2802,3,0.009186676981435908,0.9498459412824632,neural_inr,16,1
2802,4,0.013541499140484888,1.748413638151977,neural_inr,16,1
2802,5,0.02102826221507409,2.9579912031388553,neural_inr,16,1
2802,6,0.016747488064237925,0.35182593225461606,neural_inr,16,1
2802,7,0.02379276131190585,2.8070664410940425,neural_inr,16,1
2802,8,0.023080461872117333,1.4536952720710077,neural_inr,16,1
2802,9,0.03263004967454428,5.0565117737055525,neural_inr,16,1
3377,1,0.007765286360068765,3.7177703890793947,neural_inr,16,1
3377,2,0.01883403293177213,3.5577943440421844,neural_inr,16,1
3377,3,0.018919639433703013,2.827403813788198,neural_inr,16,1
3377,4,0.027277029048239195,3.7004664909963867,neural_inr,16,1
3377,5,0.04218135788685107,4.262408132687811,neural_inr,16,1
3377,6,0.038049795158788396,2.952696063558987,neural_inr,16,1
3377,7,0.03946501898782799,3.8658727553618957,neural_inr,16,1
3377,8,0.034984307303902104,2.9081662069391307,neural_inr,16,1
3377,9,0.046790326794832166,3.191000318882104,neural_inr,16,1
3377,10,0.04733084809672627,3.555114758039508,neural_inr,16,1
3408,1,0.00152825252463738,4.529266674070629,neural_inr,16,1
3408,2,0.0023894081277338075,4.62084418689482,neural_inr,16,1
3408,3,0.0023907970288367833,4.337777256025442,neural_inr,16,1
3408,4,0.004362196718016952,4.168042928436088,neural_inr,16,1
3408,5,0.009426144635322261,4.634026258030191,neural_inr,16,1
3408,6,0.008513473065488419,5.07306670343295,neural_inr,16,1
3408,7,0.0065865062970307565,2.326291072993412,neural_inr,16,1
3408,8,0.007172487822272043,3.8323479367392332,neural_inr,16,1
3408,9,0.008989975165731728,1.777938296421218,neural_inr,16,1
3408,10,0.13610594834340614,3.8385800394264296,neural_inr,16,1
4082,1,0.0010290280833355136,1.492286115497889,neural_inr,16,1
4082,2,0.002870625335547482,1.0163678873787856,neural_inr,16,1
4082,3,0.0020601023930402005,1.0786532602585581,neural_inr,16,1
4082,4,0.0037243339944192182,0.7947218773622445,neural_inr,16,1
4082,5,0.009122589711538679,1.2210220503682032,neural_inr,16,1
4082,6,0.008347026147673048,1.3343725520218188,neural_inr,16,1
4082,7,0.0062432082335285265,0.7530885126538429,neural_inr,16,1
4082,8,0.028336490882800165,0.7217952627278256,neural_inr,16,1
4082,9,0.03757016545262444,0.7213214310582823,neural_inr,16,1
4082,10,0.007358769786370006,0.604685236667347,neural_inr,16,1
4352,1,0.009534509560938386,4.842382210183028,neural_inr,16,1
4352,2,0.020700678986185314,6.226618187846634,neural_inr,16,1
4352,3,0.023474640757616277,7.347345953613041,neural_inr,16,1
4352,4,0.03358715460615329,8.175274920816593,neural_inr,16,1
4352,5,0.02808915569435481,7.561031242174056,neural_inr,16,1
4352,6,0.028822746675382063,10.46910824822252,neural_inr,16,1
4352,7,0.048887803467419125,9.038327924921417,neural_inr,16,1
4352,8,0.04360154815627109,11.177353977128048,neural_inr,16,1
4352,9,0.05611807021424738,9.805356586706248,neural_inr,16,1
4352,10,0.06181182152554526,11.928757223467464,neural_inr,16,1
4470,1,0.002397881522455073,0.8555672771178493,neural_inr,16,1
4470,2,0.005011665018912243,1.3205427166421266,neural_inr,16,1
4470,3,0.004268152315577415,1.3486719396142923,neural_inr,16,1
4470,4,0.005882899049281194,1.257671133111803,neural_inr,16,1
4470,5,0.026744165226345117,1.4895110679863652,neural_inr,16,1
4470,6,0.028458113996486647,2.101154908394559,neural_inr,16,1
4470,7,0.009484345087273556,1.0819676786575665,neural_inr,16,1
4470,8,0.009696457963151087,1.4534842561092023,neural_inr,16,1
4470,9,0.010449135895211854,0.4685569525093556,neural_inr,16,1
4470,10,0.012560619579824765,1.6140679696184388,neural_inr,16,1
5873,1,0.009587720918281696,1.40990868484336,neural_inr,16,1
5873,2,0.019107554749533285,3.947441949332088,neural_inr,16,1
5873,3,0.01755872990837978,0.6889931284604612,neural_inr,16,1
5873,4,0.027041525131545948,3.076492522401921,neural_inr,16,1
5873,5,0.03558207416760647,7.053603221822442,neural_inr,16,1
5873,6,0.030433969457273675,0.11016816952637225,neural_inr,16,1
5873,7,0.04317463303092485,6.3648606844393525,neural_inr,16,1
5873,8,0.15292342784405058,2.3407187643530314,neural_inr,16,1
5873,9,0.16294922968821565,11.426298360184907,neural_inr,16,1
5873,10,0.05242795851148059,4.764900015389799,neural_inr,16,1
6148,1,0.0013528562929628345,1.2202698207617373,neural_inr,16,1
6148,2,0.004381449982557939,2.1440731154773984,neural_inr,16,1
6148,3,0.0033524258860781644,2.883807456088126,neural_inr,16,1
6148,4,0.004940027264798781,1.4080851765213735,neural_inr,16,1
6148,5,0.010817658161486004,1.665355455046787,neural_inr,16,1
6148,6,0.007444527974159472,2.7181242871843994,neural_inr,16,1
6148,7,0.007222953169797287,1.0169571422144041,neural_inr,16,1
6148,8,0.00824180265747498,1.7775664030779743,neural_inr,16,1
6148,10,0.006790139826687838,1.1949089386323564,neural_inr,16,1
7862,1,0.0357199811470698,3.586839872576069,neural_inr,16,1
7862,2,0.07405031497632243,11.094996892747936,neural_inr,16,1
7862,3,0.0439477064740302,0.8993015524782181,neural_inr,16,1
7862,4,0.07455312333171561,5.266120806415617,neural_inr,16,1
7862,5,0.12447206935682335,17.632664620725926,neural_inr,16,1
7862,6,0.08142136458646652,0.2313195154842845,neural_inr,16,1
7862,7,0.0999966262233154,11.683958049397445,neural_inr,16,1
7862,8,0.06895247095862962,2.7255801549884127,neural_inr,16,1
7862,9,0.12117317342018777,25.626285994633527,neural_inr,16,1
7862,10,0.09912336062304698,6.878348005433832,neural_inr,16,1
8539,1,0.002811622313664676,2.401786440174296,neural_inr,16,1
8539,2,0.005196029500660005,2.9946825449745758,neural_inr,16,1
8539,3,0.004323560005558668,1.6140386666558753,neural_inr,16,1
8539,4,0.00646307039946283,2.565852060125711,neural_inr,16,1
8539,5,0.010840247797137055,3.9039226150730006,neural_inr,16,1
8539,8,0.022161332185691607,2.0467949562379357,neural_inr,16,1
8539,9,0.030089289180471795,4.05902279786837,neural_inr,16,1
8539,10,0.00838705924416869,2.9239045180207657,neural_inr,16,1
9311,1,0.015445785832133746,3.6945111224127976,neural_inr,16,1
9311,2,0.02452184006031303,8.142990453422561,neural_inr,16,1
9311,3,0.019825702126453706,1.7808905212979915,neural_inr,16,1
9311,6,0.028916905208633853,0.5024247203209758,neural_inr,16,1
9311,7,0.0451110430860993,8.488363549510266,neural_inr,16,1
9311,8,0.024707168748305416,2.763732632155418,neural_inr,16,1
9311,9,0.05215713615810438,15.275177270747225,neural_inr,16,1
9311,10,0.06023569363476647,5.015090419185316,neural_inr,16,1
9779,1,0.00333537238348884,3.8290082610661433,neural_inr,16,1
9779,2,0.007186146072795576,3.609914574132604,neural_inr,16,1
9779,3,0.004501220186659818,3.2274704126198497,neural_inr,16,1
9779,4,0.009976875041187057,3.4636200977474614,neural_inr,16,1
9779,5,0.015339396463970034,4.147262342058305,neural_inr,16,1
9779,6,0.010948053824771294,3.341103114942136,neural_inr,16,1
9779,7,0.017016310726616236,4.309501596851935,neural_inr,16,1
9779,8,0.013639697347418918,3.595776458671897,neural_inr,16,1
9779,9,0.019428344421862448,3.9203697896833547,neural_inr,16,1
9779,10,0.019200247744866915,4.051545437268285,neural_inr,16,1
422,1,0.0006300531515915882,0.49091071877370934,original_fixed_rbf,16,1
422,2,0.0007343144682141873,0.07262157427505375,original_fixed_rbf,16,1
422,3,0.003947335945519535,0.48251144353416425,original_fixed_rbf,16,1
422,4,0.0014147436837545365,0.07944759511144321,original_fixed_rbf,16,1
422,5,0.0037001056128378403,0.003481324762941818,original_fixed_rbf,16,1
422,8,0.025303970804099938,1.2759259020822245,original_fixed_rbf,16,1
422,9,0.038868731947124806,0.5453755909792446,original_fixed_rbf,16,1
422,10,0.005602495445535442,0.5891471433528532,original_fixed_rbf,16,1
1190,1,0.001102196010696643,0.39027677363736146,original_fixed_rbf,16,1
1190,2,0.0017438708459053414,0.9974179128609898,original_fixed_rbf,16,1
1190,3,0.004620535369148282,0.030891292334956116,original_fixed_rbf,16,1
1190,4,0.004568035708676997,0.13514404045035144,original_fixed_rbf,16,1
1190,5,0.010786032706818768,0.07682638083787482,original_fixed_rbf,16,1
1190,6,0.008338159442324583,0.03313909536776428,original_fixed_rbf,16,1
1190,7,0.01641870792479513,1.6189290126130838,original_fixed_rbf,16,1
1190,8,0.013329133516895858,0.13992868949385961,original_fixed_rbf,16,1
1190,9,0.019204783733697935,2.837029837123019,original_fixed_rbf,16,1
1190,10,0.00644584524061221,1.1044106097601407,original_fixed_rbf,16,1
1826,1,0.005100971628912037,1.9144248893904874,original_fixed_rbf,16,1
1826,2,0.00997662114361533,1.8302004880007459,original_fixed_rbf,16,1
1826,3,0.004740466368843716,1.6029541520156405,original_fixed_rbf,16,1
1826,4,0.00589970462959512,2.812010640310474,original_fixed_rbf,16,1
1826,5,0.009583716061487804,4.490696564004736,original_fixed_rbf,16,1
1826,6,0.008884609957027327,1.9046314860378037,original_fixed_rbf,16,1
1826,7,0.007975733736110411,1.8808920725952607,original_fixed_rbf,16,1
1826,8,0.012750814477869521,2.3346278180174327,original_fixed_rbf,16,1
1826,9,0.01847772338087137,3.7483938531212773,original_fixed_rbf,16,1
2209,1,0.0015033178052943396,3.5647364262936314,original_fixed_rbf,16,1
2209,2,0.0032493412787031415,0.45234391249743655,original_fixed_rbf,16,1
2209,3,0.0026998823333837145,4.02419074259919,original_fixed_rbf,16,1
2209,4,0.0049515832686328086,2.950580530699853,original_fixed_rbf,16,1
2209,5,0.012099692797296849,2.9394695803180753,original_fixed_rbf,16,1
2209,6,0.007950065537513448,5.619326452611396,original_fixed_rbf,16,1
2209,7,0.13658177087070353,0.5556049404613824,original_fixed_rbf,16,1
2209,8,0.014187699652046021,3.8455583563261233,original_fixed_rbf,16,1
2209,10,0.011602324353637766,2.799625364845216,original_fixed_rbf,16,1
2802,1,0.003412402536090753,1.1290451744871437,original_fixed_rbf,16,1
2802,2,0.005969705677717675,2.6801408803348266,original_fixed_rbf,16,1
2802,3,0.006195598875337683,0.6850736536742053,original_fixed_rbf,16,1
2802,4,0.012056754495266784,1.7175806562884446,original_fixed_rbf,16,1
2802,5,0.018356880622779775,2.4976305153105103,original_fixed_rbf,16,1
2802,6,0.014854546023023026,0.5306466512015501,original_fixed_rbf,16,1
2802,7,0.01947872643454288,2.5940459742356383,original_fixed_rbf,16,1
2802,8,0.022882778821423495,1.3389345699920774,original_fixed_rbf,16,1
2802,9,0.031169035103946075,2.386792470562671,original_fixed_rbf,16,1
3377,1,0.0022531111542500953,1.3361190837468326,original_fixed_rbf,16,1
3377,2,0.008652303503291341,1.7121530823215094,original_fixed_rbf,16,1
3377,3,0.007616467681593324,1.5929547443990077,original_fixed_rbf,16,1
3377,4,0.006302303284851486,1.1552773011996438,original_fixed_rbf,16,1
3377,5,0.0076943579823382825,3.171603239238983,original_fixed_rbf,16,1
3377,6,0.013902293004470103,1.6415606044845714,original_fixed_rbf,16,1
3377,7,0.02942546262568851,1.6232352976876623,original_fixed_rbf,16,1
3377,8,0.033001408978328164,0.7979093439138417,original_fixed_rbf,16,1
3377,9,0.04236243381888096,1.1851894260023934,original_fixed_rbf,16,1
3377,10,0.043796910904403116,2.3310517763471794,original_fixed_rbf,16,1
3408,1,0.0007112103426645972,3.5692060732592212,original_fixed_rbf,16,1
3408,2,0.0019283990873981288,4.3458492395551245,original_fixed_rbf,16,1
3408,3,0.002769794650198214,3.6482186387020343,original_fixed_rbf,16,1
3408,4,0.0028350082372856555,3.007698998838432,original_fixed_rbf,16,1
3408,5,0.0034328889496230675,1.9905180561099252,original_fixed_rbf,16,1
3408,6,0.0029735775045597783,3.8968160005836827,original_fixed_rbf,16,1
3408,7,0.006098124667645776,2.7024054735564316,original_fixed_rbf,16,1
3408,8,0.009913916090413585,3.869743230257049,original_fixed_rbf,16,1
3408,9,0.0112919729926749,2.313471816365063,original_fixed_rbf,16,1
3408,10,0.1347720738511,4.147606406419204,original_fixed_rbf,16,1
4082,1,0.0003948862370229331,0.8952688682039034,original_fixed_rbf,16,1
4082,2,0.002529472524433206,3.8314760486968154,original_fixed_rbf,16,1
4082,3,0.0007986415342581159,1.2105828496298883,original_fixed_rbf,16,1
4082,4,0.0015877151652669323,1.0159452892956986,original_fixed_rbf,16,1
4082,5,0.005292086325204465,2.2414977080767122,original_fixed_rbf,16,1
4082,6,0.0036684118641135918,1.0191749138797581,original_fixed_rbf,16,1
4082,7,0.006969225557191388,2.824090838743555,original_fixed_rbf,16,1
4082,8,0.02575695964998209,1.0810179458564144,original_fixed_rbf,16,1
4082,9,0.03097578954745544,2.5022512076449495,original_fixed_rbf,16,1
4082,10,0.0075573284366535235,0.43793654681120225,original_fixed_rbf,16,1
4352,1,0.014673245339882422,3.1499309068386196,original_fixed_rbf,16,1
4352,2,0.02679898957745566,3.3079651453644083,original_fixed_rbf,16,1
4352,3,0.027806465121246893,5.868329157679764,original_fixed_rbf,16,1
4352,4,0.04057006492833824,7.505829871177716,original_fixed_rbf,16,1
4352,5,0.04760938776156254,6.979294986112287,original_fixed_rbf,16,1
4352,6,0.039562476067353976,8.872871301196462,original_fixed_rbf,16,1
4352,7,0.05248055311322155,7.2213819953287395,original_fixed_rbf,16,1
4352,8,0.052517316077787576,9.103402388324124,original_fixed_rbf,16,1
4352,9,0.06687024877540089,7.386764175369832,original_fixed_rbf,16,1
4352,10,0.06065762179050129,10.895978025211233,original_fixed_rbf,16,1
4470,1,0.0014577994851920739,0.5145307764918583,original_fixed_rbf,16,1
4470,2,0.0019900682820392056,2.188007256531066,original_fixed_rbf,16,1
4470,3,0.004863777848267133,0.51471543201819,original_fixed_rbf,16,1
4470,4,0.007148206728943178,0.9234352330115034,original_fixed_rbf,16,1
4470,5,0.024274874459195562,2.2703237989232163,original_fixed_rbf,16,1
4470,6,0.025543604685598652,0.4435494126906691,original_fixed_rbf,16,1
4470,7,0.00960321698899452,1.6408532906342423,original_fixed_rbf,16,1
4470,8,0.011651705071807064,0.7530937543811514,original_fixed_rbf,16,1
4470,9,0.0036060122830797255,0.7704486467831168,original_fixed_rbf,16,1
4470,10,0.009507300232922263,0.5506709704103824,original_fixed_rbf,16,1
5873,1,0.009637360791599013,1.4720119415992756,original_fixed_rbf,16,1
5873,2,0.019930558928986396,4.557500350046578,original_fixed_rbf,16,1
5873,3,0.01576771124523864,0.886303908389469,original_fixed_rbf,16,1
5873,4,0.02898000135277329,2.943578855597,original_fixed_rbf,16,1
5873,5,0.03665366202752509,6.3575710106756995,original_fixed_rbf,16,1
5873,6,0.022232861261351287,0.6676601699558092,original_fixed_rbf,16,1
5873,7,0.04125720251350071,5.773221585352312,original_fixed_rbf,16,1
5873,8,0.15007583111910636,2.0633407417010496,original_fixed_rbf,16,1
5873,9,0.15763658203961944,11.138509499038811,original_fixed_rbf,16,1
5873,10,0.05049990355390515,5.257738806480476,original_fixed_rbf,16,1
6148,1,0.0005978452586324851,3.1178196428271354,original_fixed_rbf,16,1
6148,2,0.0021034363824371663,3.49521121209073,original_fixed_rbf,16,1
6148,3,0.001392865097263956,3.9065079665370006,original_fixed_rbf,16,1
6148,4,0.002022655874006452,2.522841059542992,original_fixed_rbf,16,1
6148,5,0.014003800197184797,2.5450361112502327,original_fixed_rbf,16,1
6148,6,0.008186293205610762,4.145870981145915,original_fixed_rbf,16,1
6148,7,0.006963179737349695,3.520361900702533,original_fixed_rbf,16,1
6148,8,0.012857474850782057,2.981654777440758,original_fixed_rbf,16,1
6148,10,0.004179664815261974,2.72657490700465,original_fixed_rbf,16,1
7862,1,0.040168265616201126,6.200029710765993,original_fixed_rbf,16,1
7862,2,0.05856623369758993,14.771970706028373,original_fixed_rbf,16,1
7862,3,0.043019714583704315,2.063622972170411,original_fixed_rbf,16,1
7862,4,0.06144413826588304,6.812572756736453,original_fixed_rbf,16,1
7862,5,0.08318000348896153,19.52142209813317,original_fixed_rbf,16,1
7862,6,0.02907359522559088,1.2780183108527101,original_fixed_rbf,16,1
7862,7,0.07974142379544497,12.889485433537043,original_fixed_rbf,16,1
7862,8,0.051974062189433096,3.0710794896593585,original_fixed_rbf,16,1
7862,9,0.0982641033548882,27.286993349263476,original_fixed_rbf,16,1
7862,10,0.08115766011737885,9.90241816875184,original_fixed_rbf,16,1
8539,1,0.0021297667836690853,3.4895222872661824,original_fixed_rbf,16,1
8539,2,0.003016625805982959,2.9679765936630926,original_fixed_rbf,16,1
8539,3,0.0014354632587997439,3.2295900835231146,original_fixed_rbf,16,1
8539,4,0.0026903148946139477,3.46396800594886,original_fixed_rbf,16,1
8539,5,0.0037171341489404945,5.586281693758583,original_fixed_rbf,16,1
8539,8,0.018186726483010757,3.236002684348374,original_fixed_rbf,16,1
8539,9,0.027249287360839522,6.704189962381385,original_fixed_rbf,16,1
8539,10,0.0065536687582439905,2.50057635590505,original_fixed_rbf,16,1
9311,1,0.015317403985542793,5.740913251353606,original_fixed_rbf,16,1
9311,2,0.023929836272826018,7.372194781987171,original_fixed_rbf,16,1
9311,3,0.020068169008657894,2.994774115601942,original_fixed_rbf,16,1
9311,6,0.028155862891271036,2.0575421332231048,original_fixed_rbf,16,1
9311,7,0.04149716179784815,7.724346404927559,original_fixed_rbf,16,1
9311,8,0.031218352277699916,3.5534634145691273,original_fixed_rbf,16,1
9311,9,0.05709063053845947,17.5565606419611,original_fixed_rbf,16,1
9311,10,0.06219662724543473,5.838646289696591,original_fixed_rbf,16,1
9779,1,0.0021615143267083767,3.54270769305033,original_fixed_rbf,16,1
9779,2,0.005733754123664952,2.8121384331555492,original_fixed_rbf,16,1
9779,3,0.0051365477360143606,4.451893437326897,original_fixed_rbf,16,1
9779,4,0.008824251934580415,3.400606168154313,original_fixed_rbf,16,1
9779,5,0.011961553638290618,2.046060826377996,original_fixed_rbf,16,1
9779,6,0.008939406146962066,4.349851955554898,original_fixed_rbf,16,1
9779,7,0.017863300972630322,2.785936304500454,original_fixed_rbf,16,1
9779,8,0.013716590969336645,3.616258398943752,original_fixed_rbf,16,1
9779,9,0.015227079640747435,4.091482135302184,original_fixed_rbf,16,1
9779,10,0.012739103218427215,5.029287421440831,original_fixed_rbf,16,1
422,1,0.0007718843402651609,1.3714121888311153,boundary_kernel_pca,24,1
422,2,0.0011591619300358369,0.6293756013316398,boundary_kernel_pca,24,1
422,3,0.0009868474811615914,1.1616953317961225,boundary_kernel_pca,24,1
422,4,0.0017861554830765412,0.9959315669076465,boundary_kernel_pca,24,1
422,5,0.010435578258352089,0.8723237677903022,boundary_kernel_pca,24,1
422,8,0.029120121819129277,1.385757850677229,boundary_kernel_pca,24,1
422,9,0.02917642368377946,1.0719832402603693,boundary_kernel_pca,24,1
422,10,0.015540123975438556,4.1211983759862125,boundary_kernel_pca,24,1
1190,1,0.0015246401407330737,0.4489702273558798,boundary_kernel_pca,24,1
1190,2,0.001953515172649436,0.32129295227142474,boundary_kernel_pca,24,1
1190,3,0.000642992473095386,0.03199865908271052,boundary_kernel_pca,24,1
1190,4,0.0019007550146387235,0.2987844841807218,boundary_kernel_pca,24,1
1190,5,0.020531797856104712,0.9750333400551704,boundary_kernel_pca,24,1
1190,6,0.004397156681041961,0.1926410115876497,boundary_kernel_pca,24,1
1190,7,0.0036063032857635326,0.41243006557267115,boundary_kernel_pca,24,1
1190,8,0.012344665284386935,0.16182467259273609,boundary_kernel_pca,24,1
1190,9,0.020706975964483374,2.7697540775688387,boundary_kernel_pca,24,1
1190,10,0.018680960888846083,0.15557985302543398,boundary_kernel_pca,24,1
1826,1,0.003312780075934533,0.29236939483545954,boundary_kernel_pca,24,1
1826,2,0.004427350384643341,2.0001717016361837,boundary_kernel_pca,24,1
1826,3,0.003649133007198428,1.045381550295262,boundary_kernel_pca,24,1
1826,4,0.00621013404051323,2.4891728565338838,boundary_kernel_pca,24,1
1826,5,0.009100117054061026,3.387369775656733,boundary_kernel_pca,24,1
1826,6,0.008953101073325063,1.2271543640564098,boundary_kernel_pca,24,1
1826,7,0.006486931609892,1.2767616892074098,boundary_kernel_pca,24,1
1826,8,0.012529917147543942,2.612934353297498,boundary_kernel_pca,24,1
1826,9,0.018434633914825437,0.29624168906191845,boundary_kernel_pca,24,1
2209,1,0.001432017932178823,3.717928684452604,boundary_kernel_pca,24,1
2209,2,0.0015485581101894075,1.5379460974223642,boundary_kernel_pca,24,1
2209,3,0.0009440753853902996,3.5929322379610023,boundary_kernel_pca,24,1
2209,4,0.0035425714266582734,1.431896948546724,boundary_kernel_pca,24,1
2209,5,0.04309242108972204,2.0715485621498684,boundary_kernel_pca,24,1
2209,6,0.0063372017905843235,4.181603321804265,boundary_kernel_pca,24,1
2209,7,0.13671190373236305,1.5351694335464179,boundary_kernel_pca,24,1
2209,8,0.008524112220607569,2.805805531600754,boundary_kernel_pca,24,1
2209,10,0.02124797102192569,1.8960756482564562,boundary_kernel_pca,24,1
2802,1,0.003033201764277025,0.5684283821448047,boundary_kernel_pca,24,1
2802,2,0.005559623043353267,1.366795554690698,boundary_kernel_pca,24,1
2802,3,0.0049134490207953345,0.40897508282543116,boundary_kernel_pca,24,1
2802,4,0.010289656377721737,2.126155904248852,boundary_kernel_pca,24,1
2802,5,0.010998744956644423,2.699931245559006,boundary_kernel_pca,24,1
2802,6,0.015387384891432687,0.07685610938124267,boundary_kernel_pca,24,1
2802,7,0.008343931884481157,2.3181605114713117,boundary_kernel_pca,24,1
2802,8,0.022823352120408074,1.043910678293738,boundary_kernel_pca,24,1
2802,9,0.01950767844325469,5.365395888171291,boundary_kernel_pca,24,1
3377,1,0.0021390572371029187,1.3456930409574177,boundary_kernel_pca,24,1
3377,2,0.0034118541455132522,1.543702397151706,boundary_kernel_pca,24,1
3377,3,0.0037419304353955313,1.0378735755455775,boundary_kernel_pca,24,1
3377,4,0.004904219631383691,0.8519392483573348,boundary_kernel_pca,24,1
3377,5,0.004790079683833015,1.8502757708771742,boundary_kernel_pca,24,1
3377,6,0.009459755992348325,1.3637229892365774,boundary_kernel_pca,24,1
3377,7,0.006154549139638089,1.3146844757430807,boundary_kernel_pca,24,1
3377,8,0.023173933353770534,0.9743914641112518,boundary_kernel_pca,24,1
3377,9,0.010684144970031772,2.3022829957450677,boundary_kernel_pca,24,1
3377,10,0.03680216430102892,2.624968187638732,boundary_kernel_pca,24,1
3408,1,0.0007874358086804107,4.224378689596856,boundary_kernel_pca,24,1
3408,2,0.001682777650586651,4.648525944752171,boundary_kernel_pca,24,1
3408,3,0.001650153717888111,3.8360526248540974,boundary_kernel_pca,24,1
3408,4,0.002799515241109535,1.5285193829522274,boundary_kernel_pca,24,1
3408,5,0.006237461686366063,4.99305465633049,boundary_kernel_pca,24,1
3408,6,0.003812457375041547,3.4379247513812077,boundary_kernel_pca,24,1
3408,7,0.007774184639535173,2.7692897051396086,boundary_kernel_pca,24,1
3408,8,0.005571235347230075,2.6982639309590244,boundary_kernel_pca,24,1
3408,9,0.01056649664105834,1.9194635348604416,boundary_kernel_pca,24,1
3408,10,0.13689533738045168,2.1629812408019653,boundary_kernel_pca,24,1
4082,1,0.0021020543215547523,2.759510758954834,boundary_kernel_pca,24,1
4082,2,0.0041241823945328835,4.479540672355409,boundary_kernel_pca,24,1
4082,3,0.0026288108589966465,1.6340677010069475,boundary_kernel_pca,24,1
4082,4,0.004253183467394926,0.8123629071783682,boundary_kernel_pca,24,1
4082,5,0.008137714184820856,4.68998779749534,boundary_kernel_pca,24,1
4082,6,0.004766962933409187,1.919383300239159,boundary_kernel_pca,24,1
4082,7,0.007803176630098852,3.267142879102679,boundary_kernel_pca,24,1
4082,8,0.02274047760806742,0.9040884908563532,boundary_kernel_pca,24,1
4082,9,0.03663460448763197,5.154069698714739,boundary_kernel_pca,24,1
4082,10,0.01113698795022489,0.5685134462800505,boundary_kernel_pca,24,1
4352,1,0.00756013494887321,1.7006996343633494,boundary_kernel_pca,24,1
4352,2,0.013696697199859118,1.5424491590429363,boundary_kernel_pca,24,1
4352,3,0.013471170798789086,2.170106861953446,boundary_kernel_pca,24,1
4352,4,0.015828956759351597,3.0780657166675907,boundary_kernel_pca,24,1
4352,5,0.03144353676874386,4.580064712301034,boundary_kernel_pca,24,1
4352,6,0.025052206805326778,3.9923664021478786,boundary_kernel_pca,24,1
4352,7,0.022476896211868908,4.906577662654605,boundary_kernel_pca,24,1
4352,8,0.03846610259898311,5.215721809662376,boundary_kernel_pca,24,1
4352,9,0.03649060798726503,7.017204811461336,boundary_kernel_pca,24,1
4352,10,0.025191776156975616,0.42469003707841174,boundary_kernel_pca,24,1
4470,1,0.0025913574968822062,0.7319638452581024,boundary_kernel_pca,24,1
4470,2,0.004071735927262777,1.122168650445779,boundary_kernel_pca,24,1
4470,3,0.004335971730687699,0.8010931578628255,boundary_kernel_pca,24,1
4470,4,0.00910886192827757,2.5372717288889497,boundary_kernel_pca,24,1
4470,5,0.016042163779684756,1.0341618028348205,boundary_kernel_pca,24,1
4470,6,0.025877076485537692,1.1643522884911972,boundary_kernel_pca,24,1
4470,7,0.007975194566756846,0.7431921859750864,boundary_kernel_pca,24,1
4470,8,0.00774613797709513,1.4701981250905503,boundary_kernel_pca,24,1
4470,9,0.017515282577895752,0.9231468335792522,boundary_kernel_pca,24,1
4470,10,0.034495366677891166,6.92106382740577,boundary_kernel_pca,24,1
5873,1,0.017291632175793877,1.4677453542790737,boundary_kernel_pca,24,1
5873,2,0.012081023936605307,0.9584955638956794,boundary_kernel_pca,24,1
5873,3,0.010117326450917775,1.6977283384709723,boundary_kernel_pca,24,1
5873,4,0.010471814709616471,4.028959212355479,boundary_kernel_pca,24,1
5873,5,0.008102078029535515,1.5702103267555365,boundary_kernel_pca,24,1
5873,6,0.01849546615202404,2.1307275590940757,boundary_kernel_pca,24,1
5873,7,0.008324578666512547,0.3946382856443196,boundary_kernel_pca,24,1
5873,8,0.1548303137592872,2.243935318405086,boundary_kernel_pca,24,1
5873,9,0.15122537637585387,8.369507890709363,boundary_kernel_pca,24,1
5873,10,0.038573398963243376,0.6565511223777148,boundary_kernel_pca,24,1
6148,1,0.0005800921883397061,3.5039381468168465,boundary_kernel_pca,24,1
6148,2,0.0018457481941343376,2.7880326542039904,boundary_kernel_pca,24,1
6148,3,0.002220408591738362,3.7188921089669575,boundary_kernel_pca,24,1
6148,4,0.004284020460871202,1.1754687016462602,boundary_kernel_pca,24,1
6148,5,0.03125200306721593,1.8941263142454468,boundary_kernel_pca,24,1
6148,6,0.023864770122694647,4.557977977514292,boundary_kernel_pca,24,1
6148,7,0.007470063707132772,2.8159900473662653,boundary_kernel_pca,24,1
6148,8,0.006491265178773761,2.2505635467814598,boundary_kernel_pca,24,1
6148,10,0.010201969226885065,0.8496760062102781,boundary_kernel_pca,24,1
7862,1,0.008103448902011682,0.6901044840621187,boundary_kernel_pca,24,1
7862,2,0.02164039188432519,7.456107077859309,boundary_kernel_pca,24,1
7862,3,0.015494081443201468,1.4182725477972504,boundary_kernel_pca,24,1
7862,4,0.02274360007044534,0.12077939758737269,boundary_kernel_pca,24,1
7862,5,0.038745044949307736,13.768731562969721,boundary_kernel_pca,24,1
7862,6,0.018928639627474375,2.703497364348008,boundary_kernel_pca,24,1
7862,7,0.034261739400137214,6.515072351717233,boundary_kernel_pca,24,1
7862,8,0.041359288866291054,0.6853979106596082,boundary_kernel_pca,24,1
7862,9,0.07721047549825201,24.212343769393488,boundary_kernel_pca,24,1
7862,10,0.0576892108603058,1.6864829496941474,boundary_kernel_pca,24,1
8539,1,0.0018145440434421821,2.195887155700047,boundary_kernel_pca,24,1
8539,2,0.004068697688129272,2.6363512399819298,boundary_kernel_pca,24,1
8539,3,0.002699176018411681,1.8081941341389485,boundary_kernel_pca,24,1
8539,4,0.004353765740726819,1.4411493979423624,boundary_kernel_pca,24,1
8539,5,0.00824107098021825,3.070521575231512,boundary_kernel_pca,24,1
8539,8,0.0262824788967098,1.5722870407996508,boundary_kernel_pca,24,1
8539,9,0.033056913182792705,2.803719162531118,boundary_kernel_pca,24,1
8539,10,0.016203641774060088,1.587755872222785,boundary_kernel_pca,24,1
9311,1,0.010379874974940594,4.0034789632091945,boundary_kernel_pca,24,1
9311,2,0.013131272511279416,5.626019774337326,boundary_kernel_pca,24,1
9311,3,0.012365971433867919,3.304449398199538,boundary_kernel_pca,24,1
9311,6,0.024843346820103706,2.1002268502277555,boundary_kernel_pca,24,1
9311,7,0.01888953566799304,6.663966484286191,boundary_kernel_pca,24,1
9311,8,0.020979346877183076,2.6233557817706967,boundary_kernel_pca,24,1
9311,9,0.028051005013409683,5.6041311557149935,boundary_kernel_pca,24,1
9311,10,0.015505723885478691,1.8384025588242217,boundary_kernel_pca,24,1
9779,1,0.003332430281003363,4.418071818954967,boundary_kernel_pca,24,1
9779,2,0.002761400132312302,4.066455094774689,boundary_kernel_pca,24,1
9779,3,0.002300655926341718,5.135039130472308,boundary_kernel_pca,24,1
9779,4,0.0025042961834556795,4.861513961642277,boundary_kernel_pca,24,1
9779,5,0.005114451400203411,4.163349518882636,boundary_kernel_pca,24,1
9779,6,0.005858345090602834,4.033354853801886,boundary_kernel_pca,24,1
9779,7,0.004137949612189283,3.894336335987138,boundary_kernel_pca,24,1
9779,8,0.013747627068452003,4.564087569901511,boundary_kernel_pca,24,1
9779,9,0.008411397554481044,5.821143866450535,boundary_kernel_pca,24,1
9779,10,0.013687281457900501,8.700819065232515,boundary_kernel_pca,24,1
422,1,0.0007523035148617323,1.3714121888311153,output_pca,24,1
422,2,0.0019079398550440937,0.6293756013316398,output_pca,24,1
422,3,0.0009267748654158338,1.1616953317961225,output_pca,24,1
422,4,0.002897077315400605,0.9959315669076465,output_pca,24,1
422,5,0.008077912260416409,0.8723237677903022,output_pca,24,1
422,8,0.030022803517844716,1.385757850677229,output_pca,24,1
422,9,0.03058598696474539,1.0719832402603693,output_pca,24,1
422,10,0.017270409533070536,4.1211983759862125,output_pca,24,1
1190,1,0.0011611849495021531,0.4489702273558798,output_pca,24,1
1190,2,0.002458247573978117,0.32129295227142474,output_pca,24,1
1190,3,0.0006344084118482674,0.03199865908271052,output_pca,24,1
1190,4,0.00265945067327589,0.2987844841807218,output_pca,24,1
1190,5,0.03403960336450682,0.9750333400551704,output_pca,24,1
1190,6,0.015342288695816927,0.1926410115876497,output_pca,24,1
1190,7,0.004198177285666407,0.41243006557267115,output_pca,24,1
1190,8,0.016330247818539742,0.16182467259273609,output_pca,24,1
1190,9,0.017215943907024106,2.7697540775688387,output_pca,24,1
1190,10,0.02217885759585819,0.15557985302543398,output_pca,24,1
1826,1,0.002844340606715927,0.29236939483545954,output_pca,24,1
1826,2,0.0048061173545388535,2.0001717016361837,output_pca,24,1
1826,3,0.004173267937095669,1.045381550295262,output_pca,24,1
1826,4,0.006410584157208597,2.4891728565338838,output_pca,24,1
1826,5,0.009805053753440719,3.387369775656733,output_pca,24,1
1826,6,0.009640514586375788,1.2271543640564098,output_pca,24,1
1826,7,0.00703453880512951,1.2767616892074098,output_pca,24,1
1826,8,0.010303799746234752,2.612934353297498,output_pca,24,1
1826,9,0.013344383294555392,0.29624168906191845,output_pca,24,1
2209,1,0.0009996849208912916,3.717928684452604,output_pca,24,1
2209,2,0.001914431899642167,1.5379460974223642,output_pca,24,1
2209,3,0.0012804576849123788,3.5929322379610023,output_pca,24,1
2209,4,0.004222907947805123,1.431896948546724,output_pca,24,1
2209,5,0.03831428706690107,2.0715485621498684,output_pca,24,1
2209,6,0.01604979549563067,4.181603321804265,output_pca,24,1
2209,7,0.13713023503324095,1.5351694335464179,output_pca,24,1
2209,8,0.015353863758667072,2.805805531600754,output_pca,24,1
2209,10,0.024636045286628376,1.8960756482564562,output_pca,24,1
2802,1,0.003429216931257718,0.5684283821448047,output_pca,24,1
2802,2,0.008371594393348517,1.366795554690698,output_pca,24,1
2802,3,0.004910402681714643,0.40897508282543116,output_pca,24,1
2802,4,0.010914334507528902,2.126155904248852,output_pca,24,1
2802,5,0.015157996191212076,2.699931245559006,output_pca,24,1
2802,6,0.007971306760178976,0.07685610938124267,output_pca,24,1
2802,7,0.0142136367832491,2.3181605114713117,output_pca,24,1
2802,8,0.021937164388563184,1.043910678293738,output_pca,24,1
2802,9,0.021227294828193896,5.365395888171291,output_pca,24,1
3377,1,0.0022633591785846028,1.3456930409574177,output_pca,24,1
3377,2,0.0037382472518633757,1.543702397151706,output_pca,24,1
3377,3,0.004008415688639495,1.0378735755455775,output_pca,24,1
3377,4,0.004220720688883924,0.8519392483573348,output_pca,24,1
3377,5,0.004483632161232878,1.8502757708771742,output_pca,24,1
3377,6,0.00939046745372402,1.3637229892365774,output_pca,24,1
3377,7,0.00543017374567003,1.3146844757430807,output_pca,24,1
3377,8,0.025078402286510728,0.9743914641112518,output_pca,24,1
3377,9,0.010969810570199072,2.3022829957450677,output_pca,24,1
3377,10,0.03301918735516278,2.624968187638732,output_pca,24,1
3408,1,0.0008816352605386602,4.224378689596856,output_pca,24,1
3408,2,0.0014351417927211656,4.648525944752171,output_pca,24,1
3408,3,0.0016911748430428405,3.8360526248540974,output_pca,24,1
3408,4,0.0027098417691496404,1.5285193829522274,output_pca,24,1
3408,5,0.0053844477857981285,4.99305465633049,output_pca,24,1
3408,6,0.010815828412278636,3.4379247513812077,output_pca,24,1
3408,7,0.007315343665220381,2.7692897051396086,output_pca,24,1
3408,8,0.011210301812857905,2.6982639309590244,output_pca,24,1
3408,9,0.009172974861700326,1.9194635348604416,output_pca,24,1
3408,10,0.13687191871115698,2.1629812408019653,output_pca,24,1
4082,1,0.0020019915101159467,2.759510758954834,output_pca,24,1
4082,2,0.0038827733478015024,4.479540672355409,output_pca,24,1
4082,3,0.0026867520166429363,1.6340677010069475,output_pca,24,1
4082,4,0.004004863078704279,0.8123629071783682,output_pca,24,1
4082,5,0.006692319565624701,4.68998779749534,output_pca,24,1
4082,6,0.011208970561582406,1.919383300239159,output_pca,24,1
4082,7,0.007141301345188196,3.267142879102679,output_pca,24,1
4082,8,0.02759089981998699,0.9040884908563532,output_pca,24,1
4082,9,0.03842113680989279,5.154069698714739,output_pca,24,1
4082,10,0.014120407189336307,0.5685134462800505,output_pca,24,1
4352,1,0.00786694342669163,1.7006996343633494,output_pca,24,1
4352,2,0.010822847709641373,1.5424491590429363,output_pca,24,1
4352,3,0.014355524882554944,2.170106861953446,output_pca,24,1
4352,4,0.015460284729560085,3.0780657166675907,output_pca,24,1
4352,5,0.03844311585561516,4.580064712301034,output_pca,24,1
4352,6,0.03141137773106208,3.9923664021478786,output_pca,24,1
4352,7,0.022428013246688916,4.906577662654605,output_pca,24,1
4352,8,0.04197547577966494,5.215721809662376,output_pca,24,1
4352,9,0.03768911449454952,7.017204811461336,output_pca,24,1
4352,10,0.02640740250192931,0.42469003707841174,output_pca,24,1
4470,1,0.0026083490270613573,0.7319638452581024,output_pca,24,1
4470,2,0.0065038920174124125,1.122168650445779,output_pca,24,1
4470,3,0.004701099205490493,0.8010931578628255,output_pca,24,1
4470,4,0.008472469959492438,2.5372717288889497,output_pca,24,1
4470,5,0.018296678434462577,1.0341618028348205,output_pca,24,1
4470,6,0.030690133733745475,1.1643522884911972,output_pca,24,1
4470,7,0.011104386852642792,0.7431921859750864,output_pca,24,1
4470,8,0.010579725436876818,1.4701981250905503,output_pca,24,1
4470,9,0.013038537465011671,0.9231468335792522,output_pca,24,1
4470,10,0.03212153379198654,6.92106382740577,output_pca,24,1
5873,1,0.01416229567717272,1.4677453542790737,output_pca,24,1
5873,2,0.017351775009317037,0.9584955638956794,output_pca,24,1
5873,3,0.009170533146871069,1.6977283384709723,output_pca,24,1
5873,4,0.008178596718556003,4.028959212355479,output_pca,24,1
5873,5,0.00739255345953791,1.5702103267555365,output_pca,24,1
5873,6,0.015413153216990999,2.1307275590940757,output_pca,24,1
5873,7,0.008929753784031791,0.3946382856443196,output_pca,24,1
5873,8,0.1532887948487091,2.243935318405086,output_pca,24,1
5873,9,0.14955860787786626,8.369507890709363,output_pca,24,1
5873,10,0.03837183682850117,0.6565511223777148,output_pca,24,1
6148,1,0.0006110132433039875,3.5039381468168465,output_pca,24,1
6148,2,0.0014457548638475983,2.7880326542039904,output_pca,24,1
6148,3,0.002666355372403274,3.7188921089669575,output_pca,24,1
6148,4,0.0029835052187412903,1.1754687016462602,output_pca,24,1
6148,5,0.0711177652470494,1.8941263142454468,output_pca,24,1
6148,6,0.05619661163537852,4.557977977514292,output_pca,24,1
6148,7,0.007409078948085603,2.8159900473662653,output_pca,24,1
6148,8,0.010146819122132356,2.2505635467814598,output_pca,24,1
6148,10,0.011342982844814272,0.8496760062102781,output_pca,24,1
7862,1,0.010920435827844266,0.6901044840621187,output_pca,24,1
7862,2,0.017156977842911647,7.456107077859309,output_pca,24,1
7862,3,0.01693169214428197,1.4182725477972504,output_pca,24,1
7862,4,0.024377065033018612,0.12077939758737269,output_pca,24,1
7862,5,0.040206386924661934,13.768731562969721,output_pca,24,1
7862,6,0.016538612381236568,2.703497364348008,output_pca,24,1
7862,7,0.03921886722850222,6.515072351717233,output_pca,24,1
7862,8,0.04267082864208659,0.6853979106596082,output_pca,24,1
7862,9,0.08572202568167836,24.212343769393488,output_pca,24,1
7862,10,0.05779074181928059,1.6864829496941474,output_pca,24,1
8539,1,0.0018449513262293854,2.195887155700047,output_pca,24,1
8539,2,0.002928425828158495,2.6363512399819298,output_pca,24,1
8539,3,0.0027867585584413035,1.8081941341389485,output_pca,24,1
8539,4,0.0049618399475821464,1.4411493979423624,output_pca,24,1
8539,5,0.006773068122998127,3.070521575231512,output_pca,24,1
8539,8,0.024634473497615984,1.5722870407996508,output_pca,24,1
8539,9,0.03565178549636655,2.803719162531118,output_pca,24,1
8539,10,0.01993225666455705,1.587755872222785,output_pca,24,1
9311,1,0.009710113087801973,4.0034789632091945,output_pca,24,1
9311,2,0.012934196895514694,5.626019774337326,output_pca,24,1
9311,3,0.013072463292565888,3.304449398199538,output_pca,24,1
9311,6,0.023550575833210578,2.1002268502277555,output_pca,24,1
9311,7,0.01468262054718132,6.663966484286191,output_pca,24,1
9311,8,0.022056290106970987,2.6233557817706967,output_pca,24,1
9311,9,0.04526520916454423,5.6041311557149935,output_pca,24,1
9311,10,0.016062699137378258,1.8384025588242217,output_pca,24,1
9779,1,0.0031062261401627878,4.418071818954967,output_pca,24,1
9779,2,0.002322723035775692,4.066455094774689,output_pca,24,1
9779,3,0.0022738207203851176,5.135039130472308,output_pca,24,1
9779,4,0.0028628829898077967,4.861513961642277,output_pca,24,1
9779,5,0.003744528521856389,4.163349518882636,output_pca,24,1
9779,6,0.009387623930891317,4.033354853801886,output_pca,24,1
9779,7,0.004232920376752984,3.894336335987138,output_pca,24,1
9779,8,0.00985430598049543,4.564087569901511,output_pca,24,1
9779,9,0.010914674618583411,5.821143866450535,output_pca,24,1
9779,10,0.01496104091403608,8.700819065232515,output_pca,24,1
422,1,0.0007374093736290517,3.6545224084659718,direct_hf,24,1
422,2,0.00355494021618456,3.197552795179646,direct_hf,24,1
422,3,0.0022468133290946784,3.5580537213286756,direct_hf,24,1
422,4,0.003271431534951369,2.377313086514737,direct_hf,24,1
422,5,0.021092777129529203,3.7977236766115223,direct_hf,24,1
422,8,0.12576821115329148,2.273498078613098,direct_hf,24,1
422,9,0.1288485363248274,4.181672499397376,direct_hf,24,1
422,10,0.011870121304275044,12.970494000620434,direct_hf,24,1
1190,1,0.0029634963655450946,7.436018611854391,direct_hf,24,1
1190,2,0.003681758672846189,10.157424077500776,direct_hf,24,1
1190,3,0.0031177810196017087,11.004307904978079,direct_hf,24,1
1190,4,0.004885660669936491,11.392200039166804,direct_hf,24,1
1190,5,0.021004163975692696,6.248844780555504,direct_hf,24,1
1190,6,0.016061127231355807,14.731227840548366,direct_hf,24,1
1190,7,0.013837386538904208,7.89768172546036,direct_hf,24,1
1190,8,0.0126664110586896,14.530670504599541,direct_hf,24,1
1190,9,0.013715973469273054,7.9002822276956,direct_hf,24,1
1190,10,0.011841773112772215,2.1492746879219125,direct_hf,24,1
1826,1,0.0026444890609824976,5.382280440681331,direct_hf,24,1
1826,2,0.0027772575195046637,3.9762735254659023,direct_hf,24,1
1826,3,0.002885424972784377,8.802290364418385,direct_hf,24,1
1826,4,0.003860280480599469,4.803682278331165,direct_hf,24,1
1826,5,0.06372727469981991,5.775924888451521,direct_hf,24,1
1826,6,0.013684554594181934,6.649091627270434,direct_hf,24,1
1826,7,0.0047641193101687004,2.739380368611935,direct_hf,24,1
1826,8,0.008319414046671214,4.938907516411576,direct_hf,24,1
1826,9,0.01656513095638832,0.21459406774280923,direct_hf,24,1
2209,1,0.007953307663991356,1.7890052966856158,direct_hf,24,1
2209,2,0.015825819086582496,7.575884695516463,direct_hf,24,1
2209,3,0.015516769666224247,12.82060468371579,direct_hf,24,1
2209,4,0.02069900913406475,0.2809374527353051,direct_hf,24,1
2209,5,0.08120456018313921,11.965554988402857,direct_hf,24,1
2209,6,0.04530299843965188,12.840319026102648,direct_hf,24,1
2209,7,0.2518884234214425,9.819876999652013,direct_hf,24,1
2209,8,0.03499453970421107,4.713868189206278,direct_hf,24,1
2209,10,0.04123394547608159,3.3525630239361406,direct_hf,24,1
2802,1,0.003723780585644591,3.398332706017961,direct_hf,24,1
2802,2,0.0072993631213476165,2.35954249782451,direct_hf,24,1
2802,3,0.005964485239976052,2.2906047939374687,direct_hf,24,1
2802,4,0.008964969484520394,3.528846849701848,direct_hf,24,1
2802,5,0.004697150830344227,2.163685634834704,direct_hf,24,1
2802,6,0.01698362581877418,2.4198954893613074,direct_hf,24,1
2802,7,0.01139000143029247,1.866356035192059,direct_hf,24,1
2802,8,0.006631155776885471,2.6348997218805312,direct_hf,24,1
2802,9,0.0049782077031381815,5.681534055274724,direct_hf,24,1
3377,1,0.0063047246741790965,10.057618825423065,direct_hf,24,1
3377,2,0.00644041082290302,3.591558593557505,direct_hf,24,1
3377,3,0.0076691523071888,16.727248630794342,direct_hf,24,1
3377,4,0.00760973128756371,8.702681074295187,direct_hf,24,1
3377,5,0.08297302583051008,3.958520267022276,direct_hf,24,1
3377,6,0.02687029101589573,14.748881727461916,direct_hf,24,1
3377,7,0.006694140583801182,3.278290539140778,direct_hf,24,1
3377,8,0.012029448704720974,11.044202578645363,direct_hf,24,1
3377,9,0.014243407812867176,8.284115704276479,direct_hf,24,1
3377,10,0.029240359520674483,29.59443022141165,direct_hf,24,1
3408,1,0.001786890798889545,5.828558143107468,direct_hf,24,1
3408,2,0.0039910014915027405,8.291918216262825,direct_hf,24,1
3408,3,0.0029086543325819053,4.655723686463214,direct_hf,24,1
3408,4,0.003032719691590949,6.2897756190336205,direct_hf,24,1
3408,5,0.008868537866260708,8.631215896620944,direct_hf,24,1
3408,6,0.007513067571636251,4.2483821876294625,direct_hf,24,1
3408,7,0.005146126978443456,15.495693851407033,direct_hf,24,1
3408,8,0.012052990621513956,5.979266077596147,direct_hf,24,1
3408,9,0.015310600497350191,17.351620704453136,direct_hf,24,1
3408,10,0.14710350039632875,3.4382991693636646,direct_hf,24,1
4082,1,0.0017076459470501183,1.5380197009353282,direct_hf,24,1
4082,2,0.001979564752487904,2.1884791185962627,direct_hf,24,1
4082,3,0.002383478466414416,1.715036976081176,direct_hf,24,1
4082,4,0.003358131129494564,0.9437619142479818,direct_hf,24,1
4082,5,0.011323262369265294,0.7577818228955905,direct_hf,24,1
4082,6,0.030536715390707403,1.813732713306868,direct_hf,24,1
4082,7,0.00361616986974376,1.0775213748089505,direct_hf,24,1
4082,8,0.07489300155124495,0.47809055174712556,direct_hf,24,1
4082,9,0.07736702378774782,0.7939231189360629,direct_hf,24,1
4082,10,0.017103082957405598,1.6890549826306134,direct_hf,24,1
4352,1,0.009281708101594826,2.1882512200875794,direct_hf,24,1
4352,2,0.013228812236833004,5.9621157894655,direct_hf,24,1
4352,3,0.013766523849044813,2.887116508328193,direct_hf,24,1
4352,4,0.015476569503601498,2.6331447469539033,direct_hf,24,1
4352,5,0.06969963574695894,3.1508457124924125,direct_hf,24,1
4352,6,0.04532565055593344,3.453214237122646,direct_hf,24,1
4352,7,0.017617148471293684,3.9385078412456878,direct_hf,24,1
4352,8,0.019297793824987402,0.8514968889896283,direct_hf,24,1
4352,9,0.02799786494534896,3.730059498769276,direct_hf,24,1
4352,10,0.021413565363845744,7.376222989030798,direct_hf,24,1
4470,1,0.0045788836880592725,4.07832518366318,direct_hf,24,1
4470,2,0.007935825639556745,0.7818508699104455,direct_hf,24,1
4470,3,0.006874690564902594,3.5309846193645096,direct_hf,24,1
4470,4,0.010129934187965631,2.1770353005295813,direct_hf,24,1
4470,5,0.03777890287619317,3.9671152707205457,direct_hf,24,1
4470,6,0.03718608927902106,3.092343322735721,direct_hf,24,1
4470,7,0.0131093148361238,1.8640387123472313,direct_hf,24,1
4470,8,0.017989549816233366,0.9283473543857422,direct_hf,24,1
4470,9,0.023224991077880768,4.3050611909690355,direct_hf,24,1
4470,10,0.033090605701497376,2.1020896587367153,direct_hf,24,1
5873,1,0.006585566151827972,5.225463045213482,direct_hf,24,1
5873,2,0.004738159573707947,17.66873191755452,direct_hf,24,1
5873,3,0.00704378851065323,3.7852389818559318,direct_hf,24,1
5873,4,0.00507664977982853,10.685700016539837,direct_hf,24,1
5873,5,0.023261238692039863,22.66658980514898,direct_hf,24,1
5873,6,0.024608786361656088,5.252095629390535,direct_hf,24,1
5873,7,0.006485648982105552,16.4933838281143,direct_hf,24,1
5873,8,0.01848041791110721,7.68305558697769,direct_hf,24,1
5873,9,0.02608439131756706,19.4548310738141,direct_hf,24,1
5873,10,0.04301664290678174,12.037636531942262,direct_hf,24,1
6148,1,0.005628146213771865,13.434803350599466,direct_hf,24,1
6148,2,0.009033605289994901,13.070521795704,direct_hf,24,1
6148,3,0.011024935765612616,16.144789087681428,direct_hf,24,1
6148,4,0.012273112441040653,14.959232815456547,direct_hf,24,1
6148,5,0.026153631344079636,15.236062835325203,direct_hf,24,1
6148,6,0.03858241621829454,18.94356650945138,direct_hf,24,1
6148,7,0.016185626847108493,15.968220199656477,direct_hf,24,1
6148,8,0.024648287953206095,16.267256973965754,direct_hf,24,1
6148,10,0.02007180052161544,11.21073037159193,direct_hf,24,1
7862,1,0.0019362987445137383,10.870680061325194,direct_hf,24,1
7862,2,0.004754540722824862,0.29806213747230165,direct_hf,24,1
7862,3,0.0012772695751121772,5.4027578084964105,direct_hf,24,1
7862,4,0.0038029875224003225,2.9762346717283004,direct_hf,24,1
7862,5,0.0191832805967094,1.142003434460493,direct_hf,24,1
7862,6,0.01584962979753906,1.7093840359206132,direct_hf,24,1
7862,7,0.004984596894511556,3.0983538045197774,direct_hf,24,1
7862,8,0.005881623395273051,2.793694008370006,direct_hf,24,1
7862,9,0.0084043990048332,10.890385398377319,direct_hf,24,1
7862,10,0.011038869196665566,9.493174715592794,direct_hf,24,1
8539,1,0.009911547851174561,6.129450739019339,direct_hf,24,1
8539,2,0.010224395904589444,13.009555738409277,direct_hf,24,1
8539,3,0.007520099057669124,3.3939951730435642,direct_hf,24,1
8539,4,0.0049619420937331285,8.800057756652107,direct_hf,24,1
8539,5,0.025006430861414283,14.457557412196609,direct_hf,24,1
8539,8,0.0976063276641214,6.727747471011418,direct_hf,24,1
8539,9,0.09661703089442983,15.688172521071277,direct_hf,24,1
8539,10,0.02386766057250033,11.49563751116405,direct_hf,24,1
9311,1,0.0014465516282354844,0.2651363912116764,direct_hf,24,1
9311,2,0.00364262465081029,1.5931887888269523,direct_hf,24,1
9311,3,0.003058713754758357,0.007138825049657559,direct_hf,24,1
9311,6,0.012934083236671032,0.06928861637162066,direct_hf,24,1
9311,7,0.004938204153093106,3.129893484121379,direct_hf,24,1
9311,8,0.009236995904908594,2.5756383828490335,direct_hf,24,1
9311,9,0.011173940491168873,0.2697150681026614,direct_hf,24,1
9311,10,0.03340660568622053,6.422045852793332,direct_hf,24,1
9779,1,0.010845632130834261,15.573929563299979,direct_hf,24,1
9779,2,0.012683171297519506,16.287717040111165,direct_hf,24,1
9779,3,0.010985245551330177,11.755430977664364,direct_hf,24,1
9779,4,0.009493883413956206,14.608252122225103,direct_hf,24,1
9779,5,0.017915093942319507,15.805812940276237,direct_hf,24,1
9779,6,0.021470766752510227,9.651236862464655,direct_hf,24,1
9779,7,0.01206727240389438,12.147317088137388,direct_hf,24,1
9779,8,0.01136769166649871,11.102784299193901,direct_hf,24,1
9779,9,0.01273300246621623,12.084243304977297,direct_hf,24,1
9779,10,0.018144258643340884,4.662183912480573,direct_hf,24,1
422,1,0.0006094116709505829,1.462484970923275,cokriging,24,1
422,2,0.0016332713641883988,0.7866544463251888,cokriging,24,1
422,3,0.0012406860227264786,1.1540045524180351,cokriging,24,1
422,4,0.0019509502571756513,1.2087681163840407,cokriging,24,1
422,5,0.0024036059731206367,1.0137004557160827,cokriging,24,1
422,8,0.02769489371036057,1.8476266566944661,cokriging,24,1
422,9,0.030409956342463115,1.2166615121893793,cokriging,24,1
422,10,0.012528840327401428,0.866455403311502,cokriging,24,1
1190,1,0.0015283653661268984,0.22153935719250542,cokriging,24,1
1190,2,0.0013625053021091695,0.09776302988424862,cokriging,24,1
1190,3,0.0021347749284027504,0.043963434735094196,cokriging,24,1
1190,4,0.0015458551780493913,0.048934413643494774,cokriging,24,1
1190,5,0.005338652851013156,0.9640889388743205,cokriging,24,1
1190,6,0.005030657085153218,0.3638097513765002,cokriging,24,1
1190,7,0.00490200143610632,0.026642427594047474,cokriging,24,1
1190,8,0.00886888086085576,0.5010770606596866,cokriging,24,1
1190,9,0.01858157777570867,2.4551867254920765,cokriging,24,1
1190,10,0.012845978838293075,4.668586007129365,cokriging,24,1
1826,1,0.004636409547525119,1.7005529057282118,cokriging,24,1
1826,2,0.009673804598210687,4.156895924271047,cokriging,24,1
1826,3,0.005600427948933015,1.0493936730006703,cokriging,24,1
1826,4,0.0074284961052095075,2.2573438871026923,cokriging,24,1
1826,5,0.008197281910251347,6.329064160189476,cokriging,24,1
1826,6,0.008735912660492362,1.8673244211022768,cokriging,24,1
1826,7,0.009790372913368078,2.7255939396377697,cokriging,24,1
1826,8,0.012851833596208409,2.871442265577552,cokriging,24,1
1826,9,0.010311679522679635,0.34037614344016115,cokriging,24,1
2209,1,0.001317953918520824,4.3027529515764185,cokriging,24,1
2209,2,0.0011293045229950943,2.2852561454015237,cokriging,24,1
2209,3,0.002367267535825039,3.4562761602834895,cokriging,24,1
2209,4,0.0018283140455881326,1.1834328598874564,cokriging,24,1
2209,5,0.008440664961922442,2.220784984076353,cokriging,24,1
2209,6,0.00620034694617169,3.684923234228581,cokriging,24,1
2209,7,0.14071057950395424,1.5431309718355057,cokriging,24,1
2209,8,0.008118021609473223,3.078824135034475,cokriging,24,1
2209,10,0.014901024359549311,5.578116735727245,cokriging,24,1
2802,1,0.003926275043022571,0.9301839127643408,cokriging,24,1
2802,2,0.00788918053576839,1.252663721210191,cokriging,24,1
2802,3,0.005721127811118452,0.5030455798401766,cokriging,24,1
2802,4,0.012163727583532392,2.6646204956775192,cokriging,24,1
2802,5,0.014925358581025184,2.574367492548305,cokriging,24,1
2802,6,0.01684110727435173,0.16836579071714936,cokriging,24,1
2802,7,0.018798123695018095,2.479563423356825,cokriging,24,1
2802,8,0.031607525628601876,1.1571347920342694,cokriging,24,1
2802,9,0.021672594127161143,5.223276278521589,cokriging,24,1
3377,1,0.0028453036103396412,0.9313928719164051,cokriging,24,1
3377,2,0.004748673855707976,2.270038108394301,cokriging,24,1
3377,3,0.003829974792901172,0.7517665924039362,cokriging,24,1
3377,4,0.004160182902512539,0.7598533268886991,cokriging,24,1
3377,5,0.010592024501277426,2.6179391295877847,cokriging,24,1
3377,6,0.012046296064516657,1.1702174944728523,cokriging,24,1
3377,7,0.005166936874915647,1.576043865788945,cokriging,24,1
3377,8,0.02638443595879586,1.083317896811418,cokriging,24,1
3377,9,0.03012826371534947,2.968477560543798,cokriging,24,1
3377,10,0.029766654174080108,2.920181639643003,cokriging,24,1
3408,1,0.0009275658924733969,4.450358745131522,cokriging,24,1
3408,2,0.0011156774537053238,5.262208590799284,cokriging,24,1
3408,3,0.0014875758868048024,3.8623732065493597,cokriging,24,1
3408,4,0.0018644908835523868,0.7244930399045982,cokriging,24,1
3408,5,0.0025971616009190963,5.632043438347806,cokriging,24,1
3408,6,0.00449212334007415,3.1866427807540205,cokriging,24,1
3408,7,0.0030375779946338263,3.3930299729370463,cokriging,24,1
3408,8,0.004319018229335334,2.8702206557919685,cokriging,24,1
3408,9,0.017734174364005678,3.90847990386911,cokriging,24,1
3408,10,0.1328940820130097,0.6456830713942994,cokriging,24,1
4082,1,0.0016478046421145656,3.2692307479682925,cokriging,24,1
4082,2,0.002784575912834368,4.750893758895251,cokriging,24,1
4082,3,0.001887367061067667,1.8057176085410718,cokriging,24,1
4082,4,0.002953341428823406,0.37483419586587535,cokriging,24,1
4082,5,0.003949218861059548,4.601432259052287,cokriging,24,1
4082,6,0.002991432645749581,1.9093167001314706,cokriging,24,1
4082,7,0.0054695586231671275,2.953377488231721,cokriging,24,1
4082,8,0.02836181958447277,0.9580745055014851,cokriging,24,1
4082,9,0.03421139635120365,6.341034953782855,cokriging,24,1
4082,10,0.002824606624208912,1.429350102969659,cokriging,24,1
4352,1,0.007464140051003965,0.48476379396487795,cokriging,24,1
4352,2,0.015438735694264155,0.6391096781498866,cokriging,24,1
4352,3,0.010382284292159951,1.6960177913404468,cokriging,24,1
4352,4,0.013009998494514887,2.991485698811734,cokriging,24,1
4352,5,0.027477335219797804,5.051527802205832,cokriging,24,1
4352,6,0.02283200349533481,3.4689890023080663,cokriging,24,1
4352,7,0.015610812753021877,4.63531638040846,cokriging,24,1
4352,8,0.04101993584398013,5.0500786971545955,cokriging,24,1
4352,9,0.03708750401728863,7.262946385723579,cokriging,24,1
4352,10,0.019360742809595176,6.116160093503012,cokriging,24,1
4470,1,0.0027730115185199584,1.3490119089510846,cokriging,24,1
4470,2,0.004658001449579661,2.103255805713997,cokriging,24,1
4470,3,0.002474099227350903,0.7787350883558848,cokriging,24,1
4470,4,0.006720930111364208,2.7604175651566094,cokriging,24,1
4470,5,0.0245970630720449,0.6646541462738706,cokriging,24,1
4470,6,0.025651157249388393,1.2097039036409956,cokriging,24,1
4470,7,0.010993257934642129,1.060731924733705,cokriging,24,1
4470,8,0.005801560338304427,1.5355408996669868,cokriging,24,1
4470,9,0.0038230310493114904,1.265286401756508,cokriging,24,1
4470,10,0.02361503996948519,3.9591402307269803,cokriging,24,1
5873,1,0.014390064246539385,1.3478396106997137,cokriging,24,1
5873,2,0.0037736686557913826,0.48696681112259627,cokriging,24,1
5873,3,0.00958410421572867,2.055361427181918,cokriging,24,1
5873,4,0.009838487749762976,4.724946441185692,cokriging,24,1
5873,5,0.03133803811860392,3.335000378715732,cokriging,24,1
5873,6,0.021396337932954052,2.072312572364317,cokriging,24,1
5873,7,0.013872732809711305,2.8227059252597346,cokriging,24,1
5873,8,0.15342138741687641,2.1551564684393094,cokriging,24,1
5873,9,0.15081968815048652,8.616915472688907,cokriging,24,1
5873,10,0.05620696069714223,1.2863512071421936,cokriging,24,1
6148,1,0.0005731228852679909,4.18113823522406,cokriging,24,1
6148,2,0.0022218003291142245,3.6182682075035673,cokriging,24,1
6148,3,0.0014081305768873537,3.5525424045982423,cokriging,24,1
6148,4,0.001273882095253727,0.5010132887941281,cokriging,24,1
6148,5,0.023072960227643605,2.0025320934801605,cokriging,24,1
6148,6,0.017264164399774497,4.797105083263264,cokriging,24,1
6148,7,0.0037660479033048808,3.2155686538186914,cokriging,24,1
6148,8,0.005772265270645409,2.476174212865724,cokriging,24,1
6148,10,0.0043694073823532815,0.7062223194064702,cokriging,24,1
7862,1,0.008234907646916353,0.8616442466018974,cokriging,24,1
7862,2,0.03339581735044295,7.562439829210492,cokriging,24,1
7862,3,0.014543114063024352,2.2641492063099653,cokriging,24,1
7862,4,0.020258478968151954,0.21562002554146512,cokriging,24,1
7862,5,0.018198809788725807,15.970957729324304,cokriging,24,1
7862,6,0.019133271235158553,3.686013585719107,cokriging,24,1
7862,7,0.02154136800835648,9.170196477509917,cokriging,24,1
7862,8,0.043411314957981305,0.8152582795575498,cokriging,24,1
7862,9,0.07240042647069678,24.333909080171292,cokriging,24,1
7862,10,0.05331136834540676,6.210415659983931,cokriging,24,1
8539,1,0.0017437896387160706,2.040324625077663,cokriging,24,1
8539,2,0.002679356199259476,3.3295052004457175,cokriging,24,1
8539,3,0.001738433460873647,1.6961573483723296,cokriging,24,1
8539,4,0.0031112618827434813,0.6938043988144932,cokriging,24,1
8539,5,0.0035641145452487925,3.5726088805407694,cokriging,24,1
8539,8,0.027049640555747722,1.9582933508389073,cokriging,24,1
8539,9,0.027309387397320427,3.009066799322533,cokriging,24,1
8539,10,0.012437623029216542,3.6531546585186905,cokriging,24,1
9311,1,0.0065452870901225825,3.4743127794736717,cokriging,24,1
9311,2,0.006074142941360665,4.152437356034962,cokriging,24,1
9311,3,0.004416921148487025,3.2962663845591975,cokriging,24,1
9311,6,0.02507000775518737,2.1045663693973466,cokriging,24,1
9311,7,0.004972724947857875,7.051709826251675,cokriging,24,1
9311,8,0.025460644853229925,2.4689054990263095,cokriging,24,1
9311,9,0.02806524277636614,5.013627594110066,cokriging,24,1
9311,10,0.012175911866615458,4.735416183917678,cokriging,24,1
9779,1,0.0017755158667718185,4.3089701969998675,cokriging,24,1
9779,2,0.0020013444739525117,3.26200527310132,cokriging,24,1
9779,3,0.001115249650847141,5.093842984957101,cokriging,24,1
9779,4,0.0034022664956726493,4.24278054751103,cokriging,24,1
9779,5,0.0023069518009508705,3.168649825402704,cokriging,24,1
9779,6,0.005854843305558891,3.345981960663836,cokriging,24,1
9779,7,0.0073428609901338895,3.234745932783377,cokriging,24,1
9779,8,0.015481197170047863,4.292081365662308,cokriging,24,1
9779,9,0.015078413210294999,4.975345082592472,cokriging,24,1
9779,10,0.010221611558995933,6.8589891619581005,cokriging,24,1
422,1,0.006418496083179343,2.6708205137269183,neural_inr,24,1
422,2,0.00855601659266532,2.95379917050287,neural_inr,24,1
422,3,0.008654441097977177,3.0207694939077667,neural_inr,24,1
422,4,0.010161428126193866,2.408070186139294,neural_inr,24,1
422,5,0.011824499477872978,2.646393036663189,neural_inr,24,1
422,8,0.033079755647697176,2.2948918033910792,neural_inr,24,1
422,9,0.03399887255152993,2.5334714260627424,neural_inr,24,1
422,10,0.015530680341290046,0.7600229508392814,neural_inr,24,1
1190,1,0.003801433954380394,2.539186279294089,neural_inr,24,1
1190,2,0.006492989962826458,0.5339777392295972,neural_inr,24,1
1190,3,0.005926477631965715,1.397181350884506,neural_inr,24,1
1190,4,0.0076061407049970685,1.4277974725738554,neural_inr,24,1
1190,5,0.0091921108587819,0.4291978061964828,neural_inr,24,1
1190,6,0.007288260311995971,1.6741351160439009,neural_inr,24,1
1190,7,0.012057667414051221,0.7790314083448747,neural_inr,24,1
1190,8,0.00784890884436941,1.8063783112034713,neural_inr,24,1
1190,9,0.016121763358815874,1.851782907377917,neural_inr,24,1
1190,10,0.012692435074163228,2.876282896774458,neural_inr,24,1
1826,1,0.005422908139278432,3.9756667414630678,neural_inr,24,1
1826,2,0.007778851310240681,5.883787581288912,neural_inr,24,1
1826,3,0.006795910834896278,2.24526916183144,neural_inr,24,1
1826,4,0.008872345984634298,4.387018711099346,neural_inr,24,1
1826,5,0.01365727804565636,6.024272955996052,neural_inr,24,1
1826,6,0.010506745138514446,2.441491219025669,neural_inr,24,1
1826,7,0.016404477770743258,5.970576319028261,neural_inr,24,1
1826,8,0.011917368641758085,4.126800387616404,neural_inr,24,1
1826,9,0.021177183359098926,6.039448695303362,neural_inr,24,1
2209,1,0.004305420391905988,2.3987592318326567,neural_inr,24,1
2209,2,0.006768161287138322,1.4274373578711368,neural_inr,24,1
2209,3,0.005750019989588331,2.894807054928088,neural_inr,24,1
2209,4,0.00779943405804967,3.3540394010878902,neural_inr,24,1
2209,5,0.009657886409297066,0.6191058026219219,neural_inr,24,1
2209,6,0.008575139104093674,4.665882273654341,neural_inr,24,1
2209,7,0.1375984930538626,2.8311544773191755,neural_inr,24,1
2209,8,0.00798026858245114,4.607694380886531,neural_inr,24,1
2209,10,0.013537448419658187,5.603415108596665,neural_inr,24,1
2802,1,0.006397861318705641,0.22448585130314552,neural_inr,24,1
2802,2,0.006568565210623184,3.01303985243483,neural_inr,24,1
2802,3,0.011161837620590063,0.1731013550374418,neural_inr,24,1
2802,4,0.01017936573963323,2.462847697392737,neural_inr,24,1
2802,5,0.01484412615095935,4.3799899643089315,neural_inr,24,1
2802,6,0.01584165333113986,0.17867321235215522,neural_inr,24,1
2802,7,0.016019885173792135,4.8622895330643985,neural_inr,24,1
2802,8,0.02390109011010139,1.082252155385488,neural_inr,24,1
2802,9,0.03259106937128073,4.8822005519124785,neural_inr,24,1
3377,1,0.006309347313544883,5.891662847190658,neural_inr,24,1
3377,2,0.011632591995314934,5.2591115554764425,neural_inr,24,1
3377,3,0.01428744468633091,4.378708252602455,neural_inr,24,1
3377,4,0.01621372450978648,5.212597134863142,neural_inr,24,1
3377,5,0.016355234432095758,5.407749818379334,neural_inr,24,1
3377,6,0.019665809184354708,4.826477984625256,neural_inr,24,1
3377,7,0.024694272054291883,6.47337383124639,neural_inr,24,1
3377,8,0.02418059181387318,4.132953276341768,neural_inr,24,1
3377,9,0.037184115108859106,5.947719507676105,neural_inr,24,1
3377,10,0.03592234639647769,7.67619975783567,neural_inr,24,1
3408,1,0.0019693205885159986,6.8940894044538,neural_inr,24,1
3408,2,0.004044947337164053,10.189948031805827,neural_inr,24,1
3408,3,0.003212813375786716,5.192496840892029,neural_inr,24,1
3408,4,0.004657066013375797,6.55012888565946,neural_inr,24,1
3408,5,0.008689396622593595,14.367347896281213,neural_inr,24,1
3408,6,0.005794850412717365,5.402636240305485,neural_inr,24,1
3408,7,0.008135633976405411,10.379971503991937,neural_inr,24,1
3408,8,0.004615950154469963,4.848586814005306,neural_inr,24,1
3408,9,0.01195419476633175,19.200038877708455,neural_inr,24,1
3408,10,0.1345360737310118,9.414171372889923,neural_inr,24,1
4082,1,0.0029978409519878174,3.1808206399160643,neural_inr,24,1
4082,2,0.005152964571090092,4.481117681509232,neural_inr,24,1
4082,3,0.0042286749703041426,0.15889306851357618,neural_inr,24,1
4082,4,0.005392191568764567,1.777104146120606,neural_inr,24,1
4082,5,0.008439354431271574,4.890788595729203,neural_inr,24,1
4082,6,0.006502290002092196,0.49319765184225167,neural_inr,24,1
4082,7,0.00990732429076248,3.306245523293179,neural_inr,24,1
4082,8,0.03206098032159501,0.962951627662729,neural_inr,24,1
4082,9,0.03575119427321753,5.567413400255909,neural_inr,24,1
4082,10,0.011806386606396798,3.021344170678393,neural_inr,24,1
4352,1,0.010205995626625318,2.3502456114172974,neural_inr,24,1
4352,2,0.01806718310900757,3.2235588950920215,neural_inr,24,1
4352,3,0.024593675775708066,4.881670689879336,neural_inr,24,1
4352,4,0.024560607055105623,5.568812361813181,neural_inr,24,1
4352,5,0.02724615113875108,5.777147337104002,neural_inr,24,1
4352,6,0.026717162765271148,7.75032769668045,neural_inr,24,1
4352,7,0.035557673049545435,6.967536727832728,neural_inr,24,1
4352,8,0.03698827213790152,7.744394122369754,neural_inr,24,1
4352,9,0.0454759371177577,9.209799246620758,neural_inr,24,1
4352,10,0.05071889427779614,8.557381472093269,neural_inr,24,1
4470,1,0.006790029209702165,0.2967978924257996,neural_inr,24,1
4470,2,0.008945679326396557,0.1670573729323986,neural_inr,24,1
4470,3,0.012587994709466884,0.4841681670167155,neural_inr,24,1
4470,4,0.01127188625457044,0.5456434796684575,neural_inr,24,1
4470,5,0.0283592034930933,0.898284139306294,neural_inr,24,1
4470,6,0.031204010167980953,0.7906744985190056,neural_inr,24,1
4470,7,0.011227026648587681,1.344432369934852,neural_inr,24,1
4470,8,0.01161547945718978,0.5996275081190999,neural_inr,24,1
4470,9,0.010524282810363073,2.183854824030743,neural_inr,24,1
4470,10,0.01585433808925237,0.7257283585950042,neural_inr,24,1
5873,1,0.027656692439364257,1.0324284865551885,neural_inr,24,1
5873,2,0.02781020113701966,2.2990503883025855,neural_inr,24,1
5873,3,0.043018306803498794,0.773586158323861,neural_inr,24,1
5873,4,0.03696474436627791,1.4525457064294869,neural_inr,24,1
5873,5,0.0420697635490126,6.723187607728295,neural_inr,24,1
5873,6,0.04262025160048853,1.2758239679067123,neural_inr,24,1
5873,7,0.03667059805656992,5.460134957762575,neural_inr,24,1
5873,8,0.15428388146449662,0.46816256118641475,neural_inr,24,1
5873,9,0.1636940431393232,11.679063440889847,neural_inr,24,1
5873,10,0.0529054118375698,3.120215257406395,neural_inr,24,1
6148,1,0.003395714583703951,0.9097483215947866,neural_inr,24,1
6148,2,0.00634371154171293,0.081144734047483,neural_inr,24,1
6148,3,0.0051222135147067915,1.6354300375570054,neural_inr,24,1
6148,4,0.007020598444432169,0.03148807321484745,neural_inr,24,1
6148,5,0.008955978288923973,1.0280685678755896,neural_inr,24,1
6148,6,0.006472204727990778,1.7708669559842756,neural_inr,24,1
6148,7,0.010999908061162557,0.04233925982035532,neural_inr,24,1
6148,8,0.0069582646944856075,0.4326088106480705,neural_inr,24,1
6148,10,0.011154349698927953,1.4699340657527107,neural_inr,24,1
7862,1,0.023453097794254467,3.5021424491581534,neural_inr,24,1
7862,2,0.041237434378586034,1.3701998574922893,neural_inr,24,1
7862,3,0.0396502538821156,3.0369325292203073,neural_inr,24,1
7862,4,0.0505242007647774,1.5974381140700493,neural_inr,24,1
7862,5,0.06197622554347908,0.2574075831822569,neural_inr,24,1
7862,6,0.0393197896002785,3.2504276696589303,neural_inr,24,1
7862,7,0.06690894571475799,0.5954495100756251,neural_inr,24,1
7862,8,0.04227860910626929,1.9729474476825561,neural_inr,24,1
7862,9,0.08843584677612781,0.1178663050722134,neural_inr,24,1
7862,10,0.07586456314953513,2.4925573184424747,neural_inr,24,1
8539,1,0.005247171462744176,2.9809548023763215,neural_inr,24,1
8539,2,0.006794430353110158,2.7007891992742796,neural_inr,24,1
8539,3,0.007084069344142595,1.4376978664788942,neural_inr,24,1
8539,4,0.008162755609082072,2.5361252046400073,neural_inr,24,1
8539,5,0.009424455389218659,3.3785481345730966,neural_inr,24,1
8539,8,0.02626486822825825,2.2169757207321616,neural_inr,24,1
8539,9,0.028699305166183353,4.300826853051371,neural_inr,24,1
8539,10,0.014003825716181957,4.6708128052314954,neural_inr,24,1
9311,1,0.012560363602848177,0.5318501464149277,neural_inr,24,1
9311,2,0.020237227349220146,2.0642786767129744,neural_inr,24,1
9311,3,0.014411267866772895,0.327492669540858,neural_inr,24,1
9311,6,0.02624369764460687,0.0244172627740344,neural_inr,24,1
9311,7,0.037545956845698766,1.8022885092138943,neural_inr,24,1
9311,8,0.023336669791579095,0.6274690744098628,neural_inr,24,1
9311,9,0.04947129949727291,2.1532600119712226,neural_inr,24,1
9311,10,0.053372095626759035,0.17086866320518357,neural_inr,24,1
9779,1,0.003564673483584488,7.3289101010023625,neural_inr,24,1
9779,2,0.005653197531241854,7.53274699517245,neural_inr,24,1
9779,3,0.005418150124566602,4.653473414631331,neural_inr,24,1
9779,4,0.007041279403880159,5.999401867112803,neural_inr,24,1
9779,5,0.0123847502374705,8.901852857993319,neural_inr,24,1
9779,6,0.009817840760901258,4.381788735221106,neural_inr,24,1
9779,7,0.012834393095259534,7.414973241592259,neural_inr,24,1
9779,8,0.008977336507840994,5.478620451616897,neural_inr,24,1
9779,9,0.014758231957468407,10.066171134943607,neural_inr,24,1
9779,10,0.01720714860130502,7.951563282276275,neural_inr,24,1
422,1,0.0003960966797980498,1.462484970923275,original_fixed_rbf,24,1
422,2,0.0013131371705538868,0.7866544463251888,original_fixed_rbf,24,1
422,3,0.001305484689482913,1.1540045524180351,original_fixed_rbf,24,1
422,4,0.0018141019687472754,1.2087681163840407,original_fixed_rbf,24,1
422,5,0.007161189188740399,1.0137004557160827,original_fixed_rbf,24,1
422,8,0.029619187846355498,1.8476266566944661,original_fixed_rbf,24,1
422,9,0.02924751479302929,1.2166615121893793,original_fixed_rbf,24,1
422,10,0.016848224134356833,0.866455403311502,original_fixed_rbf,24,1
1190,1,0.0018619577776203399,0.22153935719250542,original_fixed_rbf,24,1
1190,2,0.003433859372066356,0.09776302988424862,original_fixed_rbf,24,1
1190,3,0.001026463200260733,0.043963434735094196,original_fixed_rbf,24,1
1190,4,0.002244084236337106,0.048934413643494774,original_fixed_rbf,24,1
1190,5,0.02125289165520813,0.9640889388743205,original_fixed_rbf,24,1
1190,6,0.013158912333200325,0.3638097513765002,original_fixed_rbf,24,1
1190,7,0.0027794300566831446,0.026642427594047474,original_fixed_rbf,24,1
1190,8,0.011970480503587,0.5010770606596866,original_fixed_rbf,24,1
1190,9,0.021739361751588356,2.4551867254920765,original_fixed_rbf,24,1
1190,10,0.01582628549058476,4.668586007129365,original_fixed_rbf,24,1
1826,1,0.004896563140880352,1.7005529057282118,original_fixed_rbf,24,1
1826,2,0.006146279825244797,4.156895924271047,original_fixed_rbf,24,1
1826,3,0.005445975246949519,1.0493936730006703,original_fixed_rbf,24,1
1826,4,0.007265458451986221,2.2573438871026923,original_fixed_rbf,24,1
1826,5,0.008568467175673649,6.329064160189476,original_fixed_rbf,24,1
1826,6,0.009486812971796836,1.8673244211022768,original_fixed_rbf,24,1
1826,7,0.00779531953339594,2.7255939396377697,original_fixed_rbf,24,1
1826,8,0.013033032211103909,2.871442265577552,original_fixed_rbf,24,1
1826,9,0.011746491189852923,0.34037614344016115,original_fixed_rbf,24,1
2209,1,0.0007729630884535403,4.3027529515764185,original_fixed_rbf,24,1
2209,2,0.0015885761737168898,2.2852561454015237,original_fixed_rbf,24,1
2209,3,0.0008959263174775647,3.4562761602834895,original_fixed_rbf,24,1
2209,4,0.005198539888597496,1.1834328598874564,original_fixed_rbf,24,1
2209,5,0.04917250011525113,2.220784984076353,original_fixed_rbf,24,1
2209,6,0.017764257230684154,3.684923234228581,original_fixed_rbf,24,1
2209,7,0.13684275759699366,1.5431309718355057,original_fixed_rbf,24,1
2209,8,0.009120588964234972,3.078824135034475,original_fixed_rbf,24,1
2209,10,0.019694926369493694,5.578116735727245,original_fixed_rbf,24,1
2802,1,0.0017994968394013308,0.9301839127643408,original_fixed_rbf,24,1
2802,2,0.004440679451842461,1.252663721210191,original_fixed_rbf,24,1
2802,3,0.0045846278622186055,0.5030455798401766,original_fixed_rbf,24,1
2802,4,0.008325876727753888,2.6646204956775192,original_fixed_rbf,24,1
2802,5,0.007754524688648205,2.574367492548305,original_fixed_rbf,24,1
2802,6,0.008623399498934337,0.16836579071714936,original_fixed_rbf,24,1
2802,7,0.0064261584875452025,2.479563423356825,original_fixed_rbf,24,1
2802,8,0.0258611820592021,1.1571347920342694,original_fixed_rbf,24,1
2802,9,0.018524267630377574,5.223276278521589,original_fixed_rbf,24,1
3377,1,0.0019206016858051176,0.9313928719164051,original_fixed_rbf,24,1
3377,2,0.003258716106519312,2.270038108394301,original_fixed_rbf,24,1
3377,3,0.0033162054039360877,0.7517665924039362,original_fixed_rbf,24,1
3377,4,0.004672106551726792,0.7598533268886991,original_fixed_rbf,24,1
3377,5,0.00648100533008064,2.6179391295877847,original_fixed_rbf,24,1
3377,6,0.006663089478958239,1.1702174944728523,original_fixed_rbf,24,1
3377,7,0.006824825349090408,1.576043865788945,original_fixed_rbf,24,1
3377,8,0.025337103793483456,1.083317896811418,original_fixed_rbf,24,1
3377,9,0.02807838784510926,2.968477560543798,original_fixed_rbf,24,1
3377,10,0.036745377982506704,2.920181639643003,original_fixed_rbf,24,1
3408,1,0.001144112346517969,4.450358745131522,original_fixed_rbf,24,1
3408,2,0.002202279265512079,5.262208590799284,original_fixed_rbf,24,1
3408,3,0.0020671854980036093,3.8623732065493597,original_fixed_rbf,24,1
3408,4,0.004236105118769341,0.7244930399045982,original_fixed_rbf,24,1
3408,5,0.004942149259437158,5.632043438347806,original_fixed_rbf,24,1
3408,6,0.008499430405724982,3.1866427807540205,original_fixed_rbf,24,1
3408,7,0.010370159769711314,3.3930299729370463,original_fixed_rbf,24,1
3408,8,0.004645669883487426,2.8702206557919685,original_fixed_rbf,24,1
3408,9,0.019539078431938854,3.90847990386911,original_fixed_rbf,24,1
3408,10,0.13703519722783436,0.6456830713942994,original_fixed_rbf,24,1
4082,1,0.0030429440685221664,3.2692307479682925,original_fixed_rbf,24,1
4082,2,0.005790439014597875,4.750893758895251,original_fixed_rbf,24,1
4082,3,0.003462656486563922,1.8057176085410718,original_fixed_rbf,24,1
4082,4,0.0059853395713127784,0.37483419586587535,original_fixed_rbf,24,1
4082,5,0.010982327727029437,4.601432259052287,original_fixed_rbf,24,1
4082,6,0.007693499577106041,1.9093167001314706,original_fixed_rbf,24,1
4082,7,0.009958661299236659,2.953377488231721,original_fixed_rbf,24,1
4082,8,0.022552769946601825,0.9580745055014851,original_fixed_rbf,24,1
4082,9,0.03290928528929222,6.341034953782855,original_fixed_rbf,24,1
4082,10,0.008981043633329739,1.429350102969659,original_fixed_rbf,24,1
4352,1,0.007262538775800933,0.48476379396487795,original_fixed_rbf,24,1
4352,2,0.013052048487468479,0.6391096781498866,original_fixed_rbf,24,1
4352,3,0.013445689379256567,1.6960177913404468,original_fixed_rbf,24,1
4352,4,0.01639828715486998,2.991485698811734,original_fixed_rbf,24,1
4352,5,0.028499859158715536,5.051527802205832,original_fixed_rbf,24,1
4352,6,0.035467380950922375,3.4689890023080663,original_fixed_rbf,24,1
4352,7,0.022135346049688108,4.63531638040846,original_fixed_rbf,24,1
4352,8,0.04030571916953598,5.0500786971545955,original_fixed_rbf,24,1
4352,9,0.04478150078072674,7.262946385723579,original_fixed_rbf,24,1
4352,10,0.024209372156611175,6.116160093503012,original_fixed_rbf,24,1
4470,1,0.00205707559235954,1.3490119089510846,original_fixed_rbf,24,1
4470,2,0.003141555977992739,2.103255805713997,original_fixed_rbf,24,1
4470,3,0.0030161836784635926,0.7787350883558848,original_fixed_rbf,24,1
4470,4,0.005820839837943974,2.7604175651566094,original_fixed_rbf,24,1
4470,5,0.014833165619027104,0.6646541462738706,original_fixed_rbf,24,1
4470,6,0.028135160387125838,1.2097039036409956,original_fixed_rbf,24,1
4470,7,0.004720715333998262,1.060731924733705,original_fixed_rbf,24,1
4470,8,0.0071873264416995085,1.5355408996669868,original_fixed_rbf,24,1
4470,9,0.009084814406128029,1.265286401756508,original_fixed_rbf,24,1
4470,10,0.040440616884624414,3.9591402307269803,original_fixed_rbf,24,1
5873,1,0.01828227686563032,1.3478396106997137,original_fixed_rbf,24,1
5873,2,0.015763515691533194,0.48696681112259627,original_fixed_rbf,24,1
5873,3,0.01322498003295314,2.055361427181918,original_fixed_rbf,24,1
5873,4,0.009751380300107944,4.724946441185692,original_fixed_rbf,24,1
5873,5,0.007699739441006616,3.335000378715732,original_fixed_rbf,24,1
5873,6,0.012293101673960362,2.072312572364317,original_fixed_rbf,24,1
5873,7,0.00766025991528147,2.8227059252597346,original_fixed_rbf,24,1
5873,8,0.15442111551761015,2.1551564684393094,original_fixed_rbf,24,1
5873,9,0.15292988114704908,8.616915472688907,original_fixed_rbf,24,1
5873,10,0.04277512309281289,1.2863512071421936,original_fixed_rbf,24,1
6148,1,0.0005232973916428963,4.18113823522406,original_fixed_rbf,24,1
6148,2,0.0016600970947426357,3.6182682075035673,original_fixed_rbf,24,1
6148,3,0.0018990168454110297,3.5525424045982423,original_fixed_rbf,24,1
6148,4,0.003531168768775009,0.5010132887941281,original_fixed_rbf,24,1
6148,5,0.02843845856075874,2.0025320934801605,original_fixed_rbf,24,1
6148,6,0.06695090704525242,4.797105083263264,original_fixed_rbf,24,1
6148,7,0.006980490962086383,3.2155686538186914,original_fixed_rbf,24,1
6148,8,0.005560885241685075,2.476174212865724,original_fixed_rbf,24,1
6148,10,0.006242887190268892,0.7062223194064702,original_fixed_rbf,24,1
7862,1,0.007113274506916392,0.8616442466018974,original_fixed_rbf,24,1
7862,2,0.015906391417425638,7.562439829210492,original_fixed_rbf,24,1
7862,3,0.01116313373850907,2.2641492063099653,original_fixed_rbf,24,1
7862,4,0.021008738423883417,0.21562002554146512,original_fixed_rbf,24,1
7862,5,0.03780559072180635,15.970957729324304,original_fixed_rbf,24,1
7862,6,0.012368380645769237,3.686013585719107,original_fixed_rbf,24,1
7862,7,0.03166325487811637,9.170196477509917,original_fixed_rbf,24,1
7862,8,0.042575108406578535,0.8152582795575498,original_fixed_rbf,24,1
7862,9,0.07667824449460214,24.333909080171292,original_fixed_rbf,24,1
7862,10,0.05755098203091094,6.210415659983931,original_fixed_rbf,24,1
8539,1,0.0024253718454332594,2.040324625077663,original_fixed_rbf,24,1
8539,2,0.004971119054626769,3.3295052004457175,original_fixed_rbf,24,1
8539,3,0.0032402030100775105,1.6961573483723296,original_fixed_rbf,24,1
8539,4,0.005977124818056861,0.6938043988144932,original_fixed_rbf,24,1
8539,5,0.00892803397677929,3.5726088805407694,original_fixed_rbf,24,1
8539,8,0.025833108977712713,1.9582933508389073,original_fixed_rbf,24,1
8539,9,0.029122745079967732,3.009066799322533,original_fixed_rbf,24,1
8539,10,0.013859414899627564,3.6531546585186905,original_fixed_rbf,24,1
9311,1,0.009900710001715215,3.4743127794736717,original_fixed_rbf,24,1
9311,2,0.012053911672975492,4.152437356034962,original_fixed_rbf,24,1
9311,3,0.010685773010798524,3.2962663845591975,original_fixed_rbf,24,1
9311,6,0.02285960561202081,2.1045663693973466,original_fixed_rbf,24,1
9311,7,0.016530038121484063,7.051709826251675,original_fixed_rbf,24,1
9311,8,0.020933977555591496,2.4689054990263095,original_fixed_rbf,24,1
9311,9,0.027903647935027275,5.013627594110066,original_fixed_rbf,24,1
9311,10,0.021598581522171555,4.735416183917678,original_fixed_rbf,24,1
9779,1,0.003738401802274423,4.3089701969998675,original_fixed_rbf,24,1
9779,2,0.002760270772705674,3.26200527310132,original_fixed_rbf,24,1
9779,3,0.0022322053632903346,5.093842984957101,original_fixed_rbf,24,1
9779,4,0.0032525542436553354,4.24278054751103,original_fixed_rbf,24,1
9779,5,0.00562860886178336,3.168649825402704,original_fixed_rbf,24,1
9779,6,0.009016567327122726,3.345981960663836,original_fixed_rbf,24,1
9779,7,0.004812941347784374,3.234745932783377,original_fixed_rbf,24,1
9779,8,0.01743867935447819,4.292081365662308,original_fixed_rbf,24,1
9779,9,0.012997593142767029,4.975345082592472,original_fixed_rbf,24,1
9779,10,0.013946622363401441,6.8589891619581005,original_fixed_rbf,24,1
422,1,0.00030684425066388664,1.0561595990322943,boundary_kernel_pca,32,1
422,2,0.0013575913733134806,0.06527776927240816,boundary_kernel_pca,32,1
422,3,0.0009949763296418555,0.9960692043550783,boundary_kernel_pca,32,1
422,4,0.0017292563541505244,1.1958338070359198,boundary_kernel_pca,32,1
422,5,0.02111208274526595,0.3442412896021946,boundary_kernel_pca,32,1
422,8,0.030121963658817173,1.519387139066029,boundary_kernel_pca,32,1
422,9,0.03469881794919341,1.4813760614932094,boundary_kernel_pca,32,1
422,10,0.01623423610951641,3.4708916577643354,boundary_kernel_pca,32,1
1190,1,0.0023282981544096117,0.5688681577796467,boundary_kernel_pca,32,1
1190,2,0.003360174535683688,1.1592716839847759,boundary_kernel_pca,32,1
1190,3,0.002840514304456244,1.6634425023673487,boundary_kernel_pca,32,1
1190,4,0.0021143115838849614,0.9303793934213872,boundary_kernel_pca,32,1
1190,5,0.01733985367409834,1.7024873843601578,boundary_kernel_pca,32,1
1190,6,0.009695818307728641,0.5331375887080851,boundary_kernel_pca,32,1
1190,7,0.0030616068355192325,0.6886170257880011,boundary_kernel_pca,32,1
1190,8,0.006802915969079237,0.7927761319685103,boundary_kernel_pca,32,1
1190,9,0.02092893865823133,0.966670813430602,boundary_kernel_pca,32,1
1190,10,0.017785083761656786,0.052188789258199836,boundary_kernel_pca,32,1
1826,1,0.001702897427039724,0.16546035302519063,boundary_kernel_pca,32,1
1826,2,0.00247850163567897,0.11461155447207386,boundary_kernel_pca,32,1
1826,3,0.0028798530474175555,1.2559813958544173,boundary_kernel_pca,32,1
1826,4,0.0033208893858989678,0.7913605494902066,boundary_kernel_pca,32,1
1826,5,0.008649848643212627,1.988801235434895,boundary_kernel_pca,32,1
1826,6,0.009136851386698529,0.8602230055219917,boundary_kernel_pca,32,1
1826,7,0.00531772863204053,0.23973438506743938,boundary_kernel_pca,32,1
1826,8,0.009450174241310423,0.9242853055224672,boundary_kernel_pca,32,1
1826,9,0.00986558810719678,4.108804551502608,boundary_kernel_pca,32,1
2209,1,0.0009062913303488537,3.168002581565378,boundary_kernel_pca,32,1
2209,2,0.0027139689594275333,1.061577598330329,boundary_kernel_pca,32,1
2209,3,0.0012935221950005542,0.5667465188771557,boundary_kernel_pca,32,1
2209,4,0.0037838670044187755,0.15050927613911957,boundary_kernel_pca,32,1
2209,5,0.0724973207721314,2.103825412738779,boundary_kernel_pca,32,1
2209,6,0.027101788871885225,2.8322913755906005,boundary_kernel_pca,32,1
2209,7,0.13813957771632737,0.30590176208414427,boundary_kernel_pca,32,1
2209,8,0.010622418186681097,0.8232362156727976,boundary_kernel_pca,32,1
2209,10,0.019981768851783818,0.3946433851173688,boundary_kernel_pca,32,1
2802,1,0.0020033422156574684,0.845439929716574,boundary_kernel_pca,32,1
2802,2,0.0032033768898053626,2.4346402098673696,boundary_kernel_pca,32,1
2802,3,0.00209468646245143,0.5417093161487418,boundary_kernel_pca,32,1
2802,4,0.00446528616993722,2.1921685813850433,boundary_kernel_pca,32,1
2802,5,0.007588075694893695,3.5505205479839717,boundary_kernel_pca,32,1
2802,6,0.008624476992173821,0.07688668236176881,boundary_kernel_pca,32,1
2802,7,0.004507209249613571,3.018980756533398,boundary_kernel_pca,32,1
2802,8,0.024383612316706247,1.0841898211234604,boundary_kernel_pca,32,1
2802,9,0.019737326476711406,5.352399502764208,boundary_kernel_pca,32,1
3377,1,0.0027691909963245254,0.5733547508749702,boundary_kernel_pca,32,1
3377,2,0.004889611715990731,0.7118080029510587,boundary_kernel_pca,32,1
3377,3,0.004363813313770069,1.516870419145101,boundary_kernel_pca,32,1
3377,4,0.005340100758267679,0.4365993627829181,boundary_kernel_pca,32,1
3377,5,0.006824631546755639,1.220795584193618,boundary_kernel_pca,32,1
3377,6,0.009222409702211953,0.9504412618460697,boundary_kernel_pca,32,1
3377,7,0.008245683562110204,0.802599662086279,boundary_kernel_pca,32,1
3377,8,0.026692769638438894,1.0482908362135068,boundary_kernel_pca,32,1
3377,9,0.012314418927444108,3.091282037741955,boundary_kernel_pca,32,1
3377,10,0.029658378609764918,1.2496395739122588,boundary_kernel_pca,32,1
3408,1,0.000579935007504547,1.701818211367515,boundary_kernel_pca,32,1
3408,2,0.00124964164177631,2.0169942157816125,boundary_kernel_pca,32,1
3408,3,0.0015999556735962167,1.1612212275728158,boundary_kernel_pca,32,1
3408,4,0.002633944326922731,0.054593563711801685,boundary_kernel_pca,32,1
3408,5,0.013114446077794207,2.7973878914603842,boundary_kernel_pca,32,1
3408,6,0.007052558481025467,1.487969747843002,boundary_kernel_pca,32,1
3408,7,0.00854875309297967,1.8001124290373987,boundary_kernel_pca,32,1
3408,8,0.006334810466106734,0.5544240484350649,boundary_kernel_pca,32,1
3408,9,0.013154451398598275,2.586618902405366,boundary_kernel_pca,32,1
3408,10,0.13316150531809856,0.95858235812031,boundary_kernel_pca,32,1
4082,1,0.00267548784376503,1.1494811730755192,boundary_kernel_pca,32,1
4082,2,0.004908503256903847,1.9057567513966638,boundary_kernel_pca,32,1
4082,3,0.0033358936286370326,1.5046162226665398,boundary_kernel_pca,32,1
4082,4,0.005243230267807265,0.5270583843216887,boundary_kernel_pca,32,1
4082,5,0.007328365730136047,2.022490863530995,boundary_kernel_pca,32,1
4082,6,0.009281043057395117,1.100256243287295,boundary_kernel_pca,32,1
4082,7,0.009917108958409694,2.251523747525215,boundary_kernel_pca,32,1
4082,8,0.021464108578407432,0.8547418957716627,boundary_kernel_pca,32,1
4082,9,0.02907110527719489,3.2450382311361343,boundary_kernel_pca,32,1
4082,10,0.007538136134163974,1.982570293354856,boundary_kernel_pca,32,1
4352,1,0.005266594987826629,0.7595014269666986,boundary_kernel_pca,32,1
4352,2,0.012955270740949222,1.411082509934857,boundary_kernel_pca,32,1
4352,3,0.010835267998781468,0.36825027571795194,boundary_kernel_pca,32,1
4352,4,0.014598214077272147,2.8869247329665773,boundary_kernel_pca,32,1
4352,5,0.030665288178214557,3.2593822101551595,boundary_kernel_pca,32,1
4352,6,0.03159390814498885,4.174179462545582,boundary_kernel_pca,32,1
4352,7,0.021170024461515315,4.0760630749981015,boundary_kernel_pca,32,1
4352,8,0.04122656131034494,4.9150957345503485,boundary_kernel_pca,32,1
4352,9,0.039693636487865114,8.360355718853306,boundary_kernel_pca,32,1
4352,10,0.030305878785299733,2.14191618448392,boundary_kernel_pca,32,1
4470,1,0.004582892453597004,0.8703300910531014,boundary_kernel_pca,32,1
4470,2,0.004351743411673901,0.2942629801743505,boundary_kernel_pca,32,1
4470,3,0.0028811213339787365,0.8288081898646682,boundary_kernel_pca,32,1
4470,4,0.0016059217741914418,1.4126490547802504,boundary_kernel_pca,32,1
4470,5,0.011148636977914298,0.509444820918376,boundary_kernel_pca,32,1
4470,6,0.025757481125453265,1.7239990647025054,boundary_kernel_pca,32,1
4470,7,0.0032520546070029946,0.508545758413003,boundary_kernel_pca,32,1
4470,8,0.005721440279401785,0.5509092233247292,boundary_kernel_pca,32,1
4470,9,0.00759829630889124,0.027175033770982363,boundary_kernel_pca,32,1
4470,10,0.021952235906869184,1.4773142214085657,boundary_kernel_pca,32,1
5873,1,0.014398459749394181,3.0080371070378598,boundary_kernel_pca,32,1
5873,2,0.011471187704560133,1.3850551409661358,boundary_kernel_pca,32,1
5873,3,0.009988405458788688,2.388569348556375,boundary_kernel_pca,32,1
5873,4,0.007020744489481466,4.2895972678030345,boundary_kernel_pca,32,1
5873,5,0.007930918393386673,0.8998890690907608,boundary_kernel_pca,32,1
5873,6,0.011699950795142605,2.549924992172652,boundary_kernel_pca,32,1
5873,7,0.0077380093465228205,0.3610683248354094,boundary_kernel_pca,32,1
5873,8,0.1549522849920724,2.6585884433459057,boundary_kernel_pca,32,1
5873,9,0.15638316232767813,8.181550986983734,boundary_kernel_pca,32,1
5873,10,0.044023722424853064,1.3035863726120203,boundary_kernel_pca,32,1
6148,1,0.0006010099975233896,1.2390704368839185,boundary_kernel_pca,32,1
6148,2,0.0017137710171892773,2.1100770971499134,boundary_kernel_pca,32,1
6148,3,0.0010527081875665624,2.8499267091396474,boundary_kernel_pca,32,1
6148,4,0.0012981442538328527,0.2918919706377847,boundary_kernel_pca,32,1
6148,5,0.02233286825769403,0.13069060046636938,boundary_kernel_pca,32,1
6148,6,0.04613624402803548,1.8141015331512265,boundary_kernel_pca,32,1
6148,7,0.004215657224888278,2.935565646626953,boundary_kernel_pca,32,1
6148,8,0.005473114800472363,1.2589838081006361,boundary_kernel_pca,32,1
6148,10,0.008267196621615184,0.3876856298975265,boundary_kernel_pca,32,1
7862,1,0.012505790359469207,0.844814958361448,boundary_kernel_pca,32,1
7862,2,0.021846836413275013,7.491151955582604,boundary_kernel_pca,32,1
7862,3,0.01337708043774375,1.5155798831670535,boundary_kernel_pca,32,1
7862,4,0.021208313890861457,0.09208679269851854,boundary_kernel_pca,32,1
7862,5,0.03669528880061639,12.572875211195557,boundary_kernel_pca,32,1
7862,6,0.013864536853881247,1.052674515449616,boundary_kernel_pca,32,1
7862,7,0.030481642589611394,5.353066266788514,boundary_kernel_pca,32,1
7862,8,0.042257531280160826,0.8702443881301406,boundary_kernel_pca,32,1
7862,9,0.0787023390257176,23.996348660406543,boundary_kernel_pca,32,1
7862,10,0.05683639451176184,1.790783091222653,boundary_kernel_pca,32,1
8539,1,0.0023620187027212297,1.3397346370447563,boundary_kernel_pca,32,1
8539,2,0.005503845367598686,1.8999604625667592,boundary_kernel_pca,32,1
8539,3,0.0029953794991898737,0.37112954184540453,boundary_kernel_pca,32,1
8539,4,0.004748793698514064,0.030002261599707085,boundary_kernel_pca,32,1
8539,5,0.00980490509541862,2.5439640219104236,boundary_kernel_pca,32,1
8539,8,0.02889467118797265,0.49207728012688506,boundary_kernel_pca,32,1
8539,9,0.03120272520648941,4.620504649151967,boundary_kernel_pca,32,1
8539,10,0.014440309970411727,2.599029878769258,boundary_kernel_pca,32,1
9311,1,0.009393016619885139,2.248343791566432,boundary_kernel_pca,32,1
9311,2,0.010964083101818114,1.6891176809500195,boundary_kernel_pca,32,1
9311,3,0.00862559766253232,2.61520867829561,boundary_kernel_pca,32,1
9311,6,0.021694755733427162,1.4074563025632154,boundary_kernel_pca,32,1
9311,7,0.014434318847512373,3.908616778515967,boundary_kernel_pca,32,1
9311,8,0.019384284966969565,3.8833884081723413,boundary_kernel_pca,32,1
9311,9,0.008410987187155959,15.293024839038422,boundary_kernel_pca,32,1
9311,10,0.018418980665389325,3.7158819606884226,boundary_kernel_pca,32,1
9779,1,0.003570829800470798,3.4108176923781333,boundary_kernel_pca,32,1
9779,2,0.0034904611090421436,2.440359445272346,boundary_kernel_pca,32,1
9779,3,0.0026429581189392442,3.5074307994201916,boundary_kernel_pca,32,1
9779,4,0.0036981471339607814,4.112440084199086,boundary_kernel_pca,32,1
9779,5,0.008759563383841982,2.128405544668685,boundary_kernel_pca,32,1
9779,6,0.007353065115442323,4.474637695238286,boundary_kernel_pca,32,1
9779,7,0.005034385621947956,3.134547959414997,boundary_kernel_pca,32,1
9779,8,0.016499402243147183,4.23848288760322,boundary_kernel_pca,32,1
9779,9,0.009710283424285421,6.529223753656241,boundary_kernel_pca,32,1
9779,10,0.00707656517484382,12.399048127595234,boundary_kernel_pca,32,1
422,1,0.00033718758071916776,1.0951981893577503,output_pca,32,1
422,2,0.0012752850410317855,0.03922221701965773,output_pca,32,1
422,3,0.0012667415285419418,0.9134403155160188,output_pca,32,1
422,4,0.002614715369263848,0.9356632774797924,output_pca,32,1
422,5,0.012903029363525819,0.2258976077303233,output_pca,32,1
422,8,0.029516545755724297,1.0797375998087413,output_pca,32,1
422,9,0.032323025511222195,0.8583918678786087,output_pca,32,1
422,10,0.009818891464460805,3.025162558412077,output_pca,32,1
1190,1,0.0017454582150148383,0.32989639845939056,output_pca,32,1
1190,2,0.00287037381916235,0.6207224807430316,output_pca,32,1
1190,3,0.001299060737746029,0.7544671618551537,output_pca,32,1
1190,4,0.0008128503437419953,0.5145608000223376,output_pca,32,1
1190,5,0.017230388364458192,0.9803328894924519,output_pca,32,1
1190,6,0.014365356938685387,0.16376113071195106,output_pca,32,1
1190,7,0.005823521106843948,0.7914944290003295,output_pca,32,1
1190,8,0.013648686623328177,0.4520652258194162,output_pca,32,1
1190,9,0.01857349450100745,0.5300462806642239,output_pca,32,1
1190,10,0.016824127951671597,1.31430054538413,output_pca,32,1
1826,1,0.0010985144708185424,1.2310936906630932,output_pca,32,1
1826,2,0.0017804138224167827,0.07946403567876324,output_pca,32,1
1826,3,0.00224583644806843,1.1867001377603255,output_pca,32,1
1826,4,0.003130918919848018,1.028799787252395,output_pca,32,1
1826,5,0.010696491713874094,0.31829167841351064,output_pca,32,1
1826,6,0.009047398162433076,1.0861370395141148,output_pca,32,1
1826,7,0.0070826066612623435,0.26863956648205045,output_pca,32,1
1826,8,0.010359487307320761,0.9455634592249071,output_pca,32,1
1826,9,0.009028882305988237,2.146659556143877,output_pca,32,1
2209,1,0.0009531941570808455,0.6051647368398037,output_pca,32,1
2209,2,0.0022761526545964144,0.36601462060664214,output_pca,32,1
2209,3,0.0015585271999815533,1.151902523491716,output_pca,32,1
2209,4,0.002952726048507197,0.16198825438546557,output_pca,32,1
2209,5,0.06361186945330032,1.0929956394090692,output_pca,32,1
2209,6,0.01862559980185366,2.979701915985172,output_pca,32,1
2209,7,0.13729086499904614,0.7630257279430982,output_pca,32,1
2209,8,0.012335530830095774,1.1466695973032481,output_pca,32,1
2209,10,0.018079020747424707,2.4400166391535314,output_pca,32,1
2802,1,0.0017007316274649318,1.07544945641182,output_pca,32,1
2802,2,0.0038980402608029294,2.1957950396020545,output_pca,32,1
2802,3,0.0030776485786456224,0.6100599517067238,output_pca,32,1
2802,4,0.003933122822080596,2.124392706320609,output_pca,32,1
2802,5,0.008173141502326932,3.408537555616315,output_pca,32,1
2802,6,0.008059152032479804,0.15096864785629915,output_pca,32,1
2802,7,0.007686467345550025,2.810565488181929,output_pca,32,1
2802,8,0.021228300079042618,1.216201416479938,output_pca,32,1
2802,9,0.02089116350581117,5.405149724708946,output_pca,32,1
3377,1,0.0027890670205532922,0.4308543422269165,output_pca,32,1
3377,2,0.0071785963942244384,0.42924050502404093,output_pca,32,1
3377,3,0.006877284558795235,1.0299135550096008,output_pca,32,1
3377,4,0.006837515841508443,0.5719524394935152,output_pca,32,1
3377,5,0.00785133177076568,0.8419245430331965,output_pca,32,1
3377,6,0.006987044584915586,0.9231845535005163,output_pca,32,1
3377,7,0.007835558985718015,0.7504476734528183,output_pca,32,1
3377,8,0.02536409675140662,0.8609769975815132,output_pca,32,1
3377,9,0.013714931997369709,1.6579060362072575,output_pca,32,1
3377,10,0.029943717651785964,2.9572034620045398,output_pca,32,1
3408,1,0.000634783916165622,0.6501788544171652,output_pca,32,1
3408,2,0.0007499490496717756,2.381949914133111,output_pca,32,1
3408,3,0.001404121548293251,1.5016947868166135,output_pca,32,1
3408,4,0.0017769306452877465,0.40324049435603365,output_pca,32,1
3408,5,0.005357499063678502,2.9082061896803686,output_pca,32,1
3408,6,0.008373665531825577,1.546012321909769,output_pca,32,1
3408,7,0.0059647142904363,1.6502935448067035,output_pca,32,1
3408,8,0.010393240234949327,1.0612884475849582,output_pca,32,1
3408,9,0.01332328758936806,1.9401979899768238,output_pca,32,1
3408,10,0.13394130659184678,1.8022424796166996,output_pca,32,1
4082,1,0.002022085299584095,0.773530295543784,output_pca,32,1
4082,2,0.004627914090199141,2.3264091971817376,output_pca,32,1
4082,3,0.0029652741127529467,1.3798174670423522,output_pca,32,1
4082,4,0.0037455453213744334,0.7930893646120749,output_pca,32,1
4082,5,0.007389359412403453,2.519170252551107,output_pca,32,1
4082,6,0.0069126689812616104,1.1166792810045405,output_pca,32,1
4082,7,0.005769600723256231,2.186038624931784,output_pca,32,1
4082,8,0.02460188811583438,1.0238949202163998,output_pca,32,1
4082,9,0.03104909203427712,2.8084026878154953,output_pca,32,1
4082,10,0.006232686569805831,0.7925624031444121,output_pca,32,1
4352,1,0.005152256445693189,1.6407243011855621,output_pca,32,1
4352,2,0.011584519896084883,1.4499230098038267,output_pca,32,1
4352,3,0.012724047802260574,1.3227181862669397,output_pca,32,1
4352,4,0.015104572893047754,3.281334661998119,output_pca,32,1
4352,5,0.02778167228163715,4.119851099674796,output_pca,32,1
4352,6,0.0349130434235317,4.204567073081693,output_pca,32,1
4352,7,0.022199657639591912,4.721148176118323,output_pca,32,1
4352,8,0.04011202539118897,5.175526363346676,output_pca,32,1
4352,9,0.04115469052294762,7.70623842728095,output_pca,32,1
4352,10,0.027453626618855212,0.24270237887502144,output_pca,32,1
4470,1,0.0028539097320422696,1.649641183691153,output_pca,32,1
4470,2,0.0018749642704827955,0.3732409480363581,output_pca,32,1
4470,3,0.0008143614964761588,1.05806928456784,output_pca,32,1
4470,4,0.004028961903322535,1.4474600352512186,output_pca,32,1
4470,5,0.015059766138116366,0.04511811481529525,output_pca,32,1
4470,6,0.027839832581218815,1.4378770733450328,output_pca,32,1
4470,7,0.013519764672499343,1.136150428938409,output_pca,32,1
4470,8,0.008974053417324192,0.8980089785642739,output_pca,32,1
4470,9,0.009651305248491563,0.14324763174009036,output_pca,32,1
4470,10,0.02078628489903841,4.41318220464364,output_pca,32,1
5873,1,0.012047753042333275,4.361548443614557,output_pca,32,1
5873,2,0.011780846407750047,1.9239357782018438,output_pca,32,1
5873,3,0.00737022098158154,2.305405786821752,output_pca,32,1
5873,4,0.006919196893771142,4.0256272150224595,output_pca,32,1
5873,5,0.007154697571318211,0.02764924420988682,output_pca,32,1
5873,6,0.012486167921059768,2.3423187351798376,output_pca,32,1
5873,7,0.0076897419235219845,0.12475262105020488,output_pca,32,1
5873,8,0.15372096275902206,2.5767386068058475,output_pca,32,1
5873,9,0.1540986806195931,7.386397009256139,output_pca,32,1
5873,10,0.039238403014792325,0.7045173119092816,output_pca,32,1
6148,1,0.0005083255234157573,0.43466547827989654,output_pca,32,1
6148,2,0.0013114876886668708,1.8477604989652527,output_pca,32,1
6148,3,0.0010574459236042536,2.899037765086304,output_pca,32,1
6148,4,0.0011725445713338166,0.38294665873605405,output_pca,32,1
6148,5,0.035514528414315315,0.6256725894315085,output_pca,32,1
6148,6,0.08506165105912616,2.0008639703086986,output_pca,32,1
6148,7,0.003254177004052732,2.1054000409191294,output_pca,32,1
6148,8,0.009955506045882103,1.6536369124074668,output_pca,32,1
6148,10,0.005453009291228286,0.8899529134184218,output_pca,32,1
7862,1,0.015309439776611856,0.2627635645648872,output_pca,32,1
7862,2,0.024054464632869522,7.571167235638583,output_pca,32,1
7862,3,0.01933523476759314,0.9427688167355174,output_pca,32,1
7862,4,0.02417616297308448,0.11857431495959982,output_pca,32,1
7862,5,0.03814468405758245,12.454149268113312,output_pca,32,1
7862,6,0.011697569023670397,1.153108657464289,output_pca,32,1
7862,7,0.033604434584391094,6.328327559631827,output_pca,32,1
7862,8,0.041575784521718,0.7860991651086703,output_pca,32,1
7862,9,0.08181648998841035,22.953542952797644,output_pca,32,1
7862,10,0.05766361350333244,2.148769570398704,output_pca,32,1
8539,1,0.0017844917433619282,0.12325171850908169,output_pca,32,1
8539,2,0.00364456217432917,1.8375368126270302,output_pca,32,1
8539,3,0.0027848841235967557,0.7432982772228228,output_pca,32,1
8539,4,0.003974863799513568,0.6887755567141651,output_pca,32,1
8539,5,0.005754227681686219,2.3255268031351886,output_pca,32,1
8539,8,0.02429170963262588,0.8365937141928315,output_pca,32,1
8539,9,0.030449614237034583,3.0865065298373917,output_pca,32,1
8539,10,0.013860654198832477,2.094681447880748,output_pca,32,1
9311,1,0.008351578453322135,3.6701574020678374,output_pca,32,1
9311,2,0.012235439448893734,4.303906966592951,output_pca,32,1
9311,3,0.010151431161975599,2.385572904919918,output_pca,32,1
9311,6,0.022011220038652596,1.572654417938252,output_pca,32,1
9311,7,0.011108832165368343,6.197660626586366,output_pca,32,1
9311,8,0.019673559082526944,3.7395648050881434,output_pca,32,1
9311,9,0.015179888631611165,10.240710229204119,output_pca,32,1
9311,10,0.019069019894294967,3.281275238806626,output_pca,32,1
9779,1,0.004069176658685333,3.9540942517172937,output_pca,32,1
9779,2,0.004382827901750935,3.340577488085761,output_pca,32,1
9779,3,0.0038686842888259157,4.528562115072869,output_pca,32,1
9779,4,0.0033205164602702437,4.8070534346978775,output_pca,32,1
9779,5,0.004647427704148435,3.144312242641986,output_pca,32,1
9779,6,0.007356153644549617,4.838170551787727,output_pca,32,1
9779,7,0.005839439066858263,3.8334124776122427,output_pca,32,1
9779,8,0.011364964267175499,4.686964975366683,output_pca,32,1
9779,9,0.009213378458447814,5.058087378835793,output_pca,32,1
9779,10,0.007742575135313452,9.093233389208942,output_pca,32,1
422,1,0.0009340350002051807,1.5378013308943645,direct_hf,32,1
422,2,0.0020186771642187497,7.433838705109492,direct_hf,32,1
422,3,0.001154937588105842,1.9613599845548124,direct_hf,32,1
422,4,0.002255782553674283,4.183438999562263,direct_hf,32,1
422,5,0.011532539095042902,7.2969351945368635,direct_hf,32,1
422,8,0.13169972622384815,4.070824286220283,direct_hf,32,1
422,9,0.13177448875767067,9.25634568838053,direct_hf,32,1
422,10,0.013695429996690343,8.43431925133256,direct_hf,32,1
1190,1,0.0016155382714021576,2.3794653522615747,direct_hf,32,1
1190,2,0.0033920991015321932,8.48675273541224,direct_hf,32,1
1190,3,0.003651033254531339,9.414158517343274,direct_hf,32,1
1190,4,0.0062027215354492505,9.547034330876409,direct_hf,32,1
1190,5,0.0777630644320076,5.02344402852823,direct_hf,32,1
1190,6,0.015979872187547248,12.043344059846149,direct_hf,32,1
1190,7,0.013287550832142598,9.96185193624213,direct_hf,32,1
1190,8,0.02126903063579882,12.415069184461057,direct_hf,32,1
1190,9,0.01778971781565593,3.9058356682920308,direct_hf,32,1
1190,10,0.010028845580947283,1.4691536152488398,direct_hf,32,1
1826,1,0.001681689878147454,3.2487696711862433,direct_hf,32,1
1826,2,0.002906199887674621,13.111263028177492,direct_hf,32,1
1826,3,0.001959904261655238,7.352994142624893,direct_hf,32,1
1826,4,0.003463363857012899,9.821733912322323,direct_hf,32,1
1826,5,0.05119556010151739,18.491242840563753,direct_hf,32,1
1826,6,0.01666733329308757,7.0901688345519975,direct_hf,32,1
1826,7,0.005143981776079264,9.321329412853855,direct_hf,32,1
1826,8,0.0066614754034563526,7.864912238726136,direct_hf,32,1
1826,9,0.010351629775396885,14.878330496907056,direct_hf,32,1
2209,1,0.007293065901488284,1.8689941165617399,direct_hf,32,1
2209,2,0.014133483402179903,2.0045038686249774,direct_hf,32,1
2209,3,0.012786093817278837,12.906411575599822,direct_hf,32,1
2209,4,0.017179837865471424,0.7009627721951953,direct_hf,32,1
2209,5,0.07123939329114341,6.6883683921352794,direct_hf,32,1
2209,6,0.08701893174901519,12.00800319083131,direct_hf,32,1
2209,7,0.2540992666432964,0.19249169469196759,direct_hf,32,1
2209,8,0.03534548758204274,9.540309175897205,direct_hf,32,1
2209,10,0.03511995421543712,0.10911107615515295,direct_hf,32,1
2802,1,0.0010128071432495215,3.2054598064045288,direct_hf,32,1
2802,2,0.0038722515686396464,1.2817482035509864,direct_hf,32,1
2802,3,0.002282285949256647,1.7810641981284832,direct_hf,32,1
2802,4,0.004284603413616975,2.7868249104097336,direct_hf,32,1
2802,5,0.00831464208254012,1.5673641059182526,direct_hf,32,1
2802,6,0.016558422127243663,1.8983949982374286,direct_hf,32,1
2802,7,0.007325389328412121,1.1067589789952479,direct_hf,32,1
2802,8,0.005478412938945429,1.6844914719430062,direct_hf,32,1
2802,9,0.008855300483827997,5.745142415808866,direct_hf,32,1
3377,1,0.0076592698128220916,11.221059693925666,direct_hf,32,1
3377,2,0.006257312630584677,8.600252815312912,direct_hf,32,1
3377,3,0.007258501006804847,15.974502049920723,direct_hf,32,1
3377,4,0.007517885657777013,12.674405726935131,direct_hf,32,1
3377,5,0.05432278598101284,8.920912363964511,direct_hf,32,1
3377,6,0.025772543059872508,16.055094266469812,direct_hf,32,1
3377,7,0.0070308340538322465,10.087706797694896,direct_hf,32,1
3377,8,0.014161768955026117,17.062804801088458,direct_hf,32,1
3377,9,0.012657070759585358,8.715401613304481,direct_hf,32,1
3377,10,0.023909507827778672,24.778756361444028,direct_hf,32,1
3408,1,0.0022095706523419,5.7853805833318654,direct_hf,32,1
3408,2,0.004259344438217615,13.618860032287584,direct_hf,32,1
3408,3,0.0025800175718631913,4.827463293681766,direct_hf,32,1
3408,4,0.002931297556856266,7.820442803082049,direct_hf,32,1
3408,5,0.0072568210895298,13.489294867883867,direct_hf,32,1
3408,6,0.00995416893132498,3.6195016335263577,direct_hf,32,1
3408,7,0.0065173862716851145,20.72245735511577,direct_hf,32,1
3408,8,0.007916249939619245,5.600958803699216,direct_hf,32,1
3408,9,0.015404335439331384,22.46157721820743,direct_hf,32,1
3408,10,0.14779298819380426,2.941619736348346,direct_hf,32,1
4082,1,0.0016432627107172554,0.7506271976801611,direct_hf,32,1
4082,2,0.0020626224866002467,2.437213634788354,direct_hf,32,1
4082,3,0.0023455410105182577,2.895260162318186,direct_hf,32,1
4082,4,0.00319651198008091,0.9365259617223947,direct_hf,32,1
4082,5,0.018513183911500464,2.7303731139047067,direct_hf,32,1
4082,6,0.035199838144309714,3.6465021886088236,direct_hf,32,1
4082,7,0.0041779235385794615,0.10932270684041209,direct_hf,32,1
4082,8,0.06130843789146875,2.7759481254451654,direct_hf,32,1
4082,9,0.0612462197636074,3.566448523838605,direct_hf,32,1
4082,10,0.0191673507775475,0.19697186884404558,direct_hf,32,1
4352,1,0.00673705136093775,0.15296529538840414,direct_hf,32,1
4352,2,0.010524787213166275,7.503973068434306,direct_hf,32,1
4352,3,0.01198416902446897,1.126442064364736,direct_hf,32,1
4352,4,0.008991155323182025,4.164650144415861,direct_hf,32,1
4352,5,0.023478452621033607,4.337041138933602,direct_hf,32,1
4352,6,0.04530950556283263,3.8682342687460363,direct_hf,32,1
4352,7,0.011839621275951754,5.798059312866414,direct_hf,32,1
4352,8,0.01927254980845201,3.1489873493772524,direct_hf,32,1
4352,9,0.025671262206794845,5.548533904216243,direct_hf,32,1
4352,10,0.018692826919370305,2.575017055802102,direct_hf,32,1
4470,1,0.002822002518636267,0.9384169201981563,direct_hf,32,1
4470,2,0.004310133793459381,6.655235404811159,direct_hf,32,1
4470,3,0.0041322318002254745,0.0965825603071721,direct_hf,32,1
4470,4,0.00491653808529478,3.300722077544389,direct_hf,32,1
4470,5,0.01647154013173481,10.03898259743063,direct_hf,32,1
4470,6,0.03808477742339183,0.13509666420684863,direct_hf,32,1
4470,7,0.0073677272673132255,4.935053131400977,direct_hf,32,1
4470,8,0.011544562193231534,2.1838519428367915,direct_hf,32,1
4470,9,0.016103387965871307,9.091455077946128,direct_hf,32,1
4470,10,0.029485205529415512,2.544768662261448,direct_hf,32,1
5873,1,0.003391431016139017,3.5018742211280465,direct_hf,32,1
5873,2,0.0030395099452801212,19.559698468225676,direct_hf,32,1
5873,3,0.0045136207108636625,3.5531902337062413,direct_hf,32,1
5873,4,0.0026765999846442307,11.879899423393335,direct_hf,32,1
5873,5,0.010837740340407106,25.6099814892655,direct_hf,32,1
5873,6,0.023389190366341798,5.456590176309995,direct_hf,32,1
5873,7,0.004795177279874625,16.50975323656077,direct_hf,32,1
5873,8,0.008561379317659424,7.016729000308348,direct_hf,32,1
5873,9,0.017345911946214834,23.399918618857853,direct_hf,32,1
5873,10,0.046686703074693435,12.425251066793736,direct_hf,32,1
6148,1,0.003918695743659117,9.022398968911462,direct_hf,32,1
6148,2,0.005573758518532093,12.664630147430465,direct_hf,32,1
6148,3,0.007963963207307035,14.668157907396315,direct_hf,32,1
6148,4,0.00927921107790787,17.135539490831082,direct_hf,32,1
6148,5,0.06135939780499174,17.462653474893838,direct_hf,32,1
6148,6,0.08583777695331338,17.70035644825302,direct_hf,32,1
6148,7,0.011473794820392222,14.346738959533726,direct_hf,32,1
6148,8,0.026104074742760504,15.267545403328223,direct_hf,32,1
6148,10,0.022164213116469607,13.735759605532904,direct_hf,32,1
7862,1,0.0051780317788696255,9.64795562270854,direct_hf,32,1
7862,2,0.008664536271594303,0.33596179296879114,direct_hf,32,1
7862,3,0.005614486254118561,3.7814337242376506,direct_hf,32,1
7862,4,0.008824421651270484,3.4239305890383678,direct_hf,32,1
7862,5,0.012924335157996823,2.7629872789113934,direct_hf,32,1
7862,6,0.013273635288578703,1.5929874085177749,direct_hf,32,1
7862,7,0.010313850799210152,1.4438730721920843,direct_hf,32,1
7862,8,0.01169703816530471,4.16829313354972,direct_hf,32,1
7862,9,0.018203290710687915,7.006566071104849,direct_hf,32,1
7862,10,0.02053974830047749,3.3431043566612093,direct_hf,32,1
8539,1,0.013225489554122588,6.084027153343923,direct_hf,32,1
8539,2,0.0109045541401568,8.173019513434957,direct_hf,32,1
8539,3,0.009154783458970849,2.907382535207381,direct_hf,32,1
8539,4,0.004985382940844273,5.7474092293720895,direct_hf,32,1
8539,5,0.010536753943629329,8.814247364991699,direct_hf,32,1
8539,8,0.08790777332837327,4.539205944548101,direct_hf,32,1
8539,9,0.09334476245260488,7.889191953269918,direct_hf,32,1
8539,10,0.01578201895998743,12.546175954953041,direct_hf,32,1
9311,1,0.0009450040809972872,2.5535040302115832,direct_hf,32,1
9311,2,0.0025519326839498154,4.279398173557437,direct_hf,32,1
9311,3,0.0019586712063042093,1.2245490987161294,direct_hf,32,1
9311,6,0.01063201313975029,0.5723032468319472,direct_hf,32,1
9311,7,0.003017212062630614,2.822811180460937,direct_hf,32,1
9311,8,0.014175616361451409,1.648844463931243,direct_hf,32,1
9311,9,0.01439024666686014,1.6832624886558483,direct_hf,32,1
9311,10,0.02238965588884633,7.460871116535151,direct_hf,32,1
9779,1,0.003959869219600338,14.123028610956977,direct_hf,32,1
9779,2,0.006186238863060095,17.39476269744402,direct_hf,32,1
9779,3,0.005211616174450072,9.212032432976935,direct_hf,32,1
9779,4,0.004727760280647458,13.966499004191384,direct_hf,32,1
9779,5,0.017712735357671858,17.658823892214265,direct_hf,32,1
9779,6,0.028245354309818473,7.808861688286318,direct_hf,32,1
9779,7,0.00751734599523072,15.811283627890267,direct_hf,32,1
9779,8,0.013087373353164355,10.269656359248344,direct_hf,32,1
9779,9,0.013306892040614821,16.52767722966213,direct_hf,32,1
9779,10,0.020558522133643214,4.4045112294499384,direct_hf,32,1
422,1,0.0007769445462211247,1.0951981893577503,cokriging,32,1
422,2,0.0019422204440974085,0.03922221701965773,cokriging,32,1
422,3,0.0016203092666318734,0.9134403155160188,cokriging,32,1
422,4,0.0020137239388108813,0.9356632774797924,cokriging,32,1
422,5,0.0035357027987194278,0.2258976077303233,cokriging,32,1
422,8,0.029296856108523613,1.0797375998087413,cokriging,32,1
422,9,0.033087529643606735,0.8583918678786087,cokriging,32,1
422,10,0.012720415628528336,3.025162558412077,cokriging,32,1
1190,1,0.001733687381078965,0.32989639845939056,cokriging,32,1
1190,2,0.003880467477226499,0.6207224807430316,cokriging,32,1
1190,3,0.002574547958942304,0.7544671618551537,cokriging,32,1
1190,4,0.0037570202588824955,0.5145608000223376,cokriging,32,1
1190,5,0.03700910054872219,0.9803328894924519,cokriging,32,1
1190,6,0.03738988915434282,0.16376113071195106,cokriging,32,1
1190,7,0.005684540949055645,0.7914944290003295,cokriging,32,1
1190,8,0.007064760035494939,0.4520652258194162,cokriging,32,1
1190,9,0.013992301639859797,0.5300462806642239,cokriging,32,1
1190,10,0.009820021682472445,1.31430054538413,cokriging,32,1
1826,1,0.0009425403507451914,1.2310936906630932,cokriging,32,1
1826,2,0.0017019725826526205,0.07946403567876324,cokriging,32,1
1826,3,0.0020053791626032068,1.1867001377603255,cokriging,32,1
1826,4,0.002421596401173761,1.028799787252395,cokriging,32,1
1826,5,0.014378527032087215,0.31829167841351064,cokriging,32,1
1826,6,0.011848874016613059,1.0861370395141148,cokriging,32,1
1826,7,0.004239252422701699,0.26863956648205045,cokriging,32,1
1826,8,0.007681396264920926,0.9455634592249071,cokriging,32,1
1826,9,0.012188662557717668,2.146659556143877,cokriging,32,1
2209,1,0.0016111533682286849,0.6051647368398037,cokriging,32,1
2209,2,0.003948915456178844,0.36601462060664214,cokriging,32,1
2209,3,0.002401198237080579,1.151902523491716,cokriging,32,1
2209,4,0.002399808337143391,0.16198825438546557,cokriging,32,1
2209,5,0.029753920230923027,1.0929956394090692,cokriging,32,1
2209,6,0.02531337538335015,2.979701915985172,cokriging,32,1
2209,7,0.14279472580026778,0.7630257279430982,cokriging,32,1
2209,8,0.01134756797430623,1.1466695973032481,cokriging,32,1
2209,10,0.011636176223941709,2.4400166391535314,cokriging,32,1
2802,1,0.0018704302440482018,1.07544945641182,cokriging,32,1
2802,2,0.0024822916643248154,2.1957950396020545,cokriging,32,1
2802,3,0.0033926973685281477,0.6100599517067238,cokriging,32,1
2802,4,0.005467062332368463,2.124392706320609,cokriging,32,1
2802,5,0.008415276120227723,3.408537555616315,cokriging,32,1
2802,6,0.010341165935054054,0.15096864785629915,cokriging,32,1
2802,7,0.011248747914122158,2.810565488181929,cokriging,32,1
2802,8,0.022471049276065354,1.216201416479938,cokriging,32,1
2802,9,0.02146407923710537,5.405149724708946,cokriging,32,1
3377,1,0.0010816091125364746,0.4308543422269165,cokriging,32,1
3377,2,0.002574509708730261,0.42924050502404093,cokriging,32,1
3377,3,0.0024334967062929645,1.0299135550096008,cokriging,32,1
3377,4,0.0027093420566297196,0.5719524394935152,cokriging,32,1
3377,5,0.0075439101525229405,0.8419245430331965,cokriging,32,1
3377,6,0.007411875558063198,0.9231845535005163,cokriging,32,1
3377,7,0.0026783047919255927,0.7504476734528183,cokriging,32,1
3377,8,0.025795386546060502,0.8609769975815132,cokriging,32,1
3377,9,0.010486539806317748,1.6579060362072575,cokriging,32,1
3377,10,0.03213218920389471,2.9572034620045398,cokriging,32,1
3408,1,0.0007606806458760781,0.6501788544171652,cokriging,32,1
3408,2,0.0015819864700249088,2.381949914133111,cokriging,32,1
3408,3,0.0016844056531001397,1.5016947868166135,cokriging,32,1
3408,4,0.0019554449856029436,0.40324049435603365,cokriging,32,1
3408,5,0.003216871061483338,2.9082061896803686,cokriging,32,1
3408,6,0.007856748523772463,1.546012321909769,cokriging,32,1
3408,7,0.002367363439437541,1.6502935448067035,cokriging,32,1
3408,8,0.0065525449471077225,1.0612884475849582,cokriging,32,1
3408,9,0.010340096877522797,1.9401979899768238,cokriging,32,1
3408,10,0.13097111109951162,1.8022424796166996,cokriging,32,1
4082,1,0.001469916823277381,0.773530295543784,cokriging,32,1
4082,2,0.003515397203515885,2.3264091971817376,cokriging,32,1
4082,3,0.0017150552600282277,1.3798174670423522,cokriging,32,1
4082,4,0.003204645172798444,0.7930893646120749,cokriging,32,1
4082,5,0.001685913794976651,2.519170252551107,cokriging,32,1
4082,6,0.012773699835997744,1.1166792810045405,cokriging,32,1
4082,7,0.005709469880876843,2.186038624931784,cokriging,32,1
4082,8,0.025254280672075437,1.0238949202163998,cokriging,32,1
4082,9,0.03104173434287527,2.8084026878154953,cokriging,32,1
4082,10,0.0068367213618461126,0.7925624031444121,cokriging,32,1
4352,1,0.005978547785265578,1.6407243011855621,cokriging,32,1
4352,2,0.00871059007907916,1.4499230098038267,cokriging,32,1
4352,3,0.008276981363784588,1.3227181862669397,cokriging,32,1
4352,4,0.011258095039068227,3.281334661998119,cokriging,32,1
4352,5,0.0364962217816155,4.119851099674796,cokriging,32,1
4352,6,0.033758726121149545,4.204567073081693,cokriging,32,1
4352,7,0.015625582217307515,4.721148176118323,cokriging,32,1
4352,8,0.04084320130879717,5.175526363346676,cokriging,32,1
4352,9,0.034975898472954375,7.70623842728095,cokriging,32,1
4352,10,0.01816830048450663,0.24270237887502144,cokriging,32,1
4470,1,0.001786962256117679,1.649641183691153,cokriging,32,1
4470,2,0.00321753295757403,0.3732409480363581,cokriging,32,1
4470,3,0.0014483895252639847,1.05806928456784,cokriging,32,1
4470,4,0.0020475214440571115,1.4474600352512186,cokriging,32,1
4470,5,0.010234894612106148,0.04511811481529525,cokriging,32,1
4470,6,0.01576346237025179,1.4378770733450328,cokriging,32,1
4470,7,0.00513773302567406,1.136150428938409,cokriging,32,1
4470,8,0.005983293125678314,0.8980089785642739,cokriging,32,1
4470,9,0.008090827622894155,0.14324763174009036,cokriging,32,1
4470,10,0.02367612528564116,4.41318220464364,cokriging,32,1
5873,1,0.013548573347100903,4.361548443614557,cokriging,32,1
5873,2,0.014404623338261077,1.9239357782018438,cokriging,32,1
5873,3,0.011886856369953232,2.305405786821752,cokriging,32,1
5873,4,0.01187973397208153,4.0256272150224595,cokriging,32,1
5873,5,0.00786555093503921,0.02764924420988682,cokriging,32,1
5873,6,0.011458738471750576,2.3423187351798376,cokriging,32,1
5873,7,0.012658549837944068,0.12475262105020488,cokriging,32,1
5873,8,0.1532697446086929,2.5767386068058475,cokriging,32,1
5873,9,0.15330021885265338,7.386397009256139,cokriging,32,1
5873,10,0.05910337529478248,0.7045173119092816,cokriging,32,1
6148,1,0.000627730443857025,0.43466547827989654,cokriging,32,1
6148,2,0.0016711877653108344,1.8477604989652527,cokriging,32,1
6148,3,0.0014094761998869369,2.899037765086304,cokriging,32,1
6148,4,0.0013970957633802966,0.38294665873605405,cokriging,32,1
6148,5,0.05982364081878087,0.6256725894315085,cokriging,32,1
6148,6,0.06325928198110511,2.0008639703086986,cokriging,32,1
6148,7,0.0037022027667320714,2.1054000409191294,cokriging,32,1
6148,8,0.007063345325633604,1.6536369124074668,cokriging,32,1
6148,10,0.0028733335362413144,0.8899529134184218,cokriging,32,1
7862,1,0.010404591898428583,0.2627635645648872,cokriging,32,1
7862,2,0.014675107865036237,7.571167235638583,cokriging,32,1
7862,3,0.010245576456163476,0.9427688167355174,cokriging,32,1
7862,4,0.01324958743754775,0.11857431495959982,cokriging,32,1
7862,5,0.03563885747110661,12.454149268113312,cokriging,32,1
7862,6,0.014142174352344852,1.153108657464289,cokriging,32,1
7862,7,0.01720478623634553,6.328327559631827,cokriging,32,1
7862,8,0.04173393488861728,0.7860991651086703,cokriging,32,1
7862,9,0.07515448835898964,22.953542952797644,cokriging,32,1
7862,10,0.054838536540664375,2.148769570398704,cokriging,32,1
8539,1,0.0010092306663913358,0.12325171850908169,cokriging,32,1
8539,2,0.001879208957125416,1.8375368126270302,cokriging,32,1
8539,3,0.001298524608462839,0.7432982772228228,cokriging,32,1
8539,4,0.0019647950046285043,0.6887755567141651,cokriging,32,1
8539,5,0.005460822818805456,2.3255268031351886,cokriging,32,1
8539,8,0.02646433480391564,0.8365937141928315,cokriging,32,1
8539,9,0.031211246344036526,3.0865065298373917,cokriging,32,1
8539,10,0.008489244732399575,2.094681447880748,cokriging,32,1
9311,1,0.006796341980913238,3.6701574020678374,cokriging,32,1
9311,2,0.007301426444575847,4.303906966592951,cokriging,32,1
9311,3,0.006826517587190054,2.385572904919918,cokriging,32,1
9311,6,0.02208333823205533,1.572654417938252,cokriging,32,1
9311,7,0.007988528888530706,6.197660626586366,cokriging,32,1
9311,8,0.020221165837183138,3.7395648050881434,cokriging,32,1
9311,9,0.025593215992519434,10.240710229204119,cokriging,32,1
9311,10,0.011124959269102641,3.281275238806626,cokriging,32,1
9779,1,0.0029776673831982364,3.9540942517172937,cokriging,32,1
9779,2,0.003204858579113233,3.340577488085761,cokriging,32,1
9779,3,0.001992093030141172,4.528562115072869,cokriging,32,1
9779,4,0.002390401815420696,4.8070534346978775,cokriging,32,1
9779,5,0.0032638034898568083,3.144312242641986,cokriging,32,1
9779,6,0.012046916432536614,4.838170551787727,cokriging,32,1
9779,7,0.005662528003739389,3.8334124776122427,cokriging,32,1
9779,8,0.011333564056522175,4.686964975366683,cokriging,32,1
9779,9,0.011279284470792737,5.058087378835793,cokriging,32,1
9779,10,0.0070596803558450215,9.093233389208942,cokriging,32,1
422,1,0.00558750563815654,2.1881738211315778,neural_inr,32,1
422,2,0.005107417000817518,1.2407944138483726,neural_inr,32,1
422,3,0.004614766955894743,2.691248562571995,neural_inr,32,1
422,4,0.005904007005039159,1.1940573790031968,neural_inr,32,1
422,5,0.009328038474633454,0.5239932577864778,neural_inr,32,1
422,8,0.03350607771706354,2.2766824173570823,neural_inr,32,1
422,9,0.031971588750730084,2.4200923595103934,neural_inr,32,1
422,10,0.008896943020347294,0.0030478752334024955,neural_inr,32,1
1190,1,0.0054752987162861155,0.45007792218830367,neural_inr,32,1
1190,2,0.005335278381004617,1.5300611892952674,neural_inr,32,1
1190,3,0.005670718985651764,0.10656001799665711,neural_inr,32,1
1190,4,0.0069450840836471385,0.7222132109412518,neural_inr,32,1
1190,5,0.010392370150079778,3.9064443527950803,neural_inr,32,1
1190,6,0.007578074114188686,0.021594238909411433,neural_inr,32,1
1190,7,0.008609380763510022,1.2051902711551252,neural_inr,32,1
1190,8,0.007589435957268445,0.18349200170460966,neural_inr,32,1
1190,9,0.011244841811198624,7.759596540522911,neural_inr,32,1
1190,10,0.010277985836191057,1.3094589518565267,neural_inr,32,1
1826,1,0.006485581300403382,3.616714676299255,neural_inr,32,1
1826,2,0.009236853933618614,3.953565166241577,neural_inr,32,1
1826,3,0.006502151914629,2.760972911983336,neural_inr,32,1
1826,4,0.011769821900587037,4.252416946327688,neural_inr,32,1
1826,5,0.01569301522736251,4.009569185167636,neural_inr,32,1
1826,6,0.011294464673455653,2.6834853270552994,neural_inr,32,1
1826,7,0.020129666223766166,4.294008934534374,neural_inr,32,1
1826,8,0.01640448922415108,2.9689222208302226,neural_inr,32,1
1826,9,0.02592894403735972,3.080383283075996,neural_inr,32,1
2209,1,0.0044321186888240365,0.3634125169127028,neural_inr,32,1
2209,2,0.005064175091808587,1.743910417304259,neural_inr,32,1
2209,3,0.0047598655875494165,1.402235262671259,neural_inr,32,1
2209,4,0.006960434876944629,1.9470749542705323,neural_inr,32,1
2209,5,0.00880960691323453,3.6546309002075605,neural_inr,32,1
2209,6,0.006610043082782717,2.502315403452424,neural_inr,32,1
2209,7,0.13713804347687508,0.032057584239939964,neural_inr,32,1
2209,8,0.007614145010036987,2.2590717245434866,neural_inr,32,1
2209,10,0.010487015354622795,3.110872318332086,neural_inr,32,1
2802,1,0.0063480998578464695,1.0194040244902909,neural_inr,32,1
2802,2,0.01292763880120336,2.7386449398850106,neural_inr,32,1
2802,3,0.008661571384962466,1.057186757995176,neural_inr,32,1
2802,4,0.016522209160528597,0.5439130755136242,neural_inr,32,1
2802,5,0.021637668589657395,6.374525171902508,neural_inr,32,1
2802,6,0.014024649679484955,1.0659252946592441,neural_inr,32,1
2802,7,0.028542328285757947,4.429806986314755,neural_inr,32,1
2802,8,0.03104047984224417,0.355664628385815,neural_inr,32,1
2802,9,0.04261188881919438,10.859537476932118,neural_inr,32,1
3377,1,0.0071459138863697,3.8485745166652654,neural_inr,32,1
3377,2,0.02254901463995995,5.704701192169205,neural_inr,32,1
3377,3,0.01864268912647745,2.876575765907137,neural_inr,32,1
3377,4,0.02857591340312622,4.871098266024753,neural_inr,32,1
3377,5,0.028494522608125773,9.127849309363631,neural_inr,32,1
3377,6,0.025549646239061287,2.994651043937481,neural_inr,32,1
3377,7,0.04156852437564302,7.215629081998233,neural_inr,32,1
3377,8,0.037428991849881584,3.1352593476589643,neural_inr,32,1
3377,9,0.05416968881004273,12.84918327269651,neural_inr,32,1
3377,10,0.045570185694487904,6.506330341060599,neural_inr,32,1
3408,1,0.0028082470763854984,3.6137593108046002,neural_inr,32,1
3408,2,0.004148321208512426,6.241943617132373,neural_inr,32,1
3408,3,0.0030019549410361915,3.310817915325248,neural_inr,32,1
3408,4,0.005937636740346741,4.034212678103161,neural_inr,32,1
3408,5,0.007465786491466439,11.417934049187123,neural_inr,32,1
3408,6,0.006040262796602096,3.353114443740676,neural_inr,32,1
3408,7,0.009110609176128463,6.582052812298669,neural_inr,32,1
3408,8,0.006432113940968925,2.6148072613248505,neural_inr,32,1
3408,9,0.011273510075588676,17.787452686916453,neural_inr,32,1
3408,10,0.13583759926452935,5.407899967959615,neural_inr,32,1
4082,1,0.003218060871948502,1.2008351451146282,neural_inr,32,1
4082,2,0.004153837162457971,2.029497734228309,neural_inr,32,1
4082,3,0.003449537425165493,0.6379894594934093,neural_inr,32,1
4082,4,0.005585930651884186,1.2471771211565736,neural_inr,32,1
4082,5,0.008192629932491431,3.4200685354587477,neural_inr,32,1
4082,6,0.0052972324582222195,0.44349758914303256,neural_inr,32,1
4082,7,0.008573269395681007,1.3801749030701782,neural_inr,32,1
4082,8,0.033877016046840715,0.15988422365175198,neural_inr,32,1
4082,9,0.035819315202132454,4.449446909594258,neural_inr,32,1
4082,10,0.009440273359649937,1.8059298501372527,neural_inr,32,1
4352,1,0.011337798950244423,1.4265939229552966,neural_inr,32,1
4352,2,0.02521951790383362,5.766787946790272,neural_inr,32,1
4352,3,0.026953669983569576,4.11227335731617,neural_inr,32,1
4352,4,0.0397063546549898,5.312823614055974,neural_inr,32,1
4352,5,0.03188950308129106,10.26619496961443,neural_inr,32,1
4352,6,0.03593315890139924,7.48066422807056,neural_inr,32,1
4352,7,0.056830848328984725,9.298006444286106,neural_inr,32,1
4352,8,0.05374163469328649,8.492613292006252,neural_inr,32,1
4352,9,0.07093428134553668,15.807235088330854,neural_inr,32,1
4352,10,0.06570611864153914,9.706488572665945,neural_inr,32,1
4470,1,0.006965410579435782,2.4262097143100365,neural_inr,32,1
4470,2,0.005510288313699941,0.6623747751135544,neural_inr,32,1
4470,3,0.005665997069254102,2.586828474732294,neural_inr,32,1
4470,4,0.007005807565352948,1.344070595592245,neural_inr,32,1
4470,5,0.02780525999777825,4.436684234125453,neural_inr,32,1
4470,6,0.02874586849563139,2.5909758030532477,neural_inr,32,1
4470,7,0.011685082484705582,2.1663099887217,neural_inr,32,1
4470,8,0.009062892197013655,1.551680112880196,neural_inr,32,1
4470,9,0.013932597594869117,9.526416283867155,neural_inr,32,1
4470,10,0.015345651788576888,0.22570096284663707,neural_inr,32,1
5873,1,0.011395918361662174,0.886996227373114,neural_inr,32,1
5873,2,0.020974959901952382,4.122683310739243,neural_inr,32,1
5873,3,0.015801639832957442,1.2358306284242488,neural_inr,32,1
5873,4,0.02913400512202482,1.8492100654294297,neural_inr,32,1
5873,5,0.03674165672678769,9.382091845531656,neural_inr,32,1
5873,6,0.024802868258343228,1.3385738173205812,neural_inr,32,1
5873,7,0.04737751429907401,7.281540126990327,neural_inr,32,1
5873,8,0.15896696429378365,1.375441064060322,neural_inr,32,1
5873,9,0.16568656176270596,15.418069569308388,neural_inr,32,1
5873,10,0.054170317379084634,4.541350559836688,neural_inr,32,1
6148,1,0.004946337200510356,1.2287567850777026,neural_inr,32,1
6148,2,0.005359875093514212,1.3630911272266628,neural_inr,32,1
6148,3,0.005163613558189031,2.7650299466898183,neural_inr,32,1
6148,4,0.006754368446539797,0.5126262745640402,neural_inr,32,1
6148,5,0.00992286241841562,2.787320414380485,neural_inr,32,1
6148,6,0.006790747113613987,2.9596489400578236,neural_inr,32,1
6148,7,0.008601425776345447,1.1827022215721903,neural_inr,32,1
6148,8,0.007076504377397456,1.853735097925458,neural_inr,32,1
6148,10,0.008427570528620587,0.35634024079017124,neural_inr,32,1
7862,1,0.02652692016775066,0.44705712605366227,neural_inr,32,1
7862,2,0.058855645005934716,5.233639086517486,neural_inr,32,1
7862,3,0.03962023066506821,1.6725879555044845,neural_inr,32,1
7862,4,0.060086009578711755,1.819177217651494,neural_inr,32,1
7862,5,0.07789765309633101,7.190099175928876,neural_inr,32,1
7862,6,0.02405946843427171,2.2902249781577964,neural_inr,32,1
7862,7,0.08514070187036678,5.435759986219399,neural_inr,32,1
7862,8,0.05106908622382602,0.6137981023374736,neural_inr,32,1
7862,9,0.10831402427025598,8.558809350590543,neural_inr,32,1
7862,10,0.08147847425258675,2.5428896556406375,neural_inr,32,1
8539,1,0.005048354199579839,0.7816896516041634,neural_inr,32,1
8539,2,0.004666533275167545,1.7507051729750047,neural_inr,32,1
8539,3,0.004261224630762426,0.21826505219725376,neural_inr,32,1
8539,4,0.005656142236191969,1.7623735634974769,neural_inr,32,1
8539,5,0.007907820468606655,3.7040689126199755,neural_inr,32,1
8539,8,0.02726917674119232,0.62920650299829,neural_inr,32,1
8539,9,0.02719521725829071,5.449314791730682,neural_inr,32,1
8539,10,0.0090481282205843,2.9465289382977273,neural_inr,32,1
9311,1,0.014960765402197148,1.902324289641936,neural_inr,32,1
9311,2,0.03342310320934531,4.5504474186307355,neural_inr,32,1
9311,3,0.023061497843741084,0.43812445358368984,neural_inr,32,1
9311,6,0.030937258331362506,0.3672014908089836,neural_inr,32,1
9311,7,0.05286934749713867,4.067492371153643,neural_inr,32,1
9311,8,0.03430055369014303,1.863596197999554,neural_inr,32,1
9311,9,0.06479541772692583,2.1024057386395674,neural_inr,32,1
9311,10,0.06363482840748563,2.253467004086181,neural_inr,32,1
9779,1,0.004535387558479842,4.896121451292811,neural_inr,32,1
9779,2,0.00790941001473883,6.251362617616652,neural_inr,32,1
9779,3,0.004717463608908457,4.002545680329997,neural_inr,32,1
9779,4,0.009909304785669211,5.2404728521625366,neural_inr,32,1
9779,5,0.01571297951568686,9.280040999324875,neural_inr,32,1
9779,6,0.010302414516914134,3.622452992817812,neural_inr,32,1
9779,7,0.017534053699891177,6.259014721342355,neural_inr,32,1
9779,8,0.011578430655704491,4.11797703921999,neural_inr,32,1
9779,9,0.02229472423446289,12.860681248022527,neural_inr,32,1
9779,10,0.018526195189653993,6.366627880650337,neural_inr,32,1
422,1,0.00030684425066388664,1.0561595990322943,original_fixed_rbf,32,1
422,2,0.0013575913733134806,0.06527776927240816,original_fixed_rbf,32,1
422,3,0.0009949763296418555,0.9960692043550783,original_fixed_rbf,32,1
422,4,0.0017292563541505244,1.1958338070359198,original_fixed_rbf,32,1
422,5,0.02111208274526595,0.3442412896021946,original_fixed_rbf,32,1
422,8,0.030121963658817173,1.519387139066029,original_fixed_rbf,32,1
422,9,0.03469881794919341,1.4813760614932094,original_fixed_rbf,32,1
422,10,0.01623423610951641,3.4708916577643354,original_fixed_rbf,32,1
1190,1,0.0023282981544096117,0.5688681577796467,original_fixed_rbf,32,1
1190,2,0.003360174535683688,1.1592716839847759,original_fixed_rbf,32,1
1190,3,0.002840514304456244,1.6634425023673487,original_fixed_rbf,32,1
1190,4,0.0021143115838849614,0.9303793934213872,original_fixed_rbf,32,1
1190,5,0.01733985367409834,1.7024873843601578,original_fixed_rbf,32,1
1190,6,0.009695818307728641,0.5331375887080851,original_fixed_rbf,32,1
1190,7,0.0030616068355192325,0.6886170257880011,original_fixed_rbf,32,1
1190,8,0.006802915969079237,0.7927761319685103,original_fixed_rbf,32,1
1190,9,0.02092893865823133,0.966670813430602,original_fixed_rbf,32,1
1190,10,0.017785083761656786,0.052188789258199836,original_fixed_rbf,32,1
1826,1,0.001702897427039724,0.16546035302519063,original_fixed_rbf,32,1
1826,2,0.00247850163567897,0.11461155447207386,original_fixed_rbf,32,1
1826,3,0.0028798530474175555,1.2559813958544173,original_fixed_rbf,32,1
1826,4,0.0033208893858989678,0.7913605494902066,original_fixed_rbf,32,1
1826,5,0.008649848643212627,1.988801235434895,original_fixed_rbf,32,1
1826,6,0.009136851386698529,0.8602230055219917,original_fixed_rbf,32,1
1826,7,0.00531772863204053,0.23973438506743938,original_fixed_rbf,32,1
1826,8,0.009450174241310423,0.9242853055224672,original_fixed_rbf,32,1
1826,9,0.00986558810719678,4.108804551502608,original_fixed_rbf,32,1
2209,1,0.0009062913303488537,3.168002581565378,original_fixed_rbf,32,1
2209,2,0.0027139689594275333,1.061577598330329,original_fixed_rbf,32,1
2209,3,0.0012935221950005542,0.5667465188771557,original_fixed_rbf,32,1
2209,4,0.0037838670044187755,0.15050927613911957,original_fixed_rbf,32,1
2209,5,0.0724973207721314,2.103825412738779,original_fixed_rbf,32,1
2209,6,0.027101788871885225,2.8322913755906005,original_fixed_rbf,32,1
2209,7,0.13813957771632737,0.30590176208414427,original_fixed_rbf,32,1
2209,8,0.010622418186681097,0.8232362156727976,original_fixed_rbf,32,1
2209,10,0.019981768851783818,0.3946433851173688,original_fixed_rbf,32,1
2802,1,0.0020033422156574684,0.845439929716574,original_fixed_rbf,32,1
2802,2,0.0032033768898053626,2.4346402098673696,original_fixed_rbf,32,1
2802,3,0.00209468646245143,0.5417093161487418,original_fixed_rbf,32,1
2802,4,0.00446528616993722,2.1921685813850433,original_fixed_rbf,32,1
2802,5,0.007588075694893695,3.5505205479839717,original_fixed_rbf,32,1
2802,6,0.008624476992173821,0.07688668236176881,original_fixed_rbf,32,1
2802,7,0.004507209249613571,3.018980756533398,original_fixed_rbf,32,1
2802,8,0.024383612316706247,1.0841898211234604,original_fixed_rbf,32,1
2802,9,0.019737326476711406,5.352399502764208,original_fixed_rbf,32,1
3377,1,0.0027691909963245254,0.5733547508749702,original_fixed_rbf,32,1
3377,2,0.004889611715990731,0.7118080029510587,original_fixed_rbf,32,1
3377,3,0.004363813313770069,1.516870419145101,original_fixed_rbf,32,1
3377,4,0.005340100758267679,0.4365993627829181,original_fixed_rbf,32,1
3377,5,0.006824631546755639,1.220795584193618,original_fixed_rbf,32,1
3377,6,0.009222409702211953,0.9504412618460697,original_fixed_rbf,32,1
3377,7,0.008245683562110204,0.802599662086279,original_fixed_rbf,32,1
3377,8,0.026692769638438894,1.0482908362135068,original_fixed_rbf,32,1
3377,9,0.012314418927444108,3.091282037741955,original_fixed_rbf,32,1
3377,10,0.029658378609764918,1.2496395739122588,original_fixed_rbf,32,1
3408,1,0.000579935007504547,1.701818211367515,original_fixed_rbf,32,1
3408,2,0.00124964164177631,2.0169942157816125,original_fixed_rbf,32,1
3408,3,0.0015999556735962167,1.1612212275728158,original_fixed_rbf,32,1
3408,4,0.002633944326922731,0.054593563711801685,original_fixed_rbf,32,1
3408,5,0.013114446077794207,2.7973878914603842,original_fixed_rbf,32,1
3408,6,0.007052558481025467,1.487969747843002,original_fixed_rbf,32,1
3408,7,0.00854875309297967,1.8001124290373987,original_fixed_rbf,32,1
3408,8,0.006334810466106734,0.5544240484350649,original_fixed_rbf,32,1
3408,9,0.013154451398598275,2.586618902405366,original_fixed_rbf,32,1
3408,10,0.13316150531809856,0.95858235812031,original_fixed_rbf,32,1
4082,1,0.00267548784376503,1.1494811730755192,original_fixed_rbf,32,1
4082,2,0.004908503256903847,1.9057567513966638,original_fixed_rbf,32,1
4082,3,0.0033358936286370326,1.5046162226665398,original_fixed_rbf,32,1
4082,4,0.005243230267807265,0.5270583843216887,original_fixed_rbf,32,1
4082,5,0.007328365730136047,2.022490863530995,original_fixed_rbf,32,1
4082,6,0.009281043057395117,1.100256243287295,original_fixed_rbf,32,1
4082,7,0.009917108958409694,2.251523747525215,original_fixed_rbf,32,1
4082,8,0.021464108578407432,0.8547418957716627,original_fixed_rbf,32,1
4082,9,0.02907110527719489,3.2450382311361343,original_fixed_rbf,32,1
4082,10,0.007538136134163974,1.982570293354856,original_fixed_rbf,32,1
4352,1,0.005266594987826629,0.7595014269666986,original_fixed_rbf,32,1
4352,2,0.012955270740949222,1.411082509934857,original_fixed_rbf,32,1
4352,3,0.010835267998781468,0.36825027571795194,original_fixed_rbf,32,1
4352,4,0.014598214077272147,2.8869247329665773,original_fixed_rbf,32,1
4352,5,0.030665288178214557,3.2593822101551595,original_fixed_rbf,32,1
4352,6,0.03159390814498885,4.174179462545582,original_fixed_rbf,32,1
4352,7,0.021170024461515315,4.0760630749981015,original_fixed_rbf,32,1
4352,8,0.04122656131034494,4.9150957345503485,original_fixed_rbf,32,1
4352,9,0.039693636487865114,8.360355718853306,original_fixed_rbf,32,1
4352,10,0.030305878785299733,2.14191618448392,original_fixed_rbf,32,1
4470,1,0.004582892453597004,0.8703300910531014,original_fixed_rbf,32,1
4470,2,0.004351743411673901,0.2942629801743505,original_fixed_rbf,32,1
4470,3,0.0028811213339787365,0.8288081898646682,original_fixed_rbf,32,1
4470,4,0.0016059217741914418,1.4126490547802504,original_fixed_rbf,32,1
4470,5,0.011148636977914298,0.509444820918376,original_fixed_rbf,32,1
4470,6,0.025757481125453265,1.7239990647025054,original_fixed_rbf,32,1
4470,7,0.0032520546070029946,0.508545758413003,original_fixed_rbf,32,1
4470,8,0.005721440279401785,0.5509092233247292,original_fixed_rbf,32,1
4470,9,0.00759829630889124,0.027175033770982363,original_fixed_rbf,32,1
4470,10,0.021952235906869184,1.4773142214085657,original_fixed_rbf,32,1
5873,1,0.014398459749394181,3.0080371070378598,original_fixed_rbf,32,1
5873,2,0.011471187704560133,1.3850551409661358,original_fixed_rbf,32,1
5873,3,0.009988405458788688,2.388569348556375,original_fixed_rbf,32,1
5873,4,0.007020744489481466,4.2895972678030345,original_fixed_rbf,32,1
5873,5,0.007930918393386673,0.8998890690907608,original_fixed_rbf,32,1
5873,6,0.011699950795142605,2.549924992172652,original_fixed_rbf,32,1
5873,7,0.0077380093465228205,0.3610683248354094,original_fixed_rbf,32,1
5873,8,0.1549522849920724,2.6585884433459057,original_fixed_rbf,32,1
5873,9,0.15638316232767813,8.181550986983734,original_fixed_rbf,32,1
5873,10,0.044023722424853064,1.3035863726120203,original_fixed_rbf,32,1
6148,1,0.0006010099975233896,1.2390704368839185,original_fixed_rbf,32,1
6148,2,0.0017137710171892773,2.1100770971499134,original_fixed_rbf,32,1
6148,3,0.0010527081875665624,2.8499267091396474,original_fixed_rbf,32,1
6148,4,0.0012981442538328527,0.2918919706377847,original_fixed_rbf,32,1
6148,5,0.02233286825769403,0.13069060046636938,original_fixed_rbf,32,1
6148,6,0.04613624402803548,1.8141015331512265,original_fixed_rbf,32,1
6148,7,0.004215657224888278,2.935565646626953,original_fixed_rbf,32,1
6148,8,0.005473114800472363,1.2589838081006361,original_fixed_rbf,32,1
6148,10,0.008267196621615184,0.3876856298975265,original_fixed_rbf,32,1
7862,1,0.012505790359469207,0.844814958361448,original_fixed_rbf,32,1
7862,2,0.021846836413275013,7.491151955582604,original_fixed_rbf,32,1
7862,3,0.01337708043774375,1.5155798831670535,original_fixed_rbf,32,1
7862,4,0.021208313890861457,0.09208679269851854,original_fixed_rbf,32,1
7862,5,0.03669528880061639,12.572875211195557,original_fixed_rbf,32,1
7862,6,0.013864536853881247,1.052674515449616,original_fixed_rbf,32,1
7862,7,0.030481642589611394,5.353066266788514,original_fixed_rbf,32,1
7862,8,0.042257531280160826,0.8702443881301406,original_fixed_rbf,32,1
7862,9,0.0787023390257176,23.996348660406543,original_fixed_rbf,32,1
7862,10,0.05683639451176184,1.790783091222653,original_fixed_rbf,32,1
8539,1,0.0023620187027212297,1.3397346370447563,original_fixed_rbf,32,1
8539,2,0.005503845367598686,1.8999604625667592,original_fixed_rbf,32,1
8539,3,0.0029953794991898737,0.37112954184540453,original_fixed_rbf,32,1
8539,4,0.004748793698514064,0.030002261599707085,original_fixed_rbf,32,1
8539,5,0.00980490509541862,2.5439640219104236,original_fixed_rbf,32,1
8539,8,0.02889467118797265,0.49207728012688506,original_fixed_rbf,32,1
8539,9,0.03120272520648941,4.620504649151967,original_fixed_rbf,32,1
8539,10,0.014440309970411727,2.599029878769258,original_fixed_rbf,32,1
9311,1,0.009393016619885139,2.248343791566432,original_fixed_rbf,32,1
9311,2,0.010964083101818114,1.6891176809500195,original_fixed_rbf,32,1
9311,3,0.00862559766253232,2.61520867829561,original_fixed_rbf,32,1
9311,6,0.021694755733427162,1.4074563025632154,original_fixed_rbf,32,1
9311,7,0.014434318847512373,3.908616778515967,original_fixed_rbf,32,1
9311,8,0.019384284966969565,3.8833884081723413,original_fixed_rbf,32,1
9311,9,0.008410987187155959,15.293024839038422,original_fixed_rbf,32,1
9311,10,0.018418980665389325,3.7158819606884226,original_fixed_rbf,32,1
9779,1,0.003570829800470798,3.4108176923781333,original_fixed_rbf,32,1
9779,2,0.0034904611090421436,2.440359445272346,original_fixed_rbf,32,1
9779,3,0.0026429581189392442,3.5074307994201916,original_fixed_rbf,32,1
9779,4,0.0036981471339607814,4.112440084199086,original_fixed_rbf,32,1
9779,5,0.008759563383841982,2.128405544668685,original_fixed_rbf,32,1
9779,6,0.007353065115442323,4.474637695238286,original_fixed_rbf,32,1
9779,7,0.005034385621947956,3.134547959414997,original_fixed_rbf,32,1
9779,8,0.016499402243147183,4.23848288760322,original_fixed_rbf,32,1
9779,9,0.009710283424285421,6.529223753656241,original_fixed_rbf,32,1
9779,10,0.00707656517484382,12.399048127595234,original_fixed_rbf,32,1
422,1,0.0004605076956608597,1.348839767094703,boundary_kernel_pca,48,1
422,2,0.001732224615363573,1.121641541124589,boundary_kernel_pca,48,1
422,3,0.0010457062606628001,1.1302000147900948,boundary_kernel_pca,48,1
422,4,0.0015671769933925672,1.2862380605651116,boundary_kernel_pca,48,1
422,5,0.01785085401211941,0.8508578779567783,boundary_kernel_pca,48,1
422,8,0.024072312833199213,0.6721347464790279,boundary_kernel_pca,48,1
422,9,0.027819719880079,1.550551649425011,boundary_kernel_pca,48,1
422,10,0.012740000023260737,0.7431184450475686,boundary_kernel_pca,48,1
1190,1,0.0012739549442649237,0.6550401249525086,boundary_kernel_pca,48,1
1190,2,0.0019911364383582465,0.953776858673482,boundary_kernel_pca,48,1
1190,3,0.0018467577378995044,0.8343140261020554,boundary_kernel_pca,48,1
1190,4,0.001825861714802748,0.9768031639345257,boundary_kernel_pca,48,1
1190,5,0.006502527894056718,1.237365910780711,boundary_kernel_pca,48,1
1190,6,0.004840258482972558,2.858575568696058,boundary_kernel_pca,48,1
1190,7,0.0024094195109307967,0.27786699701917233,boundary_kernel_pca,48,1
1190,8,0.006605051322966057,0.3880250313251506,boundary_kernel_pca,48,1
1190,9,0.01002270049071337,1.3450492133888685,boundary_kernel_pca,48,1
1190,10,0.012949672620186313,1.283934692464989,boundary_kernel_pca,48,1
1826,1,0.0012126903898410004,0.45353157776255915,boundary_kernel_pca,48,1
1826,2,0.0029270139602042286,0.617671881690276,boundary_kernel_pca,48,1
1826,3,0.0019212444057779652,0.22392723433062878,boundary_kernel_pca,48,1
1826,4,0.0016840772040073188,0.30937412704029116,boundary_kernel_pca,48,1
1826,5,0.010982626578900777,0.8321524730024389,boundary_kernel_pca,48,1
1826,6,0.014211156828719493,0.4099533154576556,boundary_kernel_pca,48,1
1826,7,0.002939856957378703,2.7490537524190013,boundary_kernel_pca,48,1
1826,8,0.00604565769820902,2.377257115845538,boundary_kernel_pca,48,1
1826,9,0.005438206458564726,3.0412114744471563,boundary_kernel_pca,48,1
2209,1,0.0012873546261993646,1.4325148539999715,boundary_kernel_pca,48,1
2209,2,0.0027843781576229955,1.0546981629115388,boundary_kernel_pca,48,1
2209,3,0.002080967038730394,2.3275055976605636,boundary_kernel_pca,48,1
2209,4,0.0025119930693031666,1.6150995666992827,boundary_kernel_pca,48,1
2209,5,0.04519976932740083,1.4335699129179955,boundary_kernel_pca,48,1
2209,6,0.038902823951491014,3.514501504111291,boundary_kernel_pca,48,1
2209,7,0.1386529196799608,0.5819909105424427,boundary_kernel_pca,48,1
2209,8,0.010118583220918987,1.1202460241802812,boundary_kernel_pca,48,1
2209,10,0.013925346685181167,1.8223331188350897,boundary_kernel_pca,48,1
2802,1,0.0010818410004419538,0.3289786957190309,boundary_kernel_pca,48,1
2802,2,0.0026356517580489913,2.9527296825133083,boundary_kernel_pca,48,1
2802,3,0.0020451192724854363,0.05308237764962798,boundary_kernel_pca,48,1
2802,4,0.008890993831990435,1.5092263524727212,boundary_kernel_pca,48,1
2802,5,0.005508054268714564,5.06017881771529,boundary_kernel_pca,48,1
2802,6,0.008994408969286272,0.2685307183979363,boundary_kernel_pca,48,1
2802,7,0.0045787753551066466,4.928885455081468,boundary_kernel_pca,48,1
2802,8,0.01849666910885901,0.10034806719851926,boundary_kernel_pca,48,1
2802,9,0.012618334332504122,6.738439173344457,boundary_kernel_pca,48,1
3377,1,0.0008306845880615436,0.19947137371550686,boundary_kernel_pca,48,1
3377,2,0.004510456944909074,0.3767394506797458,boundary_kernel_pca,48,1
3377,3,0.0017512682988832541,0.04753197872189204,boundary_kernel_pca,48,1
3377,4,0.0015618374177209652,0.3121330993196722,boundary_kernel_pca,48,1
3377,5,0.007924686876186342,0.7529271116916848,boundary_kernel_pca,48,1
3377,6,0.014652993326228417,0.0431800343632698,boundary_kernel_pca,48,1
3377,7,0.012571147776226746,1.4863297731019394,boundary_kernel_pca,48,1
3377,8,0.01535195167558601,0.6079250717018034,boundary_kernel_pca,48,1
3377,9,0.013873318252343007,1.0567971286384357,boundary_kernel_pca,48,1
3377,10,0.02401628689477584,1.3803223172363723,boundary_kernel_pca,48,1
3408,1,0.000588319764263899,3.423995011804574,boundary_kernel_pca,48,1
3408,2,0.0007989082209781063,3.4680725383988187,boundary_kernel_pca,48,1
3408,3,0.0013437672897025513,2.960114255873914,boundary_kernel_pca,48,1
3408,4,0.0015872729910081302,3.261465816229301,boundary_kernel_pca,48,1
3408,5,0.007240540186034185,3.4350316355188277,boundary_kernel_pca,48,1
3408,6,0.007366619146341068,3.38405895694752,boundary_kernel_pca,48,1
3408,7,0.003840926292533101,1.0353418975198783,boundary_kernel_pca,48,1
3408,8,0.008304326839715334,0.6318754933676857,boundary_kernel_pca,48,1
3408,9,0.022524798203385016,0.2619746708340346,boundary_kernel_pca,48,1
3408,10,0.1322199607245639,0.5060304056873552,boundary_kernel_pca,48,1
4082,1,0.000710341447527603,0.3732835161342119,boundary_kernel_pca,48,1
4082,2,0.0020484496429591867,1.2323274978779244,boundary_kernel_pca,48,1
4082,3,0.0011781737205650467,0.07237362954243155,boundary_kernel_pca,48,1
4082,4,0.0019444971447747704,0.18489065346422387,boundary_kernel_pca,48,1
4082,5,0.0049618530420824074,1.1351076624772414,boundary_kernel_pca,48,1
4082,6,0.018289706477021002,0.8133214074228986,boundary_kernel_pca,48,1
4082,7,0.004541601385862731,0.07946744877649202,boundary_kernel_pca,48,1
4082,8,0.01409297740002318,0.04398258939570013,boundary_kernel_pca,48,1
4082,9,0.03191845592664759,1.5850378502696487,boundary_kernel_pca,48,1
4082,10,0.007396408296209796,0.5593646187162337,boundary_kernel_pca,48,1
4352,1,0.005488973658730971,1.3213079593350194,boundary_kernel_pca,48,1
4352,2,0.013456412819508047,1.9062147374724947,boundary_kernel_pca,48,1
4352,3,0.01463068783603293,3.566619505940523,boundary_kernel_pca,48,1
4352,4,0.014333933472451306,3.6074525167726645,boundary_kernel_pca,48,1
4352,5,0.02249782045756225,3.8201099072250386,boundary_kernel_pca,48,1
4352,6,0.024990994959050467,5.280080593516597,boundary_kernel_pca,48,1
4352,7,0.02367305171568235,4.644704242639852,boundary_kernel_pca,48,1
4352,8,0.035460057659255785,7.873619529935275,boundary_kernel_pca,48,1
4352,9,0.03753229879352247,6.867508755457553,boundary_kernel_pca,48,1
4352,10,0.03579962123299737,5.205883332765883,boundary_kernel_pca,48,1
4470,1,0.0020784140703076948,0.5495036323478395,boundary_kernel_pca,48,1
4470,2,0.005244258881838696,2.8682130606921197,boundary_kernel_pca,48,1
4470,3,0.0033723870726722186,0.7770980564400849,boundary_kernel_pca,48,1
4470,4,0.009057796091593408,1.6119697590043878,boundary_kernel_pca,48,1
4470,5,0.019416570035391267,4.331061728727524,boundary_kernel_pca,48,1
4470,6,0.02307415641806767,1.4622786402631784,boundary_kernel_pca,48,1
4470,7,0.01108315476402125,8.532373697676807,boundary_kernel_pca,48,1
4470,8,0.007938780009778223,1.1878408719914435,boundary_kernel_pca,48,1
4470,9,0.015865629739209332,7.910670275499404,boundary_kernel_pca,48,1
4470,10,0.01665576292586409,3.9892347373495975,boundary_kernel_pca,48,1
5873,1,0.0066670399693972695,1.2717015665588682,boundary_kernel_pca,48,1
5873,2,0.0037658567957921953,2.2161079019684102,boundary_kernel_pca,48,1
5873,3,0.0026780980040083087,0.21399900825957774,boundary_kernel_pca,48,1
5873,4,0.004340295552199639,0.1077597119996822,boundary_kernel_pca,48,1
5873,5,0.007237552024927127,0.636858457506381,boundary_kernel_pca,48,1
5873,6,0.012760045989771644,0.2406777947359957,boundary_kernel_pca,48,1
5873,7,0.009084914196929337,5.0078294930211324,boundary_kernel_pca,48,1
5873,8,0.15445092126487264,0.8884922874236455,boundary_kernel_pca,48,1
5873,9,0.1540948855936849,0.35642650941851783,boundary_kernel_pca,48,1
5873,10,0.0321834786845557,0.6033230122268155,boundary_kernel_pca,48,1
6148,1,0.0005117522496898934,1.0679440245649456,boundary_kernel_pca,48,1
6148,2,0.0012271146047194961,1.0518504647041615,boundary_kernel_pca,48,1
6148,3,0.0010143116614617506,2.71373953196754,boundary_kernel_pca,48,1
6148,4,0.0013163355919909676,1.1354468161067883,boundary_kernel_pca,48,1
6148,5,0.04449611799422643,0.20274828771169015,boundary_kernel_pca,48,1
6148,6,0.04198206629204451,3.942295126006653,boundary_kernel_pca,48,1
6148,7,0.0024763846155730317,0.8332015881171565,boundary_kernel_pca,48,1
6148,8,0.0038428086276716808,3.1404397752969775,boundary_kernel_pca,48,1
6148,10,0.0033395212864598483,1.1531635825952868,boundary_kernel_pca,48,1
7862,1,0.013460926501027629,0.6242488349548475,boundary_kernel_pca,48,1
7862,2,0.021878895132733455,5.172024953483992,boundary_kernel_pca,48,1
7862,3,0.016948215423127463,0.3678339281142546,boundary_kernel_pca,48,1
7862,4,0.023544224821520354,1.7560191544421855,boundary_kernel_pca,48,1
7862,5,0.0367059379688321,10.389393971692101,boundary_kernel_pca,48,1
7862,6,0.010309915851458117,0.9072645183227901,boundary_kernel_pca,48,1
7862,7,0.029994469738662793,1.3675165179043187,boundary_kernel_pca,48,1
7862,8,0.03602404962040558,1.092679423753143,boundary_kernel_pca,48,1
7862,9,0.04924988757154199,14.35450283643415,boundary_kernel_pca,48,1
7862,10,0.05601892242405249,3.1481936459737834,boundary_kernel_pca,48,1
8539,1,0.002067268808314366,2.002620451866389,boundary_kernel_pca,48,1
8539,2,0.004568322206225318,3.2070579733749143,boundary_kernel_pca,48,1
8539,3,0.0032615120183462757,1.5866232027793687,boundary_kernel_pca,48,1
8539,4,0.004212524733863546,2.35650696591384,boundary_kernel_pca,48,1
8539,5,0.010281464022808186,3.4903104146844486,boundary_kernel_pca,48,1
8539,8,0.024091332834364265,0.430642879832135,boundary_kernel_pca,48,1
8539,9,0.022848576411980934,2.5593541673097597,boundary_kernel_pca,48,1
8539,10,0.017601052370326966,1.4604075286006089,boundary_kernel_pca,48,1
9311,1,0.004450677224853131,2.0707786209660166,boundary_kernel_pca,48,1
9311,2,0.00459506702192698,2.7407908318807297,boundary_kernel_pca,48,1
9311,3,0.0031093003285564014,2.214870092565988,boundary_kernel_pca,48,1
9311,6,0.015338342281570636,1.8435944129742894,boundary_kernel_pca,48,1
9311,7,0.004344406202732862,1.5520574193956411,boundary_kernel_pca,48,1
9311,8,0.017414644375727935,0.6615152006818068,boundary_kernel_pca,48,1
9311,9,0.021650863045154792,1.7533054976947595,boundary_kernel_pca,48,1
9311,10,0.03557718495417733,3.5812943751087127,boundary_kernel_pca,48,1
9779,1,0.002263215700240258,3.2816914513393782,boundary_kernel_pca,48,1
9779,2,0.0023047607533687444,3.583787856347704,boundary_kernel_pca,48,1
9779,3,0.0012565068040018479,3.398949800121479,boundary_kernel_pca,48,1
9779,4,0.0025196313198124175,3.5201189794392915,boundary_kernel_pca,48,1
9779,5,0.005442677593691181,3.1912973026044074,boundary_kernel_pca,48,1
9779,6,0.006599825524805813,4.304575470119205,boundary_kernel_pca,48,1
9779,7,0.004341170075154426,2.256952108111547,boundary_kernel_pca,48,1
9779,8,0.01035296469649461,4.3712065851684265,boundary_kernel_pca,48,1
9779,9,0.0066055040754475726,3.690204636672161,boundary_kernel_pca,48,1
9779,10,0.008811376773052685,4.377135407445036,boundary_kernel_pca,48,1
422,1,0.00038101198619054416,1.348839767094703,output_pca,48,1
422,2,0.0015083293680890253,1.121641541124589,output_pca,48,1
422,3,0.0009225198268233568,1.1302000147900948,output_pca,48,1
422,4,0.0014884753497510475,1.2862380605651116,output_pca,48,1
422,5,0.01805006383303912,0.8508578779567783,output_pca,48,1
422,8,0.029355386966379324,0.6721347464790279,output_pca,48,1
422,9,0.02692680401113876,1.550551649425011,output_pca,48,1
422,10,0.009596966984154291,0.7431184450475686,output_pca,48,1
1190,1,0.0013104010667431881,0.6550401249525086,output_pca,48,1
1190,2,0.0024239228119303253,0.953776858673482,output_pca,48,1
1190,3,0.001681992684231518,0.8343140261020554,output_pca,48,1
1190,4,0.001695073463838731,0.9768031639345257,output_pca,48,1
1190,5,0.0067974389696081414,1.237365910780711,output_pca,48,1
1190,6,0.00875117940798268,2.858575568696058,output_pca,48,1
1190,7,0.004273023553632607,0.27786699701917233,output_pca,48,1
1190,8,0.008526183010037311,0.3880250313251506,output_pca,48,1
1190,9,0.010612719209124433,1.3450492133888685,output_pca,48,1
1190,10,0.011543381850146011,1.283934692464989,output_pca,48,1
1826,1,0.0019242624681292308,0.45353157776255915,output_pca,48,1
1826,2,0.004156242489252017,0.617671881690276,output_pca,48,1
1826,3,0.0025982081401973696,0.22392723433062878,output_pca,48,1
1826,4,0.001885561809518137,0.30937412704029116,output_pca,48,1
1826,5,0.010714158851031766,0.8321524730024389,output_pca,48,1
1826,6,0.009343696765251095,0.4099533154576556,output_pca,48,1
1826,7,0.005845699063458348,2.7490537524190013,output_pca,48,1
1826,8,0.010410429523403372,2.377257115845538,output_pca,48,1
1826,9,0.007362589427879452,3.0412114744471563,output_pca,48,1
2209,1,0.0012095146926798012,1.4325148539999715,output_pca,48,1
2209,2,0.002728728470501457,1.0546981629115388,output_pca,48,1
2209,3,0.002101624407635268,2.3275055976605636,output_pca,48,1
2209,4,0.002941780054475699,1.6150995666992827,output_pca,48,1
2209,5,0.04872237094374123,1.4335699129179955,output_pca,48,1
2209,6,0.01793212809821094,3.514501504111291,output_pca,48,1
2209,7,0.13886456199189665,0.5819909105424427,output_pca,48,1
2209,8,0.013170764228302077,1.1202460241802812,output_pca,48,1
2209,10,0.012162991739451628,1.8223331188350897,output_pca,48,1
2802,1,0.0015192811726521705,0.3289786957190309,output_pca,48,1
2802,2,0.004377768185330078,2.9527296825133083,output_pca,48,1
2802,3,0.0010972265175382846,0.05308237764962798,output_pca,48,1
2802,4,0.005391674079985733,1.5092263524727212,output_pca,48,1
2802,5,0.005588014168297388,5.06017881771529,output_pca,48,1
2802,6,0.007548566211324794,0.2685307183979363,output_pca,48,1
2802,7,0.00996702204303964,4.928885455081468,output_pca,48,1
2802,8,0.02096627554596157,0.10034806719851926,output_pca,48,1
2802,9,0.01175734368402462,6.738439173344457,output_pca,48,1
3377,1,0.0011097985648710468,0.19947137371550686,output_pca,48,1
3377,2,0.005834539708817672,0.3767394506797458,output_pca,48,1
3377,3,0.003510035948494505,0.04753197872189204,output_pca,48,1
3377,4,0.0026050862617877897,0.3121330993196722,output_pca,48,1
3377,5,0.00769795200449676,0.7529271116916848,output_pca,48,1
3377,6,0.0175447084567993,0.0431800343632698,output_pca,48,1
3377,7,0.007026225358889942,1.4863297731019394,output_pca,48,1
3377,8,0.018535297328390186,0.6079250717018034,output_pca,48,1
3377,9,0.018890389030457172,1.0567971286384357,output_pca,48,1
3377,10,0.022755285324773784,1.3803223172363723,output_pca,48,1
3408,1,0.0005690041284675051,3.423995011804574,output_pca,48,1
3408,2,0.000765432872534633,3.4680725383988187,output_pca,48,1
3408,3,0.0013427738811693497,2.960114255873914,output_pca,48,1
3408,4,0.0014561312875920119,3.261465816229301,output_pca,48,1
3408,5,0.007259501613568258,3.4350316355188277,output_pca,48,1
3408,6,0.008591364695893727,3.38405895694752,output_pca,48,1
3408,7,0.005086160944912531,1.0353418975198783,output_pca,48,1
3408,8,0.01218453951681578,0.6318754933676857,output_pca,48,1
3408,9,0.016450449892780297,0.2619746708340346,output_pca,48,1
3408,10,0.13211254126396926,0.5060304056873552,output_pca,48,1
4082,1,0.0007095917256665911,0.3732835161342119,output_pca,48,1
4082,2,0.0022553688050850735,1.2323274978779244,output_pca,48,1
4082,3,0.00103641900515542,0.07237362954243155,output_pca,48,1
4082,4,0.0019863984331087597,0.18489065346422387,output_pca,48,1
4082,5,0.004952668914669843,1.1351076624772414,output_pca,48,1
4082,6,0.009335184195794719,0.8133214074228986,output_pca,48,1
4082,7,0.004991987497303772,0.07946744877649202,output_pca,48,1
4082,8,0.017625543329704105,0.04398258939570013,output_pca,48,1
4082,9,0.02961801649040659,1.5850378502696487,output_pca,48,1
4082,10,0.006079612067098847,0.5593646187162337,output_pca,48,1
4352,1,0.00623788975414603,1.3213079593350194,output_pca,48,1
4352,2,0.013807262630724756,1.9062147374724947,output_pca,48,1
4352,3,0.015605206749437488,3.566619505940523,output_pca,48,1
4352,4,0.015301170425847208,3.6074525167726645,output_pca,48,1
4352,5,0.02266599722740046,3.8201099072250386,output_pca,48,1
4352,6,0.028084501387835366,5.280080593516597,output_pca,48,1
4352,7,0.022434867349318207,4.644704242639852,output_pca,48,1
4352,8,0.03654003982564715,7.873619529935275,output_pca,48,1
4352,9,0.042296912647942594,6.867508755457553,output_pca,48,1
4352,10,0.0369096113252674,5.205883332765883,output_pca,48,1
4470,1,0.001469172148841608,0.5495036323478395,output_pca,48,1
4470,2,0.004680922036302764,2.8682130606921197,output_pca,48,1
4470,3,0.002949046561678909,0.7770980564400849,output_pca,48,1
4470,4,0.00910252200527316,1.6119697590043878,output_pca,48,1
4470,5,0.018182176788294795,4.331061728727524,output_pca,48,1
4470,6,0.029887546481747337,1.4622786402631784,output_pca,48,1
4470,7,0.0182031739162095,8.532373697676807,output_pca,48,1
4470,8,0.01185247816089795,1.1878408719914435,output_pca,48,1
4470,9,0.018384945107350375,7.910670275499404,output_pca,48,1
4470,10,0.016141235746811346,3.9892347373495975,output_pca,48,1
5873,1,0.0026149350902661497,1.2717015665588682,output_pca,48,1
5873,2,0.0014793252770152838,2.2161079019684102,output_pca,48,1
5873,3,0.003707574428707862,0.21399900825957774,output_pca,48,1
5873,4,0.0035035494932810054,0.1077597119996822,output_pca,48,1
5873,5,0.005867378896909975,0.636858457506381,output_pca,48,1
5873,6,0.016470973008143538,0.2406777947359957,output_pca,48,1
5873,7,0.006522264033655302,5.0078294930211324,output_pca,48,1
5873,8,0.15264954671662098,0.8884922874236455,output_pca,48,1
5873,9,0.15318282069451053,0.35642650941851783,output_pca,48,1
5873,10,0.030104637046155364,0.6033230122268155,output_pca,48,1
6148,1,0.0005223605984993626,1.0679440245649456,output_pca,48,1
6148,2,0.0011639138118372477,1.0518504647041615,output_pca,48,1
6148,3,0.0008883800938160419,2.71373953196754,output_pca,48,1
6148,4,0.0009819354490831495,1.1354468161067883,output_pca,48,1
6148,5,0.045635144792524604,0.20274828771169015,output_pca,48,1
6148,6,0.027573394122769428,3.942295126006653,output_pca,48,1
6148,7,0.0038784105962905383,0.8332015881171565,output_pca,48,1
6148,8,0.005570505007647918,3.1404397752969775,output_pca,48,1
6148,10,0.004202606580609857,1.1531635825952868,output_pca,48,1
7862,1,0.015359829835304177,0.6242488349548475,output_pca,48,1
7862,2,0.02353611053996934,5.172024953483992,output_pca,48,1
7862,3,0.01733370553111063,0.3678339281142546,output_pca,48,1
7862,4,0.022519532070936002,1.7560191544421855,output_pca,48,1
7862,5,0.03770380078662336,10.389393971692101,output_pca,48,1
7862,6,0.015414716399527769,0.9072645183227901,output_pca,48,1
7862,7,0.030031774082200053,1.3675165179043187,output_pca,48,1
7862,8,0.03609898065188782,1.092679423753143,output_pca,48,1
7862,9,0.054897109613444066,14.35450283643415,output_pca,48,1
7862,10,0.05473598215999333,3.1481936459737834,output_pca,48,1
8539,1,0.002435768051734783,2.002620451866389,output_pca,48,1
8539,2,0.005040313481378703,3.2070579733749143,output_pca,48,1
8539,3,0.0034527352528738973,1.5866232027793687,output_pca,48,1
8539,4,0.0048661675078311775,2.35650696591384,output_pca,48,1
8539,5,0.009947961171987754,3.4903104146844486,output_pca,48,1
8539,8,0.02280105435425734,0.430642879832135,output_pca,48,1
8539,9,0.022980496449743152,2.5593541673097597,output_pca,48,1
8539,10,0.015316682813173202,1.4604075286006089,output_pca,48,1
9311,1,0.0053136676042294445,2.0707786209660166,output_pca,48,1
9311,2,0.007037850558395793,2.7407908318807297,output_pca,48,1
9311,3,0.00442242960970688,2.214870092565988,output_pca,48,1
9311,6,0.01563280824428172,1.8435944129742894,output_pca,48,1
9311,7,0.002528955493546665,1.5520574193956411,output_pca,48,1
9311,8,0.018203388230265728,0.6615152006818068,output_pca,48,1
9311,9,0.018532848573804515,1.7533054976947595,output_pca,48,1
9311,10,0.03300277274955727,3.5812943751087127,output_pca,48,1
9779,1,0.0018018053402211348,3.2816914513393782,output_pca,48,1
9779,2,0.0022751811871925356,3.583787856347704,output_pca,48,1
9779,3,0.0013451819527029382,3.398949800121479,output_pca,48,1
9779,4,0.002253424926495542,3.5201189794392915,output_pca,48,1
9779,5,0.004932065512051159,3.1912973026044074,output_pca,48,1
9779,6,0.008842124240075562,4.304575470119205,output_pca,48,1
9779,7,0.004746141039814229,2.256952108111547,output_pca,48,1
9779,8,0.01240455145865897,4.3712065851684265,output_pca,48,1
9779,9,0.0064702269067629875,3.690204636672161,output_pca,48,1
9779,10,0.007977704789131809,4.377135407445036,output_pca,48,1
422,1,0.0032685842510146346,2.2958749865675845,direct_hf,48,1
422,2,0.003589891172204317,3.476990357464812,direct_hf,48,1
422,3,0.004276730820973936,0.5873452369972145,direct_hf,48,1
422,4,0.006549936754871862,1.2346383300299588,direct_hf,48,1
422,5,0.017529695757941926,4.904823802982087,direct_hf,48,1
422,8,0.11795800930409342,0.8256206563687912,direct_hf,48,1
422,9,0.13085557003189793,5.731006992090401,direct_hf,48,1
422,10,0.012373338554025474,7.653188982503074,direct_hf,48,1
1190,1,0.001687160370205563,4.073171545643309,direct_hf,48,1
1190,2,0.003313458751499294,8.09051613973543,direct_hf,48,1
1190,3,0.002374546951871716,7.691258739628904,direct_hf,48,1
1190,4,0.005722811663536793,5.655782873131625,direct_hf,48,1
1190,5,0.01632311519768426,7.878535045900072,direct_hf,48,1
1190,6,0.008253632967106931,8.354764236191999,direct_hf,48,1
1190,7,0.01159362096297845,7.835690223649075,direct_hf,48,1
1190,8,0.024623737147106844,9.240494026661215,direct_hf,48,1
1190,9,0.020836686647512315,4.277575645773569,direct_hf,48,1
1190,10,0.01632935114288167,2.2308407407008395,direct_hf,48,1
1826,1,0.0016751679545068089,1.3366503891455017,direct_hf,48,1
1826,2,0.0016237155347297667,6.746642780931123,direct_hf,48,1
1826,3,0.001967315940905797,4.259929582011932,direct_hf,48,1
1826,4,0.001630376808992395,3.995968594757752,direct_hf,48,1
1826,5,0.025354111990404982,6.831016624711029,direct_hf,48,1
1826,6,0.019241847160384018,2.6281024260160812,direct_hf,48,1
1826,7,0.00431847089788969,6.398419684593408,direct_hf,48,1
1826,8,0.006022217265371619,6.921741363297036,direct_hf,48,1
1826,9,0.005655902776800699,7.630923674928154,direct_hf,48,1
2209,1,0.0031283615904516824,0.09724420001946929,direct_hf,48,1
2209,2,0.009979787207259973,2.48071303131206,direct_hf,48,1
2209,3,0.008118626948119231,7.772736759807497,direct_hf,48,1
2209,4,0.01183315987101503,1.6949383242635383,direct_hf,48,1
2209,5,0.039313265043188536,4.106787074881699,direct_hf,48,1
2209,6,0.029456388146021976,12.326738830051728,direct_hf,48,1
2209,7,0.247723264093208,3.825611740101287,direct_hf,48,1
2209,8,0.031586498869318615,6.201005199325767,direct_hf,48,1
2209,10,0.030109422433925916,3.1610771633437267,direct_hf,48,1
2802,1,0.0008446673146154677,1.9187786554015431,direct_hf,48,1
2802,2,0.0027616661089172184,1.0347984236382557,direct_hf,48,1
2802,3,0.0011290963879201814,0.9921149675837443,direct_hf,48,1
2802,4,0.003308969066746758,1.7114823551509448,direct_hf,48,1
2802,5,0.008289031722198156,0.09983706347205884,direct_hf,48,1
2802,6,0.01289624070380355,0.48251180066255006,direct_hf,48,1
2802,7,0.005512671912779149,0.6912275287276616,direct_hf,48,1
2802,8,0.016731033844435778,1.3627895235377427,direct_hf,48,1
2802,9,0.008362202806276706,0.5828268182264967,direct_hf,48,1
3377,1,0.002399793720953885,1.2712733519586115,direct_hf,48,1
3377,2,0.002259352445989514,2.235240725359865,direct_hf,48,1
3377,3,0.003947569492816322,4.567082154440418,direct_hf,48,1
3377,4,0.0027059938562194684,3.0118615190762132,direct_hf,48,1
3377,5,0.03848049023878255,2.8910440698434496,direct_hf,48,1
3377,6,0.039933503098621974,19.735996858848026,direct_hf,48,1
3377,7,0.006317565319195519,11.835769292760254,direct_hf,48,1
3377,8,0.02234583241714422,4.762573973449536,direct_hf,48,1
3377,9,0.02646244917725046,2.7229891416471235,direct_hf,48,1
3377,10,0.015039387332297868,15.81519468363338,direct_hf,48,1
3408,1,0.0018767917217620876,5.4282567033664995,direct_hf,48,1
3408,2,0.003479663369805168,8.304895084724485,direct_hf,48,1
3408,3,0.002384139601552685,4.088308913516864,direct_hf,48,1
3408,4,0.002902669316378537,4.759291955448305,direct_hf,48,1
3408,5,0.008594043086443676,8.94574441380754,direct_hf,48,1
3408,6,0.014993893960967982,3.497645594521839,direct_hf,48,1
3408,7,0.005382667515113009,19.798731477765735,direct_hf,48,1
3408,8,0.0106249209683722,4.106510857763697,direct_hf,48,1
3408,9,0.034905091821000114,25.38766289435013,direct_hf,48,1
3408,10,0.14722103334516495,3.4229328342784404,direct_hf,48,1
4082,1,0.0015919178350574104,4.520061287941945,direct_hf,48,1
4082,2,0.0036162158341431884,6.464190209383022,direct_hf,48,1
4082,3,0.002613616518900197,4.721536144390293,direct_hf,48,1
4082,4,0.004341848745417423,5.605659743143431,direct_hf,48,1
4082,5,0.015370949987141454,5.900865516648294,direct_hf,48,1
4082,6,0.01640709759039731,2.6760581598940383,direct_hf,48,1
4082,7,0.006579971282551563,5.362105087361643,direct_hf,48,1
4082,8,0.053421626594027154,5.227777251506606,direct_hf,48,1
4082,9,0.06361572230024758,4.249811976458836,direct_hf,48,1
4082,10,0.00833447834470324,6.0913228039968255,direct_hf,48,1
4352,1,0.0029308120834912062,0.21838054620630337,direct_hf,48,1
4352,2,0.003418803123417015,5.1089592137218185,direct_hf,48,1
4352,3,0.004865568022203725,0.8056716866503291,direct_hf,48,1
4352,4,0.0029668161078790075,1.3659847005570853,direct_hf,48,1
4352,5,0.03577245010498329,4.451172525193396,direct_hf,48,1
4352,6,0.0339787219030793,0.6063142588407464,direct_hf,48,1
4352,7,0.0039543916904988905,4.907313458609731,direct_hf,48,1
4352,8,0.010320142474739119,0.5833550264756086,direct_hf,48,1
4352,9,0.01522206562715862,5.398215302641039,direct_hf,48,1
4352,10,0.010022134076147009,0.7744329985101931,direct_hf,48,1
4470,1,0.002704326457631489,0.5473861076579444,direct_hf,48,1
4470,2,0.003350117085583582,3.3398202969629267,direct_hf,48,1
4470,3,0.003273114471161687,0.7113780505185392,direct_hf,48,1
4470,4,0.003792854351210495,2.577355184200987,direct_hf,48,1
4470,5,0.03476633324637657,5.479145173721664,direct_hf,48,1
4470,6,0.0394923428717006,0.46293567844313216,direct_hf,48,1
4470,7,0.005130734322911314,4.415722276678437,direct_hf,48,1
4470,8,0.010361831846515231,2.547757316360024,direct_hf,48,1
4470,9,0.014719253283778131,8.40886489003301,direct_hf,48,1
4470,10,0.0148667434524189,4.895221600522377,direct_hf,48,1
5873,1,0.0017986077446143943,2.2147006534743157,direct_hf,48,1
5873,2,0.0014676101636916302,11.269682309608589,direct_hf,48,1
5873,3,0.002074576897130121,1.0575975824510966,direct_hf,48,1
5873,4,0.001478642764440963,5.02155778807297,direct_hf,48,1
5873,5,0.016370290761891157,14.500894786438684,direct_hf,48,1
5873,6,0.016056719819217535,0.21744070295077678,direct_hf,48,1
5873,7,0.002469165261339298,10.291055396010389,direct_hf,48,1
5873,8,0.0073838591959967965,3.4391482112970175,direct_hf,48,1
5873,9,0.013805240994895756,15.94731587477008,direct_hf,48,1
5873,10,0.031130154519843453,11.217717661811344,direct_hf,48,1
6148,1,0.0016620644186926218,5.421372784284228,direct_hf,48,1
6148,2,0.0008199360433915797,4.4192196695004355,direct_hf,48,1
6148,3,0.00310681981511216,9.713602022509988,direct_hf,48,1
6148,4,0.002044620565195668,6.120197327428136,direct_hf,48,1
6148,5,0.03864149832477627,3.3333745103359376,direct_hf,48,1
6148,6,0.028446059163830126,7.505928237896621,direct_hf,48,1
6148,7,0.005326358167464071,6.9247138656518255,direct_hf,48,1
6148,8,0.011582520852306837,9.305652049723497,direct_hf,48,1
6148,10,0.006132518329638299,9.327824624348658,direct_hf,48,1
7862,1,0.005600449090997945,5.731116482960953,direct_hf,48,1
7862,2,0.008580303529250597,0.7353451608087668,direct_hf,48,1
7862,3,0.006883877874034218,1.8336906203627632,direct_hf,48,1
7862,4,0.00865325305037865,2.1756914841897697,direct_hf,48,1
7862,5,0.016050337059005455,4.510674424375539,direct_hf,48,1
7862,6,0.01374697349629535,1.325272206998616,direct_hf,48,1
7862,7,0.008837997336545994,1.5210395950570998,direct_hf,48,1
7862,8,0.02125520120677208,1.5264343186995109,direct_hf,48,1
7862,9,0.0312511566247772,8.151138178243281,direct_hf,48,1
7862,10,0.017077494722695145,0.19871863757733188,direct_hf,48,1
8539,1,0.013030601107649791,7.208379077238108,direct_hf,48,1
8539,2,0.010526352234332003,11.051552745124361,direct_hf,48,1
8539,3,0.0101238360891122,5.697113193095739,direct_hf,48,1
8539,4,0.007029803551780321,9.323228559429122,direct_hf,48,1
8539,5,0.01010148313078836,13.115127877541608,direct_hf,48,1
8539,8,0.0745165072383576,7.563862572176235,direct_hf,48,1
8539,9,0.09124638313191195,15.027171013108964,direct_hf,48,1
8539,10,0.024984400281489662,15.631600614175808,direct_hf,48,1
9311,1,0.0010120248465321257,2.6282955039878684,direct_hf,48,1
9311,2,0.003151624651400771,4.174568721287311,direct_hf,48,1
9311,3,0.0017966092710010237,1.6786650842874231,direct_hf,48,1
9311,6,0.010875255862845988,2.2109105145977725,direct_hf,48,1
9311,7,0.004135606318110712,5.455082213016457,direct_hf,48,1
9311,8,0.007885811745599812,3.4896919002362927,direct_hf,48,1
9311,9,0.009509834193106678,7.848530374938252,direct_hf,48,1
9311,10,0.032792525998760334,4.388682680578485,direct_hf,48,1
9779,1,0.0013814821426130673,2.8642797363442747,direct_hf,48,1
9779,2,0.00538129231758899,9.302696889290672,direct_hf,48,1
9779,3,0.0060970949796612375,5.389600498061104,direct_hf,48,1
9779,4,0.009792788589181051,5.9153895254904345,direct_hf,48,1
9779,5,0.01488476485495703,12.116984053593104,direct_hf,48,1
9779,6,0.020892446495257174,3.235481721557314,direct_hf,48,1
9779,7,0.009736412274867632,9.53973557022258,direct_hf,48,1
9779,8,0.01621224625709327,7.5360683377612805,direct_hf,48,1
9779,9,0.009575457370743794,13.758542549044765,direct_hf,48,1
9779,10,0.022639317086827544,1.014825241766312,direct_hf,48,1
422,1,0.0008418053742724376,1.348839767094703,cokriging,48,1
422,2,0.0014068635939441683,1.121641541124589,cokriging,48,1
422,3,0.0009889080928051905,1.1302000147900948,cokriging,48,1
422,4,0.0013416495255451405,1.2862380605651116,cokriging,48,1
422,5,0.02140014024221261,0.8508578779567783,cokriging,48,1
422,8,0.024595908495410185,0.6721347464790279,cokriging,48,1
422,9,0.02883400481603563,1.550551649425011,cokriging,48,1
422,10,0.016904849108944756,0.7431184450475686,cokriging,48,1
1190,1,0.0011943205849750688,0.6550401249525086,cokriging,48,1
1190,2,0.002654263337916978,0.953776858673482,cokriging,48,1
1190,3,0.00222799742727413,0.8343140261020554,cokriging,48,1
1190,4,0.002925372621753752,0.9768031639345257,cokriging,48,1
1190,5,0.012025258999815623,1.237365910780711,cokriging,48,1
1190,6,0.005205852763633406,2.858575568696058,cokriging,48,1
1190,7,0.003988732913216096,0.27786699701917233,cokriging,48,1
1190,8,0.006175167453610328,0.3880250313251506,cokriging,48,1
1190,9,0.008912114884935344,1.3450492133888685,cokriging,48,1
1190,10,0.006156899352926112,1.283934692464989,cokriging,48,1
1826,1,0.0009045762432026814,0.45353157776255915,cokriging,48,1
1826,2,0.0016399181225139627,0.617671881690276,cokriging,48,1
1826,3,0.0006723777723131216,0.22392723433062878,cokriging,48,1
1826,4,0.0016303006889959576,0.30937412704029116,cokriging,48,1
1826,5,0.014631404152680919,0.8321524730024389,cokriging,48,1
1826,6,0.012324302654029071,0.4099533154576556,cokriging,48,1
1826,7,0.002253586131952832,2.7490537524190013,cokriging,48,1
1826,8,0.0056748554289580465,2.377257115845538,cokriging,48,1
1826,9,0.004842966564240295,3.0412114744471563,cokriging,48,1
2209,1,0.001912225964125917,1.4325148539999715,cokriging,48,1
2209,2,0.0032456565176256667,1.0546981629115388,cokriging,48,1
2209,3,0.00235596531985461,2.3275055976605636,cokriging,48,1
2209,4,0.002633724100420904,1.6150995666992827,cokriging,48,1
2209,5,0.0398478272929808,1.4335699129179955,cokriging,48,1
2209,6,0.03271175948261266,3.514501504111291,cokriging,48,1
2209,7,0.1428752696961234,0.5819909105424427,cokriging,48,1
2209,8,0.010385781856807628,1.1202460241802812,cokriging,48,1
2209,10,0.0048762084330307535,1.8223331188350897,cokriging,48,1
2802,1,0.0034518610097237362,0.3289786957190309,cokriging,48,1
2802,2,0.0068105463708482885,2.9527296825133083,cokriging,48,1
2802,3,0.0036527528499156123,0.05308237764962798,cokriging,48,1
2802,4,0.007808823176396459,1.5092263524727212,cokriging,48,1
2802,5,0.007158768664887227,5.06017881771529,cokriging,48,1
2802,6,0.007115897958776131,0.2685307183979363,cokriging,48,1
2802,7,0.01522530638720374,4.928885455081468,cokriging,48,1
2802,8,0.020007451853283474,0.10034806719851926,cokriging,48,1
2802,9,0.010901202070050478,6.738439173344457,cokriging,48,1
3377,1,0.001278650870601919,0.19947137371550686,cokriging,48,1
3377,2,0.002060497703845415,0.3767394506797458,cokriging,48,1
3377,3,0.0013433114049258375,0.04753197872189204,cokriging,48,1
3377,4,0.0011647155518156808,0.3121330993196722,cokriging,48,1
3377,5,0.012936497117289803,0.7529271116916848,cokriging,48,1
3377,6,0.018910942284100212,0.0431800343632698,cokriging,48,1
3377,7,0.0019114269636668053,1.4863297731019394,cokriging,48,1
3377,8,0.01661657911623652,0.6079250717018034,cokriging,48,1
3377,9,0.014144433479709381,1.0567971286384357,cokriging,48,1
3377,10,0.027886488726396166,1.3803223172363723,cokriging,48,1
3408,1,0.0008259447366528527,3.423995011804574,cokriging,48,1
3408,2,0.0011097977669179936,3.4680725383988187,cokriging,48,1
3408,3,0.0015004440111327506,2.960114255873914,cokriging,48,1
3408,4,0.0016388215550831766,3.261465816229301,cokriging,48,1
3408,5,0.005308417368286675,3.4350316355188277,cokriging,48,1
3408,6,0.00804788722865946,3.38405895694752,cokriging,48,1
3408,7,0.0024327335826075775,1.0353418975198783,cokriging,48,1
3408,8,0.006898400847807296,0.6318754933676857,cokriging,48,1
3408,9,0.021095417652314718,0.2619746708340346,cokriging,48,1
3408,10,0.1294084635429019,0.5060304056873552,cokriging,48,1
4082,1,0.0005316757121779745,0.3732835161342119,cokriging,48,1
4082,2,0.0013827011621617416,1.2323274978779244,cokriging,48,1
4082,3,0.0010061195092715,0.07237362954243155,cokriging,48,1
4082,4,0.0015970443821463629,0.18489065346422387,cokriging,48,1
4082,5,0.0042644997161904105,1.1351076624772414,cokriging,48,1
4082,6,0.013416598418399877,0.8133214074228986,cokriging,48,1
4082,7,0.0035570181223295995,0.07946744877649202,cokriging,48,1
4082,8,0.01743798524583399,0.04398258939570013,cokriging,48,1
4082,9,0.03201684228305147,1.5850378502696487,cokriging,48,1
4082,10,0.008974695332576223,0.5593646187162337,cokriging,48,1
4352,1,0.004794831856622788,1.3213079593350194,cokriging,48,1
4352,2,0.009043796942906066,1.9062147374724947,cokriging,48,1
4352,3,0.011379046130235666,3.566619505940523,cokriging,48,1
4352,4,0.011834532474498062,3.6074525167726645,cokriging,48,1
4352,5,0.024636359914418385,3.8201099072250386,cokriging,48,1
4352,6,0.027414856871843245,5.280080593516597,cokriging,48,1
4352,7,0.014268960581916856,4.644704242639852,cokriging,48,1
4352,8,0.035296050933475744,7.873619529935275,cokriging,48,1
4352,9,0.03649459397775727,6.867508755457553,cokriging,48,1
4352,10,0.02040408804108332,5.205883332765883,cokriging,48,1
4470,1,0.000827769081733498,0.5495036323478395,cokriging,48,1
4470,2,0.003121120432405934,2.8682130606921197,cokriging,48,1
4470,3,0.003097147684612462,0.7770980564400849,cokriging,48,1
4470,4,0.008010064803935749,1.6119697590043878,cokriging,48,1
4470,5,0.025188428795839622,4.331061728727524,cokriging,48,1
4470,6,0.02599214708813364,1.4622786402631784,cokriging,48,1
4470,7,0.014057407781861526,8.532373697676807,cokriging,48,1
4470,8,0.008260050968720897,1.1878408719914435,cokriging,48,1
4470,9,0.015145101428103101,7.910670275499404,cokriging,48,1
4470,10,0.02779535536649921,3.9892347373495975,cokriging,48,1
5873,1,0.005400315449534955,1.2717015665588682,cokriging,48,1
5873,2,0.004057440669902769,2.2161079019684102,cokriging,48,1
5873,3,0.0030264743826444724,0.21399900825957774,cokriging,48,1
5873,4,0.003933779474346369,0.1077597119996822,cokriging,48,1
5873,5,0.013040678481926525,0.636858457506381,cokriging,48,1
5873,6,0.014223723645735422,0.2406777947359957,cokriging,48,1
5873,7,0.0072330458720830625,5.0078294930211324,cokriging,48,1
5873,8,0.152393243907334,0.8884922874236455,cokriging,48,1
5873,9,0.15118212628760438,0.35642650941851783,cokriging,48,1
5873,10,0.07429203669726453,0.6033230122268155,cokriging,48,1
6148,1,0.0004857205330607323,1.0679440245649456,cokriging,48,1
6148,2,0.0015527530413471694,1.0518504647041615,cokriging,48,1
6148,3,0.0011300965899865023,2.71373953196754,cokriging,48,1
6148,4,0.0010185770799307596,1.1354468161067883,cokriging,48,1
6148,5,0.0482335493700609,0.20274828771169015,cokriging,48,1
6148,6,0.033939187988210835,3.942295126006653,cokriging,48,1
6148,7,0.0030850656250655984,0.8332015881171565,cokriging,48,1
6148,8,0.0037110520230833523,3.1404397752969775,cokriging,48,1
6148,10,0.0028960318915551312,1.1531635825952868,cokriging,48,1
7862,1,0.01368082678641354,0.6242488349548475,cokriging,48,1
7862,2,0.01641854032349255,5.172024953483992,cokriging,48,1
7862,3,0.012799081197423129,0.3678339281142546,cokriging,48,1
7862,4,0.015211143766284928,1.7560191544421855,cokriging,48,1
7862,5,0.03366934385997793,10.389393971692101,cokriging,48,1
7862,6,0.012918078818139668,0.9072645183227901,cokriging,48,1
7862,7,0.02074975511361253,1.3675165179043187,cokriging,48,1
7862,8,0.03499069134871892,1.092679423753143,cokriging,48,1
7862,9,0.04388585976643849,14.35450283643415,cokriging,48,1
7862,10,0.05835467504595873,3.1481936459737834,cokriging,48,1
8539,1,0.0014568520556455901,2.002620451866389,cokriging,48,1
8539,2,0.002624567105915504,3.2070579733749143,cokriging,48,1
8539,3,0.0024335255340959152,1.5866232027793687,cokriging,48,1
8539,4,0.0027401262511698955,2.35650696591384,cokriging,48,1
8539,5,0.012080803243400875,3.4903104146844486,cokriging,48,1
8539,8,0.02316059280711029,0.430642879832135,cokriging,48,1
8539,9,0.02308053381174609,2.5593541673097597,cokriging,48,1
8539,10,0.0139631919402319,1.4604075286006089,cokriging,48,1
9311,1,0.00358685170114858,2.0707786209660166,cokriging,48,1
9311,2,0.001978094788619934,2.7407908318807297,cokriging,48,1
9311,3,0.0017857752784797586,2.214870092565988,cokriging,48,1
9311,6,0.015593943057279227,1.8435944129742894,cokriging,48,1
9311,7,0.00623593423227072,1.5520574193956411,cokriging,48,1
9311,8,0.018643571430753774,0.6615152006818068,cokriging,48,1
9311,9,0.021739285574072897,1.7533054976947595,cokriging,48,1
9311,10,0.05096194977004271,3.5812943751087127,cokriging,48,1
9779,1,0.001087783429431676,3.2816914513393782,cokriging,48,1
9779,2,0.00129508843409832,3.583787856347704,cokriging,48,1
9779,3,0.0008720654044110165,3.398949800121479,cokriging,48,1
9779,4,0.002164808328015331,3.5201189794392915,cokriging,48,1
9779,5,0.006963942570785909,3.1912973026044074,cokriging,48,1
9779,6,0.007228641275479646,4.304575470119205,cokriging,48,1
9779,7,0.004700536683435005,2.256952108111547,cokriging,48,1
9779,8,0.008851666822423143,4.3712065851684265,cokriging,48,1
9779,9,0.0057001990593512665,3.690204636672161,cokriging,48,1
9779,10,0.011393875853381448,4.377135407445036,cokriging,48,1
422,1,0.006696400440625867,2.432894381474464,neural_inr,48,1
422,2,0.007223002698564626,0.7490869409285755,neural_inr,48,1
422,3,0.0052579238726509344,2.7381254380655546,neural_inr,48,1
422,4,0.006353342071284044,1.5519659481585997,neural_inr,48,1
422,5,0.017436347305646433,1.3884595411920895,neural_inr,48,1
422,8,0.03334814834267173,2.257489119477381,neural_inr,48,1
422,9,0.030908109543488986,3.5019946816925387,neural_inr,48,1
422,10,0.008894255946221449,0.8173861389469466,neural_inr,48,1
1190,1,0.005992225871238282,0.8641863257990482,neural_inr,48,1
1190,2,0.007160918449413061,1.574675344682949,neural_inr,48,1
1190,3,0.006382374135102069,1.5236686131538408,neural_inr,48,1
1190,4,0.007553465243522046,0.5184688985005623,neural_inr,48,1
1190,5,0.016645441076380278,2.9362191145505308,neural_inr,48,1
1190,6,0.01192692076210439,1.0774559194457665,neural_inr,48,1
1190,7,0.008593722988802161,1.1445557114157323,neural_inr,48,1
1190,8,0.008923139160119931,0.7536741414599003,neural_inr,48,1
1190,9,0.011226173184193106,5.5633531215777445,neural_inr,48,1
1190,10,0.011337547494357262,0.23723234518297573,neural_inr,48,1
1826,1,0.007026145893112311,3.788466421859992,neural_inr,48,1
1826,2,0.010603169002197708,5.418456299161991,neural_inr,48,1
1826,3,0.006766445963942368,2.733596170909608,neural_inr,48,1
1826,4,0.01157377039702541,4.190511407321519,neural_inr,48,1
1826,5,0.017436727093900487,6.335192864626181,neural_inr,48,1
1826,6,0.012981661244247284,2.95758454112637,neural_inr,48,1
1826,7,0.019839400878261703,5.587360269541736,neural_inr,48,1
1826,8,0.016549495802930032,2.939727655361186,neural_inr,48,1
1826,9,0.026385400664767508,6.255386707379452,neural_inr,48,1
2209,1,0.005546654328209125,0.19917416258465692,neural_inr,48,1
2209,2,0.006832820155955428,0.18966993459590373,neural_inr,48,1
2209,3,0.005652037573447929,0.8039937757583815,neural_inr,48,1
2209,4,0.007429053372431979,1.5668360371099141,neural_inr,48,1
2209,5,0.014313876429306826,0.8381673093740477,neural_inr,48,1
2209,6,0.011106510790462671,2.1052850696413663,neural_inr,48,1
2209,7,0.1367302005552789,1.3493299100868337,neural_inr,48,1
2209,8,0.008900517883895787,1.881281629282087,neural_inr,48,1
2209,10,0.011266886163907662,2.3738651874152965,neural_inr,48,1
2802,1,0.004773789200368332,1.2983432724832984,neural_inr,48,1
2802,2,0.013823433736501954,1.3249977050941333,neural_inr,48,1
2802,3,0.00856749462818886,1.2711683108452811,neural_inr,48,1
2802,4,0.017674111588082332,0.2740315655205586,neural_inr,48,1
2802,5,0.02470717442053974,4.137759915310822,neural_inr,48,1
2802,6,0.016515322939071736,1.8409432809290547,neural_inr,48,1
2802,7,0.029956904921362205,2.9207132411588645,neural_inr,48,1
2802,8,0.03123520178373893,0.1539069993545674,neural_inr,48,1
2802,9,0.04436267803581347,7.767302268290042,neural_inr,48,1
3377,1,0.006954038474640721,3.475639225844461,neural_inr,48,1
3377,2,0.02284010083709816,5.598649310343996,neural_inr,48,1
3377,3,0.018782535741069077,2.2025292975075996,neural_inr,48,1
3377,4,0.029505061170487294,3.7070446629681317,neural_inr,48,1
3377,5,0.03283330777822034,8.544615286730249,neural_inr,48,1
3377,6,0.027463772571071157,2.3927551838876786,neural_inr,48,1
3377,7,0.04300762797495866,6.51338480815357,neural_inr,48,1
3377,8,0.03824124093450889,2.0661727511419827,neural_inr,48,1
3377,9,0.056178152765889874,11.561636774675671,neural_inr,48,1
3377,10,0.0481179366302548,4.0840067975383825,neural_inr,48,1
3408,1,0.003515794091730232,1.5464953822024896,neural_inr,48,1
3408,2,0.005127269226593947,3.538066464922506,neural_inr,48,1
3408,3,0.0028264245487510655,2.222530965864154,neural_inr,48,1
3408,4,0.005019309229982269,2.126909267590364,neural_inr,48,1
3408,5,0.012022181847269215,7.588516334302031,neural_inr,48,1
3408,6,0.004920146563395828,2.982957627908262,neural_inr,48,1
3408,7,0.006987927645462692,4.659227547569345,neural_inr,48,1
3408,8,0.005550549756463415,1.6122754726638704,neural_inr,48,1
3408,9,0.009428168198316458,12.79810001612754,neural_inr,48,1
3408,10,0.13495877900547912,2.927689007002399,neural_inr,48,1
4082,1,0.004076388491983713,0.20886792107488894,neural_inr,48,1
4082,2,0.005697551036674298,0.5544302739024574,neural_inr,48,1
4082,3,0.003722883104522053,0.1345575771163223,neural_inr,48,1
4082,4,0.00529755563223765,0.06257076585010146,neural_inr,48,1
4082,5,0.012962567446632297,1.8010252495784929,neural_inr,48,1
4082,6,0.005656542549758196,0.3472943449645821,neural_inr,48,1
4082,7,0.007053705973679286,0.6050971847016245,neural_inr,48,1
4082,8,0.0335752801968791,0.3569392316888529,neural_inr,48,1
4082,9,0.03456588610147132,2.8221206794017863,neural_inr,48,1
4082,10,0.008261754120865775,0.1408870455684271,neural_inr,48,1
4352,1,0.010621233125757105,1.4539222651276893,neural_inr,48,1
4352,2,0.026821155316077695,4.865457731894542,neural_inr,48,1
4352,3,0.027320624422230943,4.559983960685397,neural_inr,48,1
4352,4,0.0413634558008677,5.704648064682535,neural_inr,48,1
4352,5,0.03476123824864874,8.794092504578616,neural_inr,48,1
4352,6,0.03827339465780183,7.735525260731724,neural_inr,48,1
4352,7,0.05864308055246688,8.78522677759815,neural_inr,48,1
4352,8,0.055160069835175844,8.839625401866469,neural_inr,48,1
4352,9,0.07283559051395602,13.891376313064953,neural_inr,48,1
4352,10,0.06816794322100535,10.723422379569127,neural_inr,48,1
4470,1,0.005566084297514635,2.585959404166354,neural_inr,48,1
4470,2,0.005314603406375764,0.9428141026388613,neural_inr,48,1
4470,3,0.005016250488851516,2.7638561236831967,neural_inr,48,1
4470,4,0.007267371306250174,1.755505425357709,neural_inr,48,1
4470,5,0.028576844600366854,1.3803202873868765,neural_inr,48,1
4470,6,0.029013450437063607,3.356054073799417,neural_inr,48,1
4470,7,0.012100744764673713,0.17717882002684437,neural_inr,48,1
4470,8,0.009045144044716092,2.127565761893321,neural_inr,48,1
4470,9,0.015352979252000153,4.936630357627584,neural_inr,48,1
4470,10,0.014955109118057974,0.6603665238745545,neural_inr,48,1
5873,1,0.008685324607911797,1.0694277624672488,neural_inr,48,1
5873,2,0.02221393553680286,2.9548259514097284,neural_inr,48,1
5873,3,0.015634689440685474,1.4325891708709406,neural_inr,48,1
5873,4,0.030643596114845267,1.6225152785682613,neural_inr,48,1
5873,5,0.039599348460157564,7.459113504087517,neural_inr,48,1
5873,6,0.026397112575091395,2.1511396446171083,neural_inr,48,1
5873,7,0.04902674315342795,5.970845995728428,neural_inr,48,1
5873,8,0.1589091601761438,0.8811021163437118,neural_inr,48,1
5873,9,0.166329571411268,12.812689546818644,neural_inr,48,1
5873,10,0.05537345449704776,4.604770250874231,neural_inr,48,1
6148,1,0.005730088114247906,2.937808857078828,neural_inr,48,1
6148,2,0.007455312474578975,2.0927264040352225,neural_inr,48,1
6148,3,0.006118692487382813,4.367296070585107,neural_inr,48,1
6148,4,0.007283217703537348,2.0903030323975047,neural_inr,48,1
6148,5,0.015077299857285412,2.6748160663950626,neural_inr,48,1
6148,6,0.009981544422301628,4.205717974487998,neural_inr,48,1
6148,7,0.008216321897010017,1.6288209992723064,neural_inr,48,1
6148,8,0.008495255933889095,3.0459980669527056,neural_inr,48,1
6148,10,0.009508570271641915,1.5701925853756153,neural_inr,48,1
7862,1,0.03055759313408916,1.0943837720486165,neural_inr,48,1
7862,2,0.06139021508752829,6.7303710072411365,neural_inr,48,1
7862,3,0.04087931402835883,1.6069325855999976,neural_inr,48,1
7862,4,0.062484702013490066,2.6846299723438967,neural_inr,48,1
7862,5,0.08262322601842317,10.050494770940501,neural_inr,48,1
7862,6,0.02726810733194707,2.8602018027452716,neural_inr,48,1
7862,7,0.08710839751485552,6.416814399829094,neural_inr,48,1
7862,8,0.05240200435411217,0.8366559767458088,neural_inr,48,1
7862,9,0.11059880409117966,12.72874371027993,neural_inr,48,1
7862,10,0.08388197408332444,4.129362642051798,neural_inr,48,1
8539,1,0.005905014152197739,0.5272062850135363,neural_inr,48,1
8539,2,0.006425840691264072,2.3096209883497103,neural_inr,48,1
8539,3,0.004734398071803898,0.17823326268509077,neural_inr,48,1
8539,4,0.005817601592415079,1.4070465511689496,neural_inr,48,1
8539,5,0.015060412943322898,4.561916178539751,neural_inr,48,1
8539,8,0.027110010455601137,0.7161295679382467,neural_inr,48,1
8539,9,0.026055837706170513,6.647180353433091,neural_inr,48,1
8539,10,0.008675449515888002,2.1616157214483156,neural_inr,48,1
9311,1,0.014116879587363684,2.396027548610145,neural_inr,48,1
9311,2,0.033379747422414306,5.19790968714733,neural_inr,48,1
9311,3,0.022970987623263057,0.4711484042783076,neural_inr,48,1
9311,6,0.02967174114652844,0.9449932309237915,neural_inr,48,1
9311,7,0.05350448030098745,4.383808432813876,neural_inr,48,1
9311,8,0.034193188188693005,1.9537625518638473,neural_inr,48,1
9311,9,0.06590923537658581,4.2590073114740115,neural_inr,48,1
9311,10,0.06425441742628475,3.3732778755561292,neural_inr,48,1
9779,1,0.003855533996692579,3.5097849563382737,neural_inr,48,1
9779,2,0.008528678382086943,3.848597370645491,neural_inr,48,1
9779,3,0.004928063055711367,3.331148212678775,neural_inr,48,1
9779,4,0.010463825493179214,3.676264483218429,neural_inr,48,1
9779,5,0.021160839184115866,5.543429048273361,neural_inr,48,1
9779,6,0.011420278873558138,3.6867939069609585,neural_inr,48,1
9779,7,0.0184109937041594,4.478308098109439,neural_inr,48,1
9779,8,0.012023078247868808,3.569653129138186,neural_inr,48,1
9779,9,0.02441112442067251,7.594892794337006,neural_inr,48,1
9779,10,0.019282576267955858,4.102810826218398,neural_inr,48,1
422,1,0.0005185784730512732,1.4101812413803543,original_fixed_rbf,48,1
422,2,0.0017233281183284893,1.4959916863283185,original_fixed_rbf,48,1
422,3,0.001129644104504617,1.3758664114917138,original_fixed_rbf,48,1
422,4,0.0016736568415143215,1.390770112838559,original_fixed_rbf,48,1
422,5,0.011593320442920895,1.3851543998295222,original_fixed_rbf,48,1
422,8,0.02525311017047697,0.08661607570907065,original_fixed_rbf,48,1
422,9,0.027520216831138245,1.6070785961904097,original_fixed_rbf,48,1
422,10,0.011478166449796615,0.8003045900836361,original_fixed_rbf,48,1
1190,1,0.0016732066980135857,0.42840983595992604,original_fixed_rbf,48,1
1190,2,0.001967238116309872,0.8123868987278665,original_fixed_rbf,48,1
1190,3,0.00166508043194659,0.06247349875044941,original_fixed_rbf,48,1
1190,4,0.0017293398403117714,0.47044409687111227,original_fixed_rbf,48,1
1190,5,0.0037026423322130257,0.007380402891212782,original_fixed_rbf,48,1
1190,6,0.017884400076447215,0.35822776380797583,original_fixed_rbf,48,1
1190,7,0.0034968795654469953,0.9064831007731505,original_fixed_rbf,48,1
1190,8,0.006813348742171529,0.6728947872298677,original_fixed_rbf,48,1
1190,9,0.010309225363792491,1.2507744366610674,original_fixed_rbf,48,1
1190,10,0.011844625532143403,1.6470586902014912,original_fixed_rbf,48,1
1826,1,0.0016971258437088145,0.3687529157421359,original_fixed_rbf,48,1
1826,2,0.003996944417582509,0.13361847435948696,original_fixed_rbf,48,1
1826,3,0.0036441451717813852,1.8251132718403964,original_fixed_rbf,48,1
1826,4,0.0033410662936078366,0.17581774254150198,original_fixed_rbf,48,1
1826,5,0.00877506462243812,0.2937149383019435,original_fixed_rbf,48,1
1826,6,0.014715624906030221,2.872940295606696,original_fixed_rbf,48,1
1826,7,0.007197212341577259,3.269181070088272,original_fixed_rbf,48,1
1826,8,0.006081225737552189,2.4580722236091064,original_fixed_rbf,48,1
1826,9,0.00433071036290978,2.9842539498748524,original_fixed_rbf,48,1
2209,1,0.0012642744935726785,1.5346028564815333,original_fixed_rbf,48,1
2209,2,0.003027373379871675,0.7521987237920255,original_fixed_rbf,48,1
2209,3,0.0024906100872853173,0.6105278523195955,original_fixed_rbf,48,1
2209,4,0.0032789941013959445,1.7208303017141067,original_fixed_rbf,48,1
2209,5,0.039203851378232006,0.4705671166586393,original_fixed_rbf,48,1
2209,6,0.05000433063943915,2.917852369854844,original_fixed_rbf,48,1
2209,7,0.13795232344159042,0.09577622623432641,original_fixed_rbf,48,1
2209,8,0.010084177005177913,1.727641579718078,original_fixed_rbf,48,1
2209,10,0.01218024097753031,1.795465484286913,original_fixed_rbf,48,1
2802,1,0.002162251844624794,0.2946261197718505,original_fixed_rbf,48,1
2802,2,0.003001883681669643,3.8072094437726745,original_fixed_rbf,48,1
2802,3,0.001468112545907128,0.6587670475894044,original_fixed_rbf,48,1
2802,4,0.008211863709312314,1.3447443754745085,original_fixed_rbf,48,1
2802,5,0.0059804682174227205,6.912617979043647,original_fixed_rbf,48,1
2802,6,0.009806053566951816,0.6280197139389054,original_fixed_rbf,48,1
2802,7,0.004131113210031689,6.122193399210177,original_fixed_rbf,48,1
2802,8,0.017440768971698287,0.032696475749555476,original_fixed_rbf,48,1
2802,9,0.01156350150994363,6.762180646945647,original_fixed_rbf,48,1
3377,1,0.0022895020848552237,0.06334841991553651,original_fixed_rbf,48,1
3377,2,0.0054999059546872635,0.2688337922276201,original_fixed_rbf,48,1
3377,3,0.0029905940895074003,0.2995641777552589,original_fixed_rbf,48,1
3377,4,0.0015075747821140378,0.2851373418884197,original_fixed_rbf,48,1
3377,5,0.007951698537204774,0.12788725234991716,original_fixed_rbf,48,1
3377,6,0.01943110091431212,1.0037657716639448,original_fixed_rbf,48,1
3377,7,0.019135798461423385,1.2167738539041557,original_fixed_rbf,48,1
3377,8,0.015312786924545147,1.0725045503781405,original_fixed_rbf,48,1
3377,9,0.013981621571224375,0.9830857725889081,original_fixed_rbf,48,1
3377,10,0.02317023896066816,1.2257725764933782,original_fixed_rbf,48,1
3408,1,0.0005918627715349765,3.5239715618035303,original_fixed_rbf,48,1
3408,2,0.0011662539580304806,1.171951042580269,original_fixed_rbf,48,1
3408,3,0.0015449253608278775,0.903595371415853,original_fixed_rbf,48,1
3408,4,0.002100069871518264,2.9206146038409595,original_fixed_rbf,48,1
3408,5,0.006822454298010712,0.7549127708173807,original_fixed_rbf,48,1
3408,6,0.008590934151087675,1.5526180184496585,original_fixed_rbf,48,1
3408,7,0.007120060182294531,1.7892731996598814,original_fixed_rbf,48,1
3408,8,0.011261075173611244,0.6377768114378926,original_fixed_rbf,48,1
3408,9,0.023017620965588025,0.33675028966534065,original_fixed_rbf,48,1
3408,10,0.1322267460927643,1.1826861383587204,original_fixed_rbf,48,1
4082,1,0.0010369597276517774,0.6344707748977911,original_fixed_rbf,48,1
4082,2,0.0024873182276668876,0.7182065273282537,original_fixed_rbf,48,1
4082,3,0.0014291146182420422,0.06177887542132843,original_fixed_rbf,48,1
4082,4,0.0026396035480104633,0.7207056705818395,original_fixed_rbf,48,1
4082,5,0.005418646245914535,0.18167663937471118,original_fixed_rbf,48,1
4082,6,0.02018186361741869,1.542765828918395,original_fixed_rbf,48,1
4082,7,0.006138264126167558,0.46422139293365483,original_fixed_rbf,48,1
4082,8,0.014353206784463682,0.600285185095661,original_fixed_rbf,48,1
4082,9,0.030888376981069984,1.5913784647207485,original_fixed_rbf,48,1
4082,10,0.007341069600362823,0.6413642274406147,original_fixed_rbf,48,1
4352,1,0.005497511695965102,0.9874214424153627,original_fixed_rbf,48,1
4352,2,0.013048948039820278,0.7329557637665873,original_fixed_rbf,48,1
4352,3,0.014919136258174618,3.21125839319161,original_fixed_rbf,48,1
4352,4,0.014139076820759508,3.190753654981642,original_fixed_rbf,48,1
4352,5,0.022297753503366387,2.524441984433455,original_fixed_rbf,48,1
4352,6,0.026262176800261407,5.7260898471172705,original_fixed_rbf,48,1
4352,7,0.02337203492336589,3.875570508470999,original_fixed_rbf,48,1
4352,8,0.035072135851760965,8.38233039342531,original_fixed_rbf,48,1
4352,9,0.0371959930597842,6.49448429432693,original_fixed_rbf,48,1
4352,10,0.03444117305115206,4.760832423606678,original_fixed_rbf,48,1
4470,1,0.0014419947678785193,0.51090510930702,original_fixed_rbf,48,1
4470,2,0.0043619577758301775,6.514036564097657,original_fixed_rbf,48,1
4470,3,0.005182200852483835,1.239804921766923,original_fixed_rbf,48,1
4470,4,0.01051099177283349,1.7755730951155422,original_fixed_rbf,48,1
4470,5,0.01801454493518083,13.91598068944981,original_fixed_rbf,48,1
4470,6,0.024188006526110042,1.8423592505151651,original_fixed_rbf,48,1
4470,7,0.013829384038915383,11.980438589384805,original_fixed_rbf,48,1
4470,8,0.00770481092584537,0.6797098659800919,original_fixed_rbf,48,1
4470,9,0.014904558435817597,5.741702972654245,original_fixed_rbf,48,1
4470,10,0.0170233247687426,4.516284096134492,original_fixed_rbf,48,1
5873,1,0.007522517814299294,1.5012558874380975,original_fixed_rbf,48,1
5873,2,0.0033363168402458687,5.436776429212706,original_fixed_rbf,48,1
5873,3,0.004766701618075109,0.7186836386770107,original_fixed_rbf,48,1
5873,4,0.0055965006611856764,0.938113106041365,original_fixed_rbf,48,1
5873,5,0.006349532596996624,6.992999684227797,original_fixed_rbf,48,1
5873,6,0.014453808117662973,0.9981752054052185,original_fixed_rbf,48,1
5873,7,0.011274904777363197,3.120695987064297,original_fixed_rbf,48,1
5873,8,0.15450870681605505,0.8270267233668318,original_fixed_rbf,48,1
5873,9,0.15434326756651018,1.9392917839104244,original_fixed_rbf,48,1
5873,10,0.03492612775640237,0.7035923176257363,original_fixed_rbf,48,1
6148,1,0.0006805575976546076,1.210331171442948,original_fixed_rbf,48,1
6148,2,0.0011511560902123514,1.3933233313425477,original_fixed_rbf,48,1
6148,3,0.0013784047849868,1.4336944742356683,original_fixed_rbf,48,1
6148,4,0.001402248787223953,1.2754248009177567,original_fixed_rbf,48,1
6148,5,0.0482757447896894,0.46383903403697013,original_fixed_rbf,48,1
6148,6,0.04450712598585915,2.6904659914865205,original_fixed_rbf,48,1
6148,7,0.002935356691639913,0.016641290802792367,original_fixed_rbf,48,1
6148,8,0.004492942888301248,2.394824735247598,original_fixed_rbf,48,1
6148,10,0.003498353632646716,1.1860729856221783,original_fixed_rbf,48,1
7862,1,0.012926658440586653,0.8032758135495652,original_fixed_rbf,48,1
7862,2,0.022264502726426987,4.009972247303494,original_fixed_rbf,48,1
7862,3,0.018800741618812986,0.032151560967740606,original_fixed_rbf,48,1
7862,4,0.025989679266581495,1.2608861643411493,original_fixed_rbf,48,1
7862,5,0.03655386323413826,7.236858482331432,original_fixed_rbf,48,1
7862,6,0.012315710082575742,0.20825790210487494,original_fixed_rbf,48,1
7862,7,0.035433483449323976,3.391032549699931,original_fixed_rbf,48,1
7862,8,0.03651366589973739,1.1228443774685632,original_fixed_rbf,48,1
7862,9,0.04841326225451792,15.17004701943165,original_fixed_rbf,48,1
7862,10,0.05448183133000788,3.922482871314906,original_fixed_rbf,48,1
8539,1,0.002005540193523175,1.8016778002804017,original_fixed_rbf,48,1
8539,2,0.0048543101768310885,1.4028524499785926,original_fixed_rbf,48,1
8539,3,0.004127601755459864,0.8141454033367392,original_fixed_rbf,48,1
8539,4,0.005027240868575301,1.709445530456707,original_fixed_rbf,48,1
8539,5,0.010912330493198926,0.304686282262023,original_fixed_rbf,48,1
8539,8,0.023583905911182503,0.9721869110497688,original_fixed_rbf,48,1
8539,9,0.02185085208989895,2.4870682599118137,original_fixed_rbf,48,1
8539,10,0.01661255277616962,1.6730804150665342,original_fixed_rbf,48,1
9311,1,0.004926840127275312,1.6874136237963553,original_fixed_rbf,48,1
9311,2,0.004436105451946476,2.3647672247187597,original_fixed_rbf,48,1
9311,3,0.0035179013319168342,0.7244924381140888,original_fixed_rbf,48,1
9311,6,0.016374199318742535,0.5423163125533689,original_fixed_rbf,48,1
9311,7,0.008349366046943928,0.37479110260682963,original_fixed_rbf,48,1
9311,8,0.017999387531852137,0.8066659837240605,original_fixed_rbf,48,1
9311,9,0.022089501970584787,1.0835709361811459,original_fixed_rbf,48,1
9311,10,0.0358802047890292,2.863803026062379,original_fixed_rbf,48,1
9779,1,0.002571286661244282,2.733416368342288,original_fixed_rbf,48,1
9779,2,0.002031377382290145,1.9465578817381581,original_fixed_rbf,48,1
9779,3,0.0016187475917130306,4.325652498028065,original_fixed_rbf,48,1
9779,4,0.003021589325134666,2.9993210211964665,original_fixed_rbf,48,1
9779,5,0.005533080044531768,0.05014979026986957,original_fixed_rbf,48,1
9779,6,0.010230585597754827,4.798616197467883,original_fixed_rbf,48,1
9779,7,0.004827912771443967,0.2529380986967088,original_fixed_rbf,48,1
9779,8,0.010435872024510339,4.369241969291018,original_fixed_rbf,48,1
9779,9,0.006470849378022509,3.3568205579019437,original_fixed_rbf,48,1
9779,10,0.0078696711079489,4.767460154093174,original_fixed_rbf,48,1
422,1,0.0009465040666855147,1.9508207672186544,boundary_kernel_pca,8,2
422,2,0.004011715294982022,0.689656166808611,boundary_kernel_pca,8,2
422,3,0.001206558182974751,1.990582384215563,boundary_kernel_pca,8,2
422,4,0.003911306013386703,1.744219846347156,boundary_kernel_pca,8,2
422,5,0.02934177504269947,7.416984926192019,boundary_kernel_pca,8,2
422,8,0.03404001773664331,1.9866656618507832,boundary_kernel_pca,8,2
422,9,0.03837468872771307,10.8450794669901,boundary_kernel_pca,8,2
422,10,0.02219188172341133,0.1255440829120021,boundary_kernel_pca,8,2
1190,1,0.0004632462388641467,3.1550815165330457,boundary_kernel_pca,8,2
1190,2,0.013150817686892621,2.2542838855537415,boundary_kernel_pca,8,2
1190,3,0.005540295630304335,1.3843569627749825,boundary_kernel_pca,8,2
1190,4,0.011013831587851384,1.9381440709285662,boundary_kernel_pca,8,2
1190,5,0.026906432799832177,3.3357976444038617,boundary_kernel_pca,8,2
1190,6,0.05933056818259004,1.7391990666726067,boundary_kernel_pca,8,2
1190,7,0.03056527343417421,1.013767346178053,boundary_kernel_pca,8,2
1190,8,0.02180065138159755,1.082248349963997,boundary_kernel_pca,8,2
1190,9,0.03464628214158043,5.949458895841448,boundary_kernel_pca,8,2
1190,10,0.025750303031333764,0.41090009672281264,boundary_kernel_pca,8,2
1826,1,0.0038357899498415665,8.65172172035274,boundary_kernel_pca,8,2
1826,2,0.006525115331138296,8.563705075819723,boundary_kernel_pca,8,2
1826,3,0.004951167451384344,6.1008732382569155,boundary_kernel_pca,8,2
1826,4,0.008137429205463965,7.385909162318397,boundary_kernel_pca,8,2
1826,5,0.05257778165790979,6.833779283740468,boundary_kernel_pca,8,2
1826,6,0.008937478543518097,4.1343072413186635,boundary_kernel_pca,8,2
1826,7,0.011587049677853737,7.037872771075312,boundary_kernel_pca,8,2
1826,8,0.006434290987445685,6.794097433906507,boundary_kernel_pca,8,2
1826,9,0.010970598504292677,4.089483142155567,boundary_kernel_pca,8,2
2209,1,0.002759954875655878,2.524303591761667,boundary_kernel_pca,8,2
2209,2,0.01717625358038357,2.227033042065082,boundary_kernel_pca,8,2
2209,3,0.010176066902892255,0.44558956173159947,boundary_kernel_pca,8,2
2209,4,0.013454799107329414,1.080236746602587,boundary_kernel_pca,8,2
2209,5,0.04097639182070171,3.2224176668394238,boundary_kernel_pca,8,2
2209,6,0.05472512216852098,4.848995959088868,boundary_kernel_pca,8,2
2209,7,0.13770312748350794,0.5376430830929523,boundary_kernel_pca,8,2
2209,8,0.01947555843655779,0.6154253082705522,boundary_kernel_pca,8,2
2209,10,0.024075023643791785,0.7307155876366381,boundary_kernel_pca,8,2
2802,1,0.010452302670884426,2.1222047698759767,boundary_kernel_pca,8,2
2802,2,0.00887132726955437,2.2292155093422403,boundary_kernel_pca,8,2
2802,3,0.0063893251574881505,0.7494081305721162,boundary_kernel_pca,8,2
2802,4,0.006824453994552486,1.3980895934419337,boundary_kernel_pca,8,2
2802,5,0.017736008184551028,13.051561563976545,boundary_kernel_pca,8,2
2802,6,0.020412779257949123,2.0819491184180974,boundary_kernel_pca,8,2
2802,7,0.009932960888429878,4.134708068223361,boundary_kernel_pca,8,2
2802,8,0.025509670608444526,1.17475812206333,boundary_kernel_pca,8,2
2802,9,0.02771470162298311,18.638961719695555,boundary_kernel_pca,8,2
3377,1,0.007158194114177888,7.173357584427959,boundary_kernel_pca,8,2
3377,2,0.012562261464097535,7.634742941318215,boundary_kernel_pca,8,2
3377,3,0.01178626329481846,4.525384010361998,boundary_kernel_pca,8,2
3377,4,0.018574182975793264,4.673058263542424,boundary_kernel_pca,8,2
3377,5,0.02460835069389971,4.5955219253467146,boundary_kernel_pca,8,2
3377,6,0.0248077931377796,3.2648121738911766,boundary_kernel_pca,8,2
3377,7,0.022069552957429583,5.822076238819267,boundary_kernel_pca,8,2
3377,8,0.024943166530153545,3.8376349120967026,boundary_kernel_pca,8,2
3377,9,0.027340819974462204,2.279447699789094,boundary_kernel_pca,8,2
3377,10,0.03241373766919692,2.0081341097711958,boundary_kernel_pca,8,2
3408,1,0.004201176739969349,2.1893009152633085,boundary_kernel_pca,8,2
3408,2,0.0134392934159874,3.7962794183226083,boundary_kernel_pca,8,2
3408,3,0.007571419935924064,0.032023032297530084,boundary_kernel_pca,8,2
3408,4,0.011936323042582343,1.7831462684021624,boundary_kernel_pca,8,2
3408,5,0.025792345132125735,5.017228142599316,boundary_kernel_pca,8,2
3408,6,0.018021811000323348,0.3463761330247723,boundary_kernel_pca,8,2
3408,7,0.02355497376940097,2.8604181866639005,boundary_kernel_pca,8,2
3408,8,0.016630321347977484,0.9924428843881431,boundary_kernel_pca,8,2
3408,9,0.018043676779244604,5.471058948061111,boundary_kernel_pca,8,2
3408,10,0.1365047326239253,1.8348232849501223,boundary_kernel_pca,8,2
4082,1,0.0028163988229014986,1.858628008583743,boundary_kernel_pca,8,2
4082,2,0.012833367749439455,0.19290952818209786,boundary_kernel_pca,8,2
4082,3,0.005254898332750866,0.12869219257353248,boundary_kernel_pca,8,2
4082,4,0.009576750809844797,1.1116392569136222,boundary_kernel_pca,8,2
4082,5,0.029608241770535056,21.586486924613418,boundary_kernel_pca,8,2
4082,6,0.016505098712564215,0.05872698969905061,boundary_kernel_pca,8,2
4082,7,0.02649137464658265,0.3424147319930537,boundary_kernel_pca,8,2
4082,8,0.03631038409545635,0.784111043937501,boundary_kernel_pca,8,2
4082,9,0.03956044751800141,35.71892742428217,boundary_kernel_pca,8,2
4082,10,0.02249174734162792,0.03128987456215885,boundary_kernel_pca,8,2
4352,1,0.012250611434504993,4.942903907158732,boundary_kernel_pca,8,2
4352,2,0.025114847389109893,15.155938649150592,boundary_kernel_pca,8,2
4352,3,0.024091429405920493,2.441366814205372,boundary_kernel_pca,8,2
4352,4,0.033712369450027736,0.5003765768075207,boundary_kernel_pca,8,2
4352,5,0.03578872931356022,7.409302028978915,boundary_kernel_pca,8,2
4352,6,0.03519859386675776,6.8874199095734205,boundary_kernel_pca,8,2
4352,7,0.04128695518274555,10.013279414552793,boundary_kernel_pca,8,2
4352,8,0.04305710729662652,5.044643293227423,boundary_kernel_pca,8,2
4352,9,0.03580633351716954,11.996753947368216,boundary_kernel_pca,8,2
4352,10,0.05509734553774859,0.3327075167298581,boundary_kernel_pca,8,2
4470,1,0.013641741139478776,7.828272803098813,boundary_kernel_pca,8,2
4470,2,0.01763162358246618,6.45188388974733,boundary_kernel_pca,8,2
4470,3,0.01188196427268495,6.2126100126902335,boundary_kernel_pca,8,2
4470,4,0.01056491620585939,6.986814115193525,boundary_kernel_pca,8,2
4470,5,0.03491656509959644,28.962231499358264,boundary_kernel_pca,8,2
4470,6,0.03705135672655737,4.946448519419922,boundary_kernel_pca,8,2
4470,7,0.0160113351729076,5.205766209691432,boundary_kernel_pca,8,2
4470,8,0.013944031491383032,7.906412097399823,boundary_kernel_pca,8,2
4470,9,0.015420655988698762,39.0541973430467,boundary_kernel_pca,8,2
4470,10,0.013616047731248991,5.694546161554771,boundary_kernel_pca,8,2
5873,1,0.006210321703871957,6.745912446819916,boundary_kernel_pca,8,2
5873,2,0.005272704640324704,2.576857563047885,boundary_kernel_pca,8,2
5873,3,0.006373315529437157,5.293180618928946,boundary_kernel_pca,8,2
5873,4,0.019564399820543962,3.348527183545307,boundary_kernel_pca,8,2
5873,5,0.02691910875008782,20.12085876941651,boundary_kernel_pca,8,2
5873,6,0.024660669493459672,3.9534957760088223,boundary_kernel_pca,8,2
5873,7,0.02790155697722928,1.2136133620057663,boundary_kernel_pca,8,2
5873,8,0.15924221346181522,4.749608093089142,boundary_kernel_pca,8,2
5873,9,0.1577224581080675,25.43914965710979,boundary_kernel_pca,8,2
5873,10,0.04226047562759251,1.4383244455083046,boundary_kernel_pca,8,2
6148,1,0.0026339161490658135,0.47692504243088113,boundary_kernel_pca,8,2
6148,2,0.017151597781015677,0.9222736701887446,boundary_kernel_pca,8,2
6148,3,0.009630381078645044,3.2467770268667047,boundary_kernel_pca,8,2
6148,4,0.011782606140142819,0.8920348765740488,boundary_kernel_pca,8,2
6148,5,0.0293460397823092,1.8998743097556698,boundary_kernel_pca,8,2
6148,6,0.056051878935110135,0.43920871678662865,boundary_kernel_pca,8,2
6148,7,0.029674813533068417,1.2591229113063713,boundary_kernel_pca,8,2
6148,8,0.021247596193903654,1.3915298770782722,boundary_kernel_pca,8,2
6148,10,0.02414763387239417,1.0214967446159715,boundary_kernel_pca,8,2
7862,1,0.023753043790372342,0.15357357800401392,boundary_kernel_pca,8,2
7862,2,0.04380849212958042,3.339819395637572,boundary_kernel_pca,8,2
7862,3,0.030084217980961156,1.5109648727122333,boundary_kernel_pca,8,2
7862,4,0.05116819537739041,2.3650081594825645,boundary_kernel_pca,8,2
7862,5,0.07073539766003739,19.729527708150666,boundary_kernel_pca,8,2
7862,6,0.026105105393909107,1.304573784661111,boundary_kernel_pca,8,2
7862,7,0.06510792692362301,4.000902484561234,boundary_kernel_pca,8,2
7862,8,0.04070571708806843,0.868992960813352,boundary_kernel_pca,8,2
7862,9,0.08085377490451605,27.844517556599502,boundary_kernel_pca,8,2
7862,10,0.07274701180574634,3.6144455001634284,boundary_kernel_pca,8,2
8539,1,0.0031197857021823556,1.3060128718499289,boundary_kernel_pca,8,2
8539,2,0.0100259343435136,0.6075564596863328,boundary_kernel_pca,8,2
8539,3,0.0058566134340314584,0.12693141305773725,boundary_kernel_pca,8,2
8539,4,0.012538878169429992,0.307437672181448,boundary_kernel_pca,8,2
8539,5,0.021808492299215734,0.07933504414868492,boundary_kernel_pca,8,2
8539,8,0.028404051741652656,0.18974291817866393,boundary_kernel_pca,8,2
8539,9,0.034623736369457474,0.36427999685127677,boundary_kernel_pca,8,2
8539,10,0.021090011599967037,0.1063765102298992,boundary_kernel_pca,8,2
9311,1,0.027211380031590644,0.2414729155987985,boundary_kernel_pca,8,2
9311,2,0.022734960510065613,7.523090508802095,boundary_kernel_pca,8,2
9311,3,0.021244663159902668,1.8915255819875452,boundary_kernel_pca,8,2
9311,6,0.031331207307332395,0.4066084153064315,boundary_kernel_pca,8,2
9311,7,0.031328916481484545,7.97581116885496,boundary_kernel_pca,8,2
9311,8,0.021827757283110694,0.8937271032401398,boundary_kernel_pca,8,2
9311,9,0.04313383575664695,10.982862045612473,boundary_kernel_pca,8,2
9311,10,0.052086657825577816,3.6739627743887966,boundary_kernel_pca,8,2
9779,1,0.002314475896938524,1.5303878860502307,boundary_kernel_pca,8,2
9779,2,0.007663861197179346,2.474734467396204,boundary_kernel_pca,8,2
9779,3,0.004279654569235058,3.5913874749214783,boundary_kernel_pca,8,2
9779,4,0.005126194349795878,3.2138489917992814,boundary_kernel_pca,8,2
9779,5,0.019122043990118024,28.48268027872121,boundary_kernel_pca,8,2
9779,6,0.016798664772508857,3.9984830712121577,boundary_kernel_pca,8,2
9779,7,0.011344184202694028,3.5889471612519923,boundary_kernel_pca,8,2
9779,8,0.011730935718330015,3.9135498906085395,boundary_kernel_pca,8,2
9779,9,0.014264350628329502,42.55557114157525,boundary_kernel_pca,8,2
9779,10,0.011777348562809015,4.0993203682066195,boundary_kernel_pca,8,2
422,1,0.0008504359572734578,1.9508207672186544,output_pca,8,2
422,2,0.001841494817052591,0.689656166808611,output_pca,8,2
422,3,0.0013560941639043503,1.990582384215563,output_pca,8,2
422,4,0.0022416591492504007,1.744219846347156,output_pca,8,2
422,5,0.02961729171139167,7.416984926192019,output_pca,8,2
422,8,0.03594363371204412,1.9866656618507832,output_pca,8,2
422,9,0.04029401398199908,10.8450794669901,output_pca,8,2
422,10,0.02223831525312676,0.1255440829120021,output_pca,8,2
1190,1,0.000486192076538214,3.1550815165330457,output_pca,8,2
1190,2,0.008290547328329633,2.2542838855537415,output_pca,8,2
1190,3,0.006369793761672464,1.3843569627749825,output_pca,8,2
1190,4,0.00120337820552976,1.9381440709285662,output_pca,8,2
1190,5,0.026315327659955246,3.3357976444038617,output_pca,8,2
1190,6,0.05333031086489805,1.7391990666726067,output_pca,8,2
1190,7,0.029816731335640743,1.013767346178053,output_pca,8,2
1190,8,0.02202116102616731,1.082248349963997,output_pca,8,2
1190,9,0.030286971184915672,5.949458895841448,output_pca,8,2
1190,10,0.02576162834039002,0.41090009672281264,output_pca,8,2
1826,1,0.0036560510050681486,8.65172172035274,output_pca,8,2
1826,2,0.006092205529351727,8.563705075819723,output_pca,8,2
1826,3,0.00501667337170698,6.1008732382569155,output_pca,8,2
1826,4,0.0054571389479693795,7.385909162318397,output_pca,8,2
1826,5,0.06670722358227278,6.833779283740468,output_pca,8,2
1826,6,0.010177317395070887,4.1343072413186635,output_pca,8,2
1826,7,0.010385941168893551,7.037872771075312,output_pca,8,2
1826,8,0.007554330833966281,6.794097433906507,output_pca,8,2
1826,9,0.01280062169280477,4.089483142155567,output_pca,8,2
2209,1,0.0025156548615592063,2.524303591761667,output_pca,8,2
2209,2,0.015989192609911263,2.227033042065082,output_pca,8,2
2209,3,0.011107157362108119,0.44558956173159947,output_pca,8,2
2209,4,0.007656466063238869,1.080236746602587,output_pca,8,2
2209,5,0.0552234365888254,3.2224176668394238,output_pca,8,2
2209,6,0.046043398696380015,4.848995959088868,output_pca,8,2
2209,7,0.1379049637628717,0.5376430830929523,output_pca,8,2
2209,8,0.020644912379944164,0.6154253082705522,output_pca,8,2
2209,10,0.024634344863259234,0.7307155876366381,output_pca,8,2
2802,1,0.009061961756081198,2.1222047698759767,output_pca,8,2
2802,2,0.00838628007890392,2.2292155093422403,output_pca,8,2
2802,3,0.007568811114503856,0.7494081305721162,output_pca,8,2
2802,4,0.006035013280692496,1.3980895934419337,output_pca,8,2
2802,5,0.01648868601214612,13.051561563976545,output_pca,8,2
2802,6,0.02061879155417003,2.0819491184180974,output_pca,8,2
2802,7,0.00829963275470075,4.134708068223361,output_pca,8,2
2802,8,0.025615336110997998,1.17475812206333,output_pca,8,2
2802,9,0.026139729289972144,18.638961719695555,output_pca,8,2
3377,1,0.006640692702078601,7.173357584427959,output_pca,8,2
3377,2,0.012723578572274252,7.634742941318215,output_pca,8,2
3377,3,0.01180778703062247,4.525384010361998,output_pca,8,2
3377,4,0.0187082191596895,4.673058263542424,output_pca,8,2
3377,5,0.030524492566685272,4.5955219253467146,output_pca,8,2
3377,6,0.025096425431107707,3.2648121738911766,output_pca,8,2
3377,7,0.02231007700201302,5.822076238819267,output_pca,8,2
3377,8,0.025091658517359793,3.8376349120967026,output_pca,8,2
3377,9,0.033083823594814356,2.279447699789094,output_pca,8,2
3377,10,0.03238453673765311,2.0081341097711958,output_pca,8,2
3408,1,0.0033919642601297887,2.1893009152633085,output_pca,8,2
3408,2,0.012216844540948167,3.7962794183226083,output_pca,8,2
3408,3,0.008489736040256926,0.032023032297530084,output_pca,8,2
3408,4,0.010187505439425091,1.7831462684021624,output_pca,8,2
3408,5,0.024329772214737838,5.017228142599316,output_pca,8,2
3408,6,0.018290649705611072,0.3463761330247723,output_pca,8,2
3408,7,0.02361366082595733,2.8604181866639005,output_pca,8,2
3408,8,0.017724826136814333,0.9924428843881431,output_pca,8,2
3408,9,0.02498509985283829,5.471058948061111,output_pca,8,2
3408,10,0.13652727294465342,1.8348232849501223,output_pca,8,2
4082,1,0.0022300826837041245,1.858628008583743,output_pca,8,2
4082,2,0.00864859755759701,0.19290952818209786,output_pca,8,2
4082,3,0.006419938158605613,0.12869219257353248,output_pca,8,2
4082,4,0.0072649490981412995,1.1116392569136222,output_pca,8,2
4082,5,0.030878690118685916,21.586486924613418,output_pca,8,2
4082,6,0.01763157401831177,0.05872698969905061,output_pca,8,2
4082,7,0.026597307081338745,0.3424147319930537,output_pca,8,2
4082,8,0.036515080268451496,0.784111043937501,output_pca,8,2
4082,9,0.04231065138490313,35.71892742428217,output_pca,8,2
4082,10,0.022495986779722036,0.03128987456215885,output_pca,8,2
4352,1,0.012315018106132548,4.942903907158732,output_pca,8,2
4352,2,0.025252737302038208,15.155938649150592,output_pca,8,2
4352,3,0.02409784511848117,2.441366814205372,output_pca,8,2
4352,4,0.03505715120515704,0.5003765768075207,output_pca,8,2
4352,5,0.036188586124464,7.409302028978915,output_pca,8,2
4352,6,0.035029383923857155,6.8874199095734205,output_pca,8,2
4352,7,0.04275010927199456,10.013279414552793,output_pca,8,2
4352,8,0.04323133320087477,5.044643293227423,output_pca,8,2
4352,9,0.05098241827502352,11.996753947368216,output_pca,8,2
4352,10,0.05530786815369939,0.3327075167298581,output_pca,8,2
4470,1,0.012192433547543858,7.828272803098813,output_pca,8,2
4470,2,0.017134724194574423,6.45188388974733,output_pca,8,2
4470,3,0.013338476199226991,6.2126100126902335,output_pca,8,2
4470,4,0.011909403093881605,6.986814115193525,output_pca,8,2
4470,5,0.03499494916318755,28.962231499358264,output_pca,8,2
4470,6,0.037205016599515014,4.946448519419922,output_pca,8,2
4470,7,0.01788142717070615,5.205766209691432,output_pca,8,2
4470,8,0.01380682227756828,7.906412097399823,output_pca,8,2
4470,9,0.01555736939963987,39.0541973430467,output_pca,8,2
4470,10,0.013620628580425153,5.694546161554771,output_pca,8,2
5873,1,0.004714288738693388,6.745912446819916,output_pca,8,2
5873,2,0.005535458521429975,2.576857563047885,output_pca,8,2
5873,3,0.005832243566278212,5.293180618928946,output_pca,8,2
5873,4,0.017504531464804643,3.348527183545307,output_pca,8,2
5873,5,0.025190074786088094,20.12085876941651,output_pca,8,2
5873,6,0.0250470943265054,3.9534957760088223,output_pca,8,2
5873,7,0.02136112985880324,1.2136133620057663,output_pca,8,2
5873,8,0.15926385373233812,4.749608093089142,output_pca,8,2
5873,9,0.15842269928683556,25.43914965710979,output_pca,8,2
5873,10,0.042252448694748104,1.4383244455083046,output_pca,8,2
6148,1,0.002550505437465836,0.47692504243088113,output_pca,8,2
6148,2,0.01468874415941195,0.9222736701887446,output_pca,8,2
6148,3,0.01046442406110274,3.2467770268667047,output_pca,8,2
6148,4,0.008689571021005772,0.8920348765740488,output_pca,8,2
6148,5,0.02744730665702899,1.8998743097556698,output_pca,8,2
6148,6,0.04716508706553529,0.43920871678662865,output_pca,8,2
6148,7,0.029406731124728015,1.2591229113063713,output_pca,8,2
6148,8,0.021367436734664357,1.3915298770782722,output_pca,8,2
6148,10,0.02415892247215124,1.0214967446159715,output_pca,8,2
7862,1,0.025412918408726042,0.15357357800401392,output_pca,8,2
7862,2,0.04274006929627187,3.339819395637572,output_pca,8,2
7862,3,0.02817555887890881,1.5109648727122333,output_pca,8,2
7862,4,0.04849701362083336,2.3650081594825645,output_pca,8,2
7862,5,0.07120659068344604,19.729527708150666,output_pca,8,2
7862,6,0.026701416616695242,1.304573784661111,output_pca,8,2
7862,7,0.06345184225061622,4.000902484561234,output_pca,8,2
7862,8,0.04076373761915441,0.868992960813352,output_pca,8,2
7862,9,0.08474257883600064,27.844517556599502,output_pca,8,2
7862,10,0.0727297448773704,3.6144455001634284,output_pca,8,2
8539,1,0.002636453253734336,1.3060128718499289,output_pca,8,2
8539,2,0.008919283968762137,0.6075564596863328,output_pca,8,2
8539,3,0.006523654660063806,0.12693141305773725,output_pca,8,2
8539,4,0.008310313424880937,0.307437672181448,output_pca,8,2
8539,5,0.017780025370299,0.07933504414868492,output_pca,8,2
8539,8,0.030244241067100407,0.18974291817866393,output_pca,8,2
8539,9,0.03272049173733181,0.36427999685127677,output_pca,8,2
8539,10,0.022592986753775527,0.1063765102298992,output_pca,8,2
9311,1,0.027100441469715776,0.2414729155987985,output_pca,8,2
9311,2,0.035532382396673216,7.523090508802095,output_pca,8,2
9311,3,0.02297490552989754,1.8915255819875452,output_pca,8,2
9311,6,0.03105352130964902,0.4066084153064315,output_pca,8,2
9311,7,0.02458881271655295,7.97581116885496,output_pca,8,2
9311,8,0.023817762465948893,0.8937271032401398,output_pca,8,2
9311,9,0.0417561249234873,10.982862045612473,output_pca,8,2
9311,10,0.05210045826169303,3.6739627743887966,output_pca,8,2
9779,1,0.0023198439987353325,1.5303878860502307,output_pca,8,2
9779,2,0.0050466652763389444,2.474734467396204,output_pca,8,2
9779,3,0.005164703233835499,3.5913874749214783,output_pca,8,2
9779,4,0.005015968303841414,3.2138489917992814,output_pca,8,2
9779,5,0.019834388868803912,28.48268027872121,output_pca,8,2
9779,6,0.017120097222644768,3.9984830712121577,output_pca,8,2
9779,7,0.011980859524558856,3.5889471612519923,output_pca,8,2
9779,8,0.011753516806621967,3.9135498906085395,output_pca,8,2
9779,9,0.011505555497643366,42.55557114157525,output_pca,8,2
9779,10,0.01177183031456564,4.0993203682066195,output_pca,8,2
422,1,0.003946388659837371,9.396720779320253,direct_hf,8,2
422,2,0.014571253450196206,8.689552544003911,direct_hf,8,2
422,3,0.010634888570904213,6.1782643354063635,direct_hf,8,2
422,4,0.02040857897901115,2.156336057678961,direct_hf,8,2
422,5,0.00992886247544904,0.5226451343575512,direct_hf,8,2
422,8,0.11625141320812064,2.115962680153029,direct_hf,8,2
422,9,0.12733696520319257,1.1941589663000598,direct_hf,8,2
422,10,0.028022594635851154,3.57524549908778,direct_hf,8,2
1190,1,0.006542891704655688,8.793851924958195,direct_hf,8,2
1190,2,0.011452401203978165,4.525689364227792,direct_hf,8,2
1190,3,0.016116730540379272,24.55838626166856,direct_hf,8,2
1190,4,0.014631538637802094,27.366291660463464,direct_hf,8,2
1190,5,0.1309442448844546,3.1638308931539783,direct_hf,8,2
1190,6,0.019430490224383833,41.22578076709641,direct_hf,8,2
1190,7,0.026196325404273954,5.535598575135074,direct_hf,8,2
1190,8,0.020310975766479306,32.16331633841786,direct_hf,8,2
1190,9,0.022162337740052,3.0451091089943514,direct_hf,8,2
1190,10,0.023988770127426,8.796540659883298,direct_hf,8,2
1826,1,0.007643364215397906,5.917789716291166,direct_hf,8,2
1826,2,0.004169120624131304,5.6804003124546965,direct_hf,8,2
1826,3,0.002936285871076201,0.8552187635448778,direct_hf,8,2
1826,4,0.0074409691587095554,1.443436681455341,direct_hf,8,2
1826,5,0.06592681593761915,14.488282804587763,direct_hf,8,2
1826,6,0.05827276077964512,9.346000313339287,direct_hf,8,2
1826,7,0.00858063252744739,8.20988636735202,direct_hf,8,2
1826,8,0.010140774321580155,6.03437382630336,direct_hf,8,2
1826,9,0.016498499170308017,14.703222714023646,direct_hf,8,2
2209,1,0.009689456662244848,2.0241653100476555,direct_hf,8,2
2209,2,0.022839210608588956,20.874462334558835,direct_hf,8,2
2209,3,0.025153045035131126,14.932442711372204,direct_hf,8,2
2209,4,0.026399722964134637,4.105788138193382,direct_hf,8,2
2209,5,0.15876321481951353,18.645101114796574,direct_hf,8,2
2209,6,0.03682498804140794,14.011902183297991,direct_hf,8,2
2209,7,0.25718865133238406,10.750112812587398,direct_hf,8,2
2209,8,0.047803816339694674,11.461156377203253,direct_hf,8,2
2209,10,0.03764706435946221,3.8265273875248944,direct_hf,8,2
2802,1,0.012279978074380839,9.011635054996002,direct_hf,8,2
2802,2,0.009792850694588512,18.919220013845063,direct_hf,8,2
2802,3,0.014304437260215321,7.952028106983181,direct_hf,8,2
2802,4,0.011875994706437345,11.124914725193019,direct_hf,8,2
2802,5,0.031318452979121,10.168926423804692,direct_hf,8,2
2802,6,0.047382865637910915,8.694169647709064,direct_hf,8,2
2802,7,0.008687881232617425,8.039034289107889,direct_hf,8,2
2802,8,0.013521832579384782,6.257343654993847,direct_hf,8,2
2802,9,0.0074446806323690195,14.183153723463255,direct_hf,8,2
3377,1,0.025460091844700154,16.215089736038976,direct_hf,8,2
3377,2,0.025724635648327582,12.367253788487849,direct_hf,8,2
3377,3,0.03125596289521276,20.263809183395416,direct_hf,8,2
3377,4,0.029752876389912815,22.254607302803244,direct_hf,8,2
3377,5,0.10942964483143149,18.136671449747368,direct_hf,8,2
3377,6,0.06285273160580597,19.214715290793247,direct_hf,8,2
3377,7,0.02504218243287619,5.417778085185906,direct_hf,8,2
3377,8,0.025173712137349057,18.06333475891296,direct_hf,8,2
3377,9,0.03336477306018246,32.259161658194635,direct_hf,8,2
3377,10,0.027380589129041847,19.78749716231322,direct_hf,8,2
3408,1,0.005810336830680438,30.784633286441192,direct_hf,8,2
3408,2,0.012312867313366749,8.928465518456155,direct_hf,8,2
3408,3,0.013514406304032214,29.737849339691536,direct_hf,8,2
3408,4,0.02088307027657239,29.971122105002188,direct_hf,8,2
3408,5,0.030874705542793642,29.08124726190696,direct_hf,8,2
3408,6,0.043168958745202934,24.24412469487264,direct_hf,8,2
3408,7,0.02550128820186484,36.72099899928765,direct_hf,8,2
3408,8,0.04072152127380572,23.1856011308969,direct_hf,8,2
3408,9,0.04253487469289697,34.01291674288206,direct_hf,8,2
3408,10,0.16178498045617964,23.73781999797821,direct_hf,8,2
4082,1,0.006287627140562263,3.3161877873202075,direct_hf,8,2
4082,2,0.0069343707162549464,4.716519016285658,direct_hf,8,2
4082,3,0.011257232294245457,6.070260212135624,direct_hf,8,2
4082,4,0.013080695308747533,17.220787236319616,direct_hf,8,2
4082,5,0.021380003595049043,11.841059824485738,direct_hf,8,2
4082,6,0.03861655177196166,15.107262570478094,direct_hf,8,2
4082,7,0.014298963537826987,20.09012313617335,direct_hf,8,2
4082,8,0.07328666101062198,12.59231880704322,direct_hf,8,2
4082,9,0.0867946573380758,13.0705787328967,direct_hf,8,2
4082,10,0.024842329636434415,9.526068149327768,direct_hf,8,2
4352,1,0.004734100832227524,3.2945502245048255,direct_hf,8,2
4352,2,0.0054637474160909175,7.64950169366394,direct_hf,8,2
4352,3,0.004100432224718133,3.9172829716749575,direct_hf,8,2
4352,4,0.007790031572941817,3.6287906154524276,direct_hf,8,2
4352,5,0.07518523694592627,2.7946986849017694,direct_hf,8,2
4352,6,0.07086538331817668,9.253493066288778,direct_hf,8,2
4352,7,0.007764101914788748,14.197536678727818,direct_hf,8,2
4352,8,0.005972971953343946,0.9837340734191391,direct_hf,8,2
4352,9,0.01017220955264838,0.9133107496878271,direct_hf,8,2
4352,10,0.007942613972016767,11.376399866447784,direct_hf,8,2
4470,1,0.011249216252371175,6.812888782364961,direct_hf,8,2
4470,2,0.01741967508599579,21.06855618745358,direct_hf,8,2
4470,3,0.020324427725275374,2.8550703292836745,direct_hf,8,2
4470,4,0.023558599010687888,0.44446364023808443,direct_hf,8,2
4470,5,0.05455240745521579,4.970375633671943,direct_hf,8,2
4470,6,0.06824940842804289,4.065161050006469,direct_hf,8,2
4470,7,0.018145363685126252,4.744232732277416,direct_hf,8,2
4470,8,0.016855695419331542,3.207067947930811,direct_hf,8,2
4470,9,0.023424631469232418,9.659586196909464,direct_hf,8,2
4470,10,0.02467826333984374,3.8608343584846145,direct_hf,8,2
5873,1,0.006361750192539264,9.042855506347403,direct_hf,8,2
5873,2,0.009474925571375399,19.212958566314562,direct_hf,8,2
5873,3,0.01570560095750787,3.7082568215103535,direct_hf,8,2
5873,4,0.015724651742984,15.224611511590538,direct_hf,8,2
5873,5,0.028492132728280675,25.329523698294214,direct_hf,8,2
5873,6,0.04687132792102201,2.1526325968116464,direct_hf,8,2
5873,7,0.015044720946299047,13.523824318915473,direct_hf,8,2
5873,8,0.015276821944268023,8.713040976677945,direct_hf,8,2
5873,9,0.020998668792483223,26.167050001200106,direct_hf,8,2
5873,10,0.02427571123373375,10.261734351230837,direct_hf,8,2
6148,1,0.00717857235972913,14.309759346840144,direct_hf,8,2
6148,2,0.009585566748705318,5.568837444555407,direct_hf,8,2
6148,3,0.016570994982445186,27.120783577085405,direct_hf,8,2
6148,4,0.01370796033547323,28.312389948124185,direct_hf,8,2
6148,5,0.18425656803887352,19.36043824978729,direct_hf,8,2
6148,6,0.01877868403798377,33.408803155091356,direct_hf,8,2
6148,7,0.020188682503456366,17.373658744794394,direct_hf,8,2
6148,8,0.018077266298895684,36.2039280108166,direct_hf,8,2
6148,10,0.019073626839008696,24.34746454271398,direct_hf,8,2
7862,1,0.007320918325236048,12.225242672035437,direct_hf,8,2
7862,2,0.01555602242922232,6.048223308774479,direct_hf,8,2
7862,3,0.008541891362642884,2.5352987297059424,direct_hf,8,2
7862,4,0.017007243040748573,5.860034254393672,direct_hf,8,2
7862,5,0.020731563639918012,6.248343834726341,direct_hf,8,2
7862,6,0.03202070269825416,2.341075656740869,direct_hf,8,2
7862,7,0.02405178717223556,2.640804633596516,direct_hf,8,2
7862,8,0.025271836260182225,3.3698766740644226,direct_hf,8,2
7862,9,0.026440514692316976,13.496847151435265,direct_hf,8,2
7862,10,0.03506276374687406,1.7797477910951005,direct_hf,8,2
8539,1,0.003528139846838919,3.6557982265400053,direct_hf,8,2
8539,2,0.008332785277373618,14.30057489313122,direct_hf,8,2
8539,3,0.008478617119540016,0.09376365943216916,direct_hf,8,2
8539,4,0.011703549563076378,6.863898042965273,direct_hf,8,2
8539,5,0.02613453411375239,26.922587968813897,direct_hf,8,2
8539,8,0.10047140341512913,3.1663855647399903,direct_hf,8,2
8539,9,0.10767350414603999,29.878859434511988,direct_hf,8,2
8539,10,0.023646456033669654,14.330223803443655,direct_hf,8,2
9311,1,0.0067173284798361915,0.12605965695780852,direct_hf,8,2
9311,2,0.008525045381859594,19.82619385714194,direct_hf,8,2
9311,3,0.01360646285622456,3.48498973135967,direct_hf,8,2
9311,6,0.04169554206249331,14.005148857770205,direct_hf,8,2
9311,7,0.017145695492556214,21.84170327775507,direct_hf,8,2
9311,8,0.027301065519568336,3.6683047242578386,direct_hf,8,2
9311,9,0.029168710115444328,20.925375724724745,direct_hf,8,2
9311,10,0.04826110170303765,18.526131265622116,direct_hf,8,2
9779,1,0.007811077885143227,3.954057232707596,direct_hf,8,2
9779,2,0.01783517249107144,1.3165467703534213,direct_hf,8,2
9779,3,0.013670252294071475,8.10294288093169,direct_hf,8,2
9779,4,0.02428509938349512,15.382658305301755,direct_hf,8,2
9779,5,0.026318522468621392,0.745802793132527,direct_hf,8,2
9779,6,0.040546724470667546,26.100878190588045,direct_hf,8,2
9779,7,0.030098258535591282,4.112836403830628,direct_hf,8,2
9779,8,0.03097141839360791,17.96490788586217,direct_hf,8,2
9779,9,0.03627163660511566,7.617085614425441,direct_hf,8,2
9779,10,0.04402738242423416,2.9025861642723654,direct_hf,8,2
422,1,0.000790490532968605,0.0861934847622545,cokriging,8,2
422,2,0.0007926163943389652,6.340921700070711,cokriging,8,2
422,3,0.000850088675868157,2.041700927161568,cokriging,8,2
422,4,0.0010576259452991638,1.5489480647449925,cokriging,8,2
422,5,0.0113920759628189,0.43847712416400975,cokriging,8,2
422,8,0.0329995717097343,1.926885526841537,cokriging,8,2
422,9,0.03046918091793269,11.89744836315138,cokriging,8,2
422,10,0.003035743891463684,0.6758357951355048,cokriging,8,2
1190,1,0.0003230520877431734,3.2283954052503994,cokriging,8,2
1190,2,0.003876257501887342,0.9177320995229779,cokriging,8,2
1190,3,0.003258941011142749,1.4198255289599389,cokriging,8,2
1190,4,0.0008155786342604587,2.0390223011480253,cokriging,8,2
1190,5,0.023261007645082946,0.2935736274298936,cokriging,8,2
1190,6,0.021200724512849323,1.8415150251587151,cokriging,8,2
1190,7,0.006531469840595948,2.201556991561062,cokriging,8,2
1190,8,0.006256735825745065,1.1139573903641171,cokriging,8,2
1190,9,0.0023727778069824045,6.168174414039556,cokriging,8,2
1190,10,0.0018197660996158512,0.48184890746269055,cokriging,8,2
1826,1,0.004877100155514517,9.249737632576116,cokriging,8,2
1826,2,0.00912049232371278,3.634952183831198,cokriging,8,2
1826,3,0.006743340356865539,6.274094234201012,cokriging,8,2
1826,4,0.01193115012719703,7.390856050889891,cokriging,8,2
1826,5,0.06581797065954098,18.787368190842308,cokriging,8,2
1826,6,0.011103788546120966,4.554582777897887,cokriging,8,2
1826,7,0.015941929330842465,9.82089316746132,cokriging,8,2
1826,8,0.013648381214587172,6.857612752193992,cokriging,8,2
1826,9,0.020803427748017814,5.0920641150943915,cokriging,8,2
2209,1,0.0012683231445809351,2.3907212391897352,cokriging,8,2
2209,2,0.009525976135543773,3.392864932823785,cokriging,8,2
2209,3,0.006370850096813574,0.4602276310057617,cokriging,8,2
2209,4,0.0018281186001800952,1.16556094664137,cokriging,8,2
2209,5,0.03173455113821808,0.6942170158632358,cokriging,8,2
2209,6,0.015781816974602465,5.139503434516835,cokriging,8,2
2209,7,0.1387869539123874,1.7055317460770343,cokriging,8,2
2209,8,0.012636594416301604,0.49577147665049154,cokriging,8,2
2209,10,0.004767332003503143,0.6945211083754192,cokriging,8,2
2802,1,0.0273196864050674,0.48463336484933706,cokriging,8,2
2802,2,0.03914494690453518,5.6484411363801845,cokriging,8,2
2802,3,0.023675253219781967,0.5750530751677952,cokriging,8,2
2802,4,0.02602580700232212,1.3707193533220214,cokriging,8,2
2802,5,0.01500856900743854,12.048693906334272,cokriging,8,2
2802,6,0.01754958179846902,2.323684647158951,cokriging,8,2
2802,7,0.03538864128364685,6.333458658331451,cokriging,8,2
2802,8,0.023091973481210126,1.231569112084831,cokriging,8,2
2802,9,0.03463672646664159,18.22515580156487,cokriging,8,2
3377,1,0.01513983875378406,5.743689338491704,cokriging,8,2
3377,2,0.02388751494528968,0.9466196306049564,cokriging,8,2
3377,3,0.015880064363915748,4.688632064165837,cokriging,8,2
3377,4,0.03179039461056673,4.513598729707928,cokriging,8,2
3377,5,0.01961524394227483,11.983904971174347,cokriging,8,2
3377,6,0.02475139834387981,3.9309340130420356,cokriging,8,2
3377,7,0.03719719680219023,4.760287904313074,cokriging,8,2
3377,8,0.024290874250179714,3.8920242634840045,cokriging,8,2
3377,9,0.05336866091229158,4.646033318726715,cokriging,8,2
3377,10,0.036462493552793546,1.7511206997202866,cokriging,8,2
3408,1,0.0028716207303392453,0.3994943452725215,cokriging,8,2
3408,2,0.008027376776790962,3.4552514486000954,cokriging,8,2
3408,3,0.004341827500012254,0.021909336276567295,cokriging,8,2
3408,4,0.004600272640751402,1.730735550980461,cokriging,8,2
3408,5,0.025457426908358786,8.242148801081923,cokriging,8,2
3408,6,0.0148909892685298,1.2753229700853763,cokriging,8,2
3408,7,0.011221095466894706,4.456906262255741,cokriging,8,2
3408,8,0.008987945220574594,0.9561476067708231,cokriging,8,2
3408,9,0.010897762012128373,8.26648896318892,cokriging,8,2
3408,10,0.13717345256683405,0.8679527072678712,cokriging,8,2
4082,1,0.002424539463080983,1.6567918284890508,cokriging,8,2
4082,2,0.005752162164553643,3.52789070582514,cokriging,8,2
4082,3,0.0034891834251817087,0.1778338937461061,cokriging,8,2
4082,4,0.004222874439629665,1.2569820564367222,cokriging,8,2
4082,5,0.024389326313506113,3.7211841277136455,cokriging,8,2
4082,6,0.0016517061523328833,0.48986024872092776,cokriging,8,2
4082,7,0.00802712561319426,2.0514537892566667,cokriging,8,2
4082,8,0.030972066935617545,0.7927332372917546,cokriging,8,2
4082,9,0.030908904540117233,37.57361230114585,cokriging,8,2
4082,10,0.007539520387040818,0.9526391574378964,cokriging,8,2
4352,1,0.012010849662647413,4.842458440308856,cokriging,8,2
4352,2,0.025273002369155622,2.4137240539309843,cokriging,8,2
4352,3,0.02412539152475754,2.4473702496144045,cokriging,8,2
4352,4,0.03501972256054806,0.8566595891399216,cokriging,8,2
4352,5,0.03568846176634371,2.163042576104002,cokriging,8,2
4352,6,0.036782564676750173,6.992692459384535,cokriging,8,2
4352,7,0.0465823232251402,4.2169376436867605,cokriging,8,2
4352,8,0.04355706745662271,5.042440330597705,cokriging,8,2
4352,9,0.05764902277383929,12.496954910235708,cokriging,8,2
4352,10,0.0537245223217662,0.5033277108303392,cokriging,8,2
4470,1,0.030359177818608814,9.57492550044084,cokriging,8,2
4470,2,0.04797274708215576,22.899427986345458,cokriging,8,2
4470,3,0.029743456653476424,6.3069023291573245,cokriging,8,2
4470,4,0.03754277544464345,6.456958926077909,cokriging,8,2
4470,5,0.03343586412523261,32.65966323022383,cokriging,8,2
4470,6,0.037204679372540635,5.252889478678842,cokriging,8,2
4470,7,0.05275551448086814,24.50221090521015,cokriging,8,2
4470,8,0.017945201882967648,7.590460354413753,cokriging,8,2
4470,9,0.04873980929597178,47.770900140312534,cokriging,8,2
4470,10,0.023064103451678798,5.938306960021155,cokriging,8,2
5873,1,0.024384375217732145,5.034314163652139,cokriging,8,2
5873,2,0.031658367471405616,16.664161439038555,cokriging,8,2
5873,3,0.018450439715626155,5.594648612281332,cokriging,8,2
5873,4,0.015776630794869,3.313816136463731,cokriging,8,2
5873,5,0.030138228195263527,19.492790578428057,cokriging,8,2
5873,6,0.025412048353399868,4.276890243201618,cokriging,8,2
5873,7,0.02178382250322718,14.151696434963876,cokriging,8,2
5873,8,0.15519218849241903,4.811380868477359,cokriging,8,2
5873,9,0.15375429709548108,32.836270355622986,cokriging,8,2
5873,10,0.03548722875453806,1.879735649017528,cokriging,8,2
6148,1,0.0007585994427459508,2.0403494294529634,cokriging,8,2
6148,2,0.006568442493862094,2.1029058738056903,cokriging,8,2
6148,3,0.005566300745139357,3.183652195746233,cokriging,8,2
6148,4,0.001673051833209438,0.9395304467717651,cokriging,8,2
6148,5,0.03544096722538283,2.3637484410250824,cokriging,8,2
6148,6,0.01667298308181501,0.031352932813675204,cokriging,8,2
6148,7,0.00975004823614504,3.0333755648259535,cokriging,8,2
6148,8,0.01109839714074745,1.002114153100329,cokriging,8,2
6148,10,0.004262981255629617,1.728918222192986,cokriging,8,2
7862,1,0.005154213414527466,0.900251407417138,cokriging,8,2
7862,2,0.00830925362677913,3.0721873179519856,cokriging,8,2
7862,3,0.009368865685354735,1.4880386540654584,cokriging,8,2
7862,4,0.016247002184804342,2.7329695553081645,cokriging,8,2
7862,5,0.05062626153018038,5.5588847901513265,cokriging,8,2
7862,6,0.02036711789993055,1.5991482449974666,cokriging,8,2
7862,7,0.01811330824873685,6.32494430867446,cokriging,8,2
7862,8,0.029368808025706787,0.5079367818326823,cokriging,8,2
7862,9,0.03872467041920235,29.06591934843378,cokriging,8,2
7862,10,0.05789476668449107,2.448434659263554,cokriging,8,2
8539,1,0.00218358651546242,2.3466065179559696,cokriging,8,2
8539,2,0.004426755673041925,0.6521666465112715,cokriging,8,2
8539,3,0.002812042114271128,0.17737816803076129,cokriging,8,2
8539,4,0.0031548189904826054,0.41619671036271205,cokriging,8,2
8539,5,0.026532944920275678,2.507919339178876,cokriging,8,2
8539,8,0.025513045423216568,0.28504577925753155,cokriging,8,2
8539,9,0.02347343104428744,0.4892403920239361,cokriging,8,2
8539,10,0.005874051737048134,0.14209051393326455,cokriging,8,2
9311,1,0.027693185428220846,0.5798638950213446,cokriging,8,2
9311,2,0.03623775072586259,1.5284355432501835,cokriging,8,2
9311,3,0.022646352492265355,2.0759072905799543,cokriging,8,2
9311,6,0.03098816715345338,0.49785237721122305,cokriging,8,2
9311,7,0.03889114128376901,6.499512792792766,cokriging,8,2
9311,8,0.02580176671069721,0.8653875694235345,cokriging,8,2
9311,9,0.0514828504049083,10.115605225757482,cokriging,8,2
9311,10,0.030386833322086634,3.6754887654184496,cokriging,8,2
9779,1,0.002270825945949509,1.722554412216766,cokriging,8,2
9779,2,0.0031323487374447434,7.481044549970903,cokriging,8,2
9779,3,0.002760534494517701,3.415142254558294,cokriging,8,2
9779,4,0.006009202455329477,3.6641345299087447,cokriging,8,2
9779,5,0.0757075723242049,1.5336534059242906,cokriging,8,2
9779,6,0.021944872048244735,3.1523094618129615,cokriging,8,2
9779,7,0.006034243954326325,0.7961083847597156,cokriging,8,2
9779,8,0.0080403232314656,4.116027307865665,cokriging,8,2
9779,9,0.012841423751710766,50.65628534735445,cokriging,8,2
9779,10,0.014461764054806312,4.245799136560009,cokriging,8,2
422,1,0.0035835504633024563,2.434762276874579,neural_inr,8,2
422,2,0.00881560708657602,3.4262487315078705,neural_inr,8,2
422,3,0.005308761096095665,1.7617062796410334,neural_inr,8,2
422,4,0.008261265862035662,3.9774568495658484,neural_inr,8,2
422,5,0.019813206097705004,4.154859559468891,neural_inr,8,2
422,8,0.03260109481582976,2.1753987543042124,neural_inr,8,2
422,9,0.04045997713379722,4.830892611900119,neural_inr,8,2
422,10,0.013101463818991757,4.120729223071199,neural_inr,8,2
1190,1,0.004718884503048309,1.2936231915436385,neural_inr,8,2
1190,2,0.009802300923947582,1.3945420460874585,neural_inr,8,2
1190,3,0.00642761135823104,1.9430810053293515,neural_inr,8,2
1190,4,0.008750251286893884,2.1073545028821306,neural_inr,8,2
1190,5,0.025122162897606187,1.8177894112825526,neural_inr,8,2
1190,6,0.018299515681680464,2.3906100793838316,neural_inr,8,2
1190,7,0.013438206548714601,1.6318664382491936,neural_inr,8,2
1190,8,0.009692214058381795,1.928838387149013,neural_inr,8,2
1190,9,0.01885015519915981,2.0481709880551313,neural_inr,8,2
1190,10,0.012160532604579012,2.822894235178991,neural_inr,8,2
1826,1,0.005198701132441409,9.713035873830886,neural_inr,8,2
1826,2,0.01230042782736311,9.9640985322442,neural_inr,8,2
1826,3,0.007317975551491459,8.797044994193,neural_inr,8,2
1826,4,0.013126178610783133,10.374155862804669,neural_inr,8,2
1826,5,0.03519390761346115,9.63637521512226,neural_inr,8,2
1826,6,0.023503035539855652,9.45181926871002,neural_inr,8,2
1826,7,0.02281847134793578,9.358876840070717,neural_inr,8,2
1826,8,0.017472230488381018,8.733474955179965,neural_inr,8,2
1826,9,0.028626463790954987,8.889454455589712,neural_inr,8,2
2209,1,0.004954628539718156,1.1322173926729344,neural_inr,8,2
2209,2,0.009325802065678635,1.224295490579058,neural_inr,8,2
2209,3,0.0064934981446820575,2.3839931351483865,neural_inr,8,2
2209,4,0.007162736291457838,2.5103486541871325,neural_inr,8,2
2209,5,0.03579064617566393,1.6201519374277693,neural_inr,8,2
2209,6,0.02725895814983212,4.656458741595755,neural_inr,8,2
2209,7,0.1356442763095856,2.1917188646221275,neural_inr,8,2
2209,8,0.008429615868615474,3.4647496625536482,neural_inr,8,2
2209,10,0.010654090118207352,3.6226151463257894,neural_inr,8,2
2802,1,0.005501929550902289,1.0733320297498006,neural_inr,8,2
2802,2,0.012933381711919784,2.850232153991886,neural_inr,8,2
2802,3,0.009248983734301384,0.9301285930784243,neural_inr,8,2
2802,4,0.01479699174303001,2.474616891792929,neural_inr,8,2
2802,5,0.022159188920669162,5.064916307320828,neural_inr,8,2
2802,6,0.02289183335737528,0.5755298487902071,neural_inr,8,2
2802,7,0.023995752439140133,4.451218207106869,neural_inr,8,2
2802,8,0.025833633342324573,1.773819535301819,neural_inr,8,2
2802,9,0.0371614937193996,7.2893049199819835,neural_inr,8,2
3377,1,0.005889668976451992,13.075470376990086,neural_inr,8,2
3377,2,0.02368070157876472,18.87011304556653,neural_inr,8,2
3377,3,0.01889672955642475,11.527202599152567,neural_inr,8,2
3377,4,0.02901487496463577,15.691563018486839,neural_inr,8,2
3377,5,0.03437255825296,21.94277791227575,neural_inr,8,2
3377,6,0.037897171142743304,11.97190400332658,neural_inr,8,2
3377,7,0.041379628376072,24.504505793601098,neural_inr,8,2
3377,8,0.035550547224452125,10.985377187547149,neural_inr,8,2
3377,9,0.04731934644233864,21.57085588635421,neural_inr,8,2
3377,10,0.04579910019895361,18.293421136869597,neural_inr,8,2
3408,1,0.003018707624549917,1.4002340900623078,neural_inr,8,2
3408,2,0.00580610912058825,0.8252758829867873,neural_inr,8,2
3408,3,0.0035408149381593035,1.151351192417662,neural_inr,8,2
3408,4,0.005293628230896746,1.298279243504809,neural_inr,8,2
3408,5,0.02236330735429954,0.5387737939571082,neural_inr,8,2
3408,6,0.018846552761602204,1.7553344697819646,neural_inr,8,2
3408,7,0.009893486503384308,0.1614839773558197,neural_inr,8,2
3408,8,0.0057700045108059934,0.7488289029640766,neural_inr,8,2
3408,9,0.011646620343819164,0.3222070273673463,neural_inr,8,2
3408,10,0.13729779387940091,0.7940886049067285,neural_inr,8,2
4082,1,0.0028554408573986,0.08755430121725609,neural_inr,8,2
4082,2,0.006068278644052082,0.10543668677049538,neural_inr,8,2
4082,3,0.0034462892901295852,0.1656427592643644,neural_inr,8,2
4082,4,0.005120818513143375,0.04925672967262968,neural_inr,8,2
4082,5,0.02118126134254908,0.19557150144349683,neural_inr,8,2
4082,6,0.016644289824188342,0.4266414768886732,neural_inr,8,2
4082,7,0.009206732818339924,0.4579344171824777,neural_inr,8,2
4082,8,0.03205962467921732,0.2704096908723735,neural_inr,8,2
4082,9,0.03864650406507716,0.5585869270751196,neural_inr,8,2
4082,10,0.008888528349638039,0.13287830262182607,neural_inr,8,2
4352,1,0.01390208752821775,5.2412531071605075,neural_inr,8,2
4352,2,0.024325793236114657,4.5652509854228445,neural_inr,8,2
4352,3,0.02469550837472332,2.7486308584254386,neural_inr,8,2
4352,4,0.03227979469848037,3.5183821566823514,neural_inr,8,2
4352,5,0.031896337486731235,1.0688516719534162,neural_inr,8,2
4352,6,0.040235506637888684,0.3624012988338002,neural_inr,8,2
4352,7,0.04522746132385117,2.3136313451395565,neural_inr,8,2
4352,8,0.045050901447918325,1.7147121081746493,neural_inr,8,2
4352,9,0.0464773004232808,3.3236042137294803,neural_inr,8,2
4352,10,0.055484837746379384,1.1363346121831133,neural_inr,8,2
4470,1,0.0038776921589363236,5.88053540421518,neural_inr,8,2
4470,2,0.011388533453179852,4.130523526479293,neural_inr,8,2
4470,3,0.008033732886344203,5.962162608591265,neural_inr,8,2
4470,4,0.010988711135437965,4.944113710280096,neural_inr,8,2
4470,5,0.03209157330000698,2.5030845443288428,neural_inr,8,2
4470,6,0.04061682999344115,5.834884549174221,neural_inr,8,2
4470,7,0.01698472531501517,2.502009823857613,neural_inr,8,2
4470,8,0.011842050652393757,4.502583674711532,neural_inr,8,2
4470,9,0.0147635473220744,0.7257045889912711,neural_inr,8,2
4470,10,0.01741012668489749,3.1547066808367634,neural_inr,8,2
5873,1,0.016433352139541908,6.828996123039455,neural_inr,8,2
5873,2,0.021327105219124898,3.347455592267266,neural_inr,8,2
5873,3,0.012022699099111016,7.020617910467162,neural_inr,8,2
5873,4,0.01640875003922198,5.258000781415493,neural_inr,8,2
5873,5,0.034620403735278284,2.3692114187881383,neural_inr,8,2
5873,6,0.02718998221183487,6.59019446425323,neural_inr,8,2
5873,7,0.02991879253750446,0.13745887353915912,neural_inr,8,2
5873,8,0.14788067208058692,4.225688234115514,neural_inr,8,2
5873,9,0.15466100400419977,7.931472213373042,neural_inr,8,2
5873,10,0.03481358416792455,1.6848247687839166,neural_inr,8,2
6148,1,0.002713148709014767,4.374581735416033,neural_inr,8,2
6148,2,0.008023854418996614,4.045093942828994,neural_inr,8,2
6148,3,0.0047789762347306905,3.375978822839867,neural_inr,8,2
6148,4,0.005949422658074267,5.524299956812455,neural_inr,8,2
6148,5,0.027903134878274477,3.694911533168844,neural_inr,8,2
6148,6,0.016868592599528373,3.5482654278327344,neural_inr,8,2
6148,7,0.011745676662316856,3.7294838230479965,neural_inr,8,2
6148,8,0.006319646871741634,3.7022534019774094,neural_inr,8,2
6148,10,0.00771104462585301,4.820362571141464,neural_inr,8,2
7862,1,0.011746123148976086,3.1647833517875528,neural_inr,8,2
7862,2,0.02815623418803705,3.428996202229652,neural_inr,8,2
7862,3,0.021622579029781836,4.101597061291031,neural_inr,8,2
7862,4,0.03329682120248045,2.983561813245654,neural_inr,8,2
7862,5,0.045739046101887774,3.3994339928498443,neural_inr,8,2
7862,6,0.028004658930260495,4.1816230226878055,neural_inr,8,2
7862,7,0.052143495724546,3.1074598818992447,neural_inr,8,2
7862,8,0.029353615369459598,2.45213952480248,neural_inr,8,2
7862,9,0.05582944990003424,1.5291303345838203,neural_inr,8,2
7862,10,0.06129616737899147,2.333606187902071,neural_inr,8,2
8539,1,0.006221188513977124,0.6266566888242485,neural_inr,8,2
8539,2,0.010615367120353277,0.11367964007839348,neural_inr,8,2
8539,3,0.0077618325815189525,0.9007889857634872,neural_inr,8,2
8539,4,0.010033997889694913,0.0009839616217896493,neural_inr,8,2
8539,5,0.022215125766054215,0.726807514932487,neural_inr,8,2
8539,8,0.027674898925628195,0.28866124097250445,neural_inr,8,2
8539,9,0.03879014918629253,1.7005031185993458,neural_inr,8,2
8539,10,0.014168754742858797,0.8562893881827697,neural_inr,8,2
9311,1,0.020262925356595896,1.0650305851944457,neural_inr,8,2
9311,2,0.036615430618424274,1.584480941730326,neural_inr,8,2
9311,3,0.02672972943864202,2.0557773169800417,neural_inr,8,2
9311,6,0.0362400674417018,2.6925613778629764,neural_inr,8,2
9311,7,0.054301413224253185,1.9029421990697588,neural_inr,8,2
9311,8,0.03608581893311967,0.5913495030699835,neural_inr,8,2
9311,9,0.06234695430951789,6.446290972710756,neural_inr,8,2
9311,10,0.06794187817066889,0.3300023675671562,neural_inr,8,2
9779,1,0.021027201583916674,2.1933247061695167,neural_inr,8,2
9779,2,0.03227801546146847,4.162557962767897,neural_inr,8,2
9779,3,0.020778195933364097,1.7394361970463095,neural_inr,8,2
9779,4,0.025965713041979345,3.081716343555691,neural_inr,8,2
9779,5,0.04912827709834339,4.987794043108819,neural_inr,8,2
9779,6,0.02318882535814054,1.794615977160044,neural_inr,8,2
9779,7,0.03003393738697043,3.9430120450518777,neural_inr,8,2
9779,8,0.02418824760253094,2.337448241681918,neural_inr,8,2
9779,9,0.04789521878704695,5.622391565089375,neural_inr,8,2
9779,10,0.02517118143647262,4.497236829859023,neural_inr,8,2
422,1,0.0012258509281680436,0.0861934847622545,original_fixed_rbf,8,2
422,2,0.004338894203703927,6.340921700070711,original_fixed_rbf,8,2
422,3,0.0006269517397436735,2.041700927161568,original_fixed_rbf,8,2
422,4,0.0033636206798278636,1.5489480647449925,original_fixed_rbf,8,2
422,5,0.028567266671976788,0.43847712416400975,original_fixed_rbf,8,2
422,8,0.033895955617890265,1.926885526841537,original_fixed_rbf,8,2
422,9,0.03793762951284307,11.89744836315138,original_fixed_rbf,8,2
422,10,0.022170567592522273,0.6758357951355048,original_fixed_rbf,8,2
1190,1,0.0009340771428249547,3.2283954052503994,original_fixed_rbf,8,2
1190,2,0.017820158422919573,0.9177320995229779,original_fixed_rbf,8,2
1190,3,0.0045735403572224245,1.4198255289599389,original_fixed_rbf,8,2
1190,4,0.015047579714056509,2.0390223011480253,original_fixed_rbf,8,2
1190,5,0.026294147277794014,0.2935736274298936,original_fixed_rbf,8,2
1190,6,0.06408890514105767,1.8415150251587151,original_fixed_rbf,8,2
1190,7,0.030565276026750757,2.201556991561062,original_fixed_rbf,8,2
1190,8,0.021861372055775676,1.1139573903641171,original_fixed_rbf,8,2
1190,9,0.03440542066276485,6.168174414039556,original_fixed_rbf,8,2
1190,10,0.02575134816844504,0.48184890746269055,original_fixed_rbf,8,2
1826,1,0.004227444093358956,9.249737632576116,original_fixed_rbf,8,2
1826,2,0.004163166244831153,3.634952183831198,original_fixed_rbf,8,2
1826,3,0.005034410266154401,6.274094234201012,original_fixed_rbf,8,2
1826,4,0.00845720330939527,7.390856050889891,original_fixed_rbf,8,2
1826,5,0.07239981261901274,18.787368190842308,original_fixed_rbf,8,2
1826,6,0.010441087056135964,4.554582777897887,original_fixed_rbf,8,2
1826,7,0.011587117660784489,9.82089316746132,original_fixed_rbf,8,2
1826,8,0.006541132189176325,6.857612752193992,original_fixed_rbf,8,2
1826,9,0.01153898677475843,5.0920641150943915,original_fixed_rbf,8,2
2209,1,0.0026092986518046904,2.3907212391897352,original_fixed_rbf,8,2
2209,2,0.01358069253922892,3.392864932823785,original_fixed_rbf,8,2
2209,3,0.009816583965535907,0.4602276310057617,original_fixed_rbf,8,2
2209,4,0.014158876827585608,1.16556094664137,original_fixed_rbf,8,2
2209,5,0.047932802190947435,0.6942170158632358,original_fixed_rbf,8,2
2209,6,0.05357843887141672,5.139503434516835,original_fixed_rbf,8,2
2209,7,0.13744558296204876,1.7055317460770343,original_fixed_rbf,8,2
2209,8,0.01910538013058809,0.49577147665049154,original_fixed_rbf,8,2
2209,10,0.024061053798009328,0.6945211083754192,original_fixed_rbf,8,2
2802,1,0.007924241215562918,0.48463336484933706,original_fixed_rbf,8,2
2802,2,0.01506608179952557,5.6484411363801845,original_fixed_rbf,8,2
2802,3,0.005454745078755756,0.5750530751677952,original_fixed_rbf,8,2
2802,4,0.006881081227851286,1.3707193533220214,original_fixed_rbf,8,2
2802,5,0.018178197595328332,12.048693906334272,original_fixed_rbf,8,2
2802,6,0.020751212061882355,2.323684647158951,original_fixed_rbf,8,2
2802,7,0.0099326164226543,6.333458658331451,original_fixed_rbf,8,2
2802,8,0.02561230802862323,1.231569112084831,original_fixed_rbf,8,2
2802,9,0.02793668845783466,18.22515580156487,original_fixed_rbf,8,2
3377,1,0.007307103478683521,5.743689338491704,original_fixed_rbf,8,2
3377,2,0.014758037622424993,0.9466196306049564,original_fixed_rbf,8,2
3377,3,0.011623455336104685,4.688632064165837,original_fixed_rbf,8,2
3377,4,0.018821519951101078,4.513598729707928,original_fixed_rbf,8,2
3377,5,0.023864883858207616,11.983904971174347,original_fixed_rbf,8,2
3377,6,0.025305385558469534,3.9309340130420356,original_fixed_rbf,8,2
3377,7,0.02206604966237261,4.760287904313074,original_fixed_rbf,8,2
3377,8,0.024857407295064707,3.8920242634840045,original_fixed_rbf,8,2
3377,9,0.025357760005231572,4.646033318726715,original_fixed_rbf,8,2
3377,10,0.03240221988595845,1.7511206997202866,original_fixed_rbf,8,2
3408,1,0.004046840377516099,0.3994943452725215,original_fixed_rbf,8,2
3408,2,0.010084523894622607,3.4552514486000954,original_fixed_rbf,8,2
3408,3,0.007127926169531384,0.021909336276567295,original_fixed_rbf,8,2
3408,4,0.012710015806079765,1.730735550980461,original_fixed_rbf,8,2
3408,5,0.026558754211515597,8.242148801081923,original_fixed_rbf,8,2
3408,6,0.018475400384067756,1.2753229700853763,original_fixed_rbf,8,2
3408,7,0.023642115373046717,4.456906262255741,original_fixed_rbf,8,2
3408,8,0.01659612444063836,0.9561476067708231,original_fixed_rbf,8,2
3408,9,0.015144627324717132,8.26648896318892,original_fixed_rbf,8,2
3408,10,0.136505036233047,0.8679527072678712,original_fixed_rbf,8,2
4082,1,0.002461863874461233,1.6567918284890508,original_fixed_rbf,8,2
4082,2,0.015882328061369227,3.52789070582514,original_fixed_rbf,8,2
4082,3,0.003920185723486512,0.1778338937461061,original_fixed_rbf,8,2
4082,4,0.009885515219793091,1.2569820564367222,original_fixed_rbf,8,2
4082,5,0.029477318172398445,3.7211841277136455,original_fixed_rbf,8,2
4082,6,0.017976689176143656,0.48986024872092776,original_fixed_rbf,8,2
4082,7,0.026491007852706767,2.0514537892566667,original_fixed_rbf,8,2
4082,8,0.03613525881557629,0.7927332372917546,original_fixed_rbf,8,2
4082,9,0.03781136683298746,37.57361230114585,original_fixed_rbf,8,2
4082,10,0.022489813229544426,0.9526391574378964,original_fixed_rbf,8,2
4352,1,0.012174863079668346,4.842458440308856,original_fixed_rbf,8,2
4352,2,0.02605172227076717,2.4137240539309843,original_fixed_rbf,8,2
4352,3,0.024144519394210067,2.4473702496144045,original_fixed_rbf,8,2
4352,4,0.03372844909696701,0.8566595891399216,original_fixed_rbf,8,2
4352,5,0.03595262792498461,2.163042576104002,original_fixed_rbf,8,2
4352,6,0.035181522983938035,6.992692459384535,original_fixed_rbf,8,2
4352,7,0.041381830089214325,4.2169376436867605,original_fixed_rbf,8,2
4352,8,0.043069093169300014,5.042440330597705,original_fixed_rbf,8,2
4352,9,0.035813247783338796,12.496954910235708,original_fixed_rbf,8,2
4352,10,0.055288870131557914,0.5033277108303392,original_fixed_rbf,8,2
4470,1,0.011066643204485417,9.57492550044084,original_fixed_rbf,8,2
4470,2,0.022807995140006365,22.899427986345458,original_fixed_rbf,8,2
4470,3,0.010517774373390545,6.3069023291573245,original_fixed_rbf,8,2
4470,4,0.010436439801162885,6.456958926077909,original_fixed_rbf,8,2
4470,5,0.03492669056060418,32.65966323022383,original_fixed_rbf,8,2
4470,6,0.037253624397975804,5.252889478678842,original_fixed_rbf,8,2
4470,7,0.01601142306527079,24.50221090521015,original_fixed_rbf,8,2
4470,8,0.013798965939554058,7.590460354413753,original_fixed_rbf,8,2
4470,9,0.015568645393737967,47.770900140312534,original_fixed_rbf,8,2
4470,10,0.013616044311920513,5.938306960021155,original_fixed_rbf,8,2
5873,1,0.004069406497423058,5.034314163652139,original_fixed_rbf,8,2
5873,2,0.0061407495359395775,16.664161439038555,original_fixed_rbf,8,2
5873,3,0.0069859570268522775,5.594648612281332,original_fixed_rbf,8,2
5873,4,0.01981791984576134,3.313816136463731,original_fixed_rbf,8,2
5873,5,0.02641049596049758,19.492790578428057,original_fixed_rbf,8,2
5873,6,0.02527500387487702,4.276890243201618,original_fixed_rbf,8,2
5873,7,0.02790155167498348,14.151696434963876,original_fixed_rbf,8,2
5873,8,0.15924951876757076,4.811380868477359,original_fixed_rbf,8,2
5873,9,0.15792892552115798,32.836270355622986,original_fixed_rbf,8,2
5873,10,0.042260476937181275,1.879735649017528,original_fixed_rbf,8,2
6148,1,0.0034315442482722325,2.0403494294529634,original_fixed_rbf,8,2
6148,2,0.019030609932687646,2.1029058738056903,original_fixed_rbf,8,2
6148,3,0.009060004517536642,3.183652195746233,original_fixed_rbf,8,2
6148,4,0.013192942687865526,0.9395304467717651,original_fixed_rbf,8,2
6148,5,0.029209035890521488,2.3637484410250824,original_fixed_rbf,8,2
6148,6,0.05932784467754868,0.031352932813675204,original_fixed_rbf,8,2
6148,7,0.0296748235889994,3.0333755648259535,original_fixed_rbf,8,2
6148,8,0.021165181092838933,1.002114153100329,original_fixed_rbf,8,2
6148,10,0.024147893559645292,1.728918222192986,original_fixed_rbf,8,2
7862,1,0.026379634432580203,0.900251407417138,original_fixed_rbf,8,2
7862,2,0.04681185039154637,3.0721873179519856,original_fixed_rbf,8,2
7862,3,0.03125467897571699,1.4880386540654584,original_fixed_rbf,8,2
7862,4,0.05159900488819551,2.7329695553081645,original_fixed_rbf,8,2
7862,5,0.0703561572014751,5.5588847901513265,original_fixed_rbf,8,2
7862,6,0.027034794578623317,1.5991482449974666,original_fixed_rbf,8,2
7862,7,0.06510792600549933,6.32494430867446,original_fixed_rbf,8,2
7862,8,0.040752923567504096,0.5079367818326823,original_fixed_rbf,8,2
7862,9,0.08301015001302169,29.06591934843378,original_fixed_rbf,8,2
7862,10,0.07274624380228625,2.448434659263554,original_fixed_rbf,8,2
8539,1,0.002778283546508507,2.3466065179559696,original_fixed_rbf,8,2
8539,2,0.0049185781436916435,0.6521666465112715,original_fixed_rbf,8,2
8539,3,0.00461581524864688,0.17737816803076129,original_fixed_rbf,8,2
8539,4,0.013715512571598542,0.41619671036271205,original_fixed_rbf,8,2
8539,5,0.022082907710129576,2.507919339178876,original_fixed_rbf,8,2
8539,8,0.027829173835458153,0.28504577925753155,original_fixed_rbf,8,2
8539,9,0.03322400059310664,0.4892403920239361,original_fixed_rbf,8,2
8539,10,0.021427872280770133,0.14209051393326455,original_fixed_rbf,8,2
9311,1,0.028167062249535055,0.5798638950213446,original_fixed_rbf,8,2
9311,2,0.012483162989023902,1.5284355432501835,original_fixed_rbf,8,2
9311,3,0.016840140411653985,2.0759072905799543,original_fixed_rbf,8,2
9311,6,0.03184398456529301,0.49785237721122305,original_fixed_rbf,8,2
9311,7,0.03132886587445723,6.499512792792766,original_fixed_rbf,8,2
9311,8,0.023380237206202817,0.8653875694235345,original_fixed_rbf,8,2
9311,9,0.04049900863259096,10.115605225757482,original_fixed_rbf,8,2
9311,10,0.05208366554867085,3.6754887654184496,original_fixed_rbf,8,2
9779,1,0.0023094861149387308,1.722554412216766,original_fixed_rbf,8,2
9779,2,0.009686126655173943,7.481044549970903,original_fixed_rbf,8,2
9779,3,0.003958360743304806,3.415142254558294,original_fixed_rbf,8,2
9779,4,0.005491376161878404,3.6641345299087447,original_fixed_rbf,8,2
9779,5,0.01937328267364086,1.5336534059242906,original_fixed_rbf,8,2
9779,6,0.0173666333974126,3.1523094618129615,original_fixed_rbf,8,2
9779,7,0.011344189730660984,0.7961083847597156,original_fixed_rbf,8,2
9779,8,0.011746458226459458,4.116027307865665,original_fixed_rbf,8,2
9779,9,0.011062125596367378,50.65628534735445,original_fixed_rbf,8,2
9779,10,0.011776968984331086,4.245799136560009,original_fixed_rbf,8,2
422,1,0.0018658624393094168,1.2325028637617366,boundary_kernel_pca,16,2
422,2,0.004621204851037564,0.8565292456249771,boundary_kernel_pca,16,2
422,3,0.0006557345911780226,0.47452821251966226,boundary_kernel_pca,16,2
422,4,0.0018778527321744753,1.2743145695403362,boundary_kernel_pca,16,2
422,5,0.010713881369115143,2.1990850121695695,boundary_kernel_pca,16,2
422,8,0.03185787963590164,3.7810192885557212,boundary_kernel_pca,16,2
422,9,0.028795465949092113,1.2809782478315892,boundary_kernel_pca,16,2
422,10,0.014701108641446642,0.055728220281859,boundary_kernel_pca,16,2
1190,1,0.0020087117574827387,1.5972491055931515,boundary_kernel_pca,16,2
1190,2,0.010352289555379751,0.04917040454165389,boundary_kernel_pca,16,2
1190,3,0.0037440702521538373,0.34358014382550905,boundary_kernel_pca,16,2
1190,4,0.0035926649263299374,1.5474771171902784,boundary_kernel_pca,16,2
1190,5,0.026423820187046886,0.44028322335354486,boundary_kernel_pca,16,2
1190,6,0.010551750823139729,1.2982365510695624,boundary_kernel_pca,16,2
1190,7,0.01816270094606399,0.1776023502798515,boundary_kernel_pca,16,2
1190,8,0.01433619685342427,0.2131166020496825,boundary_kernel_pca,16,2
1190,9,0.01129255133521993,0.02942951220780581,boundary_kernel_pca,16,2
1190,10,0.02210489697081552,0.9005315477831,boundary_kernel_pca,16,2
1826,1,0.003784099343027251,0.9705925388583274,boundary_kernel_pca,16,2
1826,2,0.0024257325049752885,1.4227121474992492,boundary_kernel_pca,16,2
1826,3,0.004619391970747683,1.21674478701942,boundary_kernel_pca,16,2
1826,4,0.006878790302725073,1.5958035741552548,boundary_kernel_pca,16,2
1826,5,0.014204467002829037,2.6728093455818613,boundary_kernel_pca,16,2
1826,6,0.010819875648504779,0.08965073936308275,boundary_kernel_pca,16,2
1826,7,0.006708368763378706,1.4775804023779924,boundary_kernel_pca,16,2
1826,8,0.006472943289174219,2.525001686121402,boundary_kernel_pca,16,2
1826,9,0.007379183855206161,6.831784893609154,boundary_kernel_pca,16,2
2209,1,0.0008196449303562638,1.7456771468080938,boundary_kernel_pca,16,2
2209,2,0.0057462077818634045,2.4851303761282457,boundary_kernel_pca,16,2
2209,3,0.0057546709289388485,0.9786345409282345,boundary_kernel_pca,16,2
2209,4,0.003047886567819483,1.8761435852833395,boundary_kernel_pca,16,2
2209,5,0.021746406982621223,3.5488790142927593,boundary_kernel_pca,16,2
2209,6,0.011873922892922273,3.207086147317209,boundary_kernel_pca,16,2
2209,7,0.13787217332944057,3.084727234723213,boundary_kernel_pca,16,2
2209,8,0.013738126976693646,0.6320473232661186,boundary_kernel_pca,16,2
2209,10,0.022929054183474528,3.8444838354114936,boundary_kernel_pca,16,2
2802,1,0.015086557086938302,2.8651673054444773,boundary_kernel_pca,16,2
2802,2,0.017265973518803598,11.642323502029702,boundary_kernel_pca,16,2
2802,3,0.00415784356549886,0.1563825250901176,boundary_kernel_pca,16,2
2802,4,0.006231358387358269,3.019872789456218,boundary_kernel_pca,16,2
2802,5,0.016496504992488052,16.167827052838405,boundary_kernel_pca,16,2
2802,6,0.016423550992180406,0.6196898491341347,boundary_kernel_pca,16,2
2802,7,0.008660293353093755,10.284603484784618,boundary_kernel_pca,16,2
2802,8,0.02338098525784592,0.811329927897557,boundary_kernel_pca,16,2
2802,9,0.020357408804610726,11.57790817895005,boundary_kernel_pca,16,2
3377,1,0.011918693061086784,0.2852612076775163,boundary_kernel_pca,16,2
3377,2,0.020228752951249547,0.754784271743558,boundary_kernel_pca,16,2
3377,3,0.014605879178265689,0.5917825488893439,boundary_kernel_pca,16,2
3377,4,0.022371441802066877,1.1738571791393615,boundary_kernel_pca,16,2
3377,5,0.027438437589910217,1.4099997649458702,boundary_kernel_pca,16,2
3377,6,0.02667320138541774,0.7620411387273388,boundary_kernel_pca,16,2
3377,7,0.026081348654251584,0.11911172379958977,boundary_kernel_pca,16,2
3377,8,0.027296847922980136,0.0878293890912463,boundary_kernel_pca,16,2
3377,9,0.03493916762877744,1.696207467018938,boundary_kernel_pca,16,2
3377,10,0.03570215415598704,1.1832109223321785,boundary_kernel_pca,16,2
3408,1,0.002195108324334954,0.13892897450191144,boundary_kernel_pca,16,2
3408,2,0.007000857682458159,7.1034551668712345,boundary_kernel_pca,16,2
3408,3,0.004203667630699617,1.0938072437218356,boundary_kernel_pca,16,2
3408,4,0.005338391811950552,0.7145783845700729,boundary_kernel_pca,16,2
3408,5,0.02664039794083123,9.586906312940506,boundary_kernel_pca,16,2
3408,6,0.014663270127209485,2.513162640359582,boundary_kernel_pca,16,2
3408,7,0.011791366670590908,6.424707615027456,boundary_kernel_pca,16,2
3408,8,0.021118826632002118,1.228364313109015,boundary_kernel_pca,16,2
3408,9,0.01546194088374449,4.209440655514398,boundary_kernel_pca,16,2
3408,10,0.13674856995651125,3.7284364366851843,boundary_kernel_pca,16,2
4082,1,0.003150017553678232,0.5599222081806328,boundary_kernel_pca,16,2
4082,2,0.004698567119648213,1.6458926589198053,boundary_kernel_pca,16,2
4082,3,0.0023889147030699987,0.6955931001426096,boundary_kernel_pca,16,2
4082,4,0.0031619208908515487,0.4651518715811752,boundary_kernel_pca,16,2
4082,5,0.025695176703877526,9.447090064157251,boundary_kernel_pca,16,2
4082,6,0.011677811698126707,0.0037277399503132026,boundary_kernel_pca,16,2
4082,7,0.005631123583719915,2.743951407990421,boundary_kernel_pca,16,2
4082,8,0.0364219282647321,0.5510081518245867,boundary_kernel_pca,16,2
4082,9,0.03166543446491304,24.69692860266346,boundary_kernel_pca,16,2
4082,10,0.024090833227679995,3.2763876483860304,boundary_kernel_pca,16,2
4352,1,0.011629684501253236,1.3699692509856807,boundary_kernel_pca,16,2
4352,2,0.024392501215998445,4.202364225788486,boundary_kernel_pca,16,2
4352,3,0.02371854304350881,3.448625991625844,boundary_kernel_pca,16,2
4352,4,0.03480887656594756,5.395709229162625,boundary_kernel_pca,16,2
4352,5,0.03884045827425266,7.355840349705366,boundary_kernel_pca,16,2
4352,6,0.03744072237250698,7.47645285815504,boundary_kernel_pca,16,2
4352,7,0.04323107349556847,9.056296182861866,boundary_kernel_pca,16,2
4352,8,0.04557916593885583,8.201044628973623,boundary_kernel_pca,16,2
4352,9,0.0539587518765093,11.784562304311844,boundary_kernel_pca,16,2
4352,10,0.057388611356981284,11.220331738220834,boundary_kernel_pca,16,2
4470,1,0.01369273915837302,4.731982687912806,boundary_kernel_pca,16,2
4470,2,0.015270989554700104,16.472181993544503,boundary_kernel_pca,16,2
4470,3,0.009426678912403064,1.0811482914280786,boundary_kernel_pca,16,2
4470,4,0.011658025545863707,5.368538532315834,boundary_kernel_pca,16,2
4470,5,0.04636635344781354,31.46406006643751,boundary_kernel_pca,16,2
4470,6,0.031233439988987713,1.6120069844341685,boundary_kernel_pca,16,2
4470,7,0.016829592104960683,16.74048267049157,boundary_kernel_pca,16,2
4470,8,0.038897793570113325,3.73222207970282,boundary_kernel_pca,16,2
4470,9,0.038649347912250415,42.878347302013154,boundary_kernel_pca,16,2
4470,10,0.038967943437198324,10.793043872906503,boundary_kernel_pca,16,2
5873,1,0.021511953483682275,6.073658959582781,boundary_kernel_pca,16,2
5873,2,0.012996360788415302,12.62213092670138,boundary_kernel_pca,16,2
5873,3,0.006757282869090253,2.126985488263021,boundary_kernel_pca,16,2
5873,4,0.01611261201522484,6.1039120569608345,boundary_kernel_pca,16,2
5873,5,0.012426243725759397,23.72002270740644,boundary_kernel_pca,16,2
5873,6,0.014104804747323181,1.9347721935955091,boundary_kernel_pca,16,2
5873,7,0.014473986646886703,9.808169038125484,boundary_kernel_pca,16,2
5873,8,0.15552015468007346,0.553320266976879,boundary_kernel_pca,16,2
5873,9,0.15429088650809547,30.233759389242646,boundary_kernel_pca,16,2
5873,10,0.04454089525747335,6.015435617555701,boundary_kernel_pca,16,2
6148,1,0.0018381781974910936,2.7433282717958134,boundary_kernel_pca,16,2
6148,2,0.006698059324830061,3.9349234941179585,boundary_kernel_pca,16,2
6148,3,0.0046263376385442395,2.9010115941307313,boundary_kernel_pca,16,2
6148,4,0.001679019569565585,2.4234923679916327,boundary_kernel_pca,16,2
6148,5,0.08909524753379415,3.927148489521912,boundary_kernel_pca,16,2
6148,6,0.08731008773898463,3.7439441637973068,boundary_kernel_pca,16,2
6148,7,0.00911740080826344,3.333695604141964,boundary_kernel_pca,16,2
6148,8,0.016261961183699842,2.822589408412925,boundary_kernel_pca,16,2
6148,10,0.007131459008356397,3.594882150627896,boundary_kernel_pca,16,2
7862,1,0.02856859496630453,1.2596021581446504,boundary_kernel_pca,16,2
7862,2,0.04263060551637545,10.230620576483952,boundary_kernel_pca,16,2
7862,3,0.030102695138402732,0.8542321406351282,boundary_kernel_pca,16,2
7862,4,0.044911425753962196,2.5481358697507965,boundary_kernel_pca,16,2
7862,5,0.025127418939534598,18.160247028952494,boundary_kernel_pca,16,2
7862,6,0.008865921567554547,0.4999249864415168,boundary_kernel_pca,16,2
7862,7,0.05544340798668579,11.14673434489969,boundary_kernel_pca,16,2
7862,8,0.04039962843515018,0.45141369294867156,boundary_kernel_pca,16,2
7862,9,0.03842025149924818,25.445820080493423,boundary_kernel_pca,16,2
7862,10,0.05943971101960643,7.881387808694654,boundary_kernel_pca,16,2
8539,1,0.0029890244169984326,0.10062458171817486,boundary_kernel_pca,16,2
8539,2,0.006160509864451438,1.3748070297990238,boundary_kernel_pca,16,2
8539,3,0.003349244280509792,0.6811254311918009,boundary_kernel_pca,16,2
8539,4,0.0057153696901858855,0.24448688983612366,boundary_kernel_pca,16,2
8539,5,0.01864445492535361,2.3310819568216274,boundary_kernel_pca,16,2
8539,8,0.02690855730020342,0.6575167879359614,boundary_kernel_pca,16,2
8539,9,0.023430959772428893,0.14544853088054438,boundary_kernel_pca,16,2
8539,10,0.023084612709284743,1.5123228430931657,boundary_kernel_pca,16,2
9311,1,0.008835520766056705,3.759246290199304,boundary_kernel_pca,16,2
9311,2,0.012219578988391225,6.082583905973558,boundary_kernel_pca,16,2
9311,3,0.009405367803955005,2.5172042571289777,boundary_kernel_pca,16,2
9311,6,0.028619962960636226,2.4388811965259354,boundary_kernel_pca,16,2
9311,7,0.019621892941812713,6.311319487186476,boundary_kernel_pca,16,2
9311,8,0.03304182537674796,2.7210055385499197,boundary_kernel_pca,16,2
9311,9,0.007804362498667439,4.405095794830947,boundary_kernel_pca,16,2
9311,10,0.01696642128102127,4.235076896139644,boundary_kernel_pca,16,2
9779,1,0.008731921182862928,0.9627571050230979,boundary_kernel_pca,16,2
9779,2,0.008254044962333883,7.156012302653431,boundary_kernel_pca,16,2
9779,3,0.003389825636729284,4.563013450646182,boundary_kernel_pca,16,2
9779,4,0.006315955960984929,0.7200407630115204,boundary_kernel_pca,16,2
9779,5,0.016669215907811792,19.44335041221478,boundary_kernel_pca,16,2
9779,6,0.014585480184425074,0.8952769769219844,boundary_kernel_pca,16,2
9779,7,0.008529879585961568,8.991795152262302,boundary_kernel_pca,16,2
9779,8,0.013925126235512803,5.0765290294144885,boundary_kernel_pca,16,2
9779,9,0.008288711862609597,49.38965729711339,boundary_kernel_pca,16,2
9779,10,0.017934659317860147,10.838000492464406,boundary_kernel_pca,16,2
422,1,0.0026597941842185996,1.2325028637617366,output_pca,16,2
422,2,0.005447210112136597,0.8565292456249771,output_pca,16,2
422,3,0.0006357620450408647,0.47452821251966226,output_pca,16,2
422,4,0.0013792563376271818,1.2743145695403362,output_pca,16,2
422,5,0.01530310257919666,2.1990850121695695,output_pca,16,2
422,8,0.0319432301747771,3.7810192885557212,output_pca,16,2
422,9,0.03442304555181324,1.2809782478315892,output_pca,16,2
422,10,0.016397321680457204,0.055728220281859,output_pca,16,2
1190,1,0.0025721328678836655,1.5972491055931515,output_pca,16,2
1190,2,0.010446211472616401,0.04917040454165389,output_pca,16,2
1190,3,0.004602040268410545,0.34358014382550905,output_pca,16,2
1190,4,0.0022817734013358786,1.5474771171902784,output_pca,16,2
1190,5,0.05268295590387553,0.44028322335354486,output_pca,16,2
1190,6,0.009021742506519926,1.2982365510695624,output_pca,16,2
1190,7,0.013373712996979453,0.1776023502798515,output_pca,16,2
1190,8,0.013308956765850423,0.2131166020496825,output_pca,16,2
1190,9,0.019195201904796975,0.02942951220780581,output_pca,16,2
1190,10,0.022887059458538812,0.9005315477831,output_pca,16,2
1826,1,0.002141065174093157,0.9705925388583274,output_pca,16,2
1826,2,0.0023906179037476824,1.4227121474992492,output_pca,16,2
1826,3,0.004136943924475495,1.21674478701942,output_pca,16,2
1826,4,0.00814936774177457,1.5958035741552548,output_pca,16,2
1826,5,0.013955404183191699,2.6728093455818613,output_pca,16,2
1826,6,0.010557526146931891,0.08965073936308275,output_pca,16,2
1826,7,0.006193006932004434,1.4775804023779924,output_pca,16,2
1826,8,0.006516165186867127,2.525001686121402,output_pca,16,2
1826,9,0.007125200214883308,6.831784893609154,output_pca,16,2
2209,1,0.0009265312666048831,1.7456771468080938,output_pca,16,2
2209,2,0.005722494993013639,2.4851303761282457,output_pca,16,2
2209,3,0.0075158064109187035,0.9786345409282345,output_pca,16,2
2209,4,0.0027876940666510083,1.8761435852833395,output_pca,16,2
2209,5,0.03711415082747542,3.5488790142927593,output_pca,16,2
2209,6,0.010884050159572193,3.207086147317209,output_pca,16,2
2209,7,0.1380559022370888,3.084727234723213,output_pca,16,2
2209,8,0.013996274853148296,0.6320473232661186,output_pca,16,2
2209,10,0.022549399959785738,3.8444838354114936,output_pca,16,2
2802,1,0.016419622623707063,2.8651673054444773,output_pca,16,2
2802,2,0.0197110113698496,11.642323502029702,output_pca,16,2
2802,3,0.004241268739869901,0.1563825250901176,output_pca,16,2
2802,4,0.0056814883605355825,3.019872789456218,output_pca,16,2
2802,5,0.016102347542103827,16.167827052838405,output_pca,16,2
2802,6,0.01644034062803837,0.6196898491341347,output_pca,16,2
2802,7,0.012406546618639443,10.284603484784618,output_pca,16,2
2802,8,0.022889599906529064,0.811329927897557,output_pca,16,2
2802,9,0.038539270040718804,11.57790817895005,output_pca,16,2
3377,1,0.01122460279203099,0.2852612076775163,output_pca,16,2
3377,2,0.020729648410513713,0.754784271743558,output_pca,16,2
3377,3,0.014329855958838745,0.5917825488893439,output_pca,16,2
3377,4,0.023650714678512756,1.1738571791393615,output_pca,16,2
3377,5,0.023276081396543403,1.4099997649458702,output_pca,16,2
3377,6,0.026417977170993284,0.7620411387273388,output_pca,16,2
3377,7,0.027084160875821526,0.11911172379958977,output_pca,16,2
3377,8,0.027218197933283242,0.0878293890912463,output_pca,16,2
3377,9,0.03926874487107102,1.696207467018938,output_pca,16,2
3377,10,0.03620001207634756,1.1832109223321785,output_pca,16,2
3408,1,0.0023694788521693828,0.13892897450191144,output_pca,16,2
3408,2,0.00696910705009965,7.1034551668712345,output_pca,16,2
3408,3,0.006302372545511394,1.0938072437218356,output_pca,16,2
3408,4,0.0061653162508642475,0.7145783845700729,output_pca,16,2
3408,5,0.023904938526345954,9.586906312940506,output_pca,16,2
3408,6,0.013820283359604767,2.513162640359582,output_pca,16,2
3408,7,0.014795875049709755,6.424707615027456,output_pca,16,2
3408,8,0.0183939481302496,1.228364313109015,output_pca,16,2
3408,9,0.01605382439799017,4.209440655514398,output_pca,16,2
3408,10,0.13680931024907267,3.7284364366851843,output_pca,16,2
4082,1,0.0029999868795550838,0.5599222081806328,output_pca,16,2
4082,2,0.005442889453291345,1.6458926589198053,output_pca,16,2
4082,3,0.0038062488095326557,0.6955931001426096,output_pca,16,2
4082,4,0.0038446106211118924,0.4651518715811752,output_pca,16,2
4082,5,0.025456071797929896,9.447090064157251,output_pca,16,2
4082,6,0.010276180834322593,0.0037277399503132026,output_pca,16,2
4082,7,0.013341572887546505,2.743951407990421,output_pca,16,2
4082,8,0.03464862094235362,0.5510081518245867,output_pca,16,2
4082,9,0.03476361168276005,24.69692860266346,output_pca,16,2
4082,10,0.024569760706925115,3.2763876483860304,output_pca,16,2
4352,1,0.011296078096667809,1.3699692509856807,output_pca,16,2
4352,2,0.024756389839444167,4.202364225788486,output_pca,16,2
4352,3,0.024139446461421084,3.448625991625844,output_pca,16,2
4352,4,0.03480691873341174,5.395709229162625,output_pca,16,2
4352,5,0.04127671537568253,7.355840349705366,output_pca,16,2
4352,6,0.03744371484384919,7.47645285815504,output_pca,16,2
4352,7,0.0449727898319298,9.056296182861866,output_pca,16,2
4352,8,0.045600635023731524,8.201044628973623,output_pca,16,2
4352,9,0.054314359451559185,11.784562304311844,output_pca,16,2
4352,10,0.05725965897958543,11.220331738220834,output_pca,16,2
4470,1,0.012308482183469223,4.731982687912806,output_pca,16,2
4470,2,0.016829105258526194,16.472181993544503,output_pca,16,2
4470,3,0.010202773353972381,1.0811482914280786,output_pca,16,2
4470,4,0.011662946747029551,5.368538532315834,output_pca,16,2
4470,5,0.03269005439760211,31.46406006643751,output_pca,16,2
4470,6,0.03121190904752059,1.6120069844341685,output_pca,16,2
4470,7,0.020843186552206624,16.74048267049157,output_pca,16,2
4470,8,0.03707679334488343,3.73222207970282,output_pca,16,2
4470,9,0.01524636139104561,42.878347302013154,output_pca,16,2
4470,10,0.036421774407516934,10.793043872906503,output_pca,16,2
5873,1,0.022836832299937916,6.073658959582781,output_pca,16,2
5873,2,0.014766671105294227,12.62213092670138,output_pca,16,2
5873,3,0.006578217414946795,2.126985488263021,output_pca,16,2
5873,4,0.016843227330366948,6.1039120569608345,output_pca,16,2
5873,5,0.025004941816950014,23.72002270740644,output_pca,16,2
5873,6,0.014214035711897307,1.9347721935955091,output_pca,16,2
5873,7,0.014879037754886481,9.808169038125484,output_pca,16,2
5873,8,0.15546581331909404,0.553320266976879,output_pca,16,2
5873,9,0.15655873767216913,30.233759389242646,output_pca,16,2
5873,10,0.04512557235683215,6.015435617555701,output_pca,16,2
6148,1,0.0016789158055221846,2.7433282717958134,output_pca,16,2
6148,2,0.006903894896829344,3.9349234941179585,output_pca,16,2
6148,3,0.005985448044306264,2.9010115941307313,output_pca,16,2
6148,4,0.0018501815463021446,2.4234923679916327,output_pca,16,2
6148,5,0.06092256901214709,3.927148489521912,output_pca,16,2
6148,6,0.08821438906886978,3.7439441637973068,output_pca,16,2
6148,7,0.013710833420126623,3.333695604141964,output_pca,16,2
6148,8,0.016205956346399424,2.822589408412925,output_pca,16,2
6148,10,0.00845327704030471,3.594882150627896,output_pca,16,2
7862,1,0.028503612556895232,1.2596021581446504,output_pca,16,2
7862,2,0.0438687544639944,10.230620576483952,output_pca,16,2
7862,3,0.030849112253054166,0.8542321406351282,output_pca,16,2
7862,4,0.0459182573347697,2.5481358697507965,output_pca,16,2
7862,5,0.06484437454103588,18.160247028952494,output_pca,16,2
7862,6,0.008809970520616528,0.4999249864415168,output_pca,16,2
7862,7,0.0561889794998796,11.14673434489969,output_pca,16,2
7862,8,0.04011595224868762,0.45141369294867156,output_pca,16,2
7862,9,0.08142433868229045,25.445820080493423,output_pca,16,2
7862,10,0.059839077634561845,7.881387808694654,output_pca,16,2
8539,1,0.003793724069532484,0.10062458171817486,output_pca,16,2
8539,2,0.00600663426996709,1.3748070297990238,output_pca,16,2
8539,3,0.0041983831501763635,0.6811254311918009,output_pca,16,2
8539,4,0.005364518332584085,0.24448688983612366,output_pca,16,2
8539,5,0.02449345632932189,2.3310819568216274,output_pca,16,2
8539,8,0.02611827879199532,0.6575167879359614,output_pca,16,2
8539,9,0.024669115333433043,0.14544853088054438,output_pca,16,2
8539,10,0.02320902584368006,1.5123228430931657,output_pca,16,2
9311,1,0.010482372496126062,3.759246290199304,output_pca,16,2
9311,2,0.011123106352039815,6.082583905973558,output_pca,16,2
9311,3,0.022485911922751175,2.5172042571289777,output_pca,16,2
9311,6,0.028524456057443106,2.4388811965259354,output_pca,16,2
9311,7,0.008328431360462372,6.311319487186476,output_pca,16,2
9311,8,0.031162976656227342,2.7210055385499197,output_pca,16,2
9311,9,0.024894983678575587,4.405095794830947,output_pca,16,2
9311,10,0.016681052948998472,4.235076896139644,output_pca,16,2
9779,1,0.011826554000722857,0.9627571050230979,output_pca,16,2
9779,2,0.009483014195219536,7.156012302653431,output_pca,16,2
9779,3,0.0035971951838416933,4.563013450646182,output_pca,16,2
9779,4,0.006515654431369872,0.7200407630115204,output_pca,16,2
9779,5,0.015547106483251022,19.44335041221478,output_pca,16,2
9779,6,0.014088915823445998,0.8952769769219844,output_pca,16,2
9779,7,0.00844533601948606,8.991795152262302,output_pca,16,2
9779,8,0.011927697693287128,5.0765290294144885,output_pca,16,2
9779,9,0.010761288104597474,49.38965729711339,output_pca,16,2
9779,10,0.020124592694184196,10.838000492464406,output_pca,16,2
422,1,0.006370390151587487,4.257513960024232,direct_hf,16,2
422,2,0.00860553957801982,5.238502578557654,direct_hf,16,2
422,3,0.006286207699752144,5.338476834845519,direct_hf,16,2
422,4,0.008384932446985677,6.8020681744311755,direct_hf,16,2
422,5,0.02364506332222208,7.927817495863064,direct_hf,16,2
422,8,0.12068559229977545,6.8738508187139855,direct_hf,16,2
422,9,0.13049054364532325,5.168246277780215,direct_hf,16,2
422,10,0.01671438048161764,5.39179944266982,direct_hf,16,2
1190,1,0.009163122349067654,7.643916592675393,direct_hf,16,2
1190,2,0.0063039768996498765,0.5304765324656053,direct_hf,16,2
1190,3,0.005204570781321185,9.74347483600234,direct_hf,16,2
1190,4,0.011911067818229074,9.110077733003617,direct_hf,16,2
1190,5,0.09912266922478828,3.7179163939201407,direct_hf,16,2
1190,6,0.08212578921509443,11.517037535590207,direct_hf,16,2
1190,7,0.013682176210150138,0.11310964814333559,direct_hf,16,2
1190,8,0.013969584601515204,3.7356845036256123,direct_hf,16,2
1190,9,0.010134689554388463,5.42965280690438,direct_hf,16,2
1190,10,0.018456167034895044,1.3984730152624711,direct_hf,16,2
1826,1,0.007066627352310658,0.15474759064909685,direct_hf,16,2
1826,2,0.007054690351340957,4.25394029771423,direct_hf,16,2
1826,3,0.0054288372593737245,4.408943760696971,direct_hf,16,2
1826,4,0.011338765053180686,3.343964481528987,direct_hf,16,2
1826,5,0.05852837897421978,12.27996118409066,direct_hf,16,2
1826,6,0.06875650665204582,3.3453160771484876,direct_hf,16,2
1826,7,0.005542962329138504,5.398722046702391,direct_hf,16,2
1826,8,0.007136012871223815,4.710822356779192,direct_hf,16,2
1826,9,0.010192561674940714,9.204314566017919,direct_hf,16,2
2209,1,0.006207297932800826,2.3875329726042294,direct_hf,16,2
2209,2,0.016858380639494578,0.7293073160010581,direct_hf,16,2
2209,3,0.018400424359699994,13.658191436695096,direct_hf,16,2
2209,4,0.01646126153411827,1.1320713790174652,direct_hf,16,2
2209,5,0.05512912642908511,5.948199801178208,direct_hf,16,2
2209,6,0.042976551340678376,9.04233200254907,direct_hf,16,2
2209,7,0.25135518461096934,0.874539130118908,direct_hf,16,2
2209,8,0.02885288390182555,7.7127183755029245,direct_hf,16,2
2209,10,0.035549366220915556,3.6949129325211403,direct_hf,16,2
2802,1,0.0038454950111592614,10.62310028571795,direct_hf,16,2
2802,2,0.009232725482861838,12.85644944223145,direct_hf,16,2
2802,3,0.015855621010472828,6.782464457762505,direct_hf,16,2
2802,4,0.0057081542012780056,6.0195537458897865,direct_hf,16,2
2802,5,0.027655202513231336,21.367075460982687,direct_hf,16,2
2802,6,0.033635933750000735,8.846432596866673,direct_hf,16,2
2802,7,0.015943778790890345,14.943555426864298,direct_hf,16,2
2802,8,0.011013550754954159,5.376432624028449,direct_hf,16,2
2802,9,0.011996176748176749,28.068380425251178,direct_hf,16,2
3377,1,0.02239394246173848,11.89980616049095,direct_hf,16,2
3377,2,0.02534935315043291,26.79835559482541,direct_hf,16,2
3377,3,0.03055236019399479,23.471060839907025,direct_hf,16,2
3377,4,0.02452476226651198,27.647559604634896,direct_hf,16,2
3377,5,0.09017848107680518,36.352490355088825,direct_hf,16,2
3377,6,0.10343789730651472,27.33861737328165,direct_hf,16,2
3377,7,0.025258599177920487,40.03165566848212,direct_hf,16,2
3377,8,0.01729903458171018,25.34544259302677,direct_hf,16,2
3377,9,0.024052453541124154,38.955998938605376,direct_hf,16,2
3377,10,0.021032080476452865,38.972371449095405,direct_hf,16,2
3408,1,0.0035185813111723928,32.90773196742496,direct_hf,16,2
3408,2,0.009474936558062964,44.949959359683376,direct_hf,16,2
3408,3,0.010759049886412183,28.160561215284353,direct_hf,16,2
3408,4,0.010592029772926398,26.278798141638372,direct_hf,16,2
3408,5,0.026291522067281387,42.858797207635504,direct_hf,16,2
3408,6,0.033419680526126046,23.024495112385882,direct_hf,16,2
3408,7,0.01987747930604405,42.10483984302432,direct_hf,16,2
3408,8,0.03792694487727497,27.28781484975095,direct_hf,16,2
3408,9,0.04608224903269078,44.716325279803144,direct_hf,16,2
3408,10,0.16113186080970873,29.902056660524888,direct_hf,16,2
4082,1,0.002840260122661667,4.546855062785751,direct_hf,16,2
4082,2,0.007673269348052027,12.035090482628414,direct_hf,16,2
4082,3,0.007533587852311689,4.039743182129265,direct_hf,16,2
4082,4,0.01058682061494192,3.8877646122080063,direct_hf,16,2
4082,5,0.02138386975974931,4.597992669958323,direct_hf,16,2
4082,6,0.026147892140350903,4.322802691600476,direct_hf,16,2
4082,7,0.02272203230961123,13.604919930781953,direct_hf,16,2
4082,8,0.0720630639720398,1.1907167028940198,direct_hf,16,2
4082,9,0.08489147157793459,8.423688693117207,direct_hf,16,2
4082,10,0.02112940225133849,1.078609129447698,direct_hf,16,2
4352,1,0.005721181670416803,8.986158091912769,direct_hf,16,2
4352,2,0.007736275730982496,9.606860537690435,direct_hf,16,2
4352,3,0.005426839599158834,5.6972685768375255,direct_hf,16,2
4352,4,0.006992652315730384,7.702024631408999,direct_hf,16,2
4352,5,0.07643307965403293,8.951809790974606,direct_hf,16,2
4352,6,0.07006077516305997,10.698317906798508,direct_hf,16,2
4352,7,0.016071555005400844,15.046401154852054,direct_hf,16,2
4352,8,0.0066373703594774305,1.7118942800871497,direct_hf,16,2
4352,9,0.011380125070717553,10.242320369527956,direct_hf,16,2
4352,10,0.022111974986121483,10.760262763496257,direct_hf,16,2
4470,1,0.007298695159157837,0.5795578637162707,direct_hf,16,2
4470,2,0.012898174067331753,4.926625669255331,direct_hf,16,2
4470,3,0.016205947138197004,5.804305368821929,direct_hf,16,2
4470,4,0.011485016962801407,1.3003779322117395,direct_hf,16,2
4470,5,0.053595712930542695,12.695369298743735,direct_hf,16,2
4470,6,0.051720056538824166,2.2181090021798093,direct_hf,16,2
4470,7,0.015551719450895838,7.190108179551705,direct_hf,16,2
4470,8,0.017253553739041656,1.1929440483750593,direct_hf,16,2
4470,9,0.02235649731581452,19.161454422771747,direct_hf,16,2
4470,10,0.03718135201144406,4.0873176190925875,direct_hf,16,2
5873,1,0.0011194566800107806,0.5860352933700725,direct_hf,16,2
5873,2,0.00899914445525054,18.595273731250522,direct_hf,16,2
5873,3,0.01351079099734507,4.77413398859345,direct_hf,16,2
5873,4,0.0016997664507801024,4.9895731073837055,direct_hf,16,2
5873,5,0.037146358452562415,18.196147110968166,direct_hf,16,2
5873,6,0.02734116827513678,2.4053454097240317,direct_hf,16,2
5873,7,0.016466860209596142,18.752405746041187,direct_hf,16,2
5873,8,0.01093014132974501,4.412343577370385,direct_hf,16,2
5873,9,0.016994110387252494,22.07889516117679,direct_hf,16,2
5873,10,0.04399708733471355,5.114491243779134,direct_hf,16,2
6148,1,0.0033758982111037747,16.064131230346025,direct_hf,16,2
6148,2,0.0055924517678801015,2.2856140695444926,direct_hf,16,2
6148,3,0.006652250669984142,18.132364361976176,direct_hf,16,2
6148,4,0.006890642240366363,17.2119313202737,direct_hf,16,2
6148,5,0.1652455992565363,9.233177161548856,direct_hf,16,2
6148,6,0.15320663652553856,18.727078249243288,direct_hf,16,2
6148,7,0.011513943597493359,3.625569268287563,direct_hf,16,2
6148,8,0.015163763568251576,15.251593529800227,direct_hf,16,2
6148,10,0.023054811701153848,14.027583175192335,direct_hf,16,2
7862,1,0.005284247156730775,8.700668820779233,direct_hf,16,2
7862,2,0.013045379180469444,1.2688685866980824,direct_hf,16,2
7862,3,0.007010456038314728,3.804363958439455,direct_hf,16,2
7862,4,0.012641358102537609,14.303606996254048,direct_hf,16,2
7862,5,0.008241239944210126,5.645951225223755,direct_hf,16,2
7862,6,0.005613326752623638,4.629643601645558,direct_hf,16,2
7862,7,0.017672427950561485,2.6735522895240558,direct_hf,16,2
7862,8,0.016592807128211578,3.542873488601009,direct_hf,16,2
7862,9,0.02312380189314972,4.873616957564875,direct_hf,16,2
7862,10,0.0257386880076464,13.291792528189687,direct_hf,16,2
8539,1,0.003455418589901864,1.0435740742012454,direct_hf,16,2
8539,2,0.004217571857831681,12.483749330383176,direct_hf,16,2
8539,3,0.005385508821044862,0.5160810243676162,direct_hf,16,2
8539,4,0.0072572718219379145,3.8848231923310945,direct_hf,16,2
8539,5,0.025625733835963085,11.822788404473323,direct_hf,16,2
8539,8,0.09844157543578358,6.640324449030881,direct_hf,16,2
8539,9,0.11055321744286645,18.96389020917347,direct_hf,16,2
8539,10,0.022849929078368397,0.21369224327740374,direct_hf,16,2
9311,1,0.0023324308028159256,0.7544742483624073,direct_hf,16,2
9311,2,0.010440964175563571,12.963829662484656,direct_hf,16,2
9311,3,0.008255372174408486,2.7376184445826213,direct_hf,16,2
9311,6,0.010493692572233263,2.595423283761573,direct_hf,16,2
9311,7,0.01177602747115106,14.929794182467143,direct_hf,16,2
9311,8,0.019702854419934152,3.4868755755533813,direct_hf,16,2
9311,9,0.01547852073509363,14.93466621234312,direct_hf,16,2
9311,10,0.016574181010426008,0.4427826259381348,direct_hf,16,2
9779,1,0.008012395510458093,1.757097816832351,direct_hf,16,2
9779,2,0.024715309611554676,4.683041746439211,direct_hf,16,2
9779,3,0.017276068161477726,3.6878359541866614,direct_hf,16,2
9779,4,0.02905853607451872,2.635938180501136,direct_hf,16,2
9779,5,0.021719496777731315,4.229352622834361,direct_hf,16,2
9779,6,0.026600152665044608,6.897387138080281,direct_hf,16,2
9779,7,0.04039125326397059,4.001278306209256,direct_hf,16,2
9779,8,0.033293276599266654,3.9759115198892854,direct_hf,16,2
9779,9,0.041535476138658586,6.138006428762716,direct_hf,16,2
9779,10,0.04014244748218072,6.624963654962756,direct_hf,16,2
422,1,0.0007055266320414802,1.1157098176499725,cokriging,16,2
422,2,0.0008546985280048108,2.9985428889634376,cokriging,16,2
422,3,0.0009108085288682478,0.6517452264088149,cokriging,16,2
422,4,0.0010629342037500147,1.0939604402962073,cokriging,16,2
422,5,0.002605768130287462,0.6894123253093837,cokriging,16,2
422,8,0.032807422982425324,3.7541586460609797,cokriging,16,2
422,9,0.030572527464522718,1.5356164891632416,cokriging,16,2
422,10,0.0029460567818463093,0.17621969815452954,cokriging,16,2
1190,1,0.0009037639813932946,0.9642672485294118,cokriging,16,2
1190,2,0.004851867471703496,2.084152675634562,cokriging,16,2
1190,3,0.002678778863108126,0.06673279795418209,cokriging,16,2
1190,4,0.0015564473776009838,0.7349021576717764,cokriging,16,2
1190,5,0.05470823192760557,0.4565521950702823,cokriging,16,2
1190,6,0.05681020390184194,0.5006990577103827,cokriging,16,2
1190,7,0.008742105954023338,1.1998189885473776,cokriging,16,2
1190,8,0.008518229664273331,0.028200858759145478,cokriging,16,2
1190,9,0.0015162188361294202,0.7768195687341903,cokriging,16,2
1190,10,0.0044042325159891526,0.4706565891845823,cokriging,16,2
1826,1,0.003879917103982151,0.09539643807102592,cokriging,16,2
1826,2,0.007459723684878155,3.2774982677030042,cokriging,16,2
1826,3,0.0042800982574401625,0.7914418471018088,cokriging,16,2
1826,4,0.011031529362021932,0.2353044133953098,cokriging,16,2
1826,5,0.037077608308514566,6.016328826516774,cokriging,16,2
1826,6,0.010440366653737756,0.04014212288885395,cokriging,16,2
1826,7,0.013710307727728178,2.0776534352223313,cokriging,16,2
1826,8,0.006098107050820726,2.4284582950210227,cokriging,16,2
1826,9,0.01627926124459613,5.236644473475464,cokriging,16,2
2209,1,0.001064712025576948,1.7713260011873575,cokriging,16,2
2209,2,0.0067876863853408706,1.244364389907323,cokriging,16,2
2209,3,0.003702328419489798,1.2407837986320944,cokriging,16,2
2209,4,0.0016739925387045107,1.9980795056006386,cokriging,16,2
2209,5,0.04769021111091876,1.9386792898513139,cokriging,16,2
2209,6,0.050868601094437596,3.2909786277270108,cokriging,16,2
2209,7,0.1400761270627236,0.45465870168607314,cokriging,16,2
2209,8,0.009643502948996713,0.7553270679372618,cokriging,16,2
2209,10,0.005045548229946941,3.8615021270361374,cokriging,16,2
2802,1,0.005255349499827439,2.7546262829267834,cokriging,16,2
2802,2,0.01200645352527095,2.976132483434556,cokriging,16,2
2802,3,0.008206807586878124,0.21920903354759516,cokriging,16,2
2802,4,0.012062235875116107,2.6546993585463876,cokriging,16,2
2802,5,0.01290695255726073,8.866746419435193,cokriging,16,2
2802,6,0.013268272733063708,1.0807864211249891,cokriging,16,2
2802,7,0.015253034155797525,1.4624393552385648,cokriging,16,2
2802,8,0.028446997820056726,1.3391028742465294,cokriging,16,2
2802,9,0.022273887493633297,13.01997408996736,cokriging,16,2
3377,1,0.00984056173340729,0.45102599815893335,cokriging,16,2
3377,2,0.02320660085293492,0.5888487954858722,cokriging,16,2
3377,3,0.014517058088144125,0.11492417932794192,cokriging,16,2
3377,4,0.025485434606425134,1.1569704669966276,cokriging,16,2
3377,5,0.0738602570474607,2.7022915807688084,cokriging,16,2
3377,6,0.03930535402776331,1.020503086097831,cokriging,16,2
3377,7,0.036190138016887856,1.1107897412236052,cokriging,16,2
3377,8,0.02471477395913357,0.15855905979299606,cokriging,16,2
3377,9,0.04516017210455583,1.4172486536214444,cokriging,16,2
3377,10,0.033192707414994894,1.0302660720031263,cokriging,16,2
3408,1,0.0033258232844313954,0.7458497425652016,cokriging,16,2
3408,2,0.010090922383401283,1.5446897675082152,cokriging,16,2
3408,3,0.0024618726064093667,1.2516353650222332,cokriging,16,2
3408,4,0.002591460063304883,1.1539630345165133,cokriging,16,2
3408,5,0.04407496149186001,2.785572790335238,cokriging,16,2
3408,6,0.01633408358660798,2.650790234357367,cokriging,16,2
3408,7,0.015498274183079235,1.7030216594418899,cokriging,16,2
3408,8,0.009425988281007634,1.4114828065250342,cokriging,16,2
3408,9,0.01291307592944715,2.0812532886769266,cokriging,16,2
3408,10,0.13612004225539973,2.2095568415506444,cokriging,16,2
4082,1,0.0026987155517322124,0.3759435659485319,cokriging,16,2
4082,2,0.008065771272057373,0.003341273260530117,cokriging,16,2
4082,3,0.0024404744483307868,0.6680117558642106,cokriging,16,2
4082,4,0.002857782724925448,0.5777632078198628,cokriging,16,2
4082,5,0.02956315475705195,14.725781771906567,cokriging,16,2
4082,6,0.01509235732486146,0.5525360684593749,cokriging,16,2
4082,7,0.011897778947743977,0.6299239513795756,cokriging,16,2
4082,8,0.032576930768996266,0.21765393552387444,cokriging,16,2
4082,9,0.03259734451781831,22.92324152619603,cokriging,16,2
4082,10,0.01124805539252796,3.6107017285440333,cokriging,16,2
4352,1,0.012138699243324936,1.4954506714770717,cokriging,16,2
4352,2,0.025469093095041303,2.378321150821683,cokriging,16,2
4352,3,0.022845476594543567,3.658203912315864,cokriging,16,2
4352,4,0.03374154736678845,5.754183726262187,cokriging,16,2
4352,5,0.04526378359653743,7.766481948105707,cokriging,16,2
4352,6,0.03536185466661983,7.471122920551323,cokriging,16,2
4352,7,0.046580441778975634,7.219235858376677,cokriging,16,2
4352,8,0.04306540819183257,8.385915227360094,cokriging,16,2
4352,9,0.05795767527127031,11.260105038804474,cokriging,16,2
4352,10,0.05404702699710484,11.199112142625943,cokriging,16,2
4470,1,0.009238089737208908,4.162479769691775,cokriging,16,2
4470,2,0.021635836539299316,11.219451750356978,cokriging,16,2
4470,3,0.010634541966747237,1.5310478050059428,cokriging,16,2
4470,4,0.020978310168104197,4.725953597664587,cokriging,16,2
4470,5,0.038615780103721443,29.77216924236063,cokriging,16,2
4470,6,0.031178345787376927,2.4596771956648578,cokriging,16,2
4470,7,0.0339772914109826,11.549206948247965,cokriging,16,2
4470,8,0.013695156806117898,3.758772186045463,cokriging,16,2
4470,9,0.039624199825495796,41.338091418269016,cokriging,16,2
4470,10,0.04650753664927285,10.036527516330853,cokriging,16,2
5873,1,0.003849337653257443,4.903156741615647,cokriging,16,2
5873,2,0.007194304455133137,5.716581578825673,cokriging,16,2
5873,3,0.007299711391380118,1.7187065348677055,cokriging,16,2
5873,4,0.007704827215148993,3.7601492212856553,cokriging,16,2
5873,5,0.011944807900046565,22.887880404245227,cokriging,16,2
5873,6,0.012824199434012836,2.2371447860825135,cokriging,16,2
5873,7,0.009024334760188591,2.350408991688588,cokriging,16,2
5873,8,0.1539214649754807,0.7556335103132306,cokriging,16,2
5873,9,0.1491830163033947,29.920587542538705,cokriging,16,2
5873,10,0.04902491654671586,5.032761800016205,cokriging,16,2
6148,1,0.0009455931164501305,2.8687499626174557,cokriging,16,2
6148,2,0.005441654261625235,3.3538317624517964,cokriging,16,2
6148,3,0.003342321118203247,3.2760494901215904,cokriging,16,2
6148,4,0.0017659381916191293,2.4001175862757775,cokriging,16,2
6148,5,0.08745962252188673,2.8470988419878007,cokriging,16,2
6148,6,0.08020154798613674,3.860174611633598,cokriging,16,2
6148,7,0.01061526953766905,3.047336634319335,cokriging,16,2
6148,8,0.009319642520330669,2.8578272080759604,cokriging,16,2
6148,10,0.0034201256678049897,3.039692807765048,cokriging,16,2
7862,1,0.027712369788142007,1.7578558261017387,cokriging,16,2
7862,2,0.034966999494502764,0.2226653230725842,cokriging,16,2
7862,3,0.017558302094760614,1.027135343155289,cokriging,16,2
7862,4,0.025327778341852854,3.2713620109744417,cokriging,16,2
7862,5,0.030628718542309426,17.409796618130038,cokriging,16,2
7862,6,0.01307477596213654,0.33046471606826217,cokriging,16,2
7862,7,0.03772157097819945,0.45303141362175464,cokriging,16,2
7862,8,0.026586841245672368,0.34273841754563794,cokriging,16,2
7862,9,0.0507408425711624,23.612895488506144,cokriging,16,2
7862,10,0.06554786268038522,7.269128324857588,cokriging,16,2
8539,1,0.00245861639494801,0.18516984217671115,cokriging,16,2
8539,2,0.005993397794237669,1.1809088063559616,cokriging,16,2
8539,3,0.003359057920267571,1.1076217343433488,cokriging,16,2
8539,4,0.0027210498585177084,0.43054027957884816,cokriging,16,2
8539,5,0.02078121341962461,0.18473841714073197,cokriging,16,2
8539,8,0.029335327724897817,0.6483902380110597,cokriging,16,2
8539,9,0.02465893854980443,0.6310000779123947,cokriging,16,2
8539,10,0.00929175258502966,0.36526854299994493,cokriging,16,2
9311,1,0.02528043603649326,3.876417244206585,cokriging,16,2
9311,2,0.032136235909591006,2.912806772987827,cokriging,16,2
9311,3,0.003142125122023407,2.9652435218727042,cokriging,16,2
9311,6,0.03130517465976046,2.5015995083996723,cokriging,16,2
9311,7,0.034201642888498675,2.9639585081651183,cokriging,16,2
9311,8,0.01907577813493733,2.435404788287728,cokriging,16,2
9311,9,0.04590508426579423,4.385244879323284,cokriging,16,2
9311,10,0.02829495609579859,3.6729358208439096,cokriging,16,2
9779,1,0.002372886745226174,2.9285078987294493,cokriging,16,2
9779,2,0.0050560165104978185,5.351276571035966,cokriging,16,2
9779,3,0.0032707659828857595,4.857713927309231,cokriging,16,2
9779,4,0.004700036527768708,2.93075143451162,cokriging,16,2
9779,5,0.03611002240093353,31.032257732895054,cokriging,16,2
9779,6,0.01599348384270562,3.395456571810381,cokriging,16,2
9779,7,0.006410591318412467,5.184698588685177,cokriging,16,2
9779,8,0.013851138452259687,5.782785046451462,cokriging,16,2
9779,9,0.009738574259238294,45.14956540149013,cokriging,16,2
9779,10,0.009701943301873473,11.205506103663861,cokriging,16,2
422,1,0.005585460252523221,0.6988581290655557,neural_inr,16,2
422,2,0.006941766292202292,3.200912211795518,neural_inr,16,2
422,3,0.00397411342845678,1.1550396622706358,neural_inr,16,2
422,4,0.005231477811115755,0.6161395555543353,neural_inr,16,2
422,5,0.013956263365129406,9.725026579657571,neural_inr,16,2
422,8,0.03442145782304662,0.04598198128031138,neural_inr,16,2
422,9,0.031409533790879504,17.09100645263346,neural_inr,16,2
422,10,0.008327130270347144,2.4294592789673235,neural_inr,16,2
1190,1,0.005225154954129872,1.1442950208147815,neural_inr,16,2
1190,2,0.007088848652138469,0.9969368779039202,neural_inr,16,2
1190,3,0.004965119321028381,0.5699476075889736,neural_inr,16,2
1190,4,0.006003288024660736,1.8765766889775264,neural_inr,16,2
1190,5,0.015982926543216168,1.4947052767271483,neural_inr,16,2
1190,6,0.007921436403776846,1.573792361137979,neural_inr,16,2
1190,7,0.007891093337452498,2.004663449159168,neural_inr,16,2
1190,8,0.006646439284141358,1.79626829955979,neural_inr,16,2
1190,9,0.009508947276472871,0.4540614457547549,neural_inr,16,2
1190,10,0.009200573180310588,3.001505048937025,neural_inr,16,2
1826,1,0.005877822997835453,2.9926622002486036,neural_inr,16,2
1826,2,0.010445412342562407,3.3036346582179936,neural_inr,16,2
1826,3,0.006663937589205975,2.200521857557284,neural_inr,16,2
1826,4,0.012529954019248153,3.3833266201491385,neural_inr,16,2
1826,5,0.017698009908104995,4.6107242625297635,neural_inr,16,2
1826,6,0.01138926601940439,3.0145862098299308,neural_inr,16,2
1826,7,0.02111109269560081,4.115021194646018,neural_inr,16,2
1826,8,0.017532077082007172,3.1628408370818146,neural_inr,16,2
1826,9,0.028113688796958556,6.401473269821239,neural_inr,16,2
2209,1,0.004301617119019843,0.689536898776412,neural_inr,16,2
2209,2,0.007039596777829018,3.414670854299135,neural_inr,16,2
2209,3,0.004237444558635976,0.38988736684774744,neural_inr,16,2
2209,4,0.006267130800533482,0.5972004722211747,neural_inr,16,2
2209,5,0.014423931978688674,4.616742913909045,neural_inr,16,2
2209,6,0.00719131713309661,2.376391987733516,neural_inr,16,2
2209,7,0.1368126836420844,1.0149820116015436,neural_inr,16,2
2209,8,0.0073880680812967725,2.2372450400725796,neural_inr,16,2
2209,10,0.009707822886092907,2.115760793741001,neural_inr,16,2
2802,1,0.007972427281814949,0.49695786210784143,neural_inr,16,2
2802,2,0.015224842731112062,4.031528379689437,neural_inr,16,2
2802,3,0.009765057088070813,0.7384629185581781,neural_inr,16,2
2802,4,0.01807344759004573,1.193215452747064,neural_inr,16,2
2802,5,0.026406534838835403,7.314231318778869,neural_inr,16,2
2802,6,0.022042229872286396,1.6515618922425737,neural_inr,16,2
2802,7,0.030797776275907345,5.207328655962012,neural_inr,16,2
2802,8,0.03246252245353662,0.11032920767797215,neural_inr,16,2
2802,9,0.044403656813937896,10.395901433073247,neural_inr,16,2
3377,1,0.0095012790445354,3.2613641809738936,neural_inr,16,2
3377,2,0.0241836011802779,5.906629432236771,neural_inr,16,2
3377,3,0.020305067113963057,2.215006644458635,neural_inr,16,2
3377,4,0.03132654618467138,3.849836327144097,neural_inr,16,2
3377,5,0.03324871908909361,11.62270430384752,neural_inr,16,2
3377,6,0.029238961418329348,2.999393460917639,neural_inr,16,2
3377,7,0.04477169057887073,7.92609774215521,neural_inr,16,2
3377,8,0.03993071764123947,2.8880552133961532,neural_inr,16,2
3377,9,0.057186940484090176,19.56620999548728,neural_inr,16,2
3377,10,0.04940517476357343,5.212409386846896,neural_inr,16,2
3408,1,0.0032645654468717693,1.5940808310585073,neural_inr,16,2
3408,2,0.005583837489365992,5.065296742773818,neural_inr,16,2
3408,3,0.0027654929622211214,1.6612110401037867,neural_inr,16,2
3408,4,0.0051353497684926905,2.113890656985526,neural_inr,16,2
3408,5,0.012506356112511626,11.753319083728032,neural_inr,16,2
3408,6,0.007649343883478695,3.1277897506031893,neural_inr,16,2
3408,7,0.0077894724907568305,5.807435045994243,neural_inr,16,2
3408,8,0.0073315139757312514,2.1664701999328924,neural_inr,16,2
3408,9,0.008661888092947228,20.89934553170405,neural_inr,16,2
3408,10,0.13594818681525128,3.664611393913353,neural_inr,16,2
4082,1,0.004329093702230443,1.0738215839634366,neural_inr,16,2
4082,2,0.0064404691326654115,3.329700623775591,neural_inr,16,2
4082,3,0.0033086814291284077,0.8218877043473852,neural_inr,16,2
4082,4,0.004798805592106274,1.5024475038037037,neural_inr,16,2
4082,5,0.013917727804361762,7.401705543397173,neural_inr,16,2
4082,6,0.007882400681345119,2.019083530224043,neural_inr,16,2
4082,7,0.007424933669479509,3.410318584611512,neural_inr,16,2
4082,8,0.03463617638118996,1.398926780162408,neural_inr,16,2
4082,9,0.03428164452197306,11.683045283066122,neural_inr,16,2
4082,10,0.00968467595747994,2.582015660512231,neural_inr,16,2
4352,1,0.012745392876742282,0.9417177297988459,neural_inr,16,2
4352,2,0.02717536707821708,4.724740856436345,neural_inr,16,2
4352,3,0.029099403167907243,3.5167329031059826,neural_inr,16,2
4352,4,0.0421657131610589,4.657361980970638,neural_inr,16,2
4352,5,0.039485188821264186,7.434970407867052,neural_inr,16,2
4352,6,0.0422146557847526,6.257729326104425,neural_inr,16,2
4352,7,0.059238550569313916,7.75299750118253,neural_inr,16,2
4352,8,0.05574362219401452,7.305188605641283,neural_inr,16,2
4352,9,0.07388207606873573,10.941519073981903,neural_inr,16,2
4352,10,0.06889538057365063,8.893358582820044,neural_inr,16,2
4470,1,0.007899061980606442,3.866423117282773,neural_inr,16,2
4470,2,0.007254336252811304,2.4246190772270664,neural_inr,16,2
4470,3,0.005838378669932512,3.8655140591492207,neural_inr,16,2
4470,4,0.008056210041532915,3.1260315311360363,neural_inr,16,2
4470,5,0.031011728712871972,1.0174879459816386,neural_inr,16,2
4470,6,0.03289079225725114,4.912432383984072,neural_inr,16,2
4470,7,0.013297080428800248,1.2237118886084928,neural_inr,16,2
4470,8,0.009858416002845894,3.600466395796755,neural_inr,16,2
4470,9,0.017028130489854743,1.8367260930892029,neural_inr,16,2
4470,10,0.016149686275477425,2.41721375899476,neural_inr,16,2
5873,1,0.007231294666710255,2.723629211562502,neural_inr,16,2
5873,2,0.022112466320453123,0.044578005265879836,neural_inr,16,2
5873,3,0.016143188347718974,2.9371658851310634,neural_inr,16,2
5873,4,0.030737125067130933,0.27879494904353347,neural_inr,16,2
5873,5,0.03583413891183578,2.3432810434387163,neural_inr,16,2
5873,6,0.027621302226519585,4.13552015401738,neural_inr,16,2
5873,7,0.049635902326972355,3.033262275340417,neural_inr,16,2
5873,8,0.16043488432170652,1.0733957145870268,neural_inr,16,2
5873,9,0.16624591549072898,4.875696025738208,neural_inr,16,2
5873,10,0.05660722339459939,2.035196557891737,neural_inr,16,2
6148,1,0.004226922669812699,0.681110340366101,neural_inr,16,2
6148,2,0.0066856592357286485,1.6305596114327288,neural_inr,16,2
6148,3,0.004308032171952424,2.3414695865102915,neural_inr,16,2
6148,4,0.005706747237602486,0.6368891207710408,neural_inr,16,2
6148,5,0.013308460421272887,3.4368009939344963,neural_inr,16,2
6148,6,0.005235291422758243,1.6470030145281975,neural_inr,16,2
6148,7,0.007531678682763352,2.3794075782060427,neural_inr,16,2
6148,8,0.005968759360473341,0.40614619301361604,neural_inr,16,2
6148,10,0.007495253201514136,1.900789467638548,neural_inr,16,2
7862,1,0.027546773869621972,1.7655752278804666,neural_inr,16,2
7862,2,0.05948715477968994,6.366330170138973,neural_inr,16,2
7862,3,0.0412269468521286,0.5681497330523922,neural_inr,16,2
7862,4,0.06229316803332141,3.6330399248570147,neural_inr,16,2
7862,5,0.07192416759752775,7.435058957546584,neural_inr,16,2
7862,6,0.028126718877772072,2.1855094153104315,neural_inr,16,2
7862,7,0.0873435256128234,6.451901160001951,neural_inr,16,2
7862,8,0.05306200336632777,1.183721670906655,neural_inr,16,2
7862,9,0.10823499587205405,5.306330528559008,neural_inr,16,2
7862,10,0.08298389229271234,4.510550893312644,neural_inr,16,2
8539,1,0.006525691626938357,0.0659664364531302,neural_inr,16,2
8539,2,0.00761789387766688,1.3016889513410494,neural_inr,16,2
8539,3,0.004344048655007872,0.12001267154296068,neural_inr,16,2
8539,4,0.005784659089081475,1.0084128664200394,neural_inr,16,2
8539,5,0.015846569897669076,5.171096550885013,neural_inr,16,2
8539,8,0.028502381513350786,1.2199108040116724,neural_inr,16,2
8539,9,0.026383310149360333,9.686579574924513,neural_inr,16,2
8539,10,0.009890777195090412,2.7023541693496984,neural_inr,16,2
9311,1,0.013990959594406313,2.160791170239679,neural_inr,16,2
9311,2,0.03347006488816302,3.6092180830587375,neural_inr,16,2
9311,3,0.02399036192320321,0.6108285490038162,neural_inr,16,2
9311,6,0.03266617859081836,1.352425802557514,neural_inr,16,2
9311,7,0.05465754884223496,3.0008345882768683,neural_inr,16,2
9311,8,0.03542592136101188,1.3869133571230812,neural_inr,16,2
9311,9,0.06570461131363409,5.019820297013912,neural_inr,16,2
9311,10,0.06225272403145621,2.4107798024303078,neural_inr,16,2
9779,1,0.005964111397904729,5.827924128654258,neural_inr,16,2
9779,2,0.009659493562776192,9.522490312184324,neural_inr,16,2
9779,3,0.005787883941088521,5.36694478924658,neural_inr,16,2
9779,4,0.010894459024049499,6.508582820414327,neural_inr,16,2
9779,5,0.02156522409760855,16.38697075316826,neural_inr,16,2
9779,6,0.016007941434355764,6.248741184414727,neural_inr,16,2
9779,7,0.019352894768858986,9.979527379279453,neural_inr,16,2
9779,8,0.012659637485733564,6.12541658796382,neural_inr,16,2
9779,9,0.024710402248950568,24.73363799179997,neural_inr,16,2
9779,10,0.02051755735707462,8.048194064718865,neural_inr,16,2
422,1,0.0018658624393094168,1.2325028637617366,original_fixed_rbf,16,2
422,2,0.004621204851037564,0.8565292456249771,original_fixed_rbf,16,2
422,3,0.0006557345911780226,0.47452821251966226,original_fixed_rbf,16,2
422,4,0.0018778527321744753,1.2743145695403362,original_fixed_rbf,16,2
422,5,0.010713881369115143,2.1990850121695695,original_fixed_rbf,16,2
422,8,0.03185787963590164,3.7810192885557212,original_fixed_rbf,16,2
422,9,0.028795465949092113,1.2809782478315892,original_fixed_rbf,16,2
422,10,0.014701108641446642,0.055728220281859,original_fixed_rbf,16,2
1190,1,0.0020087117574827387,1.5972491055931515,original_fixed_rbf,16,2
1190,2,0.010352289555379751,0.04917040454165389,original_fixed_rbf,16,2
1190,3,0.0037440702521538373,0.34358014382550905,original_fixed_rbf,16,2
1190,4,0.0035926649263299374,1.5474771171902784,original_fixed_rbf,16,2
1190,5,0.026423820187046886,0.44028322335354486,original_fixed_rbf,16,2
1190,6,0.010551750823139729,1.2982365510695624,original_fixed_rbf,16,2
1190,7,0.01816270094606399,0.1776023502798515,original_fixed_rbf,16,2
1190,8,0.01433619685342427,0.2131166020496825,original_fixed_rbf,16,2
1190,9,0.01129255133521993,0.02942951220780581,original_fixed_rbf,16,2
1190,10,0.02210489697081552,0.9005315477831,original_fixed_rbf,16,2
1826,1,0.003784099343027251,0.9705925388583274,original_fixed_rbf,16,2
1826,2,0.0024257325049752885,1.4227121474992492,original_fixed_rbf,16,2
1826,3,0.004619391970747683,1.21674478701942,original_fixed_rbf,16,2
1826,4,0.006878790302725073,1.5958035741552548,original_fixed_rbf,16,2
1826,5,0.014204467002829037,2.6728093455818613,original_fixed_rbf,16,2
1826,6,0.010819875648504779,0.08965073936308275,original_fixed_rbf,16,2
1826,7,0.006708368763378706,1.4775804023779924,original_fixed_rbf,16,2
1826,8,0.006472943289174219,2.525001686121402,original_fixed_rbf,16,2
1826,9,0.007379183855206161,6.831784893609154,original_fixed_rbf,16,2
2209,1,0.0008196449303562638,1.7456771468080938,original_fixed_rbf,16,2
2209,2,0.0057462077818634045,2.4851303761282457,original_fixed_rbf,16,2
2209,3,0.0057546709289388485,0.9786345409282345,original_fixed_rbf,16,2
2209,4,0.003047886567819483,1.8761435852833395,original_fixed_rbf,16,2
2209,5,0.021746406982621223,3.5488790142927593,original_fixed_rbf,16,2
2209,6,0.011873922892922273,3.207086147317209,original_fixed_rbf,16,2
2209,7,0.13787217332944057,3.084727234723213,original_fixed_rbf,16,2
2209,8,0.013738126976693646,0.6320473232661186,original_fixed_rbf,16,2
2209,10,0.022929054183474528,3.8444838354114936,original_fixed_rbf,16,2
2802,1,0.015086557086938302,2.8651673054444773,original_fixed_rbf,16,2
2802,2,0.017265973518803598,11.642323502029702,original_fixed_rbf,16,2
2802,3,0.00415784356549886,0.1563825250901176,original_fixed_rbf,16,2
2802,4,0.006231358387358269,3.019872789456218,original_fixed_rbf,16,2
2802,5,0.016496504992488052,16.167827052838405,original_fixed_rbf,16,2
2802,6,0.016423550992180406,0.6196898491341347,original_fixed_rbf,16,2
2802,7,0.008660293353093755,10.284603484784618,original_fixed_rbf,16,2
2802,8,0.02338098525784592,0.811329927897557,original_fixed_rbf,16,2
2802,9,0.020357408804610726,11.57790817895005,original_fixed_rbf,16,2
3377,1,0.011918693061086784,0.2852612076775163,original_fixed_rbf,16,2
3377,2,0.020228752951249547,0.754784271743558,original_fixed_rbf,16,2
3377,3,0.014605879178265689,0.5917825488893439,original_fixed_rbf,16,2
3377,4,0.022371441802066877,1.1738571791393615,original_fixed_rbf,16,2
3377,5,0.027438437589910217,1.4099997649458702,original_fixed_rbf,16,2
3377,6,0.02667320138541774,0.7620411387273388,original_fixed_rbf,16,2
3377,7,0.026081348654251584,0.11911172379958977,original_fixed_rbf,16,2
3377,8,0.027296847922980136,0.0878293890912463,original_fixed_rbf,16,2
3377,9,0.03493916762877744,1.696207467018938,original_fixed_rbf,16,2
3377,10,0.03570215415598704,1.1832109223321785,original_fixed_rbf,16,2
3408,1,0.002195108324334954,0.13892897450191144,original_fixed_rbf,16,2
3408,2,0.007000857682458159,7.1034551668712345,original_fixed_rbf,16,2
3408,3,0.004203667630699617,1.0938072437218356,original_fixed_rbf,16,2
3408,4,0.005338391811950552,0.7145783845700729,original_fixed_rbf,16,2
3408,5,0.02664039794083123,9.586906312940506,original_fixed_rbf,16,2
3408,6,0.014663270127209485,2.513162640359582,original_fixed_rbf,16,2
3408,7,0.011791366670590908,6.424707615027456,original_fixed_rbf,16,2
3408,8,0.021118826632002118,1.228364313109015,original_fixed_rbf,16,2
3408,9,0.01546194088374449,4.209440655514398,original_fixed_rbf,16,2
3408,10,0.13674856995651125,3.7284364366851843,original_fixed_rbf,16,2
4082,1,0.003150017553678232,0.5599222081806328,original_fixed_rbf,16,2
4082,2,0.004698567119648213,1.6458926589198053,original_fixed_rbf,16,2
4082,3,0.0023889147030699987,0.6955931001426096,original_fixed_rbf,16,2
4082,4,0.0031619208908515487,0.4651518715811752,original_fixed_rbf,16,2
4082,5,0.025695176703877526,9.447090064157251,original_fixed_rbf,16,2
4082,6,0.011677811698126707,0.0037277399503132026,original_fixed_rbf,16,2
4082,7,0.005631123583719915,2.743951407990421,original_fixed_rbf,16,2
4082,8,0.0364219282647321,0.5510081518245867,original_fixed_rbf,16,2
4082,9,0.03166543446491304,24.69692860266346,original_fixed_rbf,16,2
4082,10,0.024090833227679995,3.2763876483860304,original_fixed_rbf,16,2
4352,1,0.011629684501253236,1.3699692509856807,original_fixed_rbf,16,2
4352,2,0.024392501215998445,4.202364225788486,original_fixed_rbf,16,2
4352,3,0.02371854304350881,3.448625991625844,original_fixed_rbf,16,2
4352,4,0.03480887656594756,5.395709229162625,original_fixed_rbf,16,2
4352,5,0.03884045827425266,7.355840349705366,original_fixed_rbf,16,2
4352,6,0.03744072237250698,7.47645285815504,original_fixed_rbf,16,2
4352,7,0.04323107349556847,9.056296182861866,original_fixed_rbf,16,2
4352,8,0.04557916593885583,8.201044628973623,original_fixed_rbf,16,2
4352,9,0.0539587518765093,11.784562304311844,original_fixed_rbf,16,2
4352,10,0.057388611356981284,11.220331738220834,original_fixed_rbf,16,2
4470,1,0.01369273915837302,4.731982687912806,original_fixed_rbf,16,2
4470,2,0.015270989554700104,16.472181993544503,original_fixed_rbf,16,2
4470,3,0.009426678912403064,1.0811482914280786,original_fixed_rbf,16,2
4470,4,0.011658025545863707,5.368538532315834,original_fixed_rbf,16,2
4470,5,0.04636635344781354,31.46406006643751,original_fixed_rbf,16,2
4470,6,0.031233439988987713,1.6120069844341685,original_fixed_rbf,16,2
4470,7,0.016829592104960683,16.74048267049157,original_fixed_rbf,16,2
4470,8,0.038897793570113325,3.73222207970282,original_fixed_rbf,16,2
4470,9,0.038649347912250415,42.878347302013154,original_fixed_rbf,16,2
4470,10,0.038967943437198324,10.793043872906503,original_fixed_rbf,16,2
5873,1,0.021511953483682275,6.073658959582781,original_fixed_rbf,16,2
5873,2,0.012996360788415302,12.62213092670138,original_fixed_rbf,16,2
5873,3,0.006757282869090253,2.126985488263021,original_fixed_rbf,16,2
5873,4,0.01611261201522484,6.1039120569608345,original_fixed_rbf,16,2
5873,5,0.012426243725759397,23.72002270740644,original_fixed_rbf,16,2
5873,6,0.014104804747323181,1.9347721935955091,original_fixed_rbf,16,2
5873,7,0.014473986646886703,9.808169038125484,original_fixed_rbf,16,2
5873,8,0.15552015468007346,0.553320266976879,original_fixed_rbf,16,2
5873,9,0.15429088650809547,30.233759389242646,original_fixed_rbf,16,2
5873,10,0.04454089525747335,6.015435617555701,original_fixed_rbf,16,2
6148,1,0.0018381781974910936,2.7433282717958134,original_fixed_rbf,16,2
6148,2,0.006698059324830061,3.9349234941179585,original_fixed_rbf,16,2
6148,3,0.0046263376385442395,2.9010115941307313,original_fixed_rbf,16,2
6148,4,0.001679019569565585,2.4234923679916327,original_fixed_rbf,16,2
6148,5,0.08909524753379415,3.927148489521912,original_fixed_rbf,16,2
6148,6,0.08731008773898463,3.7439441637973068,original_fixed_rbf,16,2
6148,7,0.00911740080826344,3.333695604141964,original_fixed_rbf,16,2
6148,8,0.016261961183699842,2.822589408412925,original_fixed_rbf,16,2
6148,10,0.007131459008356397,3.594882150627896,original_fixed_rbf,16,2
7862,1,0.02856859496630453,1.2596021581446504,original_fixed_rbf,16,2
7862,2,0.04263060551637545,10.230620576483952,original_fixed_rbf,16,2
7862,3,0.030102695138402732,0.8542321406351282,original_fixed_rbf,16,2
7862,4,0.044911425753962196,2.5481358697507965,original_fixed_rbf,16,2
7862,5,0.025127418939534598,18.160247028952494,original_fixed_rbf,16,2
7862,6,0.008865921567554547,0.4999249864415168,original_fixed_rbf,16,2
7862,7,0.05544340798668579,11.14673434489969,original_fixed_rbf,16,2
7862,8,0.04039962843515018,0.45141369294867156,original_fixed_rbf,16,2
7862,9,0.03842025149924818,25.445820080493423,original_fixed_rbf,16,2
7862,10,0.05943971101960643,7.881387808694654,original_fixed_rbf,16,2
8539,1,0.0029890244169984326,0.10062458171817486,original_fixed_rbf,16,2
8539,2,0.006160509864451438,1.3748070297990238,original_fixed_rbf,16,2
8539,3,0.003349244280509792,0.6811254311918009,original_fixed_rbf,16,2
8539,4,0.0057153696901858855,0.24448688983612366,original_fixed_rbf,16,2
8539,5,0.01864445492535361,2.3310819568216274,original_fixed_rbf,16,2
8539,8,0.02690855730020342,0.6575167879359614,original_fixed_rbf,16,2
8539,9,0.023430959772428893,0.14544853088054438,original_fixed_rbf,16,2
8539,10,0.023084612709284743,1.5123228430931657,original_fixed_rbf,16,2
9311,1,0.008835520766056705,3.759246290199304,original_fixed_rbf,16,2
9311,2,0.012219578988391225,6.082583905973558,original_fixed_rbf,16,2
9311,3,0.009405367803955005,2.5172042571289777,original_fixed_rbf,16,2
9311,6,0.028619962960636226,2.4388811965259354,original_fixed_rbf,16,2
9311,7,0.019621892941812713,6.311319487186476,original_fixed_rbf,16,2
9311,8,0.03304182537674796,2.7210055385499197,original_fixed_rbf,16,2
9311,9,0.007804362498667439,4.405095794830947,original_fixed_rbf,16,2
9311,10,0.01696642128102127,4.235076896139644,original_fixed_rbf,16,2
9779,1,0.008731921182862928,0.9627571050230979,original_fixed_rbf,16,2
9779,2,0.008254044962333883,7.156012302653431,original_fixed_rbf,16,2
9779,3,0.003389825636729284,4.563013450646182,original_fixed_rbf,16,2
9779,4,0.006315955960984929,0.7200407630115204,original_fixed_rbf,16,2
9779,5,0.016669215907811792,19.44335041221478,original_fixed_rbf,16,2
9779,6,0.014585480184425074,0.8952769769219844,original_fixed_rbf,16,2
9779,7,0.008529879585961568,8.991795152262302,original_fixed_rbf,16,2
9779,8,0.013925126235512803,5.0765290294144885,original_fixed_rbf,16,2
9779,9,0.008288711862609597,49.38965729711339,original_fixed_rbf,16,2
9779,10,0.017934659317860147,10.838000492464406,original_fixed_rbf,16,2
422,1,0.0004882949624153878,1.2231685750067596,boundary_kernel_pca,24,2
422,2,0.000656059087281689,4.392842614007615,boundary_kernel_pca,24,2
422,3,0.0010869265424442336,0.9440746382487534,boundary_kernel_pca,24,2
422,4,0.0007936404856503134,1.128738529155896,boundary_kernel_pca,24,2
422,5,0.011520251467032772,0.17005603074899825,boundary_kernel_pca,24,2
422,8,0.03068662666694782,0.7241216182847964,boundary_kernel_pca,24,2
422,9,0.026804736207262668,0.5247307177499548,boundary_kernel_pca,24,2
422,10,0.003972165394154141,0.901651126452444,boundary_kernel_pca,24,2
1190,1,0.0006293504781680006,0.02254929877500967,boundary_kernel_pca,24,2
1190,2,0.0017729188087944436,1.2259174255742376,boundary_kernel_pca,24,2
1190,3,0.0014934382512680959,2.9047552528368463,boundary_kernel_pca,24,2
1190,4,0.002427082744420138,0.09864566689203454,boundary_kernel_pca,24,2
1190,5,0.07962213082218178,2.651249018849617,boundary_kernel_pca,24,2
1190,6,0.06620993632267055,3.058128520867257,boundary_kernel_pca,24,2
1190,7,0.008720138197794405,1.2262964691610783,boundary_kernel_pca,24,2
1190,8,0.009489400834076426,0.36397410850266304,boundary_kernel_pca,24,2
1190,9,0.01191754759972606,2.7262760708190865,boundary_kernel_pca,24,2
1190,10,0.008001132485630778,0.32896508912839056,boundary_kernel_pca,24,2
1826,1,0.0026647592887998834,0.6108826865272353,boundary_kernel_pca,24,2
1826,2,0.004273695906123075,3.314928134789209,boundary_kernel_pca,24,2
1826,3,0.003450836972200367,0.49129542710085083,boundary_kernel_pca,24,2
1826,4,0.005255748636307679,0.7026388796461378,boundary_kernel_pca,24,2
1826,5,0.009287694480419025,0.11900734376917158,boundary_kernel_pca,24,2
1826,6,0.005923130765716932,0.9176203951408148,boundary_kernel_pca,24,2
1826,7,0.005924362581223576,4.247272835382102,boundary_kernel_pca,24,2
1826,8,0.0057505543866829545,0.8482598096862564,boundary_kernel_pca,24,2
1826,9,0.008243128890099491,0.39133022035948856,boundary_kernel_pca,24,2
2209,1,0.0009173994388683105,1.35018913554686,boundary_kernel_pca,24,2
2209,2,0.0032644921042569693,0.7747131420397367,boundary_kernel_pca,24,2
2209,3,0.0016015968095046663,4.9755159454694935,boundary_kernel_pca,24,2
2209,4,0.0016349724951350818,1.7342387694832777,boundary_kernel_pca,24,2
2209,5,0.11381561160293092,2.7432698458073004,boundary_kernel_pca,24,2
2209,6,0.12735669200469663,5.465663004924376,boundary_kernel_pca,24,2
2209,7,0.1371584143782584,0.691321714469836,boundary_kernel_pca,24,2
2209,8,0.009111382368495074,1.553263186649028,boundary_kernel_pca,24,2
2209,10,0.00806954070637411,2.5667413439546976,boundary_kernel_pca,24,2
2802,1,0.003371901765221317,0.9705170198347108,boundary_kernel_pca,24,2
2802,2,0.006277923321547376,3.7667976180262306,boundary_kernel_pca,24,2
2802,3,0.004946623229590782,0.6700954174761964,boundary_kernel_pca,24,2
2802,4,0.00998743867637871,1.8456225750084436,boundary_kernel_pca,24,2
2802,5,0.015248240055385952,4.55907377535152,boundary_kernel_pca,24,2
2802,6,0.014610514288373065,0.624219459369921,boundary_kernel_pca,24,2
2802,7,0.011562471291767726,4.5730162916015455,boundary_kernel_pca,24,2
2802,8,0.021033019801081094,1.4948159393688571,boundary_kernel_pca,24,2
2802,9,0.018775084863350052,5.9664068131565235,boundary_kernel_pca,24,2
3377,1,0.009667316006504783,0.04481933268835662,boundary_kernel_pca,24,2
3377,2,0.020926187360683666,11.375819924828578,boundary_kernel_pca,24,2
3377,3,0.01387474561674046,0.9851820651364891,boundary_kernel_pca,24,2
3377,4,0.022495970570830786,1.2576391132613738,boundary_kernel_pca,24,2
3377,5,0.03230398320856325,2.8402701394000593,boundary_kernel_pca,24,2
3377,6,0.022511216699240284,1.432827806645491,boundary_kernel_pca,24,2
3377,7,0.030746702120475648,7.5718259005429465,boundary_kernel_pca,24,2
3377,8,0.025332433151118414,1.4985524664967445,boundary_kernel_pca,24,2
3377,9,0.04187928852573565,3.6264244767212555,boundary_kernel_pca,24,2
3377,10,0.0330851959284023,1.6778467039627605,boundary_kernel_pca,24,2
3408,1,0.0009343609496669456,0.6325681252170112,boundary_kernel_pca,24,2
3408,2,0.0015615785122056653,1.007274724852822,boundary_kernel_pca,24,2
3408,3,0.0008307176969204944,0.6390034994306301,boundary_kernel_pca,24,2
3408,4,0.0017286711978392673,1.035119745339631,boundary_kernel_pca,24,2
3408,5,0.010754103409007551,4.5936812354297585,boundary_kernel_pca,24,2
3408,6,0.011923451388002916,1.3706473860809918,boundary_kernel_pca,24,2
3408,7,0.003570109347333324,0.27476127855695404,boundary_kernel_pca,24,2
3408,8,0.007374922330638741,0.42721638720946226,boundary_kernel_pca,24,2
3408,9,0.009034536052960881,4.920339428659064,boundary_kernel_pca,24,2
3408,10,0.13547450244142553,1.072016092505716,boundary_kernel_pca,24,2
4082,1,0.0004046708314640111,0.9692378214694399,boundary_kernel_pca,24,2
4082,2,0.0007112722211488021,0.4660594108394401,boundary_kernel_pca,24,2
4082,3,0.000980083482713305,0.6842475908089254,boundary_kernel_pca,24,2
4082,4,0.0013862997314691664,1.0232825890933839,boundary_kernel_pca,24,2
4082,5,0.0033178584516449744,1.2342701695002634,boundary_kernel_pca,24,2
4082,6,0.009634353399355658,0.5944355220426388,boundary_kernel_pca,24,2
4082,7,0.0027560078154357827,0.35870807530454846,boundary_kernel_pca,24,2
4082,8,0.02719623069882759,0.04961071301252129,boundary_kernel_pca,24,2
4082,9,0.02578197015381133,1.0230316760851497,boundary_kernel_pca,24,2
4082,10,0.007673556777599647,1.1388378895397586,boundary_kernel_pca,24,2
4352,1,0.011404818325742581,1.4091610049067442,boundary_kernel_pca,24,2
4352,2,0.024659924509709046,5.813104515505739,boundary_kernel_pca,24,2
4352,3,0.023551269137170063,4.443924457843605,boundary_kernel_pca,24,2
4352,4,0.033971929562149596,5.731850076239271,boundary_kernel_pca,24,2
4352,5,0.04196839504827282,6.829488180591669,boundary_kernel_pca,24,2
4352,6,0.0355824142998892,7.639242251503094,boundary_kernel_pca,24,2
4352,7,0.044838357204783616,1.3098704504351806,boundary_kernel_pca,24,2
4352,8,0.04571966887011712,8.726653934876799,boundary_kernel_pca,24,2
4352,9,0.056259986953099854,10.469155793504058,boundary_kernel_pca,24,2
4352,10,0.055362321781290254,10.637084581532465,boundary_kernel_pca,24,2
4470,1,0.0022784212798448254,0.5078802298694173,boundary_kernel_pca,24,2
4470,2,0.0011351913884611003,0.7029033662464474,boundary_kernel_pca,24,2
4470,3,0.000888777044615963,0.23077883492116302,boundary_kernel_pca,24,2
4470,4,0.0027571194948744025,0.6612679041428404,boundary_kernel_pca,24,2
4470,5,0.007221891114644752,0.39107281435543,boundary_kernel_pca,24,2
4470,6,0.010196705156860464,0.33435742898326104,boundary_kernel_pca,24,2
4470,7,0.0032494560360236055,1.4855794388971644,boundary_kernel_pca,24,2
4470,8,0.014939860219510827,1.199841388461736,boundary_kernel_pca,24,2
4470,9,0.004555502386742417,0.5740513141748782,boundary_kernel_pca,24,2
4470,10,0.005685964646844409,0.42740213511847824,boundary_kernel_pca,24,2
5873,1,0.0038299053595908955,0.5038952294480052,boundary_kernel_pca,24,2
5873,2,0.012903207937004073,14.981726291932356,boundary_kernel_pca,24,2
5873,3,0.008530254421330864,0.8467602345913183,boundary_kernel_pca,24,2
5873,4,0.01884202916489162,1.7779975111423332,boundary_kernel_pca,24,2
5873,5,0.025037917083438502,6.287422979286845,boundary_kernel_pca,24,2
5873,6,0.01736119257788033,0.7282244176719697,boundary_kernel_pca,24,2
5873,7,0.0293727021023482,10.000961974513935,boundary_kernel_pca,24,2
5873,8,0.156454604058391,1.475344889761624,boundary_kernel_pca,24,2
5873,9,0.15660896798927448,9.692412756286734,boundary_kernel_pca,24,2
5873,10,0.03775604997259732,4.170461167742262,boundary_kernel_pca,24,2
6148,1,0.0003393343771197084,0.913860811260505,boundary_kernel_pca,24,2
6148,2,0.001585473542005231,2.749804073692452,boundary_kernel_pca,24,2
6148,3,0.0011325028017767462,0.7380770210244827,boundary_kernel_pca,24,2
6148,4,0.001948488269879618,0.7689280007123194,boundary_kernel_pca,24,2
6148,5,0.12184286967265001,0.7603494670950942,boundary_kernel_pca,24,2
6148,6,0.11102646345506088,1.2692800167476104,boundary_kernel_pca,24,2
6148,7,0.008410018724698765,3.4662444644908788,boundary_kernel_pca,24,2
6148,8,0.006839729671598661,3.056513065076103,boundary_kernel_pca,24,2
6148,10,0.00608525144702068,0.5070872313906719,boundary_kernel_pca,24,2
7862,1,0.02758254793832792,3.283660576723458,boundary_kernel_pca,24,2
7862,2,0.043366786002816224,3.9707713207034425,boundary_kernel_pca,24,2
7862,3,0.02830665718383462,1.4755707859762481,boundary_kernel_pca,24,2
7862,4,0.04388207195894831,5.309925100003068,boundary_kernel_pca,24,2
7862,5,0.06297359542508633,20.107525991298143,boundary_kernel_pca,24,2
7862,6,0.02275305506950412,0.923457539996479,boundary_kernel_pca,24,2
7862,7,0.05412658010740037,4.23562013457455,boundary_kernel_pca,24,2
7862,8,0.0400361901937962,4.178825266519717,boundary_kernel_pca,24,2
7862,9,0.05951174554292311,26.159233378596706,boundary_kernel_pca,24,2
7862,10,0.06670010073090252,7.687001211311742,boundary_kernel_pca,24,2
8539,1,0.0009791517040216937,0.5322284356865962,boundary_kernel_pca,24,2
8539,2,0.001808453404642067,0.7995184587277118,boundary_kernel_pca,24,2
8539,3,0.0015259834409801472,1.1543311363614013,boundary_kernel_pca,24,2
8539,4,0.0021670451799898106,0.763295199918357,boundary_kernel_pca,24,2
8539,5,0.004070653055506604,1.7851749231288265,boundary_kernel_pca,24,2
8539,8,0.024110368660727445,0.8949509935236019,boundary_kernel_pca,24,2
8539,9,0.023636352947942255,2.1580734713408076,boundary_kernel_pca,24,2
8539,10,0.009975073396619506,1.3255038461376658,boundary_kernel_pca,24,2
9311,1,0.003799498834014882,3.0168939090518827,boundary_kernel_pca,24,2
9311,2,0.00840493631825902,9.453040868886326,boundary_kernel_pca,24,2
9311,3,0.004304037424203504,2.030133759596494,boundary_kernel_pca,24,2
9311,6,0.02947529364227574,1.305321777872975,boundary_kernel_pca,24,2
9311,7,0.006770937378262866,7.562662731740225,boundary_kernel_pca,24,2
9311,8,0.017629925390818698,1.4534749088650873,boundary_kernel_pca,24,2
9311,9,0.024954836237389626,16.226318782795435,boundary_kernel_pca,24,2
9311,10,0.03200401459497943,3.32086227839274,boundary_kernel_pca,24,2
9779,1,0.0016795819943277387,2.6452526371075407,boundary_kernel_pca,24,2
9779,2,0.004629540648728792,2.9020388964581816,boundary_kernel_pca,24,2
9779,3,0.0026446179877635478,3.533560002029368,boundary_kernel_pca,24,2
9779,4,0.007800852643431723,2.6822850891476637,boundary_kernel_pca,24,2
9779,5,0.009804990114597558,1.838235252201797,boundary_kernel_pca,24,2
9779,6,0.01162309045002143,3.66109316657384,boundary_kernel_pca,24,2
9779,7,0.008766389695930086,2.4587921816151534,boundary_kernel_pca,24,2
9779,8,0.008284157021793062,4.368987374249802,boundary_kernel_pca,24,2
9779,9,0.011205392133652962,1.713054654823813,boundary_kernel_pca,24,2
9779,10,0.009639123277855818,3.2190220500786473,boundary_kernel_pca,24,2
422,1,0.0004065114033966898,1.2231685750067596,output_pca,24,2
422,2,0.0008793997858966637,4.392842614007615,output_pca,24,2
422,3,0.0006271712656437447,0.9440746382487534,output_pca,24,2
422,4,0.0009398879509864393,1.128738529155896,output_pca,24,2
422,5,0.01764491717525292,0.17005603074899825,output_pca,24,2
422,8,0.031064079271135806,0.7241216182847964,output_pca,24,2
422,9,0.027846842261763656,0.5247307177499548,output_pca,24,2
422,10,0.004792542078096042,0.901651126452444,output_pca,24,2
1190,1,0.0007616224368643591,0.02254929877500967,output_pca,24,2
1190,2,0.0014715043448487429,1.2259174255742376,output_pca,24,2
1190,3,0.0013980080191661913,2.9047552528368463,output_pca,24,2
1190,4,0.0026017788501184642,0.09864566689203454,output_pca,24,2
1190,5,0.07442306419936327,2.651249018849617,output_pca,24,2
1190,6,0.06508571527040599,3.058128520867257,output_pca,24,2
1190,7,0.006822124036866947,1.2262964691610783,output_pca,24,2
1190,8,0.007626401896289614,0.36397410850266304,output_pca,24,2
1190,9,0.013055142610128011,2.7262760708190865,output_pca,24,2
1190,10,0.009535974244806778,0.32896508912839056,output_pca,24,2
1826,1,0.0026150971011249737,0.6108826865272353,output_pca,24,2
1826,2,0.0043170049950296595,3.314928134789209,output_pca,24,2
1826,3,0.004087156548417171,0.49129542710085083,output_pca,24,2
1826,4,0.0053615239043509075,0.7026388796461378,output_pca,24,2
1826,5,0.009796636627951284,0.11900734376917158,output_pca,24,2
1826,6,0.00909663658335293,0.9176203951408148,output_pca,24,2
1826,7,0.008128451650138015,4.247272835382102,output_pca,24,2
1826,8,0.004047972617014505,0.8482598096862564,output_pca,24,2
1826,9,0.008995017785853723,0.39133022035948856,output_pca,24,2
2209,1,0.0008829437858512458,1.35018913554686,output_pca,24,2
2209,2,0.004399079912458018,0.7747131420397367,output_pca,24,2
2209,3,0.0021095952960105734,4.9755159454694935,output_pca,24,2
2209,4,0.001686191650894565,1.7342387694832777,output_pca,24,2
2209,5,0.1162165196869181,2.7432698458073004,output_pca,24,2
2209,6,0.09321059416850577,5.465663004924376,output_pca,24,2
2209,7,0.13678834710383417,0.691321714469836,output_pca,24,2
2209,8,0.009865982493666308,1.553263186649028,output_pca,24,2
2209,10,0.008605749952302703,2.5667413439546976,output_pca,24,2
2802,1,0.004220136517406235,0.9705170198347108,output_pca,24,2
2802,2,0.007900937075572368,3.7667976180262306,output_pca,24,2
2802,3,0.0039405201701882666,0.6700954174761964,output_pca,24,2
2802,4,0.00852550591156924,1.8456225750084436,output_pca,24,2
2802,5,0.01526201668267012,4.55907377535152,output_pca,24,2
2802,6,0.009236627524924487,0.624219459369921,output_pca,24,2
2802,7,0.015871678650382765,4.5730162916015455,output_pca,24,2
2802,8,0.018814213666629873,1.4948159393688571,output_pca,24,2
2802,9,0.029101489975306153,5.9664068131565235,output_pca,24,2
3377,1,0.009631667000861958,0.04481933268835662,output_pca,24,2
3377,2,0.02123255532910113,11.375819924828578,output_pca,24,2
3377,3,0.014029685497871418,0.9851820651364891,output_pca,24,2
3377,4,0.02250976448108753,1.2576391132613738,output_pca,24,2
3377,5,0.030280727556242885,2.8402701394000593,output_pca,24,2
3377,6,0.036930102885303476,1.432827806645491,output_pca,24,2
3377,7,0.031032001857327473,7.5718259005429465,output_pca,24,2
3377,8,0.026635368237173645,1.4985524664967445,output_pca,24,2
3377,9,0.04123700265432982,3.6264244767212555,output_pca,24,2
3377,10,0.03340755431598076,1.6778467039627605,output_pca,24,2
3408,1,0.0009477070466683884,0.6325681252170112,output_pca,24,2
3408,2,0.0027394339839756573,1.007274724852822,output_pca,24,2
3408,3,0.0010327943235465987,0.6390034994306301,output_pca,24,2
3408,4,0.002137953221217848,1.035119745339631,output_pca,24,2
3408,5,0.006944392463408396,4.5936812354297585,output_pca,24,2
3408,6,0.011291201246123081,1.3706473860809918,output_pca,24,2
3408,7,0.005609935848092726,0.27476127855695404,output_pca,24,2
3408,8,0.007941482990043564,0.42721638720946226,output_pca,24,2
3408,9,0.010961106386134784,4.920339428659064,output_pca,24,2
3408,10,0.135435507384766,1.072016092505716,output_pca,24,2
4082,1,0.0006202967319418778,0.9692378214694399,output_pca,24,2
4082,2,0.0016079408306649335,0.4660594108394401,output_pca,24,2
4082,3,0.0005502784672819228,0.6842475908089254,output_pca,24,2
4082,4,0.0011708132055983252,1.0232825890933839,output_pca,24,2
4082,5,0.00989656523746212,1.2342701695002634,output_pca,24,2
4082,6,0.008836303984087518,0.5944355220426388,output_pca,24,2
4082,7,0.003377068908571985,0.35870807530454846,output_pca,24,2
4082,8,0.028488255246429197,0.04961071301252129,output_pca,24,2
4082,9,0.027923062739542273,1.0230316760851497,output_pca,24,2
4082,10,0.008181140821406918,1.1388378895397586,output_pca,24,2
4352,1,0.012212778985265738,1.4091610049067442,output_pca,24,2
4352,2,0.025573768451824137,5.813104515505739,output_pca,24,2
4352,3,0.02369237958376649,4.443924457843605,output_pca,24,2
4352,4,0.03448582439837576,5.731850076239271,output_pca,24,2
4352,5,0.042167211913423,6.829488180591669,output_pca,24,2
4352,6,0.03544078675956284,7.639242251503094,output_pca,24,2
4352,7,0.04536841707470294,1.3098704504351806,output_pca,24,2
4352,8,0.04445354330890912,8.726653934876799,output_pca,24,2
4352,9,0.056067750140451705,10.469155793504058,output_pca,24,2
4352,10,0.055649574566305246,10.637084581532465,output_pca,24,2
4470,1,0.00041637071453793576,0.5078802298694173,output_pca,24,2
4470,2,0.0008486482009840349,0.7029033662464474,output_pca,24,2
4470,3,0.00035631465264364105,0.23077883492116302,output_pca,24,2
4470,4,0.002321333672428892,0.6612679041428404,output_pca,24,2
4470,5,0.007151981068517272,0.39107281435543,output_pca,24,2
4470,6,0.006507565699960821,0.33435742898326104,output_pca,24,2
4470,7,0.004738557304944919,1.4855794388971644,output_pca,24,2
4470,8,0.005926955369535977,1.199841388461736,output_pca,24,2
4470,9,0.004291008822841452,0.5740513141748782,output_pca,24,2
4470,10,0.0059102337370669136,0.42740213511847824,output_pca,24,2
5873,1,0.007019864997012443,0.5038952294480052,output_pca,24,2
5873,2,0.016616475940743454,14.981726291932356,output_pca,24,2
5873,3,0.009924320918424604,0.8467602345913183,output_pca,24,2
5873,4,0.02095622482504493,1.7779975111423332,output_pca,24,2
5873,5,0.027428481031914486,6.287422979286845,output_pca,24,2
5873,6,0.019086052076808607,0.7282244176719697,output_pca,24,2
5873,7,0.031245904780724396,10.000961974513935,output_pca,24,2
5873,8,0.1561999425578447,1.475344889761624,output_pca,24,2
5873,9,0.1564024081521764,9.692412756286734,output_pca,24,2
5873,10,0.0380990824099095,4.170461167742262,output_pca,24,2
6148,1,0.00034469332356740104,0.913860811260505,output_pca,24,2
6148,2,0.0017429627533283663,2.749804073692452,output_pca,24,2
6148,3,0.0008760828077567539,0.7380770210244827,output_pca,24,2
6148,4,0.0021992388136249804,0.7689280007123194,output_pca,24,2
6148,5,0.12053630453312804,0.7603494670950942,output_pca,24,2
6148,6,0.12901320875680883,1.2692800167476104,output_pca,24,2
6148,7,0.009555677185769537,3.4662444644908788,output_pca,24,2
6148,8,0.008788727315208331,3.056513065076103,output_pca,24,2
6148,10,0.007168426828531924,0.5070872313906719,output_pca,24,2
7862,1,0.03723935020656869,3.283660576723458,output_pca,24,2
7862,2,0.05522196127853086,3.9707713207034425,output_pca,24,2
7862,3,0.03205944980603392,1.4755707859762481,output_pca,24,2
7862,4,0.0480325938729332,5.309925100003068,output_pca,24,2
7862,5,0.07068449790903884,20.107525991298143,output_pca,24,2
7862,6,0.02377939667461041,0.923457539996479,output_pca,24,2
7862,7,0.06507319726450819,4.23562013457455,output_pca,24,2
7862,8,0.04203791276491901,4.178825266519717,output_pca,24,2
7862,9,0.07153363666299542,26.159233378596706,output_pca,24,2
7862,10,0.06732891044223083,7.687001211311742,output_pca,24,2
8539,1,0.0009440743067930502,0.5322284356865962,output_pca,24,2
8539,2,0.0015421269109241644,0.7995184587277118,output_pca,24,2
8539,3,0.000881427386207092,1.1543311363614013,output_pca,24,2
8539,4,0.0018658462747501586,0.763295199918357,output_pca,24,2
8539,5,0.006335822788427093,1.7851749231288265,output_pca,24,2
8539,8,0.022980597221134394,0.8949509935236019,output_pca,24,2
8539,9,0.025943558229747886,2.1580734713408076,output_pca,24,2
8539,10,0.010405853224959119,1.3255038461376658,output_pca,24,2
9311,1,0.015417564071182525,3.0168939090518827,output_pca,24,2
9311,2,0.022563748275933323,9.453040868886326,output_pca,24,2
9311,3,0.0076807305712690834,2.030133759596494,output_pca,24,2
9311,6,0.030538220305576857,1.305321777872975,output_pca,24,2
9311,7,0.026990103043017327,7.562662731740225,output_pca,24,2
9311,8,0.009627083299545307,1.4534749088650873,output_pca,24,2
9311,9,0.03270760137782681,16.226318782795435,output_pca,24,2
9311,10,0.03626454005785474,3.32086227839274,output_pca,24,2
9779,1,0.0024233407195566044,2.6452526371075407,output_pca,24,2
9779,2,0.0054801650498674595,2.9020388964581816,output_pca,24,2
9779,3,0.003291571486728453,3.533560002029368,output_pca,24,2
9779,4,0.008386235771634349,2.6822850891476637,output_pca,24,2
9779,5,0.009915793987220178,1.838235252201797,output_pca,24,2
9779,6,0.011879775187005717,3.66109316657384,output_pca,24,2
9779,7,0.011255896248733748,2.4587921816151534,output_pca,24,2
9779,8,0.00877809166922731,4.368987374249802,output_pca,24,2
9779,9,0.01414622694749502,1.713054654823813,output_pca,24,2
9779,10,0.009196449604350935,3.2190220500786473,output_pca,24,2
422,1,0.006442782769448343,1.511006322640534,direct_hf,24,2
422,2,0.003610133622783954,7.009838333638289,direct_hf,24,2
422,3,0.004428242848516794,6.724935019865902,direct_hf,24,2
422,4,0.00851676300440111,0.8811325148395458,direct_hf,24,2
422,5,0.02410387995345385,7.9911975056124716,direct_hf,24,2
422,8,0.11486975471629045,6.27922880445279,direct_hf,24,2
422,9,0.12620586685748222,8.866995782417973,direct_hf,24,2
422,10,0.02981823623760117,3.98714896062812,direct_hf,24,2
1190,1,0.00413463773365659,1.3596375635901556,direct_hf,24,2
1190,2,0.004453965391612526,6.759797410377276,direct_hf,24,2
1190,3,0.004128179752431367,1.1224894474366054,direct_hf,24,2
1190,4,0.00866443757915248,3.0845835427235624,direct_hf,24,2
1190,5,0.11903150667095376,9.786129411212764,direct_hf,24,2
1190,6,0.09388095073581777,2.6269391754673785,direct_hf,24,2
1190,7,0.011731904688812547,0.8200798779878165,direct_hf,24,2
1190,8,0.014763852446900068,9.81670891733742,direct_hf,24,2
1190,9,0.009068147141594514,14.422110964007345,direct_hf,24,2
1190,10,0.020751615258646484,5.632579480195196,direct_hf,24,2
1826,1,0.00894267788370646,1.0449814221078115,direct_hf,24,2
1826,2,0.005627683899911845,5.730505777687204,direct_hf,24,2
1826,3,0.007193212245461837,2.0363846203920106,direct_hf,24,2
1826,4,0.011330319974476099,4.321363163826899,direct_hf,24,2
1826,5,0.08627371885380776,8.365207248216624,direct_hf,24,2
1826,6,0.09395686110805036,0.6358351553955204,direct_hf,24,2
1826,7,0.00894127006293276,5.441840053257848,direct_hf,24,2
1826,8,0.007012039827879337,5.671852070776567,direct_hf,24,2
1826,9,0.009807992848864631,11.633399315188493,direct_hf,24,2
2209,1,0.0070933935056798824,3.4618491138461858,direct_hf,24,2
2209,2,0.015177487579364726,2.893325031556944,direct_hf,24,2
2209,3,0.015569335023181924,12.263293749749069,direct_hf,24,2
2209,4,0.0168547472739555,4.303182989471199,direct_hf,24,2
2209,5,0.08126451206301578,4.849021050504703,direct_hf,24,2
2209,6,0.062073317315636777,10.988240793330041,direct_hf,24,2
2209,7,0.24681751623533335,2.7930611315790808,direct_hf,24,2
2209,8,0.048512409078299755,9.104049485967256,direct_hf,24,2
2209,10,0.042495289613099535,4.51679531091565,direct_hf,24,2
2802,1,0.004082011942107351,2.2056109705023936,direct_hf,24,2
2802,2,0.0035292479165488855,8.33015517378911,direct_hf,24,2
2802,3,0.005450885161885479,2.1410240425819844,direct_hf,24,2
2802,4,0.0038707274049387345,3.993446393726229,direct_hf,24,2
2802,5,0.008684878203269037,7.931258251839328,direct_hf,24,2
2802,6,0.006159257459526566,0.9762316781283535,direct_hf,24,2
2802,7,0.005824035722428445,5.739138369304197,direct_hf,24,2
2802,8,0.008308395321853151,3.7939811092815847,direct_hf,24,2
2802,9,0.01110773359238927,9.023210788767544,direct_hf,24,2
3377,1,0.023618696008521844,10.776207964481284,direct_hf,24,2
3377,2,0.022226543691620256,19.35510782725425,direct_hf,24,2
3377,3,0.028320995845037385,19.615573341888737,direct_hf,24,2
3377,4,0.023469216215428444,21.163802922954012,direct_hf,24,2
3377,5,0.1268166623196643,27.733176867067176,direct_hf,24,2
3377,6,0.132685445659127,21.803792786429224,direct_hf,24,2
3377,7,0.02103720997871062,29.34317743643424,direct_hf,24,2
3377,8,0.02498281596571499,23.04689011648325,direct_hf,24,2
3377,9,0.028092966802304623,35.126216653137874,direct_hf,24,2
3377,10,0.023342414924599642,28.89516690464679,direct_hf,24,2
3408,1,0.005343129410361885,32.38677044983862,direct_hf,24,2
3408,2,0.0072658583764297095,36.31587160034164,direct_hf,24,2
3408,3,0.00667378553940451,22.99497523341714,direct_hf,24,2
3408,4,0.010093765766766594,30.172935007513384,direct_hf,24,2
3408,5,0.016834432439680923,35.783839125958615,direct_hf,24,2
3408,6,0.031836775091844474,19.088484210424838,direct_hf,24,2
3408,7,0.015106725881159978,29.402848709002857,direct_hf,24,2
3408,8,0.03851232862859335,22.446990503334188,direct_hf,24,2
3408,9,0.04266753553638823,36.222614898512944,direct_hf,24,2
3408,10,0.1659552487340837,28.32629264149625,direct_hf,24,2
4082,1,0.00162774823291779,7.751152008419458,direct_hf,24,2
4082,2,0.002627394565092272,7.204338961912426,direct_hf,24,2
4082,3,0.0015959308580489175,2.0995578182408745,direct_hf,24,2
4082,4,0.0030013652126480174,6.614268217308536,direct_hf,24,2
4082,5,0.01633810524776066,6.844299133009001,direct_hf,24,2
4082,6,0.023227502810538786,0.3182681625532329,direct_hf,24,2
4082,7,0.0186237536854293,3.612489771108042,direct_hf,24,2
4082,8,0.07009703059140968,0.07160251646222732,direct_hf,24,2
4082,9,0.07853130594427153,10.589856942723236,direct_hf,24,2
4082,10,0.015524493435639318,5.536988262974179,direct_hf,24,2
4352,1,0.001923568072866345,1.4509522108855955,direct_hf,24,2
4352,2,0.003998855522663284,1.4079192510605465,direct_hf,24,2
4352,3,0.003290152554069481,2.640321152027993,direct_hf,24,2
4352,4,0.0056747050894852425,3.035095081037075,direct_hf,24,2
4352,5,0.07214984087381095,3.012283161978567,direct_hf,24,2
4352,6,0.06254060533337359,4.935072833595435,direct_hf,24,2
4352,7,0.008708932006430626,6.911142046690877,direct_hf,24,2
4352,8,0.006224109212129828,1.6399719961257306,direct_hf,24,2
4352,9,0.010841691869209255,4.80850446804982,direct_hf,24,2
4352,10,0.027743945220560597,3.9738745152497588,direct_hf,24,2
4470,1,0.002342748202838531,2.166336592217494,direct_hf,24,2
4470,2,0.003480199106025556,2.6359833156634727,direct_hf,24,2
4470,3,0.003168145057728505,2.9599941059520316,direct_hf,24,2
4470,4,0.00550094205254337,0.9758854015784506,direct_hf,24,2
4470,5,0.02796722720628747,2.3326413645328605,direct_hf,24,2
4470,6,0.033373263153327545,2.6151178096758665,direct_hf,24,2
4470,7,0.006513068985170519,0.6870457818606464,direct_hf,24,2
4470,8,0.002486183728004849,0.37887477128379493,direct_hf,24,2
4470,9,0.0062415921761912385,2.290338368395741,direct_hf,24,2
4470,10,0.0380063105285635,0.5984131988039324,direct_hf,24,2
5873,1,0.0011930371939970965,1.6432000640807478,direct_hf,24,2
5873,2,0.0010028054499265021,9.699224909403522,direct_hf,24,2
5873,3,0.0023353297577714855,1.5199490937979496,direct_hf,24,2
5873,4,0.0011609799505653256,2.5359625007131257,direct_hf,24,2
5873,5,0.019313845396461832,11.920651860019131,direct_hf,24,2
5873,6,0.015655571803635342,1.501547212608188,direct_hf,24,2
5873,7,0.0022362947165608907,8.185812019721409,direct_hf,24,2
5873,8,0.0027108782104087784,2.6872202551838766,direct_hf,24,2
5873,9,0.00649351072847431,12.176921621824617,direct_hf,24,2
5873,10,0.04961467821794335,4.596450119964916,direct_hf,24,2
6148,1,0.0011423920609624195,2.6380093022355537,direct_hf,24,2
6148,2,0.001574143012495381,0.20620137800138327,direct_hf,24,2
6148,3,0.002311985698888677,11.132793216486538,direct_hf,24,2
6148,4,0.0025028859941016476,4.033373721011635,direct_hf,24,2
6148,5,0.1734572482560667,0.6019762639653999,direct_hf,24,2
6148,6,0.1670394802530331,8.72765092421132,direct_hf,24,2
6148,7,0.01069663256490387,8.371561583662064,direct_hf,24,2
6148,8,0.025143700697311793,13.380839225299251,direct_hf,24,2
6148,10,0.015443180310382077,5.450654566285997,direct_hf,24,2
7862,1,0.007729540923206663,10.898279361347914,direct_hf,24,2
7862,2,0.009608511314969486,6.3659413923323305,direct_hf,24,2
7862,3,0.007882375807575209,5.484994328653197,direct_hf,24,2
7862,4,0.01250614214464706,8.641543473668632,direct_hf,24,2
7862,5,0.012561035943512567,0.21281954986993737,direct_hf,24,2
7862,6,0.015205564743534827,3.431488156568538,direct_hf,24,2
7862,7,0.01574329545197242,4.715961006710553,direct_hf,24,2
7862,8,0.01969309366653507,3.3787526687254577,direct_hf,24,2
7862,9,0.024611926666212695,4.598579981671849,direct_hf,24,2
7862,10,0.02483661885207437,5.315835561053529,direct_hf,24,2
8539,1,0.004842157917875991,1.7179327310929782,direct_hf,24,2
8539,2,0.0051738226132595775,9.936625097344377,direct_hf,24,2
8539,3,0.006353094743996281,1.5172119677693456,direct_hf,24,2
8539,4,0.007350608009670699,0.16135526263096478,direct_hf,24,2
8539,5,0.013323336601137258,12.29770709429039,direct_hf,24,2
8539,8,0.10078683923984814,4.5315494310817765,direct_hf,24,2
8539,9,0.10959253779005033,14.294444410407717,direct_hf,24,2
8539,10,0.019120978953404227,2.7136919517793734,direct_hf,24,2
9311,1,0.006836489393183549,2.4407661408767996,direct_hf,24,2
9311,2,0.005824375047204321,9.120952460167409,direct_hf,24,2
9311,3,0.00837840562731145,2.077003061848029,direct_hf,24,2
9311,6,0.014252168099107341,1.8318257235131232,direct_hf,24,2
9311,7,0.009874366041311717,8.57382177731282,direct_hf,24,2
9311,8,0.023613048207052265,5.086661100210279,direct_hf,24,2
9311,9,0.02274677739855904,13.772804892348342,direct_hf,24,2
9311,10,0.017592640974507447,6.509547957625692,direct_hf,24,2
9779,1,0.007703873826600988,4.844303493845769,direct_hf,24,2
9779,2,0.020402552516507102,7.8850380620203095,direct_hf,24,2
9779,3,0.01673609691032813,10.873152431641186,direct_hf,24,2
9779,4,0.02359091747590573,5.377925307150446,direct_hf,24,2
9779,5,0.013630179031826006,6.877705891462478,direct_hf,24,2
9779,6,0.025873199904075068,7.127816385252082,direct_hf,24,2
9779,7,0.04352736491255262,9.57254922842769,direct_hf,24,2
9779,8,0.027894726143396404,3.3053444477849196,direct_hf,24,2
9779,9,0.030158321371382482,12.046193023702859,direct_hf,24,2
9779,10,0.029471339900492943,3.058396101483691,direct_hf,24,2
422,1,0.0008191709244214443,1.2231685750067596,cokriging,24,2
422,2,0.0013909826601262994,4.392842614007615,cokriging,24,2
422,3,0.0010728513584933972,0.9440746382487534,cokriging,24,2
422,4,0.0009630210410091385,1.128738529155896,cokriging,24,2
422,5,0.003226125075923106,0.17005603074899825,cokriging,24,2
422,8,0.03234535761859199,0.7241216182847964,cokriging,24,2
422,9,0.028899507518527157,0.5247307177499548,cokriging,24,2
422,10,0.002764926005814496,0.901651126452444,cokriging,24,2
1190,1,0.0006387658810846651,0.02254929877500967,cokriging,24,2
1190,2,0.0012967866661919066,1.2259174255742376,cokriging,24,2
1190,3,0.0012530968254730595,2.9047552528368463,cokriging,24,2
1190,4,0.0014733131260464033,0.09864566689203454,cokriging,24,2
1190,5,0.0653326161009455,2.651249018849617,cokriging,24,2
1190,6,0.060876539804913025,3.058128520867257,cokriging,24,2
1190,7,0.004360954386434169,1.2262964691610783,cokriging,24,2
1190,8,0.01712309093102124,0.36397410850266304,cokriging,24,2
1190,9,0.00950864092748272,2.7262760708190865,cokriging,24,2
1190,10,0.002787398407531537,0.32896508912839056,cokriging,24,2
1826,1,0.003347145386007591,0.6108826865272353,cokriging,24,2
1826,2,0.004534594849857042,3.314928134789209,cokriging,24,2
1826,3,0.005028774082524521,0.49129542710085083,cokriging,24,2
1826,4,0.005512628159625607,0.7026388796461378,cokriging,24,2
1826,5,0.010481141050129246,0.11900734376917158,cokriging,24,2
1826,6,0.00785602168618525,0.9176203951408148,cokriging,24,2
1826,7,0.009982296766600307,4.247272835382102,cokriging,24,2
1826,8,0.007774905840658914,0.8482598096862564,cokriging,24,2
1826,9,0.007534313277759041,0.39133022035948856,cokriging,24,2
2209,1,0.0007975134460752987,1.35018913554686,cokriging,24,2
2209,2,0.0028593815420228804,0.7747131420397367,cokriging,24,2
2209,3,0.0012400912013050295,4.9755159454694935,cokriging,24,2
2209,4,0.0015302182482705492,1.7342387694832777,cokriging,24,2
2209,5,0.16031240784302742,2.7432698458073004,cokriging,24,2
2209,6,0.146988615696305,5.465663004924376,cokriging,24,2
2209,7,0.1395655734581439,0.691321714469836,cokriging,24,2
2209,8,0.013501459390739547,1.553263186649028,cokriging,24,2
2209,10,0.008451970264885037,2.5667413439546976,cokriging,24,2
2802,1,0.004661545082013903,0.9705170198347108,cokriging,24,2
2802,2,0.00877222322486596,3.7667976180262306,cokriging,24,2
2802,3,0.007264231192058188,0.6700954174761964,cokriging,24,2
2802,4,0.010576062671563037,1.8456225750084436,cokriging,24,2
2802,5,0.020402381498191725,4.55907377535152,cokriging,24,2
2802,6,0.012641039427827312,0.624219459369921,cokriging,24,2
2802,7,0.01946105072791956,4.5730162916015455,cokriging,24,2
2802,8,0.022067247310834395,1.4948159393688571,cokriging,24,2
2802,9,0.017335140862352636,5.9664068131565235,cokriging,24,2
3377,1,0.00984704678713015,0.04481933268835662,cokriging,24,2
3377,2,0.020787029437532998,11.375819924828578,cokriging,24,2
3377,3,0.014452197202845973,0.9851820651364891,cokriging,24,2
3377,4,0.02148121025270842,1.2576391132613738,cokriging,24,2
3377,5,0.03354482446066036,2.8402701394000593,cokriging,24,2
3377,6,0.020484026733277753,1.432827806645491,cokriging,24,2
3377,7,0.03348533834289737,7.5718259005429465,cokriging,24,2
3377,8,0.026577579165095292,1.4985524664967445,cokriging,24,2
3377,9,0.04030645257002155,3.6264244767212555,cokriging,24,2
3377,10,0.030864644159848745,1.6778467039627605,cokriging,24,2
3408,1,0.00046248596652895415,0.6325681252170112,cokriging,24,2
3408,2,0.0012212612585937642,1.007274724852822,cokriging,24,2
3408,3,0.0010617048897685205,0.6390034994306301,cokriging,24,2
3408,4,0.001894750827545972,1.035119745339631,cokriging,24,2
3408,5,0.01486761497374353,4.5936812354297585,cokriging,24,2
3408,6,0.014303434730444623,1.3706473860809918,cokriging,24,2
3408,7,0.008399197289738898,0.27476127855695404,cokriging,24,2
3408,8,0.019024282121812064,0.42721638720946226,cokriging,24,2
3408,9,0.008145307230886571,4.920339428659064,cokriging,24,2
3408,10,0.1348723011761707,1.072016092505716,cokriging,24,2
4082,1,0.0005365850083796855,0.9692378214694399,cokriging,24,2
4082,2,0.0009173693545653357,0.4660594108394401,cokriging,24,2
4082,3,0.0011107116366940095,0.6842475908089254,cokriging,24,2
4082,4,0.0013001376043013696,1.0232825890933839,cokriging,24,2
4082,5,0.01008980733513617,1.2342701695002634,cokriging,24,2
4082,6,0.011273857184289901,0.5944355220426388,cokriging,24,2
4082,7,0.007105675570790466,0.35870807530454846,cokriging,24,2
4082,8,0.020009714650603038,0.04961071301252129,cokriging,24,2
4082,9,0.025013922201964696,1.0230316760851497,cokriging,24,2
4082,10,0.004355839540049176,1.1388378895397586,cokriging,24,2
4352,1,0.011259255639855772,1.4091610049067442,cokriging,24,2
4352,2,0.023212259184844503,5.813104515505739,cokriging,24,2
4352,3,0.02397194186254104,4.443924457843605,cokriging,24,2
4352,4,0.03185766289425937,5.731850076239271,cokriging,24,2
4352,5,0.04278943736545433,6.829488180591669,cokriging,24,2
4352,6,0.035275107918510205,7.639242251503094,cokriging,24,2
4352,7,0.045527260779926346,1.3098704504351806,cokriging,24,2
4352,8,0.045695758138087246,8.726653934876799,cokriging,24,2
4352,9,0.05413724871641107,10.469155793504058,cokriging,24,2
4352,10,0.053457827753990314,10.637084581532465,cokriging,24,2
4470,1,0.001294842190357231,0.5078802298694173,cokriging,24,2
4470,2,0.0025829298935262143,0.7029033662464474,cokriging,24,2
4470,3,0.0008659346828460666,0.23077883492116302,cokriging,24,2
4470,4,0.0011390370325300178,0.6612679041428404,cokriging,24,2
4470,5,0.006963410880036835,0.39107281435543,cokriging,24,2
4470,6,0.01031723723500046,0.33435742898326104,cokriging,24,2
4470,7,0.0051470727056309425,1.4855794388971644,cokriging,24,2
4470,8,0.019458809735830987,1.199841388461736,cokriging,24,2
4470,9,0.00833710187830318,0.5740513141748782,cokriging,24,2
4470,10,0.010790591177187716,0.42740213511847824,cokriging,24,2
5873,1,0.005148766734241443,0.5038952294480052,cokriging,24,2
5873,2,0.009841043927828334,14.981726291932356,cokriging,24,2
5873,3,0.010223642667763645,0.8467602345913183,cokriging,24,2
5873,4,0.01373090142148629,1.7779975111423332,cokriging,24,2
5873,5,0.029636739493880227,6.287422979286845,cokriging,24,2
5873,6,0.017076278800857245,0.7282244176719697,cokriging,24,2
5873,7,0.026117785554323956,10.000961974513935,cokriging,24,2
5873,8,0.15433275527913382,1.475344889761624,cokriging,24,2
5873,9,0.15415355692126267,9.692412756286734,cokriging,24,2
5873,10,0.03580551453726519,4.170461167742262,cokriging,24,2
6148,1,0.0003095421066160894,0.913860811260505,cokriging,24,2
6148,2,0.0010823228940330747,2.749804073692452,cokriging,24,2
6148,3,0.0009015023779647072,0.7380770210244827,cokriging,24,2
6148,4,0.0011670109202926535,0.7689280007123194,cokriging,24,2
6148,5,0.1418450216137643,0.7603494670950942,cokriging,24,2
6148,6,0.12896820039643642,1.2692800167476104,cokriging,24,2
6148,7,0.0070735293843637295,3.4662444644908788,cokriging,24,2
6148,8,0.00856207292030071,3.056513065076103,cokriging,24,2
6148,10,0.00304707805793804,0.5070872313906719,cokriging,24,2
7862,1,0.032298749188638474,3.283660576723458,cokriging,24,2
7862,2,0.03914452959146285,3.9707713207034425,cokriging,24,2
7862,3,0.033538338282738125,1.4755707859762481,cokriging,24,2
7862,4,0.034936431746696556,5.309925100003068,cokriging,24,2
7862,5,0.06786929020491415,20.107525991298143,cokriging,24,2
7862,6,0.024771041887495262,0.923457539996479,cokriging,24,2
7862,7,0.05931418912480917,4.23562013457455,cokriging,24,2
7862,8,0.017826445851913928,4.178825266519717,cokriging,24,2
7862,9,0.03865648355178941,26.159233378596706,cokriging,24,2
7862,10,0.061994437012363755,7.687001211311742,cokriging,24,2
8539,1,0.000960931755134651,0.5322284356865962,cokriging,24,2
8539,2,0.00152196597196472,0.7995184587277118,cokriging,24,2
8539,3,0.0016216842588034676,1.1543311363614013,cokriging,24,2
8539,4,0.001269553252556494,0.763295199918357,cokriging,24,2
8539,5,0.009974008091380503,1.7851749231288265,cokriging,24,2
8539,8,0.033291324161218445,0.8949509935236019,cokriging,24,2
8539,9,0.024631070490027454,2.1580734713408076,cokriging,24,2
8539,10,0.006416693268135956,1.3255038461376658,cokriging,24,2
9311,1,0.016333196805674778,3.0168939090518827,cokriging,24,2
9311,2,0.013192158513216421,9.453040868886326,cokriging,24,2
9311,3,0.015526427508085514,2.030133759596494,cokriging,24,2
9311,6,0.03107886086170756,1.305321777872975,cokriging,24,2
9311,7,0.03568237731028154,7.562662731740225,cokriging,24,2
9311,8,0.02237020775007953,1.4534749088650873,cokriging,24,2
9311,9,0.022280715723406147,16.226318782795435,cokriging,24,2
9311,10,0.023527834999800275,3.32086227839274,cokriging,24,2
9779,1,0.0027055664399605254,2.6452526371075407,cokriging,24,2
9779,2,0.0049377212926705015,2.9020388964581816,cokriging,24,2
9779,3,0.0033840041784151485,3.533560002029368,cokriging,24,2
9779,4,0.006828829991432445,2.6822850891476637,cokriging,24,2
9779,5,0.013267285534396475,1.838235252201797,cokriging,24,2
9779,6,0.013568678893143392,3.66109316657384,cokriging,24,2
9779,7,0.006322847257820747,2.4587921816151534,cokriging,24,2
9779,8,0.026719887911483855,4.368987374249802,cokriging,24,2
9779,9,0.010569285498667255,1.713054654823813,cokriging,24,2
9779,10,0.012133107830128349,3.2190220500786473,cokriging,24,2
422,1,0.0036534455713770485,0.1623251646879836,neural_inr,24,2
422,2,0.006776418886918762,1.395825630375442,neural_inr,24,2
422,3,0.004326674434199061,0.045509392991002644,neural_inr,24,2
422,4,0.006112487310959068,0.9333200717496369,neural_inr,24,2
422,5,0.013235821763811917,0.3526499323296827,neural_inr,24,2
422,8,0.03143728232693913,0.764581989507818,neural_inr,24,2
422,9,0.03377218924072694,0.3632358648326581,neural_inr,24,2
422,10,0.009597296549355294,0.23588574921088837,neural_inr,24,2
1190,1,0.0021783385958642136,0.40793928840858135,neural_inr,24,2
1190,2,0.005458554340822086,0.029815386933991828,neural_inr,24,2
1190,3,0.003550183528641852,0.5537189845588949,neural_inr,24,2
1190,4,0.005344962761879561,0.18717505635587875,neural_inr,24,2
1190,5,0.012733099561973164,0.6147146158310978,neural_inr,24,2
1190,6,0.009067419703571774,0.5999486041441547,neural_inr,24,2
1190,7,0.008236265659432895,0.5258389319391068,neural_inr,24,2
1190,8,0.0064504094756396265,0.5151200014625366,neural_inr,24,2
1190,9,0.013219896286788647,0.15942289005425034,neural_inr,24,2
1190,10,0.008017475555405834,0.9735653820404077,neural_inr,24,2
1826,1,0.0036434936602712936,3.836104867217671,neural_inr,24,2
1826,2,0.00970221114297457,2.9363784862821602,neural_inr,24,2
1826,3,0.0063656339699355085,4.706459350249946,neural_inr,24,2
1826,4,0.011040198276147457,4.510751685122565,neural_inr,24,2
1826,5,0.016705209211108282,2.960088948256818,neural_inr,24,2
1826,6,0.01485620802600595,3.865103814320564,neural_inr,24,2
1826,7,0.01789923503487998,2.9879895997135297,neural_inr,24,2
1826,8,0.014947182886819805,3.6652679087868125,neural_inr,24,2
1826,9,0.024024622454465152,2.642167554678386,neural_inr,24,2
2209,1,0.002761443682237429,0.4840961474148203,neural_inr,24,2
2209,2,0.006240372558339472,0.3335228834024156,neural_inr,24,2
2209,3,0.003938575523999517,1.0579609242346615,neural_inr,24,2
2209,4,0.00647210848380713,0.8968628722425847,neural_inr,24,2
2209,5,0.013325284443355623,0.09747483599664902,neural_inr,24,2
2209,6,0.011483122905420935,2.158133356620539,neural_inr,24,2
2209,7,0.13685077026567283,0.9267788320517848,neural_inr,24,2
2209,8,0.00808608799862392,1.3333048270097072,neural_inr,24,2
2209,10,0.010190846638104932,2.015897732330579,neural_inr,24,2
2802,1,0.007154336340208879,1.203912479331053,neural_inr,24,2
2802,2,0.005926648987423385,3.289365898470087,neural_inr,24,2
2802,3,0.005983114465733261,0.8835217725604858,neural_inr,24,2
2802,4,0.008382757329118903,2.2985925308520025,neural_inr,24,2
2802,5,0.018319173362636786,5.674203071572755,neural_inr,24,2
2802,6,0.01745235407678953,0.46968944192093665,neural_inr,24,2
2802,7,0.018542964690584047,4.772662457435713,neural_inr,24,2
2802,8,0.02017375008345845,2.0569832983336713,neural_inr,24,2
2802,9,0.031553359949572465,8.5347555822001,neural_inr,24,2
3377,1,0.00965192459434457,7.769423678645816,neural_inr,24,2
3377,2,0.014247274132739714,12.943853698844526,neural_inr,24,2
3377,3,0.017601698826716826,7.016377092742589,neural_inr,24,2
3377,4,0.020047816033745135,8.503701097167365,neural_inr,24,2
3377,5,0.024096553540729246,18.275104016514057,neural_inr,24,2
3377,6,0.030305855727215326,7.556650198720999,neural_inr,24,2
3377,7,0.03005301311879464,17.42426418642762,neural_inr,24,2
3377,8,0.029233827827132422,5.619138276872167,neural_inr,24,2
3377,9,0.037254542425509414,20.158129511758368,neural_inr,24,2
3377,10,0.040548188701438385,9.681790546327232,neural_inr,24,2
3408,1,0.001871112417526773,4.589089710772476,neural_inr,24,2
3408,2,0.004193445579208342,3.5000787002422062,neural_inr,24,2
3408,3,0.0027172358387894248,3.615377356719373,neural_inr,24,2
3408,4,0.004428556597609872,4.1046645720754515,neural_inr,24,2
3408,5,0.010244595951122995,3.767507813690411,neural_inr,24,2
3408,6,0.009550150897475854,2.3920760385946402,neural_inr,24,2
3408,7,0.006537125937432686,3.2599284646365523,neural_inr,24,2
3408,8,0.0046753212867423274,2.125122067110419,neural_inr,24,2
3408,9,0.010992484803257468,3.9153281657906587,neural_inr,24,2
3408,10,0.1382054054863664,2.3919021774796128,neural_inr,24,2
4082,1,0.0021170330040444344,0.9292892115347149,neural_inr,24,2
4082,2,0.005148041330130153,1.3501560456197013,neural_inr,24,2
4082,3,0.0026237694418812375,0.6060618913674126,neural_inr,24,2
4082,4,0.004099525829473202,0.8205718585096502,neural_inr,24,2
4082,5,0.011815983099726802,0.5627002580228676,neural_inr,24,2
4082,6,0.009475414831036725,0.17868448927271663,neural_inr,24,2
4082,7,0.006944192617980206,1.0077575430571202,neural_inr,24,2
4082,8,0.031361456674974225,0.9629877037511488,neural_inr,24,2
4082,9,0.034941344050318526,0.22582611360829843,neural_inr,24,2
4082,10,0.008246865330903679,0.3875388751448031,neural_inr,24,2
4352,1,0.012455051694833689,3.312948145967581,neural_inr,24,2
4352,2,0.02461210048551355,5.693107796619246,neural_inr,24,2
4352,3,0.025829171413720972,4.438394089928652,neural_inr,24,2
4352,4,0.034334173621289314,6.44558838253275,neural_inr,24,2
4352,5,0.04052585862268076,8.55135664859892,neural_inr,24,2
4352,6,0.04134675793028636,7.920207859575295,neural_inr,24,2
4352,7,0.04719401182018756,9.647174618204845,neural_inr,24,2
4352,8,0.047301536374597365,9.178621040481314,neural_inr,24,2
4352,9,0.056940674160667344,12.151826689161883,neural_inr,24,2
4352,10,0.05886085835352728,10.962251845922411,neural_inr,24,2
4470,1,0.00360983916563949,0.810076918891539,neural_inr,24,2
4470,2,0.004284584712742251,0.5883664845130886,neural_inr,24,2
4470,3,0.0033302455573731267,1.313597908562123,neural_inr,24,2
4470,4,0.005353074339018053,0.33324816641821453,neural_inr,24,2
4470,5,0.027633241730236027,1.7809387592638568,neural_inr,24,2
4470,6,0.03299319049432741,1.6029848435063279,neural_inr,24,2
4470,7,0.009474653986012086,1.2670158056647023,neural_inr,24,2
4470,8,0.007404725559578214,0.3769957437934426,neural_inr,24,2
4470,9,0.01073916248973732,3.918373030234739,neural_inr,24,2
4470,10,0.012087106524208812,0.021215105755162972,neural_inr,24,2
5873,1,0.017763625224591465,0.15803566329800137,neural_inr,24,2
5873,2,0.00978574568863275,6.114908557918206,neural_inr,24,2
5873,3,0.014867789527062202,0.8780926346727839,neural_inr,24,2
5873,4,0.014865784504623244,2.6811222109592987,neural_inr,24,2
5873,5,0.024718153918968335,11.05194931134933,neural_inr,24,2
5873,6,0.025781234989583828,0.4900657574098372,neural_inr,24,2
5873,7,0.0322644396109553,9.067575581723348,neural_inr,24,2
5873,8,0.14741480145362068,2.7013659917800696,neural_inr,24,2
5873,9,0.16043964173882455,15.829229151262078,neural_inr,24,2
5873,10,0.04501000077732781,6.490604728434244,neural_inr,24,2
6148,1,0.002467950973177319,2.2178591172091746,neural_inr,24,2
6148,2,0.006365282399969835,1.3631979661837497,neural_inr,24,2
6148,3,0.0035411863875605834,3.0068821630243736,neural_inr,24,2
6148,4,0.005633342734592569,1.5101752919257374,neural_inr,24,2
6148,5,0.012665559905413626,0.4766791370378952,neural_inr,24,2
6148,6,0.007008873185104824,3.599255300128732,neural_inr,24,2
6148,7,0.008374915357183302,0.7798948458610591,neural_inr,24,2
6148,8,0.006226038540400558,2.725548770346506,neural_inr,24,2
6148,10,0.00769240459983999,0.8457954805518214,neural_inr,24,2
7862,1,0.047169384828857325,1.4060289217622364,neural_inr,24,2
7862,2,0.053080852908240016,0.488417849165366,neural_inr,24,2
7862,3,0.04296520687863533,3.798089550611694,neural_inr,24,2
7862,4,0.05956490535106944,0.421163396464085,neural_inr,24,2
7862,5,0.10160818986898182,1.9185845067854337,neural_inr,24,2
7862,6,0.05096377745694211,3.9767599310684836,neural_inr,24,2
7862,7,0.09093516483860986,0.5540252698060799,neural_inr,24,2
7862,8,0.054115383668239016,0.5712688398847112,neural_inr,24,2
7862,9,0.08329528421528977,6.848711828524864,neural_inr,24,2
7862,10,0.09455464809077806,1.4394174503887085,neural_inr,24,2
8539,1,0.005083532109793358,0.6276612452499363,neural_inr,24,2
8539,2,0.008052970442998318,0.30186116916391686,neural_inr,24,2
8539,3,0.006141591988642638,0.5719988707871767,neural_inr,24,2
8539,4,0.008276213596979918,0.250154028357864,neural_inr,24,2
8539,5,0.015376064662039194,0.9829511545560963,neural_inr,24,2
8539,8,0.026221119615381205,0.5789646832008212,neural_inr,24,2
8539,9,0.03185751522531486,1.8975289889561793,neural_inr,24,2
8539,10,0.01320618520541999,0.8052778066267374,neural_inr,24,2
9311,1,0.014916080048968803,0.41601054335635634,neural_inr,24,2
9311,2,0.02520572733480421,2.9933250441105304,neural_inr,24,2
9311,3,0.018945328833170887,1.7888986546907468,neural_inr,24,2
9311,6,0.03134708865060829,0.7268345047141,neural_inr,24,2
9311,7,0.04245535361108146,1.9324550072939404,neural_inr,24,2
9311,8,0.02463101022654841,0.548528595196935,neural_inr,24,2
9311,9,0.04732574276312978,4.830268816391473,neural_inr,24,2
9311,10,0.05309095829086887,1.3111234016681064,neural_inr,24,2
9779,1,0.002936935709995667,3.2097609439926233,neural_inr,24,2
9779,2,0.005809653188014819,2.9345779851746605,neural_inr,24,2
9779,3,0.0032244171582953623,3.1366793880256325,neural_inr,24,2
9779,4,0.007558745481305434,3.5031908005927628,neural_inr,24,2
9779,5,0.01667695095997375,3.6703149342518997,neural_inr,24,2
9779,6,0.012434195610472522,3.242163757818749,neural_inr,24,2
9779,7,0.013343784325264063,3.3569760756025926,neural_inr,24,2
9779,8,0.008951316179745983,2.9863573821390896,neural_inr,24,2
9779,9,0.01478372203360237,4.132631790128439,neural_inr,24,2
9779,10,0.016806013516419173,3.9563324757895546,neural_inr,24,2
422,1,0.00044678035964445086,1.2718751940866977,original_fixed_rbf,24,2
422,2,0.0006166470987122438,0.6235300135708587,original_fixed_rbf,24,2
422,3,0.000947338253231833,1.7625422207884567,original_fixed_rbf,24,2
422,4,0.0011893492529197738,1.16214032350103,original_fixed_rbf,24,2
422,5,0.0274149906156177,0.13652418680406753,original_fixed_rbf,24,2
422,8,0.030819002746006404,0.4518949612917107,original_fixed_rbf,24,2
422,9,0.027334133492609373,1.3149616622889369,original_fixed_rbf,24,2
422,10,0.003913871819788091,0.9468969606940306,original_fixed_rbf,24,2
1190,1,0.0006264130532475684,1.0230406758575374,original_fixed_rbf,24,2
1190,2,0.0018967753044417228,0.8244240742581253,original_fixed_rbf,24,2
1190,3,0.0015022119555637178,2.6763445368378798,original_fixed_rbf,24,2
1190,4,0.0028256424109278375,0.4848391050641178,original_fixed_rbf,24,2
1190,5,0.08368739968586267,1.3059072360710433,original_fixed_rbf,24,2
1190,6,0.06290728190714125,3.604153847089326,original_fixed_rbf,24,2
1190,7,0.010540795609761115,0.9436034454946192,original_fixed_rbf,24,2
1190,8,0.011033631062029002,0.02372530665223571,original_fixed_rbf,24,2
1190,9,0.011334469450285555,2.413134408402151,original_fixed_rbf,24,2
1190,10,0.008321644110125889,0.2175571166076085,original_fixed_rbf,24,2
1826,1,0.002284455403423562,0.6022556377970062,original_fixed_rbf,24,2
1826,2,0.0032123997337850175,0.31667468436773966,original_fixed_rbf,24,2
1826,3,0.0029894737534594215,0.909829195542904,original_fixed_rbf,24,2
1826,4,0.006416576625533691,0.9662502033093108,original_fixed_rbf,24,2
1826,5,0.009931099428098715,0.05389292482078138,original_fixed_rbf,24,2
1826,6,0.006176018784892414,1.2021377915598483,original_fixed_rbf,24,2
1826,7,0.005136227729364323,0.9281107251407641,original_fixed_rbf,24,2
1826,8,0.007249012979408646,0.9229663121738232,original_fixed_rbf,24,2
1826,9,0.006739029372901801,0.674282183182996,original_fixed_rbf,24,2
2209,1,0.0010495738222201791,0.031073964996913495,original_fixed_rbf,24,2
2209,2,0.00426262240806817,1.495123539345861,original_fixed_rbf,24,2
2209,3,0.002442441605536172,5.420497220710386,original_fixed_rbf,24,2
2209,4,0.0024060616606647097,0.9595909908498179,original_fixed_rbf,24,2
2209,5,0.11444596566305933,2.829171605994554,original_fixed_rbf,24,2
2209,6,0.1346804522399176,4.50793407934125,original_fixed_rbf,24,2
2209,7,0.1368961274243921,2.452237319364348,original_fixed_rbf,24,2
2209,8,0.009159309522816652,1.332053596651353,original_fixed_rbf,24,2
2209,10,0.008417308804873633,1.8934925769888842,original_fixed_rbf,24,2
2802,1,0.003270564450832188,1.1612295049009496,original_fixed_rbf,24,2
2802,2,0.00551917576581472,2.6080806406167802,original_fixed_rbf,24,2
2802,3,0.00444246136931517,0.826234045575287,original_fixed_rbf,24,2
2802,4,0.00891143456969391,1.8426158573436644,original_fixed_rbf,24,2
2802,5,0.013288621169084363,3.979791437985582,original_fixed_rbf,24,2
2802,6,0.014783727535814925,0.7293595502810731,original_fixed_rbf,24,2
2802,7,0.011044875752113733,3.074277644760942,original_fixed_rbf,24,2
2802,8,0.019919235577325146,1.4156292021513472,original_fixed_rbf,24,2
2802,9,0.02393947468732108,5.57693715679965,original_fixed_rbf,24,2
3377,1,0.009586828292156624,0.2919267390135766,original_fixed_rbf,24,2
3377,2,0.020146228436167646,1.3399562672199459,original_fixed_rbf,24,2
3377,3,0.014055584564142092,1.2173741350439917,original_fixed_rbf,24,2
3377,4,0.02299756718534652,1.2881553968144337,original_fixed_rbf,24,2
3377,5,0.03326421981000578,2.3575636916272895,original_fixed_rbf,24,2
3377,6,0.022473394655625464,1.3756924501623442,original_fixed_rbf,24,2
3377,7,0.031107745740316727,2.015290449841473,original_fixed_rbf,24,2
3377,8,0.0261827674492286,1.4701678678750607,original_fixed_rbf,24,2
3377,9,0.03991367051915456,3.489807457493035,original_fixed_rbf,24,2
3377,10,0.034648610229489896,1.3859880783691334,original_fixed_rbf,24,2
3408,1,0.001101869436472808,0.310215379112854,original_fixed_rbf,24,2
3408,2,0.0016430629901221447,3.2070673614174305,original_fixed_rbf,24,2
3408,3,0.0009214369394512373,0.42298608980252,original_fixed_rbf,24,2
3408,4,0.0020602748348182943,1.038100568345288,original_fixed_rbf,24,2
3408,5,0.008870780988854519,3.385071441549066,original_fixed_rbf,24,2
3408,6,0.020970781289438096,1.8598781671788123,original_fixed_rbf,24,2
3408,7,0.003408178141652379,3.094719494938591,original_fixed_rbf,24,2
3408,8,0.008625733264879502,0.45354238140058545,original_fixed_rbf,24,2
3408,9,0.010041850948799821,3.263674947354456,original_fixed_rbf,24,2
3408,10,0.13559596925773032,0.26408113878355066,original_fixed_rbf,24,2
4082,1,0.0009202783127786068,0.8496439709198103,original_fixed_rbf,24,2
4082,2,0.0009652191130296218,1.173545175191232,original_fixed_rbf,24,2
4082,3,0.0009581336172924394,1.32383039394433,original_fixed_rbf,24,2
4082,4,0.001608522740334434,1.4065928569187398,original_fixed_rbf,24,2
4082,5,0.014534659879315504,0.4741275598671382,original_fixed_rbf,24,2
4082,6,0.01898343402222556,1.1596303421081322,original_fixed_rbf,24,2
4082,7,0.0018981398673332288,1.7973005959113788,original_fixed_rbf,24,2
4082,8,0.027689598754827814,0.0694079134174196,original_fixed_rbf,24,2
4082,9,0.02542839790215769,0.788007125543295,original_fixed_rbf,24,2
4082,10,0.008263143449808174,1.5094420817089333,original_fixed_rbf,24,2
4352,1,0.010998066723685283,1.1662554451494207,original_fixed_rbf,24,2
4352,2,0.02305769859435009,3.0150490358401663,original_fixed_rbf,24,2
4352,3,0.02288150866319118,4.272792048153972,original_fixed_rbf,24,2
4352,4,0.032661543275829805,5.392489498978282,original_fixed_rbf,24,2
4352,5,0.040673732357066075,6.572588356197742,original_fixed_rbf,24,2
4352,6,0.03563534252380396,7.4176604256743195,original_fixed_rbf,24,2
4352,7,0.04279506943579453,8.190355871920776,original_fixed_rbf,24,2
4352,8,0.046320701989286533,8.515515290632425,original_fixed_rbf,24,2
4352,9,0.05577916766540454,10.714743811629145,original_fixed_rbf,24,2
4352,10,0.05569781980290323,10.53904480024454,original_fixed_rbf,24,2
4470,1,0.0026892223697190893,0.510193944440915,original_fixed_rbf,24,2
4470,2,0.0010775930261905644,0.6156428669746693,original_fixed_rbf,24,2
4470,3,0.0006938751243648078,0.0933503418503991,original_fixed_rbf,24,2
4470,4,0.003113721877128019,0.698631934717084,original_fixed_rbf,24,2
4470,5,0.008068028575938179,0.9208127956262114,original_fixed_rbf,24,2
4470,6,0.010657422577558097,0.2842639911594687,original_fixed_rbf,24,2
4470,7,0.00392520469519624,0.6136696690252126,original_fixed_rbf,24,2
4470,8,0.01316290348251754,1.0522983303719515,original_fixed_rbf,24,2
4470,9,0.0040248499266876455,0.8881810039349233,original_fixed_rbf,24,2
4470,10,0.004504295980605744,0.4125030672963311,original_fixed_rbf,24,2
5873,1,0.003293212272223721,0.8121772418130238,original_fixed_rbf,24,2
5873,2,0.011248541994889385,2.384733445914584,original_fixed_rbf,24,2
5873,3,0.008311645907000181,0.5797628097695537,original_fixed_rbf,24,2
5873,4,0.019436575753582607,2.0957981088738267,original_fixed_rbf,24,2
5873,5,0.022379553420740717,6.473632146171629,original_fixed_rbf,24,2
5873,6,0.01741814908253717,0.5146789330766374,original_fixed_rbf,24,2
5873,7,0.02914677958729314,5.633571520860998,original_fixed_rbf,24,2
5873,8,0.15628127564374417,1.7832667469587002,original_fixed_rbf,24,2
5873,9,0.15535426551628898,10.25107078785381,original_fixed_rbf,24,2
5873,10,0.03933952876516242,4.700327391204622,original_fixed_rbf,24,2
6148,1,0.0005034063133915391,0.8957234472020349,original_fixed_rbf,24,2
6148,2,0.0015873149421522586,1.4884048989894902,original_fixed_rbf,24,2
6148,3,0.0011846306920903801,0.68471230609743,original_fixed_rbf,24,2
6148,4,0.0022783511964302792,0.6947492563923467,original_fixed_rbf,24,2
6148,5,0.11763730502809677,0.8173403502833656,original_fixed_rbf,24,2
6148,6,0.1122404840669786,1.9530963409551392,original_fixed_rbf,24,2
6148,7,0.009393820886570503,1.4019282133235644,original_fixed_rbf,24,2
6148,8,0.005769665430643513,3.2441657822891634,original_fixed_rbf,24,2
6148,10,0.005739765977707274,0.5541514071028157,original_fixed_rbf,24,2
7862,1,0.028814926147385525,3.057070818839506,original_fixed_rbf,24,2
7862,2,0.04292198215480451,12.294816793260724,original_fixed_rbf,24,2
7862,3,0.028626792839151465,0.8912822351929609,original_fixed_rbf,24,2
7862,4,0.04449913916797241,5.4640728517510215,original_fixed_rbf,24,2
7862,5,0.058937757989800214,20.58282366271736,original_fixed_rbf,24,2
7862,6,0.022749669050157517,0.034268960084796005,original_fixed_rbf,24,2
7862,7,0.05440769553130414,12.588143557237693,original_fixed_rbf,24,2
7862,8,0.04147030544227468,3.855344076188463,original_fixed_rbf,24,2
7862,9,0.07115457045147575,27.06517079401495,original_fixed_rbf,24,2
7862,10,0.06863478357314848,8.165576071321084,original_fixed_rbf,24,2
8539,1,0.0011438671508200125,0.8149457273870085,original_fixed_rbf,24,2
8539,2,0.0021849212052590323,0.4586496441865298,original_fixed_rbf,24,2
8539,3,0.0016927239304897605,0.01719342858485098,original_fixed_rbf,24,2
8539,4,0.0026003922570425053,0.9995865848087693,original_fixed_rbf,24,2
8539,5,0.00917601920814367,1.5656016297465645,original_fixed_rbf,24,2
8539,8,0.025602528806887914,0.5662274028399318,original_fixed_rbf,24,2
8539,9,0.025264552176403474,2.861739942787929,original_fixed_rbf,24,2
8539,10,0.010953894635621965,1.5722076543042098,original_fixed_rbf,24,2
9311,1,0.0021063480653377323,2.2769756882022563,original_fixed_rbf,24,2
9311,2,0.005168906814363466,0.34733547727034186,original_fixed_rbf,24,2
9311,3,0.004033354774652314,1.740115942825781,original_fixed_rbf,24,2
9311,6,0.028969312544307665,1.2947251161275337,original_fixed_rbf,24,2
9311,7,0.006101843198798051,2.207416803411631,original_fixed_rbf,24,2
9311,8,0.018533868961806074,1.803324997523888,original_fixed_rbf,24,2
9311,9,0.030843726754117864,19.069305819493884,original_fixed_rbf,24,2
9311,10,0.032216042844045306,3.320556096462295,original_fixed_rbf,24,2
9779,1,0.002171560886237587,2.886737598586389,original_fixed_rbf,24,2
9779,2,0.004442242938177549,1.3894088533630422,original_fixed_rbf,24,2
9779,3,0.002726217055651709,2.561356081739056,original_fixed_rbf,24,2
9779,4,0.00696911750747521,2.7906942968717203,original_fixed_rbf,24,2
9779,5,0.008781301539432521,2.3766124224501377,original_fixed_rbf,24,2
9779,6,0.01839253142543932,2.9890559686537412,original_fixed_rbf,24,2
9779,7,0.008214045886870832,1.7224693264071216,original_fixed_rbf,24,2
9779,8,0.008026763192170225,4.010716697226157,original_fixed_rbf,24,2
9779,9,0.011493215624691825,3.8085251302071943,original_fixed_rbf,24,2
9779,10,0.009273271569534365,2.922670790630604,original_fixed_rbf,24,2
422,1,0.0012559021361140002,1.7758978019386253,boundary_kernel_pca,32,2
422,2,0.002569763297305734,1.0667636613398912,boundary_kernel_pca,32,2
422,3,0.0017397195488444675,0.7897243498693657,boundary_kernel_pca,32,2
422,4,0.0029010554711454274,0.719616023791826,boundary_kernel_pca,32,2
422,5,0.024181734114418582,0.9921068553954212,boundary_kernel_pca,32,2
422,8,0.029143351318109568,1.5407331071270116,boundary_kernel_pca,32,2
422,9,0.02763590091244905,0.8454990206688207,boundary_kernel_pca,32,2
422,10,0.014040204036504895,0.13400633203973641,boundary_kernel_pca,32,2
1190,1,0.0005280264950906724,0.4166323147701926,boundary_kernel_pca,32,2
1190,2,0.003183276541326635,1.0259497130555406,boundary_kernel_pca,32,2
1190,3,0.0020550866879185522,2.6787560901255705,boundary_kernel_pca,32,2
1190,4,0.0041019185690559365,0.6219379804417795,boundary_kernel_pca,32,2
1190,5,0.016332258885112402,1.0832762182550453,boundary_kernel_pca,32,2
1190,6,0.010902933566286004,2.31620297070045,boundary_kernel_pca,32,2
1190,7,0.009848857636281743,2.1326797573873466,boundary_kernel_pca,32,2
1190,8,0.009451062938794063,1.0040678600514452,boundary_kernel_pca,32,2
1190,9,0.009692163898626371,1.0370565185878822,boundary_kernel_pca,32,2
1190,10,0.011058449631729403,1.2232127105672341,boundary_kernel_pca,32,2
1826,1,0.0018950011481647423,0.3097471005337486,boundary_kernel_pca,32,2
1826,2,0.004175102342378501,0.05956260074441041,boundary_kernel_pca,32,2
1826,3,0.002801946945865179,0.21097265122371747,boundary_kernel_pca,32,2
1826,4,0.004592677890489322,1.7402670958833173,boundary_kernel_pca,32,2
1826,5,0.007682496206149747,0.379223622946972,boundary_kernel_pca,32,2
1826,6,0.007869254602273048,0.515833398277368,boundary_kernel_pca,32,2
1826,7,0.006770438852879536,2.7101103995869353,boundary_kernel_pca,32,2
1826,8,0.007297170715029898,0.9879112590116903,boundary_kernel_pca,32,2
1826,9,0.007897435716112216,0.5619010834557052,boundary_kernel_pca,32,2
2209,1,0.0009187702826772098,1.3426388472227688,boundary_kernel_pca,32,2
2209,2,0.0031158544153909963,1.4998375415239802,boundary_kernel_pca,32,2
2209,3,0.00129881496824743,3.0851021902957854,boundary_kernel_pca,32,2
2209,4,0.0020494898863672104,1.4094417845281157,boundary_kernel_pca,32,2
2209,5,0.05676000752956176,1.581896245176496,boundary_kernel_pca,32,2
2209,6,0.041399448736094864,3.45705093819154,boundary_kernel_pca,32,2
2209,7,0.13718881686452025,2.1292493357579603,boundary_kernel_pca,32,2
2209,8,0.004264229063477569,2.330123330301603,boundary_kernel_pca,32,2
2209,10,0.01317054420681728,2.0355220654239665,boundary_kernel_pca,32,2
2802,1,0.00453784669491506,0.8664791968957228,boundary_kernel_pca,32,2
2802,2,0.0029666402001272112,3.0204606301430594,boundary_kernel_pca,32,2
2802,3,0.004728668745505612,0.6160645809259959,boundary_kernel_pca,32,2
2802,4,0.0036629318358467615,2.065418796881554,boundary_kernel_pca,32,2
2802,5,0.00540764920293156,4.560859938880029,boundary_kernel_pca,32,2
2802,6,0.007585059278883255,0.5593580359817403,boundary_kernel_pca,32,2
2802,7,0.007455844104306258,4.184520985185453,boundary_kernel_pca,32,2
2802,8,0.01917338439917416,1.4025302946642721,boundary_kernel_pca,32,2
2802,9,0.017596339002711885,5.8297237644436155,boundary_kernel_pca,32,2
3377,1,0.007996988896351457,0.01609531172803141,boundary_kernel_pca,32,2
3377,2,0.017459597166142038,1.096768239298071,boundary_kernel_pca,32,2
3377,3,0.011609955565278142,0.46991230566561876,boundary_kernel_pca,32,2
3377,4,0.01882038092596625,1.3030638297301198,boundary_kernel_pca,32,2
3377,5,0.022942263598853704,1.5952098382668893,boundary_kernel_pca,32,2
3377,6,0.02335804405063801,0.7182585047653256,boundary_kernel_pca,32,2
3377,7,0.030583609560356276,5.382163128197163,boundary_kernel_pca,32,2
3377,8,0.01925938711465792,0.333971564254489,boundary_kernel_pca,32,2
3377,9,0.03622074405263549,3.303605488146585,boundary_kernel_pca,32,2
3377,10,0.03136469059515158,2.34442726379611,boundary_kernel_pca,32,2
3408,1,0.0011862292632018692,0.3174328223915879,boundary_kernel_pca,32,2
3408,2,0.002701064684406202,2.282568386920355,boundary_kernel_pca,32,2
3408,3,0.0019330702139818134,3.86488089926401,boundary_kernel_pca,32,2
3408,4,0.00213901210980511,0.7101196138610693,boundary_kernel_pca,32,2
3408,5,0.007703123085981188,3.4784929237367446,boundary_kernel_pca,32,2
3408,6,0.007580130215702833,2.0602346941568146,boundary_kernel_pca,32,2
3408,7,0.005332894271388769,4.258963705884668,boundary_kernel_pca,32,2
3408,8,0.006847289412505536,0.17415419970840565,boundary_kernel_pca,32,2
3408,9,0.00671928279738554,4.671875111550319,boundary_kernel_pca,32,2
3408,10,0.1343975589143908,1.7569489912837304,boundary_kernel_pca,32,2
4082,1,0.0007233634140620856,1.1980957111225785,boundary_kernel_pca,32,2
4082,2,0.002479551505673588,1.0150364955977584,boundary_kernel_pca,32,2
4082,3,0.0021721022135720927,1.1482020500124277,boundary_kernel_pca,32,2
4082,4,0.002686414051818014,0.7205231487227775,boundary_kernel_pca,32,2
4082,5,0.0056736063969092055,1.240795930525387,boundary_kernel_pca,32,2
4082,6,0.006529560220817534,0.530532764971983,boundary_kernel_pca,32,2
4082,7,0.007004121080740688,1.9292373021224185,boundary_kernel_pca,32,2
4082,8,0.024144262193610527,0.20357980724460198,boundary_kernel_pca,32,2
4082,9,0.02529707476937608,1.3778802285032814,boundary_kernel_pca,32,2
4082,10,0.008619092809519025,0.9563632803427112,boundary_kernel_pca,32,2
4352,1,0.007760586932308571,1.117453040285908,boundary_kernel_pca,32,2
4352,2,0.020547201971080994,2.436007957099686,boundary_kernel_pca,32,2
4352,3,0.020624855701351554,4.068354169733675,boundary_kernel_pca,32,2
4352,4,0.027409743697007206,1.9032541056459593,boundary_kernel_pca,32,2
4352,5,0.036966377199509695,4.869466751322741,boundary_kernel_pca,32,2
4352,6,0.03281546636861396,6.697225050601869,boundary_kernel_pca,32,2
4352,7,0.037186765509133864,7.440036040070049,boundary_kernel_pca,32,2
4352,8,0.0437420237532565,8.049830258563627,boundary_kernel_pca,32,2
4352,9,0.05278091224809044,9.60531268069391,boundary_kernel_pca,32,2
4352,10,0.047342511734811556,1.8433147507946244,boundary_kernel_pca,32,2
4470,1,0.0014367283311882265,0.3522776438359111,boundary_kernel_pca,32,2
4470,2,0.0023363868101908642,0.961449810586425,boundary_kernel_pca,32,2
4470,3,0.0014694567397208866,2.0683001574061852,boundary_kernel_pca,32,2
4470,4,0.00341187124281033,1.9933050960437044,boundary_kernel_pca,32,2
4470,5,0.015909337090924604,1.540095535384299,boundary_kernel_pca,32,2
4470,6,0.0213976801511628,2.187004208263826,boundary_kernel_pca,32,2
4470,7,0.0035639283280887485,1.9032598090855433,boundary_kernel_pca,32,2
4470,8,0.010978735186752488,1.9357676889077815,boundary_kernel_pca,32,2
4470,9,0.006866979959420224,1.1547667301793092,boundary_kernel_pca,32,2
4470,10,0.017176280050318102,2.2010331270542807,boundary_kernel_pca,32,2
5873,1,0.0017571071983765337,0.08531295197181447,boundary_kernel_pca,32,2
5873,2,0.007796222024234829,1.2213704094091902,boundary_kernel_pca,32,2
5873,3,0.00832294334784236,0.3660695783820407,boundary_kernel_pca,32,2
5873,4,0.016837635998366577,1.0581882378421337,boundary_kernel_pca,32,2
5873,5,0.009991730597874315,4.149053018757716,boundary_kernel_pca,32,2
5873,6,0.012070973529696818,0.3307847838281675,boundary_kernel_pca,32,2
5873,7,0.023736609937276377,5.302393989633127,boundary_kernel_pca,32,2
5873,8,0.15605539345376437,0.067859132547237,boundary_kernel_pca,32,2
5873,9,0.15637293575257083,7.863221948043679,boundary_kernel_pca,32,2
5873,10,0.03802831362982236,1.7040697704761298,boundary_kernel_pca,32,2
6148,1,0.0006734586185000616,1.0510200530951856,boundary_kernel_pca,32,2
6148,2,0.0018460138948756433,0.7306777457817155,boundary_kernel_pca,32,2
6148,3,0.001189423206921465,5.380635098414439,boundary_kernel_pca,32,2
6148,4,0.0016141600433599878,1.4239173920671466,boundary_kernel_pca,32,2
6148,5,0.051059565095959825,0.4137059339229249,boundary_kernel_pca,32,2
6148,6,0.04350286707725635,3.921559128536165,boundary_kernel_pca,32,2
6148,7,0.0024692168682261097,0.07576818035660011,boundary_kernel_pca,32,2
6148,8,0.0031288574567817046,2.113700101547813,boundary_kernel_pca,32,2
6148,10,0.00311230246662241,0.7194806360861196,boundary_kernel_pca,32,2
7862,1,0.0215775465539786,3.1981666676972735,boundary_kernel_pca,32,2
7862,2,0.03128737525680548,11.060575015676088,boundary_kernel_pca,32,2
7862,3,0.02626082008651534,0.6521045279842124,boundary_kernel_pca,32,2
7862,4,0.03180718269310808,4.623378160660686,boundary_kernel_pca,32,2
7862,5,0.04989501884670568,17.395565153978744,boundary_kernel_pca,32,2
7862,6,0.01558085768566155,0.315163300953327,boundary_kernel_pca,32,2
7862,7,0.04640444061054981,1.392842528286205,boundary_kernel_pca,32,2
7862,8,0.036007025188368416,3.6161551685990396,boundary_kernel_pca,32,2
7862,9,0.05351850728018652,24.019589910356167,boundary_kernel_pca,32,2
7862,10,0.05847198281959514,2.470561038190986,boundary_kernel_pca,32,2
8539,1,0.0026018986190212865,1.0319997409648605,boundary_kernel_pca,32,2
8539,2,0.00608798635925004,1.2342638155857455,boundary_kernel_pca,32,2
8539,3,0.0040187607463127665,1.8130035946521814,boundary_kernel_pca,32,2
8539,4,0.0053103433953147735,0.07350562424634684,boundary_kernel_pca,32,2
8539,5,0.009081210971024805,1.2769870968906902,boundary_kernel_pca,32,2
8539,8,0.026629245823939125,1.2714852997725943,boundary_kernel_pca,32,2
8539,9,0.026744414470229256,1.3873309225987391,boundary_kernel_pca,32,2
8539,10,0.015425185600544442,0.09711602784376827,boundary_kernel_pca,32,2
9311,1,0.01026504751584582,3.625385313169223,boundary_kernel_pca,32,2
9311,2,0.01355529598818514,3.081658411317577,boundary_kernel_pca,32,2
9311,3,0.0071510887024314376,4.08569480837379,boundary_kernel_pca,32,2
9311,6,0.02525800015697092,2.280505627320828,boundary_kernel_pca,32,2
9311,7,0.01713386401638354,11.296066802452499,boundary_kernel_pca,32,2
9311,8,0.01946457124978766,4.4558901354229326,boundary_kernel_pca,32,2
9311,9,0.020086034580225325,9.259707740685455,boundary_kernel_pca,32,2
9311,10,0.02301436562631303,7.967509391263354,boundary_kernel_pca,32,2
9779,1,0.004676929335354839,2.507415933032325,boundary_kernel_pca,32,2
9779,2,0.0036116443976880338,1.5870268600630772,boundary_kernel_pca,32,2
9779,3,0.0019531807981757764,4.020077364714953,boundary_kernel_pca,32,2
9779,4,0.0024584358412223606,2.552895331852285,boundary_kernel_pca,32,2
9779,5,0.004514971085682475,0.6654310555651399,boundary_kernel_pca,32,2
9779,6,0.011048433902455556,4.520658566718465,boundary_kernel_pca,32,2
9779,7,0.007739738975777323,4.045553746257223,boundary_kernel_pca,32,2
9779,8,0.007621950539072419,4.74997476002875,boundary_kernel_pca,32,2
9779,9,0.011790352683232882,0.5624217719592453,boundary_kernel_pca,32,2
9779,10,0.008280602400555191,2.68496334083166,boundary_kernel_pca,32,2
422,1,0.0016949156688189078,2.0396703133959777,output_pca,32,2
422,2,0.003634030660529338,1.235513238201324,output_pca,32,2
422,3,0.001400914354603736,2.2010604668884453,output_pca,32,2
422,4,0.0036895924052459082,1.1676302579952225,output_pca,32,2
422,5,0.01610923063778907,0.6470535261733832,output_pca,32,2
422,8,0.029711275573262672,1.3585309826474101,output_pca,32,2
422,9,0.035023221268734445,0.3278357594199229,output_pca,32,2
422,10,0.012566557810229593,0.0015938530974377127,output_pca,32,2
1190,1,0.0008039620009448226,0.4213312757699247,output_pca,32,2
1190,2,0.0032112545084409987,0.7370453352576559,output_pca,32,2
1190,3,0.002050042189124791,0.8150401834436012,output_pca,32,2
1190,4,0.00337001130927445,0.19775589842788385,output_pca,32,2
1190,5,0.03957425739742863,0.8546476279522724,output_pca,32,2
1190,6,0.012894787150398419,0.45496841475648636,output_pca,32,2
1190,7,0.011479647840478693,3.315588514699563,output_pca,32,2
1190,8,0.009265940450213324,0.9766038357453143,output_pca,32,2
1190,9,0.017364921300004114,1.0887995624526046,output_pca,32,2
1190,10,0.011196665804070706,2.205715472326381,output_pca,32,2
1826,1,0.0016883143540180107,0.45876636659154846,output_pca,32,2
1826,2,0.003989020115207132,0.062105211064169545,output_pca,32,2
1826,3,0.003042528359348531,1.7367247303627713,output_pca,32,2
1826,4,0.0040585549828427514,1.791322588103093,output_pca,32,2
1826,5,0.008014458248222238,1.3043974378804772,output_pca,32,2
1826,6,0.010718739639175145,2.18937807927601,output_pca,32,2
1826,7,0.006566071986331158,1.7892065366401497,output_pca,32,2
1826,8,0.007036001686231431,0.9042327791628005,output_pca,32,2
1826,9,0.010324712797632248,2.261875181441457,output_pca,32,2
2209,1,0.0009900544484008744,0.45921112678639436,output_pca,32,2
2209,2,0.004019171456573571,0.7385723194959214,output_pca,32,2
2209,3,0.0016808760585838994,0.2922674849997861,output_pca,32,2
2209,4,0.0026384365939486816,1.075037208689694,output_pca,32,2
2209,5,0.044129719590607595,0.5415890093870421,output_pca,32,2
2209,6,0.01579239464952245,2.960478838789726,output_pca,32,2
2209,7,0.13642192150944002,3.247428610821851,output_pca,32,2
2209,8,0.006121253538645001,2.272341425132925,output_pca,32,2
2209,10,0.015222108926398052,1.7614463426790647,output_pca,32,2
2802,1,0.0047127185800869,1.1025508912851711,output_pca,32,2
2802,2,0.0075153612351441385,2.912338341943566,output_pca,32,2
2802,3,0.0039354733431334514,0.7921471291490046,output_pca,32,2
2802,4,0.006527434424132006,2.1138472804285175,output_pca,32,2
2802,5,0.0060204528567218835,4.68728433206306,output_pca,32,2
2802,6,0.008286462016193562,0.6334639392652098,output_pca,32,2
2802,7,0.0066292990719148135,4.100585034635824,output_pca,32,2
2802,8,0.02493925061891257,1.5281128866085558,output_pca,32,2
2802,9,0.016186173873698195,5.943855098901941,output_pca,32,2
3377,1,0.009896897212897224,0.1876527007404754,output_pca,32,2
3377,2,0.02051492294472304,1.5849242238776164,output_pca,32,2
3377,3,0.013883598881247105,0.010174597740884056,output_pca,32,2
3377,4,0.02240979466715786,0.9240174031813126,output_pca,32,2
3377,5,0.02505399318335383,2.2915859866390003,output_pca,32,2
3377,6,0.025695115196926337,0.45731532374816153,output_pca,32,2
3377,7,0.03151739485355393,5.946452420494382,output_pca,32,2
3377,8,0.02310497351990697,0.6999457461051264,output_pca,32,2
3377,9,0.03947676369313076,2.7503307202346905,output_pca,32,2
3377,10,0.031877901835354,0.4890947963281573,output_pca,32,2
3408,1,0.0011641141156207863,0.9665480238004333,output_pca,32,2
3408,2,0.0030746997341739757,2.454714575930395,output_pca,32,2
3408,3,0.002320130488714704,0.22333652305731422,output_pca,32,2
3408,4,0.0029677592496186282,1.447397106482064,output_pca,32,2
3408,5,0.005569862111671001,2.7524321506292333,output_pca,32,2
3408,6,0.013986210928308498,0.11839698101749176,output_pca,32,2
3408,7,0.006693118849786807,3.919038415951682,output_pca,32,2
3408,8,0.007353998512255059,0.5414218617427667,output_pca,32,2
3408,9,0.018058501699852535,3.3718725912912935,output_pca,32,2
3408,10,0.1348285284929855,0.7723117234560621,output_pca,32,2
4082,1,0.0011293830625541976,2.0485221832200646,output_pca,32,2
4082,2,0.0025873467515062218,1.7553584913284663,output_pca,32,2
4082,3,0.0017701245294517024,1.4057568997761904,output_pca,32,2
4082,4,0.0033549158194033555,0.5253308552185628,output_pca,32,2
4082,5,0.012908826341021886,1.7542979287491218,output_pca,32,2
4082,6,0.015049273559587927,0.44900725153077486,output_pca,32,2
4082,7,0.004055348150641884,2.0523051564899553,output_pca,32,2
4082,8,0.020967023880106194,0.37660620329059763,output_pca,32,2
4082,9,0.026032950082554674,1.300539572637912,output_pca,32,2
4082,10,0.006999785291107967,0.8841937594982049,output_pca,32,2
4352,1,0.009221696234684286,0.86184321709746,output_pca,32,2
4352,2,0.020705895711970033,2.0625638201574765,output_pca,32,2
4352,3,0.021350856014129303,3.7664220671913258,output_pca,32,2
4352,4,0.02751013271941248,1.1578013705238843,output_pca,32,2
4352,5,0.037173094764588445,4.439191195051604,output_pca,32,2
4352,6,0.036706747491075796,6.456163090354664,output_pca,32,2
4352,7,0.03925478561664493,9.738150111122906,output_pca,32,2
4352,8,0.04356632566891479,7.948785707570743,output_pca,32,2
4352,9,0.05562954595732796,8.046499951032416,output_pca,32,2
4352,10,0.046101485998514574,0.8305818873517686,output_pca,32,2
4470,1,0.0015382966376167426,0.36591007812615317,output_pca,32,2
4470,2,0.002474379075120623,1.1661189871087447,output_pca,32,2
4470,3,0.0024279332141911017,0.400844773466417,output_pca,32,2
4470,4,0.0020116185187380358,1.7696362755170778,output_pca,32,2
4470,5,0.013027161986536239,3.4644490351563566,output_pca,32,2
4470,6,0.03272926080337018,2.0221505410295597,output_pca,32,2
4470,7,0.005128052842712592,1.40816510281951,output_pca,32,2
4470,8,0.007182970491037211,1.975252742057031,output_pca,32,2
4470,9,0.008967267079658404,4.860147521096298,output_pca,32,2
4470,10,0.018078843112343448,2.4507497772389777,output_pca,32,2
5873,1,0.0013593296030033181,0.1444397801384062,output_pca,32,2
5873,2,0.006401299084170817,2.472572816224813,output_pca,32,2
5873,3,0.010862150825800367,1.4842330664145618,output_pca,32,2
5873,4,0.010612635925668157,1.6255625869531074,output_pca,32,2
5873,5,0.012453439960721758,6.615952979658978,output_pca,32,2
5873,6,0.01980342822636964,1.3968459637235806,output_pca,32,2
5873,7,0.029803504900811417,7.357643800185159,output_pca,32,2
5873,8,0.1550969155232239,0.09859915533801526,output_pca,32,2
5873,9,0.15469623248988945,9.797786019465834,output_pca,32,2
5873,10,0.03985635334497652,2.2853713068786905,output_pca,32,2
6148,1,0.0006833269348679452,0.6410911983729568,output_pca,32,2
6148,2,0.0021719053467726037,0.42608733339869426,output_pca,32,2
6148,3,0.0015476827556788174,1.8275747004683889,output_pca,32,2
6148,4,0.0016767211497090153,0.46688592726502537,output_pca,32,2
6148,5,0.05404803383239327,0.11364492762044066,output_pca,32,2
6148,6,0.019687521665979018,2.871784249071389,output_pca,32,2
6148,7,0.003672152911756137,0.203910960818387,output_pca,32,2
6148,8,0.0028485691542437844,2.014016346555691,output_pca,32,2
6148,10,0.004150278343013369,2.430942824503734,output_pca,32,2
7862,1,0.0264231635408849,3.146074149150418,output_pca,32,2
7862,2,0.03534506991958013,11.732732291190118,output_pca,32,2
7862,3,0.028593042998034123,0.22430982770787009,output_pca,32,2
7862,4,0.03632554417260578,4.162975337132265,output_pca,32,2
7862,5,0.04591921687368076,20.350999663107757,output_pca,32,2
7862,6,0.02121323040709032,0.6910794577359265,output_pca,32,2
7862,7,0.04641470673301502,2.1780039375958378,output_pca,32,2
7862,8,0.04181655701394483,3.8436266207720564,output_pca,32,2
7862,9,0.06661944986740694,27.035914566198468,output_pca,32,2
7862,10,0.05987315673643336,1.8320089151754184,output_pca,32,2
8539,1,0.003372519907454737,1.0451521128673955,output_pca,32,2
8539,2,0.0060543339993746285,1.3631008328572216,output_pca,32,2
8539,3,0.0041473904528447495,0.596394820525244,output_pca,32,2
8539,4,0.0055855686353038815,0.5338641749931141,output_pca,32,2
8539,5,0.008854216149135143,1.1801934540552108,output_pca,32,2
8539,8,0.028096058394039745,1.3298777318572388,output_pca,32,2
8539,9,0.030058949954684253,1.241217411865689,output_pca,32,2
8539,10,0.015476450710473467,0.16995611665279808,output_pca,32,2
9311,1,0.01137098393364285,2.954553125453422,output_pca,32,2
9311,2,0.01740353846831988,2.7407315068316573,output_pca,32,2
9311,3,0.008081347865081434,2.682140404965064,output_pca,32,2
9311,6,0.026277230250104314,1.972155582684245,output_pca,32,2
9311,7,0.016527368978049347,12.303287016482443,output_pca,32,2
9311,8,0.023843583779885196,4.30310060070935,output_pca,32,2
9311,9,0.03148164008512477,2.0153009277581027,output_pca,32,2
9311,10,0.021068523578770006,8.261280670254298,output_pca,32,2
9779,1,0.0027909895681235246,2.6330705934492977,output_pca,32,2
9779,2,0.005211020634254608,1.065021448505568,output_pca,32,2
9779,3,0.002370930805155095,4.368384026741159,output_pca,32,2
9779,4,0.0046979481997761,2.3704935138089414,output_pca,32,2
9779,5,0.004150199034261122,0.28223539852266316,output_pca,32,2
9779,6,0.013846204868209153,4.6559793596064845,output_pca,32,2
9779,7,0.0049674226969835394,5.243063080286158,output_pca,32,2
9779,8,0.011102194076583924,4.653972239394587,output_pca,32,2
9779,9,0.016176118607339897,0.455586351492977,output_pca,32,2
9779,10,0.007486032704831826,2.008517356076365,output_pca,32,2
422,1,0.013262276787506301,1.4200927908890408,direct_hf,32,2
422,2,0.011912311543338067,8.36461252770304,direct_hf,32,2
422,3,0.014007152808903765,5.647345436480491,direct_hf,32,2
422,4,0.012509844042186377,1.7728159559480499,direct_hf,32,2
422,5,0.02393261961454437,6.925155847205936,direct_hf,32,2
422,8,0.10581271353941338,5.458154491711839,direct_hf,32,2
422,9,0.11625790647269739,10.071387243747948,direct_hf,32,2
422,10,0.02442151988874156,4.111543938823065,direct_hf,32,2
1190,1,0.005686027255743077,2.234368407764513,direct_hf,32,2
1190,2,0.009489537219496585,10.582188527897422,direct_hf,32,2
1190,3,0.010239079741806344,2.3549695463634137,direct_hf,32,2
1190,4,0.01325634380480783,7.180773428308556,direct_hf,32,2
1190,5,0.07625505760633723,3.5312147186893132,direct_hf,32,2
1190,6,0.0493412511963003,1.1128670567618444,direct_hf,32,2
1190,7,0.012372612108832124,6.387971892042342,direct_hf,32,2
1190,8,0.028950738898463786,1.6117628532134154,direct_hf,32,2
1190,9,0.0238206249376161,8.569037075396423,direct_hf,32,2
1190,10,0.009982770531356122,2.780358378021091,direct_hf,32,2
1826,1,0.00241355522122095,0.253417555403184,direct_hf,32,2
1826,2,0.004100220425017214,0.7345382539998373,direct_hf,32,2
1826,3,0.004750456791396683,3.775099688944202,direct_hf,32,2
1826,4,0.003783035405673434,2.660565126653983,direct_hf,32,2
1826,5,0.11563618842901759,6.28178324520916,direct_hf,32,2
1826,6,0.15172146424212718,4.004496613863814,direct_hf,32,2
1826,7,0.007613982352870037,6.405607698376924,direct_hf,32,2
1826,8,0.007264086112120474,4.989045882125049,direct_hf,32,2
1826,9,0.007625423990728452,5.075965485228348,direct_hf,32,2
2209,1,0.005600412395607848,4.117415285986332,direct_hf,32,2
2209,2,0.009348696671620782,4.733833411289998,direct_hf,32,2
2209,3,0.012621052565326698,11.967770393533236,direct_hf,32,2
2209,4,0.014177511188184538,4.039907315283899,direct_hf,32,2
2209,5,0.09281371301131015,4.944819915689209,direct_hf,32,2
2209,6,0.0856378882281522,8.93551911075319,direct_hf,32,2
2209,7,0.24716242456140128,2.6542002996638776,direct_hf,32,2
2209,8,0.036808586354520965,9.083270513424749,direct_hf,32,2
2209,10,0.02963944029287545,4.812176541020045,direct_hf,32,2
2802,1,0.00239691273474168,1.8755640327253453,direct_hf,32,2
2802,2,0.0030969387731776183,8.469011082934042,direct_hf,32,2
2802,3,0.0020261171371427356,2.3321344964693447,direct_hf,32,2
2802,4,0.003050306966982701,5.013864918767846,direct_hf,32,2
2802,5,0.010720653400569572,4.935034053716463,direct_hf,32,2
2802,6,0.011143920247210155,1.1371012353320662,direct_hf,32,2
2802,7,0.00472062090361318,4.593369070675472,direct_hf,32,2
2802,8,0.008486911584354072,0.28309335751694475,direct_hf,32,2
2802,9,0.01013383174026064,2.8703585041374375,direct_hf,32,2
3377,1,0.026529545562169618,12.179205109185382,direct_hf,32,2
3377,2,0.022607620979299678,21.48334406395748,direct_hf,32,2
3377,3,0.026118249019513384,18.986558059772932,direct_hf,32,2
3377,4,0.020950303194755892,24.400176146318707,direct_hf,32,2
3377,5,0.1466339500910798,18.41243981692018,direct_hf,32,2
3377,6,0.1662650994410682,16.03081400564406,direct_hf,32,2
3377,7,0.012872057001913654,22.561408749223503,direct_hf,32,2
3377,8,0.020017374751925013,19.80481028440632,direct_hf,32,2
3377,9,0.028564204348282503,26.282548323306376,direct_hf,32,2
3377,10,0.02047738040723494,28.798820167225383,direct_hf,32,2
3408,1,0.008633057199334413,31.587469850802737,direct_hf,32,2
3408,2,0.013696972937728522,38.33853426914295,direct_hf,32,2
3408,3,0.006366640017732606,21.48170338436365,direct_hf,32,2
3408,4,0.008583230151479954,23.870247414126702,direct_hf,32,2
3408,5,0.029567733449101966,31.32696796288797,direct_hf,32,2
3408,6,0.030130123251150116,13.99826380714029,direct_hf,32,2
3408,7,0.009754244942066944,26.764626781976805,direct_hf,32,2
3408,8,0.01995745834076025,22.692857713193515,direct_hf,32,2
3408,9,0.020526394443170788,33.816356599537464,direct_hf,32,2
3408,10,0.16548577377431123,18.783763624544793,direct_hf,32,2
4082,1,0.0008796383149846447,6.0480039631695295,direct_hf,32,2
4082,2,0.0037852216211400522,2.529133465802219,direct_hf,32,2
4082,3,0.00162685441722203,1.3899580314037028,direct_hf,32,2
4082,4,0.0024422323039573536,0.04062799326641563,direct_hf,32,2
4082,5,0.012815090027010667,0.3274352047121078,direct_hf,32,2
4082,6,0.021081061676975987,2.167376953932004,direct_hf,32,2
4082,7,0.007699523594757763,1.1024960098620877,direct_hf,32,2
4082,8,0.011203775767414428,0.8539863218136505,direct_hf,32,2
4082,9,0.023284496808954613,4.29194615036273,direct_hf,32,2
4082,10,0.006033582479551631,2.1621552966779296,direct_hf,32,2
4352,1,0.0018940626636083943,0.6088114953064241,direct_hf,32,2
4352,2,0.0018119765500126614,0.37802830847023977,direct_hf,32,2
4352,3,0.0026554057131670293,5.671804916172285,direct_hf,32,2
4352,4,0.002681018952862428,1.8741625084502143,direct_hf,32,2
4352,5,0.08959734367690488,5.405875101990875,direct_hf,32,2
4352,6,0.0778966024639889,4.164630721841263,direct_hf,32,2
4352,7,0.002854862381338029,3.002133199653987,direct_hf,32,2
4352,8,0.006185263677612886,5.749617272970729,direct_hf,32,2
4352,9,0.013236665009240861,3.1458399156468375,direct_hf,32,2
4352,10,0.01375508329629673,1.6942242160252918,direct_hf,32,2
4470,1,0.005277160809971355,0.2763264376262509,direct_hf,32,2
4470,2,0.005616843110779081,7.032719984636334,direct_hf,32,2
4470,3,0.005915654968351573,0.655791561416321,direct_hf,32,2
4470,4,0.006823719084412594,4.435865934310606,direct_hf,32,2
4470,5,0.016332209709521404,7.071224002115098,direct_hf,32,2
4470,6,0.014726057242947418,2.3743417784998897,direct_hf,32,2
4470,7,0.007965043269672418,6.054856215079083,direct_hf,32,2
4470,8,0.007203839800420549,1.9260620427143185,direct_hf,32,2
4470,9,0.010074368780089405,5.395128294997806,direct_hf,32,2
4470,10,0.016596475651433518,3.206835389408038,direct_hf,32,2
5873,1,0.0008355544883939521,0.18861235268716123,direct_hf,32,2
5873,2,0.0030091834144368944,1.3524470795690025,direct_hf,32,2
5873,3,0.0025523000995017996,2.0072055537074327,direct_hf,32,2
5873,4,0.0040168907121829545,0.9038500341389387,direct_hf,32,2
5873,5,0.011215148434269292,10.889469888090483,direct_hf,32,2
5873,6,0.011866757648173383,0.2805803873992926,direct_hf,32,2
5873,7,0.003265815567556127,6.031005554883346,direct_hf,32,2
5873,8,0.004088819445852623,0.5594929235813674,direct_hf,32,2
5873,9,0.004073817849266126,11.385775270859128,direct_hf,32,2
5873,10,0.04745124504311019,8.209475213889917,direct_hf,32,2
6148,1,0.0012139419619523392,3.229062722252372,direct_hf,32,2
6148,2,0.003912007553026587,5.013219509089453,direct_hf,32,2
6148,3,0.001637393382992466,8.971192894980945,direct_hf,32,2
6148,4,0.0034125947928919423,8.251631370224182,direct_hf,32,2
6148,5,0.19501271035650636,4.354969972634434,direct_hf,32,2
6148,6,0.1708408836633591,10.376583975775377,direct_hf,32,2
6148,7,0.005068643740077707,6.843540892395013,direct_hf,32,2
6148,8,0.009757754195640752,8.764225767334182,direct_hf,32,2
6148,10,0.006278834876412884,7.350325012926936,direct_hf,32,2
7862,1,0.005427383485844494,9.249332732819072,direct_hf,32,2
7862,2,0.008951634068980311,10.500171227261236,direct_hf,32,2
7862,3,0.006355658738296205,5.0230706999814885,direct_hf,32,2
7862,4,0.008743768866225085,7.306552465892855,direct_hf,32,2
7862,5,0.012985241340028516,4.522327030279616,direct_hf,32,2
7862,6,0.013506637376758753,1.7289386561609708,direct_hf,32,2
7862,7,0.012085966855369673,0.17592876558222822,direct_hf,32,2
7862,8,0.02329796810050321,2.5644383059234293,direct_hf,32,2
7862,9,0.0314789812883109,2.9167235402010623,direct_hf,32,2
7862,10,0.017254729668548373,1.2358999149959744,direct_hf,32,2
8539,1,0.011870779700239515,0.5344211804350022,direct_hf,32,2
8539,2,0.009827048506377896,6.354641700324096,direct_hf,32,2
8539,3,0.00757902548382773,1.2499124482531196,direct_hf,32,2
8539,4,0.005642789039706237,5.638616643866032,direct_hf,32,2
8539,5,0.007617183112310871,13.107021935415792,direct_hf,32,2
8539,8,0.09401444524171512,2.734488774496064,direct_hf,32,2
8539,9,0.10215713296209934,15.377035531120477,direct_hf,32,2
8539,10,0.026432968015346083,7.335497112546946,direct_hf,32,2
9311,1,0.005547614126687086,5.249667784183186,direct_hf,32,2
9311,2,0.003309816604124003,12.53435458497078,direct_hf,32,2
9311,3,0.004557974797941928,5.864931198195173,direct_hf,32,2
9311,6,0.005494051754830116,3.654159587257464,direct_hf,32,2
9311,7,0.005507294096130166,7.731692799221946,direct_hf,32,2
9311,8,0.004471083122747125,4.826328937763276,direct_hf,32,2
9311,9,0.006641214437093452,13.205317320248746,direct_hf,32,2
9311,10,0.009139214067462436,7.302935622528681,direct_hf,32,2
9779,1,0.0024145964761446022,0.22315586304629406,direct_hf,32,2
9779,2,0.006108760502963202,5.889291855376019,direct_hf,32,2
9779,3,0.009028835417906918,10.892760793265788,direct_hf,32,2
9779,4,0.012457640390501437,1.2468217327519102,direct_hf,32,2
9779,5,0.02482304040190107,6.138849225311126,direct_hf,32,2
9779,6,0.03016855850356568,5.3503965543122955,direct_hf,32,2
9779,7,0.018431284345207924,0.029908527054523796,direct_hf,32,2
9779,8,0.02173077431969822,10.992695653935577,direct_hf,32,2
9779,9,0.017775133220464208,2.4718878405725335,direct_hf,32,2
9779,10,0.040212039123364206,5.708032906314376,direct_hf,32,2
422,1,0.0015454803367347767,1.7758978019386253,cokriging,32,2
422,2,0.002437412877404721,1.0667636613398912,cokriging,32,2
422,3,0.0013800795364370512,0.7897243498693657,cokriging,32,2
422,4,0.002966020705997428,0.719616023791826,cokriging,32,2
422,5,0.015221675140552608,0.9921068553954212,cokriging,32,2
422,8,0.03203903452928577,1.5407331071270116,cokriging,32,2
422,9,0.028481974527520038,0.8454990206688207,cokriging,32,2
422,10,0.010329110516875227,0.13400633203973641,cokriging,32,2
1190,1,0.0006071010313649961,0.4166323147701926,cokriging,32,2
1190,2,0.002266954228948537,1.0259497130555406,cokriging,32,2
1190,3,0.0018865482134512027,2.6787560901255705,cokriging,32,2
1190,4,0.00186257096078969,0.6219379804417795,cokriging,32,2
1190,5,0.018488491534112438,1.0832762182550453,cokriging,32,2
1190,6,0.04141990884295851,2.31620297070045,cokriging,32,2
1190,7,0.006973083034798358,2.1326797573873466,cokriging,32,2
1190,8,0.008578943205705292,1.0040678600514452,cokriging,32,2
1190,9,0.009482448831082938,1.0370565185878822,cokriging,32,2
1190,10,0.004776470764587668,1.2232127105672341,cokriging,32,2
1826,1,0.0030942463952452147,0.3097471005337486,cokriging,32,2
1826,2,0.005708282039187817,0.05956260074441041,cokriging,32,2
1826,3,0.003292286397593608,0.21097265122371747,cokriging,32,2
1826,4,0.004448941759173861,1.7402670958833173,cokriging,32,2
1826,5,0.012402101787032065,0.379223622946972,cokriging,32,2
1826,6,0.029233100513884946,0.515833398277368,cokriging,32,2
1826,7,0.008517972180507415,2.7101103995869353,cokriging,32,2
1826,8,0.005215484015511078,0.9879112590116903,cokriging,32,2
1826,9,0.008516511692852509,0.5619010834557052,cokriging,32,2
2209,1,0.0015482327473390302,1.3426388472227688,cokriging,32,2
2209,2,0.0025163658590079884,1.4998375415239802,cokriging,32,2
2209,3,0.001163643687650958,3.0851021902957854,cokriging,32,2
2209,4,0.0017144172928639405,1.4094417845281157,cokriging,32,2
2209,5,0.04575194636934577,1.581896245176496,cokriging,32,2
2209,6,0.1485342156361862,3.45705093819154,cokriging,32,2
2209,7,0.1389057080577259,2.1292493357579603,cokriging,32,2
2209,8,0.005506484030496734,2.330123330301603,cokriging,32,2
2209,10,0.003762267905986944,2.0355220654239665,cokriging,32,2
2802,1,0.003905846559645662,0.8664791968957228,cokriging,32,2
2802,2,0.007069685849487429,3.0204606301430594,cokriging,32,2
2802,3,0.0056943511661774115,0.6160645809259959,cokriging,32,2
2802,4,0.009339438256498587,2.065418796881554,cokriging,32,2
2802,5,0.007140779941430024,4.560859938880029,cokriging,32,2
2802,6,0.003762720725492079,0.5593580359817403,cokriging,32,2
2802,7,0.015937659394055864,4.184520985185453,cokriging,32,2
2802,8,0.021984416258690197,1.4025302946642721,cokriging,32,2
2802,9,0.01792910795600728,5.8297237644436155,cokriging,32,2
3377,1,0.006044229566371531,0.01609531172803141,cokriging,32,2
3377,2,0.015292518581462442,1.096768239298071,cokriging,32,2
3377,3,0.010765588890303051,0.46991230566561876,cokriging,32,2
3377,4,0.014159553357377324,1.3030638297301198,cokriging,32,2
3377,5,0.027452523641151833,1.5952098382668893,cokriging,32,2
3377,6,0.06121078824273236,0.7182585047653256,cokriging,32,2
3377,7,0.020268325415046598,5.382163128197163,cokriging,32,2
3377,8,0.022102530549505853,0.333971564254489,cokriging,32,2
3377,9,0.035132737528897846,3.303605488146585,cokriging,32,2
3377,10,0.025784980316395888,2.34442726379611,cokriging,32,2
3408,1,0.0008128091902238486,0.3174328223915879,cokriging,32,2
3408,2,0.0017938344185875177,2.282568386920355,cokriging,32,2
3408,3,0.001976179840144036,3.86488089926401,cokriging,32,2
3408,4,0.0016235051421201008,0.7101196138610693,cokriging,32,2
3408,5,0.013527507059060643,3.4784929237367446,cokriging,32,2
3408,6,0.015486027826353195,2.0602346941568146,cokriging,32,2
3408,7,0.003012851209572718,4.258963705884668,cokriging,32,2
3408,8,0.009289184801059308,0.17415419970840565,cokriging,32,2
3408,9,0.007539153300185528,4.671875111550319,cokriging,32,2
3408,10,0.13291538928771923,1.7569489912837304,cokriging,32,2
4082,1,0.0011743934909345403,1.1980957111225785,cokriging,32,2
4082,2,0.0019882229598620813,1.0150364955977584,cokriging,32,2
4082,3,0.002316280081182829,1.1482020500124277,cokriging,32,2
4082,4,0.0019098828101633877,0.7205231487227775,cokriging,32,2
4082,5,0.008976750352587317,1.240795930525387,cokriging,32,2
4082,6,0.013136156430875614,0.530532764971983,cokriging,32,2
4082,7,0.0032881740401942564,1.9292373021224185,cokriging,32,2
4082,8,0.023100477187170263,0.20357980724460198,cokriging,32,2
4082,9,0.024847088054548126,1.3778802285032814,cokriging,32,2
4082,10,0.007808165798334473,0.9563632803427112,cokriging,32,2
4352,1,0.009747452291807821,1.117453040285908,cokriging,32,2
4352,2,0.018486793818274123,2.436007957099686,cokriging,32,2
4352,3,0.020476049380585667,4.068354169733675,cokriging,32,2
4352,4,0.02510724749651479,1.9032541056459593,cokriging,32,2
4352,5,0.03898334727387646,4.869466751322741,cokriging,32,2
4352,6,0.034568714824409055,6.697225050601869,cokriging,32,2
4352,7,0.03353087400074858,7.440036040070049,cokriging,32,2
4352,8,0.04508203437918236,8.049830258563627,cokriging,32,2
4352,9,0.05013629470219524,9.60531268069391,cokriging,32,2
4352,10,0.03351759116847545,1.8433147507946244,cokriging,32,2
4470,1,0.0020420872780155326,0.3522776438359111,cokriging,32,2
4470,2,0.002916279994205845,0.961449810586425,cokriging,32,2
4470,3,0.0024130934566192453,2.0683001574061852,cokriging,32,2
4470,4,0.0037337012282340027,1.9933050960437044,cokriging,32,2
4470,5,0.02022033480792638,1.540095535384299,cokriging,32,2
4470,6,0.02286540946426955,2.187004208263826,cokriging,32,2
4470,7,0.006751988006466246,1.9032598090855433,cokriging,32,2
4470,8,0.021311798227520457,1.9357676889077815,cokriging,32,2
4470,9,0.00685009491076389,1.1547667301793092,cokriging,32,2
4470,10,0.025187058554068577,2.2010331270542807,cokriging,32,2
5873,1,0.003911588043693352,0.08531295197181447,cokriging,32,2
5873,2,0.007852509266492814,1.2213704094091902,cokriging,32,2
5873,3,0.008800338999295585,0.3660695783820407,cokriging,32,2
5873,4,0.011951394696157606,1.0581882378421337,cokriging,32,2
5873,5,0.009339090025952956,4.149053018757716,cokriging,32,2
5873,6,0.012065576140449027,0.3307847838281675,cokriging,32,2
5873,7,0.019009273612916072,5.302393989633127,cokriging,32,2
5873,8,0.15612410738914093,0.067859132547237,cokriging,32,2
5873,9,0.1536624814735011,7.863221948043679,cokriging,32,2
5873,10,0.058374184729815266,1.7040697704761298,cokriging,32,2
6148,1,0.0004446992301696189,1.0510200530951856,cokriging,32,2
6148,2,0.0014895551365268647,0.7306777457817155,cokriging,32,2
6148,3,0.0012519583825078115,5.380635098414439,cokriging,32,2
6148,4,0.0010010065354548144,1.4239173920671466,cokriging,32,2
6148,5,0.05226142200907891,0.4137059339229249,cokriging,32,2
6148,6,0.08250809563496178,3.921559128536165,cokriging,32,2
6148,7,0.0027750192593308906,0.07576818035660011,cokriging,32,2
6148,8,0.005110816268991235,2.113700101547813,cokriging,32,2
6148,10,0.002669145897187203,0.7194806360861196,cokriging,32,2
7862,1,0.02722323739978909,3.1981666676972735,cokriging,32,2
7862,2,0.030826892777251206,11.060575015676088,cokriging,32,2
7862,3,0.028516717599759888,0.6521045279842124,cokriging,32,2
7862,4,0.029908942721445553,4.623378160660686,cokriging,32,2
7862,5,0.05105310070274823,17.395565153978744,cokriging,32,2
7862,6,0.018875193612785415,0.315163300953327,cokriging,32,2
7862,7,0.04032833812778888,1.392842528286205,cokriging,32,2
7862,8,0.040253496414338286,3.6161551685990396,cokriging,32,2
7862,9,0.039848444029461756,24.019589910356167,cokriging,32,2
7862,10,0.05544318392156133,2.470561038190986,cokriging,32,2
8539,1,0.0032031083315193303,1.0319997409648605,cokriging,32,2
8539,2,0.005257581835975742,1.2342638155857455,cokriging,32,2
8539,3,0.0038605368070802493,1.8130035946521814,cokriging,32,2
8539,4,0.004501256827884664,0.07350562424634684,cokriging,32,2
8539,5,0.01250534485606944,1.2769870968906902,cokriging,32,2
8539,8,0.027645742650993774,1.2714852997725943,cokriging,32,2
8539,9,0.027883620670974472,1.3873309225987391,cokriging,32,2
8539,10,0.01167634030017274,0.09711602784376827,cokriging,32,2
9311,1,0.004772500294505322,3.625385313169223,cokriging,32,2
9311,2,0.006042520557057479,3.081658411317577,cokriging,32,2
9311,3,0.00832963947688121,4.08569480837379,cokriging,32,2
9311,6,0.03262688084273619,2.280505627320828,cokriging,32,2
9311,7,0.003540508450994162,11.296066802452499,cokriging,32,2
9311,8,0.017908293148932546,4.4558901354229326,cokriging,32,2
9311,9,0.023793627004930814,9.259707740685455,cokriging,32,2
9311,10,0.011108013081403521,7.967509391263354,cokriging,32,2
9779,1,0.001973688320910864,2.507415933032325,cokriging,32,2
9779,2,0.002138013780173086,1.5870268600630772,cokriging,32,2
9779,3,0.0015009888744549889,4.020077364714953,cokriging,32,2
9779,4,0.0016468780064782275,2.552895331852285,cokriging,32,2
9779,5,0.011269702714653607,0.6654310555651399,cokriging,32,2
9779,6,0.013796132880597788,4.520658566718465,cokriging,32,2
9779,7,0.00402373927159757,4.045553746257223,cokriging,32,2
9779,8,0.007813541859876767,4.74997476002875,cokriging,32,2
9779,9,0.013519913929145621,0.5624217719592453,cokriging,32,2
9779,10,0.005843217685917097,2.68496334083166,cokriging,32,2
422,1,0.006490878289371116,3.0540428553700805,neural_inr,32,2
422,2,0.006684480917039116,2.0344288792661587,neural_inr,32,2
422,3,0.0049695129259351226,3.420978591378686,neural_inr,32,2
422,4,0.006129078487791423,2.075565050847986,neural_inr,32,2
422,5,0.012065421515434981,1.4628460907465952,neural_inr,32,2
422,8,0.03425877790043367,2.3414287678343144,neural_inr,32,2
422,9,0.031483526135286106,3.447998188723957,neural_inr,32,2
422,10,0.009404963964759913,0.8372866713065668,neural_inr,32,2
1190,1,0.00564701067158758,0.20503776305994292,neural_inr,32,2
1190,2,0.006413908019716323,1.4097965559987273,neural_inr,32,2
1190,3,0.00574804411792978,0.6817747344582474,neural_inr,32,2
1190,4,0.006777760788515104,0.24182533007908422,neural_inr,32,2
1190,5,0.012115343985348173,2.2487730501887606,neural_inr,32,2
1190,6,0.011106690760771589,0.17189757551347534,neural_inr,32,2
1190,7,0.007956974129218981,1.0292568390447285,neural_inr,32,2
1190,8,0.007468211780545585,0.18204526410730523,neural_inr,32,2
1190,9,0.009325667397766902,6.161224107453494,neural_inr,32,2
1190,10,0.010052974429327084,0.8152858073764809,neural_inr,32,2
1826,1,0.005991223084647295,5.277426600146461,neural_inr,32,2
1826,2,0.009187366063794403,7.364564831807148,neural_inr,32,2
1826,3,0.006314638417862089,4.248854514211835,neural_inr,32,2
1826,4,0.012208572676171241,5.6515343722366,neural_inr,32,2
1826,5,0.016078895253715437,10.438517753751151,neural_inr,32,2
1826,6,0.012764992578272306,5.130957986273937,neural_inr,32,2
1826,7,0.021173663882839065,7.822509563000999,neural_inr,32,2
1826,8,0.01701191700642311,4.6163658551626,neural_inr,32,2
1826,9,0.027884799894197353,11.425555538695715,neural_inr,32,2
2209,1,0.004996754224272818,1.3334284837900279,neural_inr,32,2
2209,2,0.006076637609590758,0.8302970494151447,neural_inr,32,2
2209,3,0.004918404821210332,2.231962972029184,neural_inr,32,2
2209,4,0.006758085707924574,2.8017714446189133,neural_inr,32,2
2209,5,0.010965698422833063,0.8986501675744478,neural_inr,32,2
2209,6,0.00929637225257395,4.28859342070831,neural_inr,32,2
2209,7,0.13742799888492693,2.4242770455567557,neural_inr,32,2
2209,8,0.007811209535955965,3.5346585964803063,neural_inr,32,2
2209,10,0.010556765081118686,4.263613824004977,neural_inr,32,2
2802,1,0.006068194795523644,1.3782302956283852,neural_inr,32,2
2802,2,0.013217328336796424,1.7343837670642677,neural_inr,32,2
2802,3,0.008452438711277975,0.9872512193318239,neural_inr,32,2
2802,4,0.017306674102705293,0.27501948597314385,neural_inr,32,2
2802,5,0.022799340220531532,4.012826309737171,neural_inr,32,2
2802,6,0.019825979461101876,1.702206319923928,neural_inr,32,2
2802,7,0.02999613340604939,3.36303283515713,neural_inr,32,2
2802,8,0.03128747311914262,0.34977544089958773,neural_inr,32,2
2802,9,0.04445166280268013,8.080713047268025,neural_inr,32,2
3377,1,0.007761768221135145,4.872045028104006,neural_inr,32,2
3377,2,0.02228138485143687,7.892363904654579,neural_inr,32,2
3377,3,0.019096831219919827,4.015521601181545,neural_inr,32,2
3377,4,0.029679066546076657,5.419943763023859,neural_inr,32,2
3377,5,0.030725439004887674,14.262728319943557,neural_inr,32,2
3377,6,0.02913612238548368,5.108918688658333,neural_inr,32,2
3377,7,0.04347405125601184,9.822684473241523,neural_inr,32,2
3377,8,0.0385326833112625,4.009876090193342,neural_inr,32,2
3377,9,0.05636723972350529,20.37179813825415,neural_inr,32,2
3377,10,0.04831727207228948,7.291665357467265,neural_inr,32,2
3408,1,0.003082489449084568,1.7400990207255904,neural_inr,32,2
3408,2,0.004107520132683966,3.543434635466151,neural_inr,32,2
3408,3,0.0026593141844871325,2.116564618180509,neural_inr,32,2
3408,4,0.005059004238539781,2.225123341033293,neural_inr,32,2
3408,5,0.008760443615088676,9.492373296878117,neural_inr,32,2
3408,6,0.005870611448272942,3.1829978069038716,neural_inr,32,2
3408,7,0.007637165610830606,4.801927350062372,neural_inr,32,2
3408,8,0.006424859914183304,1.969499145592126,neural_inr,32,2
3408,9,0.008629003882309276,15.990714262047172,neural_inr,32,2
3408,10,0.13534832412125095,3.74232633155808,neural_inr,32,2
4082,1,0.0034262523546870908,0.6787000760922727,neural_inr,32,2
4082,2,0.004631058330336913,0.5509932300649039,neural_inr,32,2
4082,3,0.003362140667433516,1.02365082127983,neural_inr,32,2
4082,4,0.004842436349773721,0.49373893519068274,neural_inr,32,2
4082,5,0.009291888907157627,1.607333464665818,neural_inr,32,2
4082,6,0.0061513632831795345,0.2551544738879068,neural_inr,32,2
4082,7,0.007327296718734286,0.5530195453387046,neural_inr,32,2
4082,8,0.03420215182851161,0.5574347610545883,neural_inr,32,2
4082,9,0.034952548503261634,1.873540909794544,neural_inr,32,2
4082,10,0.00910168247865861,0.016939724933467615,neural_inr,32,2
4352,1,0.011587574493886761,0.12114258050562603,neural_inr,32,2
4352,2,0.02624004836809156,2.443365563354392,neural_inr,32,2
4352,3,0.0280403849168434,2.9002528577882796,neural_inr,32,2
4352,4,0.041315901203985504,3.711520371679812,neural_inr,32,2
4352,5,0.036463804255612284,4.290198621353436,neural_inr,32,2
4352,6,0.0407869630155465,5.457665264288464,neural_inr,32,2
4352,7,0.058466376987035634,5.969198369073191,neural_inr,32,2
4352,8,0.0553031658266642,6.850810967767484,neural_inr,32,2
4352,9,0.07285504702527729,9.110514903703306,neural_inr,32,2
4352,10,0.06832710523912462,7.9589312615437775,neural_inr,32,2
4470,1,0.005486726178001218,2.2465925775340856,neural_inr,32,2
4470,2,0.005021799666068898,0.42640588623687986,neural_inr,32,2
4470,3,0.00447183137440712,2.055842951269491,neural_inr,32,2
4470,4,0.006743722240223386,1.2471079237939584,neural_inr,32,2
4470,5,0.02675503615148001,2.499551998356047,neural_inr,32,2
4470,6,0.029446791149799135,2.815375001122761,neural_inr,32,2
4470,7,0.012194935570009993,1.6423785069249115,neural_inr,32,2
4470,8,0.008731884681552832,1.8550290423514748,neural_inr,32,2
4470,9,0.015197067878021392,8.03836575846785,neural_inr,32,2
4470,10,0.015370281228198385,0.045431006354658555,neural_inr,32,2
5873,1,0.009328280644910024,0.5275481974362016,neural_inr,32,2
5873,2,0.021846716028227978,4.2789401952262525,neural_inr,32,2
5873,3,0.015676081946952455,0.5237920665641039,neural_inr,32,2
5873,4,0.03044683694901798,2.2774467252655892,neural_inr,32,2
5873,5,0.0372324410677444,8.226190148963035,neural_inr,32,2
5873,6,0.03038354832805511,1.366815667497653,neural_inr,32,2
5873,7,0.04886663045457087,7.250982132144374,neural_inr,32,2
5873,8,0.1593857527278399,1.1976141102192972,neural_inr,32,2
5873,9,0.16647217567281933,14.188600265813708,neural_inr,32,2
5873,10,0.05629737816232647,5.100032130669089,neural_inr,32,2
6148,1,0.00415028028371284,1.5825239843097467,neural_inr,32,2
6148,2,0.005345048782322759,0.7816000333026261,neural_inr,32,2
6148,3,0.004638542095086547,2.9329597949960617,neural_inr,32,2
6148,4,0.0059812358348926625,0.5472974400842314,neural_inr,32,2
6148,5,0.009374500393477083,0.031962073545224186,neural_inr,32,2
6148,6,0.00753837354063676,2.336795039319553,neural_inr,32,2
6148,7,0.007745121809451421,0.2193073118464299,neural_inr,32,2
6148,8,0.006394161510112131,1.5332083529022627,neural_inr,32,2
6148,10,0.007714412787784794,0.2721029058432294,neural_inr,32,2
7862,1,0.029394490954753865,0.3567909559946862,neural_inr,32,2
7862,2,0.0603401380544666,5.457512437721203,neural_inr,32,2
7862,3,0.04036658121673615,1.84472985305612,neural_inr,32,2
7862,4,0.06228902536738315,2.268096749482257,neural_inr,32,2
7862,5,0.07922592557423253,6.429177038697293,neural_inr,32,2
7862,6,0.030436434067733196,3.364632926323411,neural_inr,32,2
7862,7,0.08708028448326939,4.93375828509379,neural_inr,32,2
7862,8,0.05261046630827699,0.2852267395405377,neural_inr,32,2
7862,9,0.10945164050048484,6.108603690409392,neural_inr,32,2
7862,10,0.08389066858624779,2.8194896130226725,neural_inr,32,2
8539,1,0.006780138590032903,0.050982060527352414,neural_inr,32,2
8539,2,0.007030600982912935,1.050286291989971,neural_inr,32,2
8539,3,0.00514883455523501,0.5311493691309024,neural_inr,32,2
8539,4,0.0063169906302385104,0.83190001997858,neural_inr,32,2
8539,5,0.013605212265633453,4.247396000332962,neural_inr,32,2
8539,8,0.02827872719025289,0.602820604785828,neural_inr,32,2
8539,9,0.026421259387878968,6.259543321069818,neural_inr,32,2
8539,10,0.010382095238429319,2.166895698908095,neural_inr,32,2
9311,1,0.014844538148971485,2.395507865736194,neural_inr,32,2
9311,2,0.03318806131584039,5.339533530271218,neural_inr,32,2
9311,3,0.023112416326488812,0.7815579393022039,neural_inr,32,2
9311,6,0.030894075313700253,0.9461357799500357,neural_inr,32,2
9311,7,0.05456547473049352,4.315487043860585,neural_inr,32,2
9311,8,0.03477895904514272,1.8272736175789985,neural_inr,32,2
9311,9,0.06645315279502187,0.6229757964405724,neural_inr,32,2
9311,10,0.06415782563094041,2.83612827188942,neural_inr,32,2
9779,1,0.005642796194551133,2.7758637538078186,neural_inr,32,2
9779,2,0.008735246568220828,2.995057909934736,neural_inr,32,2
9779,3,0.005398347479478882,2.0521494054863645,neural_inr,32,2
9779,4,0.01048677147148826,2.9706341442245257,neural_inr,32,2
9779,5,0.019640615020216464,6.068455690344029,neural_inr,32,2
9779,6,0.016328756195224423,2.4696012690915237,neural_inr,32,2
9779,7,0.018579702192749764,3.2979780409969996,neural_inr,32,2
9779,8,0.01205947995068965,2.958583797705185,neural_inr,32,2
9779,9,0.0237246091679591,8.041259689471762,neural_inr,32,2
9779,10,0.020241221644952737,3.818550185119976,neural_inr,32,2
422,1,0.0015082904352920832,2.0396703133959777,original_fixed_rbf,32,2
422,2,0.0035404775081372404,1.235513238201324,original_fixed_rbf,32,2
422,3,0.0015850754787846298,2.2010604668884453,original_fixed_rbf,32,2
422,4,0.003532269544523576,1.1676302579952225,original_fixed_rbf,32,2
422,5,0.04411728457959082,0.6470535261733832,original_fixed_rbf,32,2
422,8,0.029150361488989134,1.3585309826474101,original_fixed_rbf,32,2
422,9,0.02787469560960353,0.3278357594199229,original_fixed_rbf,32,2
422,10,0.015896022542344974,0.0015938530974377127,original_fixed_rbf,32,2
1190,1,0.0004796685684427366,0.4213312757699247,original_fixed_rbf,32,2
1190,2,0.0030354215134324597,0.7370453352576559,original_fixed_rbf,32,2
1190,3,0.0021044853426210926,0.8150401834436012,original_fixed_rbf,32,2
1190,4,0.004212017743785163,0.19775589842788385,original_fixed_rbf,32,2
1190,5,0.008151821230822842,0.8546476279522724,original_fixed_rbf,32,2
1190,6,0.005915779642223706,0.45496841475648636,original_fixed_rbf,32,2
1190,7,0.009114653949970523,3.315588514699563,original_fixed_rbf,32,2
1190,8,0.010791106040255249,0.9766038357453143,original_fixed_rbf,32,2
1190,9,0.009724125054305874,1.0887995624526046,original_fixed_rbf,32,2
1190,10,0.010819163839491393,2.205715472326381,original_fixed_rbf,32,2
1826,1,0.0015418671312844134,0.45876636659154846,original_fixed_rbf,32,2
1826,2,0.003164482023169983,0.062105211064169545,original_fixed_rbf,32,2
1826,3,0.002879692143481436,1.7367247303627713,original_fixed_rbf,32,2
1826,4,0.004585583778636657,1.791322588103093,original_fixed_rbf,32,2
1826,5,0.008186720977618403,1.3043974378804772,original_fixed_rbf,32,2
1826,6,0.008981761602315435,2.18937807927601,original_fixed_rbf,32,2
1826,7,0.005409238126388233,1.7892065366401497,original_fixed_rbf,32,2
1826,8,0.00832450313602425,0.9042327791628005,original_fixed_rbf,32,2
1826,9,0.00719216450981567,2.261875181441457,original_fixed_rbf,32,2
2209,1,0.0008687317203020749,0.45921112678639436,original_fixed_rbf,32,2
2209,2,0.0035504682035433148,0.7385723194959214,original_fixed_rbf,32,2
2209,3,0.0013207257752258237,0.2922674849997861,original_fixed_rbf,32,2
2209,4,0.0022021814307987024,1.075037208689694,original_fixed_rbf,32,2
2209,5,0.07479757088714724,0.5415890093870421,original_fixed_rbf,32,2
2209,6,0.05155487083685182,2.960478838789726,original_fixed_rbf,32,2
2209,7,0.1369355196939184,3.247428610821851,original_fixed_rbf,32,2
2209,8,0.0046054143190719715,2.272341425132925,original_fixed_rbf,32,2
2209,10,0.01487427509260491,1.7614463426790647,original_fixed_rbf,32,2
2802,1,0.007234327932868275,1.1025508912851711,original_fixed_rbf,32,2
2802,2,0.00443310578478218,2.912338341943566,original_fixed_rbf,32,2
2802,3,0.005029480826656409,0.7921471291490046,original_fixed_rbf,32,2
2802,4,0.0041955317340958975,2.1138472804285175,original_fixed_rbf,32,2
2802,5,0.006373782771626493,4.68728433206306,original_fixed_rbf,32,2
2802,6,0.00764124319027966,0.6334639392652098,original_fixed_rbf,32,2
2802,7,0.006474451538363405,4.100585034635824,original_fixed_rbf,32,2
2802,8,0.020522216136011313,1.5281128866085558,original_fixed_rbf,32,2
2802,9,0.018351578120016965,5.943855098901941,original_fixed_rbf,32,2
3377,1,0.010214731557144058,0.1876527007404754,original_fixed_rbf,32,2
3377,2,0.01980324272696924,1.5849242238776164,original_fixed_rbf,32,2
3377,3,0.013738011572879441,0.010174597740884056,original_fixed_rbf,32,2
3377,4,0.02169721439790958,0.9240174031813126,original_fixed_rbf,32,2
3377,5,0.025285864034594065,2.2915859866390003,original_fixed_rbf,32,2
3377,6,0.025688522511086543,0.45731532374816153,original_fixed_rbf,32,2
3377,7,0.03294113584900136,5.946452420494382,original_fixed_rbf,32,2
3377,8,0.02027406140618976,0.6999457461051264,original_fixed_rbf,32,2
3377,9,0.03946391381393,2.7503307202346905,original_fixed_rbf,32,2
3377,10,0.03277793413467777,0.4890947963281573,original_fixed_rbf,32,2
3408,1,0.0012380641022889857,0.9665480238004333,original_fixed_rbf,32,2
3408,2,0.003393736603081154,2.454714575930395,original_fixed_rbf,32,2
3408,3,0.0030711665224879415,0.22333652305731422,original_fixed_rbf,32,2
3408,4,0.003022224483337286,1.447397106482064,original_fixed_rbf,32,2
3408,5,0.007990475037247622,2.7524321506292333,original_fixed_rbf,32,2
3408,6,0.007786837542503197,0.11839698101749176,original_fixed_rbf,32,2
3408,7,0.007665589450645693,3.919038415951682,original_fixed_rbf,32,2
3408,8,0.007358099263325202,0.5414218617427667,original_fixed_rbf,32,2
3408,9,0.007812938608091909,3.3718725912912935,original_fixed_rbf,32,2
3408,10,0.13470846025439495,0.7723117234560621,original_fixed_rbf,32,2
4082,1,0.0009319606268644523,2.0485221832200646,original_fixed_rbf,32,2
4082,2,0.0023199241114625385,1.7553584913284663,original_fixed_rbf,32,2
4082,3,0.0025094482891204538,1.4057568997761904,original_fixed_rbf,32,2
4082,4,0.0027090253577993872,0.5253308552185628,original_fixed_rbf,32,2
4082,5,0.005139166255869515,1.7542979287491218,original_fixed_rbf,32,2
4082,6,0.008383883472585679,0.44900725153077486,original_fixed_rbf,32,2
4082,7,0.007231897414670023,2.0523051564899553,original_fixed_rbf,32,2
4082,8,0.02399374536287619,0.37660620329059763,original_fixed_rbf,32,2
4082,9,0.02449714289773545,1.300539572637912,original_fixed_rbf,32,2
4082,10,0.0088997594825138,0.8841937594982049,original_fixed_rbf,32,2
4352,1,0.00760201190313473,0.86184321709746,original_fixed_rbf,32,2
4352,2,0.019709645920392153,2.0625638201574765,original_fixed_rbf,32,2
4352,3,0.021803012789153007,3.7664220671913258,original_fixed_rbf,32,2
4352,4,0.029007257999296564,1.1578013705238843,original_fixed_rbf,32,2
4352,5,0.036874392201247885,4.439191195051604,original_fixed_rbf,32,2
4352,6,0.033267518442453556,6.456163090354664,original_fixed_rbf,32,2
4352,7,0.03625952163894522,9.738150111122906,original_fixed_rbf,32,2
4352,8,0.04516930459850312,7.948785707570743,original_fixed_rbf,32,2
4352,9,0.05454894494721799,8.046499951032416,original_fixed_rbf,32,2
4352,10,0.04864802646661421,0.8305818873517686,original_fixed_rbf,32,2
4470,1,0.00256699099579652,0.36591007812615317,original_fixed_rbf,32,2
4470,2,0.00256963630667464,1.1661189871087447,original_fixed_rbf,32,2
4470,3,0.002328667639337293,0.400844773466417,original_fixed_rbf,32,2
4470,4,0.005642503712207496,1.7696362755170778,original_fixed_rbf,32,2
4470,5,0.016122242275738427,3.4644490351563566,original_fixed_rbf,32,2
4470,6,0.021709689045765684,2.0221505410295597,original_fixed_rbf,32,2
4470,7,0.005430373404295165,1.40816510281951,original_fixed_rbf,32,2
4470,8,0.009580388183872024,1.975252742057031,original_fixed_rbf,32,2
4470,9,0.005116637956567679,4.860147521096298,original_fixed_rbf,32,2
4470,10,0.014515728979793103,2.4507497772389777,original_fixed_rbf,32,2
5873,1,0.0032937655862212037,0.1444397801384062,original_fixed_rbf,32,2
5873,2,0.006304824836667406,2.472572816224813,original_fixed_rbf,32,2
5873,3,0.010938737893907181,1.4842330664145618,original_fixed_rbf,32,2
5873,4,0.020449541607328998,1.6255625869531074,original_fixed_rbf,32,2
5873,5,0.011795756811805029,6.615952979658978,original_fixed_rbf,32,2
5873,6,0.014016452826936008,1.3968459637235806,original_fixed_rbf,32,2
5873,7,0.02413722226514836,7.357643800185159,original_fixed_rbf,32,2
5873,8,0.15491710621194799,0.09859915533801526,original_fixed_rbf,32,2
5873,9,0.15585264503926863,9.797786019465834,original_fixed_rbf,32,2
5873,10,0.039631417499285344,2.2853713068786905,original_fixed_rbf,32,2
6148,1,0.0007648687460495058,0.6410911983729568,original_fixed_rbf,32,2
6148,2,0.002229894798376111,0.42608733339869426,original_fixed_rbf,32,2
6148,3,0.0016517162746346903,1.8275747004683889,original_fixed_rbf,32,2
6148,4,0.0016771595594426137,0.46688592726502537,original_fixed_rbf,32,2
6148,5,0.05663784331023166,0.11364492762044066,original_fixed_rbf,32,2
6148,6,0.04715345193428014,2.871784249071389,original_fixed_rbf,32,2
6148,7,0.0027283116452764262,0.203910960818387,original_fixed_rbf,32,2
6148,8,0.0027451503776330446,2.014016346555691,original_fixed_rbf,32,2
6148,10,0.0029934555709273175,2.430942824503734,original_fixed_rbf,32,2
7862,1,0.024746923784745304,3.146074149150418,original_fixed_rbf,32,2
7862,2,0.03263144174241689,11.732732291190118,original_fixed_rbf,32,2
7862,3,0.02932427262165883,0.22430982770787009,original_fixed_rbf,32,2
7862,4,0.03703896134887915,4.162975337132265,original_fixed_rbf,32,2
7862,5,0.05739461723795644,20.350999663107757,original_fixed_rbf,32,2
7862,6,0.018638645461934285,0.6910794577359265,original_fixed_rbf,32,2
7862,7,0.052503851054760714,2.1780039375958378,original_fixed_rbf,32,2
7862,8,0.039001458138961866,3.8436266207720564,original_fixed_rbf,32,2
7862,9,0.058576061125725935,27.035914566198468,original_fixed_rbf,32,2
7862,10,0.060040900452200334,1.8320089151754184,original_fixed_rbf,32,2
8539,1,0.0029208130957874465,1.0451521128673955,original_fixed_rbf,32,2
8539,2,0.006301433630441212,1.3631008328572216,original_fixed_rbf,32,2
8539,3,0.004164937786457163,0.596394820525244,original_fixed_rbf,32,2
8539,4,0.005720009262765382,0.5338641749931141,original_fixed_rbf,32,2
8539,5,0.01079707634146496,1.1801934540552108,original_fixed_rbf,32,2
8539,8,0.027589632665323043,1.3298777318572388,original_fixed_rbf,32,2
8539,9,0.026866093640209383,1.241217411865689,original_fixed_rbf,32,2
8539,10,0.016002497484414277,0.16995611665279808,original_fixed_rbf,32,2
9311,1,0.011579330886407894,2.954553125453422,original_fixed_rbf,32,2
9311,2,0.016728509888399856,2.7407315068316573,original_fixed_rbf,32,2
9311,3,0.007889443704456737,2.682140404965064,original_fixed_rbf,32,2
9311,6,0.02791829221967369,1.972155582684245,original_fixed_rbf,32,2
9311,7,0.017954967243626198,12.303287016482443,original_fixed_rbf,32,2
9311,8,0.02057617793899962,4.30310060070935,original_fixed_rbf,32,2
9311,9,0.022874797449199194,2.0153009277581027,original_fixed_rbf,32,2
9311,10,0.022507647695105413,8.261280670254298,original_fixed_rbf,32,2
9779,1,0.005505368702327383,2.6330705934492977,original_fixed_rbf,32,2
9779,2,0.0039456629364999305,1.065021448505568,original_fixed_rbf,32,2
9779,3,0.0021031246391864885,4.368384026741159,original_fixed_rbf,32,2
9779,4,0.002709774109820389,2.3704935138089414,original_fixed_rbf,32,2
9779,5,0.008676221454305235,0.28223539852266316,original_fixed_rbf,32,2
9779,6,0.01284771837876678,4.6559793596064845,original_fixed_rbf,32,2
9779,7,0.006845318605073196,5.243063080286158,original_fixed_rbf,32,2
9779,8,0.008395008157694001,4.653972239394587,original_fixed_rbf,32,2
9779,9,0.012201507732502826,0.455586351492977,original_fixed_rbf,32,2
9779,10,0.008182551859351031,2.008517356076365,original_fixed_rbf,32,2
422,1,0.0004589430932003236,1.348839767094703,boundary_kernel_pca,48,2
422,2,0.0017395143312287694,1.121641541124589,boundary_kernel_pca,48,2
422,3,0.0011201376295505324,1.1302000147900948,boundary_kernel_pca,48,2
422,4,0.0015480285291677354,1.2862380605651116,boundary_kernel_pca,48,2
422,5,0.017308977520232784,0.8508578779567783,boundary_kernel_pca,48,2
422,8,0.024398775387654326,0.6721347464790279,boundary_kernel_pca,48,2
422,9,0.02783646346867522,1.550551649425011,boundary_kernel_pca,48,2
422,10,0.013035869130990385,0.7431184450475686,boundary_kernel_pca,48,2
1190,1,0.0012905877309956108,0.6550401249525086,boundary_kernel_pca,48,2
1190,2,0.0019006640581835633,0.953776858673482,boundary_kernel_pca,48,2
1190,3,0.0018588300895531434,0.8343140261020554,boundary_kernel_pca,48,2
1190,4,0.001799615285645395,0.9768031639345257,boundary_kernel_pca,48,2
1190,5,0.005752529407718416,1.237365910780711,boundary_kernel_pca,48,2
1190,6,0.005551860983170338,2.858575568696058,boundary_kernel_pca,48,2
1190,7,0.002381408050884669,0.27786699701917233,boundary_kernel_pca,48,2
1190,8,0.0069047278844205804,0.3880250313251506,boundary_kernel_pca,48,2
1190,9,0.009976995541613437,1.3450492133888685,boundary_kernel_pca,48,2
1190,10,0.012792974133265913,1.283934692464989,boundary_kernel_pca,48,2
1826,1,0.0013318950184930784,0.45353157776255915,boundary_kernel_pca,48,2
1826,2,0.002699695896553828,0.617671881690276,boundary_kernel_pca,48,2
1826,3,0.001911827887273093,0.22392723433062878,boundary_kernel_pca,48,2
1826,4,0.001482006607997648,0.30937412704029116,boundary_kernel_pca,48,2
1826,5,0.011252417956029284,0.8321524730024389,boundary_kernel_pca,48,2
1826,6,0.014494669761318262,0.4099533154576556,boundary_kernel_pca,48,2
1826,7,0.002826576948352684,2.7490537524190013,boundary_kernel_pca,48,2
1826,8,0.006221820469779507,2.377257115845538,boundary_kernel_pca,48,2
1826,9,0.005498114984198487,3.0412114744471563,boundary_kernel_pca,48,2
2209,1,0.001269705473070627,1.4325148539999715,boundary_kernel_pca,48,2
2209,2,0.002795243940185253,1.0546981629115388,boundary_kernel_pca,48,2
2209,3,0.0020134385045215146,2.3275055976605636,boundary_kernel_pca,48,2
2209,4,0.002447972096481102,1.6150995666992827,boundary_kernel_pca,48,2
2209,5,0.04622205772917176,1.4335699129179955,boundary_kernel_pca,48,2
2209,6,0.040050775638452704,3.514501504111291,boundary_kernel_pca,48,2
2209,7,0.13873577520615454,0.5819909105424427,boundary_kernel_pca,48,2
2209,8,0.009901076109662777,1.1202460241802812,boundary_kernel_pca,48,2
2209,10,0.013590058823741567,1.8223331188350897,boundary_kernel_pca,48,2
2802,1,0.00112582792784441,0.3289786957190309,boundary_kernel_pca,48,2
2802,2,0.002430449942885672,2.9527296825133083,boundary_kernel_pca,48,2
2802,3,0.0021321137027752565,0.05308237764962798,boundary_kernel_pca,48,2
2802,4,0.008779445565631802,1.5092263524727212,boundary_kernel_pca,48,2
2802,5,0.005342251575822226,5.06017881771529,boundary_kernel_pca,48,2
2802,6,0.008888797903779234,0.2685307183979363,boundary_kernel_pca,48,2
2802,7,0.004587788286120431,4.928885455081468,boundary_kernel_pca,48,2
2802,8,0.017623513526329553,0.10034806719851926,boundary_kernel_pca,48,2
2802,9,0.012670448145273475,6.738439173344457,boundary_kernel_pca,48,2
3377,1,0.000879934518532571,0.19947137371550686,boundary_kernel_pca,48,2
3377,2,0.004358246398704407,0.3767394506797458,boundary_kernel_pca,48,2
3377,3,0.0017189521294471459,0.04753197872189204,boundary_kernel_pca,48,2
3377,4,0.0013893076779789785,0.3121330993196722,boundary_kernel_pca,48,2
3377,5,0.008022020796484793,0.7529271116916848,boundary_kernel_pca,48,2
3377,6,0.015324792906758245,0.0431800343632698,boundary_kernel_pca,48,2
3377,7,0.012546306002441452,1.4863297731019394,boundary_kernel_pca,48,2
3377,8,0.014904840795313812,0.6079250717018034,boundary_kernel_pca,48,2
3377,9,0.014150680872819916,1.0567971286384357,boundary_kernel_pca,48,2
3377,10,0.02379802843992834,1.3803223172363723,boundary_kernel_pca,48,2
3408,1,0.000576148796885545,3.423995011804574,boundary_kernel_pca,48,2
3408,2,0.0007906284105118572,3.4680725383988187,boundary_kernel_pca,48,2
3408,3,0.0013476375557464118,2.960114255873914,boundary_kernel_pca,48,2
3408,4,0.0016040080127384543,3.261465816229301,boundary_kernel_pca,48,2
3408,5,0.007595373911847999,3.4350316355188277,boundary_kernel_pca,48,2
3408,6,0.0071341128263398305,3.38405895694752,boundary_kernel_pca,48,2
3408,7,0.0038168792321203447,1.0353418975198783,boundary_kernel_pca,48,2
3408,8,0.00893695822534435,0.6318754933676857,boundary_kernel_pca,48,2
3408,9,0.022145671963203675,0.2619746708340346,boundary_kernel_pca,48,2
3408,10,0.1320419457453122,0.5060304056873552,boundary_kernel_pca,48,2
4082,1,0.0007211643083625183,0.3732835161342119,boundary_kernel_pca,48,2
4082,2,0.002046900275166669,1.2323274978779244,boundary_kernel_pca,48,2
4082,3,0.0011886189538085482,0.07237362954243155,boundary_kernel_pca,48,2
4082,4,0.0018321711547740675,0.18489065346422387,boundary_kernel_pca,48,2
4082,5,0.005020444601474351,1.1351076624772414,boundary_kernel_pca,48,2
4082,6,0.01838331746508795,0.8133214074228986,boundary_kernel_pca,48,2
4082,7,0.004483664057404785,0.07946744877649202,boundary_kernel_pca,48,2
4082,8,0.013867820829062665,0.04398258939570013,boundary_kernel_pca,48,2
4082,9,0.03179355923100122,1.5850378502696487,boundary_kernel_pca,48,2
4082,10,0.007325386088276369,0.5593646187162337,boundary_kernel_pca,48,2
4352,1,0.005589067982903591,1.3213079593350194,boundary_kernel_pca,48,2
4352,2,0.013600631583874924,1.9062147374724947,boundary_kernel_pca,48,2
4352,3,0.014739577179581853,3.566619505940523,boundary_kernel_pca,48,2
4352,4,0.014287204365121271,3.6074525167726645,boundary_kernel_pca,48,2
4352,5,0.02226348493318483,3.8201099072250386,boundary_kernel_pca,48,2
4352,6,0.024832633687412935,5.280080593516597,boundary_kernel_pca,48,2
4352,7,0.023752749636105103,4.644704242639852,boundary_kernel_pca,48,2
4352,8,0.03518776553657189,7.873619529935275,boundary_kernel_pca,48,2
4352,9,0.03764986321676578,6.867508755457553,boundary_kernel_pca,48,2
4352,10,0.03599094273397951,5.205883332765883,boundary_kernel_pca,48,2
4470,1,0.0018608089817597109,0.5495036323478395,boundary_kernel_pca,48,2
4470,2,0.005417055326161328,2.8682130606921197,boundary_kernel_pca,48,2
4470,3,0.0032914312003712084,0.7770980564400849,boundary_kernel_pca,48,2
4470,4,0.00876979530218411,1.6119697590043878,boundary_kernel_pca,48,2
4470,5,0.018874117611302452,4.331061728727524,boundary_kernel_pca,48,2
4470,6,0.0229275867889727,1.4622786402631784,boundary_kernel_pca,48,2
4470,7,0.011087992908377541,8.532373697676807,boundary_kernel_pca,48,2
4470,8,0.008224459908058816,1.1878408719914435,boundary_kernel_pca,48,2
4470,9,0.01613346129095759,7.910670275499404,boundary_kernel_pca,48,2
4470,10,0.016351999216323715,3.9892347373495975,boundary_kernel_pca,48,2
5873,1,0.005969454341246939,1.2717015665588682,boundary_kernel_pca,48,2
5873,2,0.00369986737140687,2.2161079019684102,boundary_kernel_pca,48,2
5873,3,0.0028040810875714214,0.21399900825957774,boundary_kernel_pca,48,2
5873,4,0.004297569687446251,0.1077597119996822,boundary_kernel_pca,48,2
5873,5,0.007008462621220763,0.636858457506381,boundary_kernel_pca,48,2
5873,6,0.01289656417378728,0.2406777947359957,boundary_kernel_pca,48,2
5873,7,0.009231372142745706,5.0078294930211324,boundary_kernel_pca,48,2
5873,8,0.15452543507985775,0.8884922874236455,boundary_kernel_pca,48,2
5873,9,0.15400320172818335,0.35642650941851783,boundary_kernel_pca,48,2
5873,10,0.03172751879117106,0.6033230122268155,boundary_kernel_pca,48,2
6148,1,0.0005169018993607797,1.0679440245649456,boundary_kernel_pca,48,2
6148,2,0.0012567987884792818,1.0518504647041615,boundary_kernel_pca,48,2
6148,3,0.0010242148723602633,2.71373953196754,boundary_kernel_pca,48,2
6148,4,0.0012515606236533046,1.1354468161067883,boundary_kernel_pca,48,2
6148,5,0.04311352608854708,0.20274828771169015,boundary_kernel_pca,48,2
6148,6,0.04113370469549278,3.942295126006653,boundary_kernel_pca,48,2
6148,7,0.0024928826064823406,0.8332015881171565,boundary_kernel_pca,48,2
6148,8,0.003863074683879498,3.1404397752969775,boundary_kernel_pca,48,2
6148,10,0.0034605599421836863,1.1531635825952868,boundary_kernel_pca,48,2
7862,1,0.013520693105977933,0.6242488349548475,boundary_kernel_pca,48,2
7862,2,0.0223666832013993,5.172024953483992,boundary_kernel_pca,48,2
7862,3,0.017079134294943236,0.3678339281142546,boundary_kernel_pca,48,2
7862,4,0.022951291148756204,1.7560191544421855,boundary_kernel_pca,48,2
7862,5,0.03676712356957854,10.389393971692101,boundary_kernel_pca,48,2
7862,6,0.010265564951245943,0.9072645183227901,boundary_kernel_pca,48,2
7862,7,0.03019435175674488,1.3675165179043187,boundary_kernel_pca,48,2
7862,8,0.03571323158114153,1.092679423753143,boundary_kernel_pca,48,2
7862,9,0.04927711642592532,14.35450283643415,boundary_kernel_pca,48,2
7862,10,0.056012142922023674,3.1481936459737834,boundary_kernel_pca,48,2
8539,1,0.002096302416498439,2.002620451866389,boundary_kernel_pca,48,2
8539,2,0.00464962648529917,3.2070579733749143,boundary_kernel_pca,48,2
8539,3,0.003281628488714061,1.5866232027793687,boundary_kernel_pca,48,2
8539,4,0.004154937260078764,2.35650696591384,boundary_kernel_pca,48,2
8539,5,0.010180524912717587,3.4903104146844486,boundary_kernel_pca,48,2
8539,8,0.023956109989888452,0.430642879832135,boundary_kernel_pca,48,2
8539,9,0.022775135196356572,2.5593541673097597,boundary_kernel_pca,48,2
8539,10,0.017614315136395876,1.4604075286006089,boundary_kernel_pca,48,2
9311,1,0.0045712664474594445,2.0707786209660166,boundary_kernel_pca,48,2
9311,2,0.004517406715014789,2.7407908318807297,boundary_kernel_pca,48,2
9311,3,0.00309752541517147,2.214870092565988,boundary_kernel_pca,48,2
9311,6,0.01564332117559461,1.8435944129742894,boundary_kernel_pca,48,2
9311,7,0.004266710530254698,1.5520574193956411,boundary_kernel_pca,48,2
9311,8,0.01738888938268852,0.6615152006818068,boundary_kernel_pca,48,2
9311,9,0.02175790014066352,1.7533054976947595,boundary_kernel_pca,48,2
9311,10,0.035512404861927686,3.5812943751087127,boundary_kernel_pca,48,2
9779,1,0.002205530774646918,3.2816914513393782,boundary_kernel_pca,48,2
9779,2,0.0022186815793054817,3.583787856347704,boundary_kernel_pca,48,2
9779,3,0.0012488958848427606,3.398949800121479,boundary_kernel_pca,48,2
9779,4,0.0024546672096070333,3.5201189794392915,boundary_kernel_pca,48,2
9779,5,0.005175798411573461,3.1912973026044074,boundary_kernel_pca,48,2
9779,6,0.006480614914802086,4.304575470119205,boundary_kernel_pca,48,2
9779,7,0.004349604622602466,2.256952108111547,boundary_kernel_pca,48,2
9779,8,0.010399082839211359,4.3712065851684265,boundary_kernel_pca,48,2
9779,9,0.00660886407197331,3.690204636672161,boundary_kernel_pca,48,2
9779,10,0.008990142634315638,4.377135407445036,boundary_kernel_pca,48,2
422,1,0.0003822333971808429,1.348839767094703,output_pca,48,2
422,2,0.0015003694737861254,1.121641541124589,output_pca,48,2
422,3,0.0009171867072065852,1.1302000147900948,output_pca,48,2
422,4,0.0014991178088204875,1.2862380605651116,output_pca,48,2
422,5,0.01813357779231801,0.8508578779567783,output_pca,48,2
422,8,0.029301413677113405,0.6721347464790279,output_pca,48,2
422,9,0.026958172073636273,1.550551649425011,output_pca,48,2
422,10,0.012189751060568504,0.7431184450475686,output_pca,48,2
1190,1,0.0013133471597689499,0.6550401249525086,output_pca,48,2
1190,2,0.002449684746105631,0.953776858673482,output_pca,48,2
1190,3,0.0016954247947694224,0.8343140261020554,output_pca,48,2
1190,4,0.0016655767611595857,0.9768031639345257,output_pca,48,2
1190,5,0.0068729873247196606,1.237365910780711,output_pca,48,2
1190,6,0.008767824367337305,2.858575568696058,output_pca,48,2
1190,7,0.004278864747054883,0.27786699701917233,output_pca,48,2
1190,8,0.008445220737204981,0.3880250313251506,output_pca,48,2
1190,9,0.010591273435573825,1.3450492133888685,output_pca,48,2
1190,10,0.012302835902201076,1.283934692464989,output_pca,48,2
1826,1,0.0018931811172987546,0.45353157776255915,output_pca,48,2
1826,2,0.00421152542073268,0.617671881690276,output_pca,48,2
1826,3,0.002608112989914276,0.22392723433062878,output_pca,48,2
1826,4,0.0018554040420199253,0.30937412704029116,output_pca,48,2
1826,5,0.010719292229961427,0.8321524730024389,output_pca,48,2
1826,6,0.009355618523245056,0.4099533154576556,output_pca,48,2
1826,7,0.005862754067316296,2.7490537524190013,output_pca,48,2
1826,8,0.01029432225426652,2.377257115845538,output_pca,48,2
1826,9,0.007552848197555574,3.0412114744471563,output_pca,48,2
2209,1,0.00121126770434479,1.4325148539999715,output_pca,48,2
2209,2,0.0027218643706191157,1.0546981629115388,output_pca,48,2
2209,3,0.0020947414181402956,2.3275055976605636,output_pca,48,2
2209,4,0.002941073066285987,1.6150995666992827,output_pca,48,2
2209,5,0.04915724074238839,1.4335699129179955,output_pca,48,2
2209,6,0.017975695143031174,3.514501504111291,output_pca,48,2
2209,7,0.13885630420513362,0.5819909105424427,output_pca,48,2
2209,8,0.013199223829893832,1.1202460241802812,output_pca,48,2
2209,10,0.014614300578303999,1.8223331188350897,output_pca,48,2
2802,1,0.0014926728377315187,0.3289786957190309,output_pca,48,2
2802,2,0.004436760167872013,2.9527296825133083,output_pca,48,2
2802,3,0.0010932864576828343,0.05308237764962798,output_pca,48,2
2802,4,0.005552435776030835,1.5092263524727212,output_pca,48,2
2802,5,0.005595065499468531,5.06017881771529,output_pca,48,2
2802,6,0.00753548412665221,0.2685307183979363,output_pca,48,2
2802,7,0.00994432003670483,4.928885455081468,output_pca,48,2
2802,8,0.020914002375936633,0.10034806719851926,output_pca,48,2
2802,9,0.01180383347581038,6.738439173344457,output_pca,48,2
3377,1,0.001085028720528566,0.19947137371550686,output_pca,48,2
3377,2,0.005860690338153408,0.3767394506797458,output_pca,48,2
3377,3,0.0034665646323838017,0.04753197872189204,output_pca,48,2
3377,4,0.002518995263531518,0.3121330993196722,output_pca,48,2
3377,5,0.00763944506107254,0.7529271116916848,output_pca,48,2
3377,6,0.01752540473342496,0.0431800343632698,output_pca,48,2
3377,7,0.007079208541578641,1.4863297731019394,output_pca,48,2
3377,8,0.018586033725337608,0.6079250717018034,output_pca,48,2
3377,9,0.018718188199109254,1.0567971286384357,output_pca,48,2
3377,10,0.024856039137184947,1.3803223172363723,output_pca,48,2
3408,1,0.0005699080563369308,3.423995011804574,output_pca,48,2
3408,2,0.0007630262154614961,3.4680725383988187,output_pca,48,2
3408,3,0.0013445208717417537,2.960114255873914,output_pca,48,2
3408,4,0.0014587608048662307,3.261465816229301,output_pca,48,2
3408,5,0.007309721784519355,3.4350316355188277,output_pca,48,2
3408,6,0.008625046191037052,3.38405895694752,output_pca,48,2
3408,7,0.005100772308531696,1.0353418975198783,output_pca,48,2
3408,8,0.012003700016384126,0.6318754933676857,output_pca,48,2
3408,9,0.016460176113271163,0.2619746708340346,output_pca,48,2
3408,10,0.13220255465842715,0.5060304056873552,output_pca,48,2
4082,1,0.0007086390814841814,0.3732835161342119,output_pca,48,2
4082,2,0.0022572079899227564,1.2323274978779244,output_pca,48,2
4082,3,0.0010377755786421454,0.07237362954243155,output_pca,48,2
4082,4,0.0019693053962716,0.18489065346422387,output_pca,48,2
4082,5,0.004965567865611524,1.1351076624772414,output_pca,48,2
4082,6,0.009377924521701636,0.8133214074228986,output_pca,48,2
4082,7,0.004990426442193737,0.07946744877649202,output_pca,48,2
4082,8,0.01763236668777792,0.04398258939570013,output_pca,48,2
4082,9,0.029623175862852968,1.5850378502696487,output_pca,48,2
4082,10,0.006454584969364482,0.5593646187162337,output_pca,48,2
4352,1,0.00622146235686238,1.3213079593350194,output_pca,48,2
4352,2,0.013775003783322809,1.9062147374724947,output_pca,48,2
4352,3,0.015570295860515492,3.566619505940523,output_pca,48,2
4352,4,0.01527064061630676,3.6074525167726645,output_pca,48,2
4352,5,0.02260977157488003,3.8201099072250386,output_pca,48,2
4352,6,0.0281017486710014,5.280080593516597,output_pca,48,2
4352,7,0.022492646747271392,4.644704242639852,output_pca,48,2
4352,8,0.036609161560995036,7.873619529935275,output_pca,48,2
4352,9,0.04227603640303731,6.867508755457553,output_pca,48,2
4352,10,0.03952680644385056,5.205883332765883,output_pca,48,2
4470,1,0.0014662509432602784,0.5495036323478395,output_pca,48,2
4470,2,0.004652816142465738,2.8682130606921197,output_pca,48,2
4470,3,0.002953781533898715,0.7770980564400849,output_pca,48,2
4470,4,0.009141300944423112,1.6119697590043878,output_pca,48,2
4470,5,0.018031099510648737,4.331061728727524,output_pca,48,2
4470,6,0.029886829621155724,1.4622786402631784,output_pca,48,2
4470,7,0.018160641598051402,8.532373697676807,output_pca,48,2
4470,8,0.011819552201013819,1.1878408719914435,output_pca,48,2
4470,9,0.018287390187686287,7.910670275499404,output_pca,48,2
4470,10,0.015092574388342965,3.9892347373495975,output_pca,48,2
5873,1,0.002675426077174627,1.2717015665588682,output_pca,48,2
5873,2,0.001478471102490212,2.2161079019684102,output_pca,48,2
5873,3,0.003708827584881055,0.21399900825957774,output_pca,48,2
5873,4,0.003524993928407403,0.1077597119996822,output_pca,48,2
5873,5,0.005838883365182422,0.636858457506381,output_pca,48,2
5873,6,0.016454111950025788,0.2406777947359957,output_pca,48,2
5873,7,0.0065188401360474005,5.0078294930211324,output_pca,48,2
5873,8,0.15263335009073756,0.8884922874236455,output_pca,48,2
5873,9,0.15318190431194906,0.35642650941851783,output_pca,48,2
5873,10,0.027719318100626507,0.6033230122268155,output_pca,48,2
6148,1,0.0005223502881736003,1.0679440245649456,output_pca,48,2
6148,2,0.0011662394036575062,1.0518504647041615,output_pca,48,2
6148,3,0.0008925896515861203,2.71373953196754,output_pca,48,2
6148,4,0.0009857893506128792,1.1354468161067883,output_pca,48,2
6148,5,0.04575641370725549,0.20274828771169015,output_pca,48,2
6148,6,0.027669054991005963,3.942295126006653,output_pca,48,2
6148,7,0.003861637678160507,0.8332015881171565,output_pca,48,2
6148,8,0.0055268267456289434,3.1404397752969775,output_pca,48,2
6148,10,0.0033076825535830233,1.1531635825952868,output_pca,48,2
7862,1,0.015303753906151461,0.6242488349548475,output_pca,48,2
7862,2,0.023444589561174844,5.172024953483992,output_pca,48,2
7862,3,0.01730584039399454,0.3678339281142546,output_pca,48,2
7862,4,0.02262599664165087,1.7560191544421855,output_pca,48,2
7862,5,0.03760376244937149,10.389393971692101,output_pca,48,2
7862,6,0.01538953129702577,0.9072645183227901,output_pca,48,2
7862,7,0.030113533511506713,1.3675165179043187,output_pca,48,2
7862,8,0.03610425085285671,1.092679423753143,output_pca,48,2
7862,9,0.0552018197801001,14.35450283643415,output_pca,48,2
7862,10,0.056174702998693704,3.1481936459737834,output_pca,48,2
8539,1,0.002425734908046942,2.002620451866389,output_pca,48,2
8539,2,0.00502616265157037,3.2070579733749143,output_pca,48,2
8539,3,0.0034474930346155156,1.5866232027793687,output_pca,48,2
8539,4,0.0048784073898596545,2.35650696591384,output_pca,48,2
8539,5,0.009895020712631318,3.4903104146844486,output_pca,48,2
8539,8,0.022807347782557146,0.430642879832135,output_pca,48,2
8539,9,0.022964325509331217,2.5593541673097597,output_pca,48,2
8539,10,0.01694348609363196,1.4604075286006089,output_pca,48,2
9311,1,0.005287394461180919,2.0707786209660166,output_pca,48,2
9311,2,0.0070716244665546,2.7407908318807297,output_pca,48,2
9311,3,0.0043948378870856146,2.214870092565988,output_pca,48,2
9311,6,0.015594632300981173,1.8435944129742894,output_pca,48,2
9311,7,0.002521013713111111,1.5520574193956411,output_pca,48,2
9311,8,0.018206469654110987,0.6615152006818068,output_pca,48,2
9311,9,0.018323404076756537,1.7533054976947595,output_pca,48,2
9311,10,0.030088709441635286,3.5812943751087127,output_pca,48,2
9779,1,0.0018089701582377502,3.2816914513393782,output_pca,48,2
9779,2,0.0022984490396950738,3.583787856347704,output_pca,48,2
9779,3,0.0013413478533664956,3.398949800121479,output_pca,48,2
9779,4,0.002258890283792199,3.5201189794392915,output_pca,48,2
9779,5,0.004896900787500813,3.1912973026044074,output_pca,48,2
9779,6,0.008839656712333391,4.304575470119205,output_pca,48,2
9779,7,0.004743725953895927,2.256952108111547,output_pca,48,2
9779,8,0.012380768609892172,4.3712065851684265,output_pca,48,2
9779,9,0.006547756373640475,3.690204636672161,output_pca,48,2
9779,10,0.008482477302386776,4.377135407445036,output_pca,48,2
422,1,0.003354302534523625,2.2958749865675845,direct_hf,48,2
422,2,0.003956891646026201,3.476990357464812,direct_hf,48,2
422,3,0.004909938923752567,0.5873452369972145,direct_hf,48,2
422,4,0.0067890457561883165,1.2346383300299588,direct_hf,48,2
422,5,0.017664240494228097,4.904823802982087,direct_hf,48,2
422,8,0.11815973413811248,0.8256206563687912,direct_hf,48,2
422,9,0.12694000696022864,5.731006992090401,direct_hf,48,2
422,10,0.012486337927549104,7.653188982503074,direct_hf,48,2
1190,1,0.0017340496595094656,4.073171545643309,direct_hf,48,2
1190,2,0.0031725991187144965,8.09051613973543,direct_hf,48,2
1190,3,0.0022503629412841068,7.691258739628904,direct_hf,48,2
1190,4,0.005670315706596933,5.655782873131625,direct_hf,48,2
1190,5,0.01577649175643227,7.878535045900072,direct_hf,48,2
1190,6,0.008932520203942388,8.354764236191999,direct_hf,48,2
1190,7,0.011554109211864606,7.835690223649075,direct_hf,48,2
1190,8,0.025250107150765363,9.240494026661215,direct_hf,48,2
1190,9,0.02300134061800741,4.277575645773569,direct_hf,48,2
1190,10,0.016486797622040868,2.2308407407008395,direct_hf,48,2
1826,1,0.0016675660070286393,1.3366503891455017,direct_hf,48,2
1826,2,0.0015786747695920502,6.746642780931123,direct_hf,48,2
1826,3,0.0020107340990952495,4.259929582011932,direct_hf,48,2
1826,4,0.0015855933421387585,3.995968594757752,direct_hf,48,2
1826,5,0.03364532533392929,6.831016624711029,direct_hf,48,2
1826,6,0.016177699799410437,2.6281024260160812,direct_hf,48,2
1826,7,0.004096230799848478,6.398419684593408,direct_hf,48,2
1826,8,0.006225327429277101,6.921741363297036,direct_hf,48,2
1826,9,0.005248539859344511,7.630923674928154,direct_hf,48,2
2209,1,0.003005380512228917,0.09724420001946929,direct_hf,48,2
2209,2,0.009703826926697676,2.48071303131206,direct_hf,48,2
2209,3,0.007681369826012338,7.772736759807497,direct_hf,48,2
2209,4,0.011981429471993845,1.6949383242635383,direct_hf,48,2
2209,5,0.046026254438301835,4.106787074881699,direct_hf,48,2
2209,6,0.028179320799128698,12.326738830051728,direct_hf,48,2
2209,7,0.2474540976947903,3.825611740101287,direct_hf,48,2
2209,8,0.03164562828071455,6.201005199325767,direct_hf,48,2
2209,10,0.03012723464526232,3.1610771633437267,direct_hf,48,2
2802,1,0.000851028639822974,1.9187786554015431,direct_hf,48,2
2802,2,0.002715573040856081,1.0347984236382557,direct_hf,48,2
2802,3,0.0011282948784787595,0.9921149675837443,direct_hf,48,2
2802,4,0.0032977096778390633,1.7114823551509448,direct_hf,48,2
2802,5,0.008048770979010121,0.09983706347205884,direct_hf,48,2
2802,6,0.01228286284185468,0.48251180066255006,direct_hf,48,2
2802,7,0.005471643487410658,0.6912275287276616,direct_hf,48,2
2802,8,0.01740705937552501,1.3627895235377427,direct_hf,48,2
2802,9,0.012952174325111261,0.5828268182264967,direct_hf,48,2
3377,1,0.002558153345500601,1.2712733519586115,direct_hf,48,2
3377,2,0.002302048457494155,2.235240725359865,direct_hf,48,2
3377,3,0.004228315993873608,4.567082154440418,direct_hf,48,2
3377,4,0.0026431633753278097,3.0118615190762132,direct_hf,48,2
3377,5,0.04525921789947184,2.8910440698434496,direct_hf,48,2
3377,6,0.03697675184535348,19.735996858848026,direct_hf,48,2
3377,7,0.006673695880946951,11.835769292760254,direct_hf,48,2
3377,8,0.021885949675504626,4.762573973449536,direct_hf,48,2
3377,9,0.025709434395278525,2.7229891416471235,direct_hf,48,2
3377,10,0.015450351546544741,15.81519468363338,direct_hf,48,2
3408,1,0.001867373836208235,5.4282567033664995,direct_hf,48,2
3408,2,0.003399230813704788,8.304895084724485,direct_hf,48,2
3408,3,0.0022132821270611403,4.088308913516864,direct_hf,48,2
3408,4,0.0028890036513710927,4.759291955448305,direct_hf,48,2
3408,5,0.008328346671786226,8.94574441380754,direct_hf,48,2
3408,6,0.013918820716680857,3.497645594521839,direct_hf,48,2
3408,7,0.005507899634743226,19.798731477765735,direct_hf,48,2
3408,8,0.01011542165707213,4.106510857763697,direct_hf,48,2
3408,9,0.03156571371855674,25.38766289435013,direct_hf,48,2
3408,10,0.14731649907395217,3.4229328342784404,direct_hf,48,2
4082,1,0.0015932243347861847,4.520061287941945,direct_hf,48,2
4082,2,0.003543442840728135,6.464190209383022,direct_hf,48,2
4082,3,0.0023870621975992596,4.721536144390293,direct_hf,48,2
4082,4,0.004342064643156941,5.605659743143431,direct_hf,48,2
4082,5,0.014457351984668224,5.900865516648294,direct_hf,48,2
4082,6,0.017266217126984777,2.6760581598940383,direct_hf,48,2
4082,7,0.006479061243820591,5.362105087361643,direct_hf,48,2
4082,8,0.053234076012948335,5.227777251506606,direct_hf,48,2
4082,9,0.06684790922003606,4.249811976458836,direct_hf,48,2
4082,10,0.00860725209979578,6.0913228039968255,direct_hf,48,2
4352,1,0.0030252283011112067,0.21838054620630337,direct_hf,48,2
4352,2,0.003558077416341971,5.1089592137218185,direct_hf,48,2
4352,3,0.005046883508329647,0.8056716866503291,direct_hf,48,2
4352,4,0.0031059424183304115,1.3659847005570853,direct_hf,48,2
4352,5,0.035751166731949065,4.451172525193396,direct_hf,48,2
4352,6,0.033761826828106925,0.6063142588407464,direct_hf,48,2
4352,7,0.00406189703905638,4.907313458609731,direct_hf,48,2
4352,8,0.010507499258652018,0.5833550264756086,direct_hf,48,2
4352,9,0.015250740975802915,5.398215302641039,direct_hf,48,2
4352,10,0.010026690396411356,0.7744329985101931,direct_hf,48,2
4470,1,0.0026977533202250533,0.5473861076579444,direct_hf,48,2
4470,2,0.0032798841033079237,3.3398202969629267,direct_hf,48,2
4470,3,0.0031143249832034127,0.7113780505185392,direct_hf,48,2
4470,4,0.0039114021112181775,2.577355184200987,direct_hf,48,2
4470,5,0.03336849503733302,5.479145173721664,direct_hf,48,2
4470,6,0.0396381918142561,0.46293567844313216,direct_hf,48,2
4470,7,0.00531613063391997,4.415722276678437,direct_hf,48,2
4470,8,0.010464558772409689,2.547757316360024,direct_hf,48,2
4470,9,0.01398423249772854,8.40886489003301,direct_hf,48,2
4470,10,0.014852177194062408,4.895221600522377,direct_hf,48,2
5873,1,0.001824430193775545,2.2147006534743157,direct_hf,48,2
5873,2,0.001440749285929623,11.269682309608589,direct_hf,48,2
5873,3,0.0021120642409098007,1.0575975824510966,direct_hf,48,2
5873,4,0.0013336955759565355,5.02155778807297,direct_hf,48,2
5873,5,0.015661486648183374,14.500894786438684,direct_hf,48,2
5873,6,0.01634753570194061,0.21744070295077678,direct_hf,48,2
5873,7,0.0029132444563667015,10.291055396010389,direct_hf,48,2
5873,8,0.0073395612761925355,3.4391482112970175,direct_hf,48,2
5873,9,0.012742356028404582,15.94731587477008,direct_hf,48,2
5873,10,0.03176254435281231,11.217717661811344,direct_hf,48,2
6148,1,0.0016903761533240632,5.421372784284228,direct_hf,48,2
6148,2,0.0008270371873504784,4.4192196695004355,direct_hf,48,2
6148,3,0.0029557296956090667,9.713602022509988,direct_hf,48,2
6148,4,0.0020871172426806537,6.120197327428136,direct_hf,48,2
6148,5,0.03864366543892527,3.3333745103359376,direct_hf,48,2
6148,6,0.03167902733516929,7.505928237896621,direct_hf,48,2
6148,7,0.005278683423896647,6.9247138656518255,direct_hf,48,2
6148,8,0.011861894076268682,9.305652049723497,direct_hf,48,2
6148,10,0.006102667618761246,9.327824624348658,direct_hf,48,2
7862,1,0.0058734845655654885,5.731116482960953,direct_hf,48,2
7862,2,0.008763266138918964,0.7353451608087668,direct_hf,48,2
7862,3,0.0072284104684845075,1.8336906203627632,direct_hf,48,2
7862,4,0.008801128179777136,2.1756914841897697,direct_hf,48,2
7862,5,0.015308005744439352,4.510674424375539,direct_hf,48,2
7862,6,0.013884764425455285,1.325272206998616,direct_hf,48,2
7862,7,0.00869676817084929,1.5210395950570998,direct_hf,48,2
7862,8,0.020980845823526568,1.5264343186995109,direct_hf,48,2
7862,9,0.025793667738571373,8.151138178243281,direct_hf,48,2
7862,10,0.01725142049185277,0.19871863757733188,direct_hf,48,2
8539,1,0.013133270416378275,7.208379077238108,direct_hf,48,2
8539,2,0.010341042855159842,11.051552745124361,direct_hf,48,2
8539,3,0.009743653649457397,5.697113193095739,direct_hf,48,2
8539,4,0.006939379888015577,9.323228559429122,direct_hf,48,2
8539,5,0.00980147463013312,13.115127877541608,direct_hf,48,2
8539,8,0.0745109906141778,7.563862572176235,direct_hf,48,2
8539,9,0.08698604584345455,15.027171013108964,direct_hf,48,2
8539,10,0.025061217855476586,15.631600614175808,direct_hf,48,2
9311,1,0.0010101203664849934,2.6282955039878684,direct_hf,48,2
9311,2,0.0031093768683224136,4.174568721287311,direct_hf,48,2
9311,3,0.0017499653553368895,1.6786650842874231,direct_hf,48,2
9311,6,0.010466035802406053,2.2109105145977725,direct_hf,48,2
9311,7,0.004089464831994545,5.455082213016457,direct_hf,48,2
9311,8,0.008114396479292935,3.4896919002362927,direct_hf,48,2
9311,9,0.009149891820719062,7.848530374938252,direct_hf,48,2
9311,10,0.03314296498349972,4.388682680578485,direct_hf,48,2
9779,1,0.0015497552021845557,2.8642797363442747,direct_hf,48,2
9779,2,0.00572884518991025,9.302696889290672,direct_hf,48,2
9779,3,0.00669759113247444,5.389600498061104,direct_hf,48,2
9779,4,0.00988998259164111,5.9153895254904345,direct_hf,48,2
9779,5,0.014057262362940231,12.116984053593104,direct_hf,48,2
9779,6,0.021387072689506157,3.235481721557314,direct_hf,48,2
9779,7,0.009949545823684139,9.53973557022258,direct_hf,48,2
9779,8,0.016114450165518854,7.5360683377612805,direct_hf,48,2
9779,9,0.009475601360463288,13.758542549044765,direct_hf,48,2
9779,10,0.022939857385419607,1.014825241766312,direct_hf,48,2
422,1,0.0006836788980403304,1.348839767094703,cokriging,48,2
422,2,0.0013997182136609714,1.121641541124589,cokriging,48,2
422,3,0.0010727469813682827,1.1302000147900948,cokriging,48,2
422,4,0.0013638610041787403,1.2862380605651116,cokriging,48,2
422,5,0.021387958530417885,0.8508578779567783,cokriging,48,2
422,8,0.02065566995215078,0.6721347464790279,cokriging,48,2
422,9,0.028659371975709513,1.550551649425011,cokriging,48,2
422,10,0.0170205977657047,0.7431184450475686,cokriging,48,2
1190,1,0.001277498136808451,0.6550401249525086,cokriging,48,2
1190,2,0.0029211818434887833,0.953776858673482,cokriging,48,2
1190,3,0.0022155958719302137,0.8343140261020554,cokriging,48,2
1190,4,0.0028643997877310988,0.9768031639345257,cokriging,48,2
1190,5,0.011961732313582735,1.237365910780711,cokriging,48,2
1190,6,0.004822005408091854,2.858575568696058,cokriging,48,2
1190,7,0.0040392238960485945,0.27786699701917233,cokriging,48,2
1190,8,0.004631061876367597,0.3880250313251506,cokriging,48,2
1190,9,0.008989760022474806,1.3450492133888685,cokriging,48,2
1190,10,0.006291047025441347,1.283934692464989,cokriging,48,2
1826,1,0.00047759335386023143,0.45353157776255915,cokriging,48,2
1826,2,0.00225419153217845,0.617671881690276,cokriging,48,2
1826,3,0.0005309048999586127,0.22392723433062878,cokriging,48,2
1826,4,0.0015955256508990035,0.30937412704029116,cokriging,48,2
1826,5,0.014678559131688331,0.8321524730024389,cokriging,48,2
1826,6,0.013428863568408222,0.4099533154576556,cokriging,48,2
1826,7,0.002478570857786889,2.7490537524190013,cokriging,48,2
1826,8,0.0037086810861844065,2.377257115845538,cokriging,48,2
1826,9,0.005148744989870101,3.0412114744471563,cokriging,48,2
2209,1,0.0018172342081812954,1.4325148539999715,cokriging,48,2
2209,2,0.0034464044744976267,1.0546981629115388,cokriging,48,2
2209,3,0.0022467077951205767,2.3275055976605636,cokriging,48,2
2209,4,0.002592108938838288,1.6150995666992827,cokriging,48,2
2209,5,0.04079767222334426,1.4335699129179955,cokriging,48,2
2209,6,0.03417659668393929,3.514501504111291,cokriging,48,2
2209,7,0.14293674119749797,0.5819909105424427,cokriging,48,2
2209,8,0.01148619131402919,1.1202460241802812,cokriging,48,2
2209,10,0.005091410602492753,1.8223331188350897,cokriging,48,2
2802,1,0.0025774711764030745,0.3289786957190309,cokriging,48,2
2802,2,0.005352887490207878,2.9527296825133083,cokriging,48,2
2802,3,0.004622769089363063,0.05308237764962798,cokriging,48,2
2802,4,0.0076993553685826815,1.5092263524727212,cokriging,48,2
2802,5,0.00689061014009571,5.06017881771529,cokriging,48,2
2802,6,0.007063185524750533,0.2685307183979363,cokriging,48,2
2802,7,0.01581756554838222,4.928885455081468,cokriging,48,2
2802,8,0.025101555588431284,0.10034806719851926,cokriging,48,2
2802,9,0.01070719552071154,6.738439173344457,cokriging,48,2
3377,1,0.0010558841353037803,0.19947137371550686,cokriging,48,2
3377,2,0.00129854365960912,0.3767394506797458,cokriging,48,2
3377,3,0.0018000920147876213,0.04753197872189204,cokriging,48,2
3377,4,0.001049839245192174,0.3121330993196722,cokriging,48,2
3377,5,0.012747244355352452,0.7529271116916848,cokriging,48,2
3377,6,0.019803601216249057,0.0431800343632698,cokriging,48,2
3377,7,0.002106566050596094,1.4863297731019394,cokriging,48,2
3377,8,0.018409258053859748,0.6079250717018034,cokriging,48,2
3377,9,0.014890805583215245,1.0567971286384357,cokriging,48,2
3377,10,0.029180778520546284,1.3803223172363723,cokriging,48,2
3408,1,0.0007256531006619659,3.423995011804574,cokriging,48,2
3408,2,0.0012075394719711324,3.4680725383988187,cokriging,48,2
3408,3,0.0015602871820051872,2.960114255873914,cokriging,48,2
3408,4,0.001588769626407375,3.261465816229301,cokriging,48,2
3408,5,0.0052784540403791195,3.4350316355188277,cokriging,48,2
3408,6,0.0075013493487213895,3.38405895694752,cokriging,48,2
3408,7,0.0025429473896733776,1.0353418975198783,cokriging,48,2
3408,8,0.004064151862797337,0.6318754933676857,cokriging,48,2
3408,9,0.02049690980877437,0.2619746708340346,cokriging,48,2
3408,10,0.12958731629351705,0.5060304056873552,cokriging,48,2
4082,1,0.0005924094413065047,0.3732835161342119,cokriging,48,2
4082,2,0.0014924747559418754,1.2323274978779244,cokriging,48,2
4082,3,0.0009812132378852153,0.07237362954243155,cokriging,48,2
4082,4,0.0016259367123581578,0.18489065346422387,cokriging,48,2
4082,5,0.0041071887069395255,1.1351076624772414,cokriging,48,2
4082,6,0.01404794856223321,0.8133214074228986,cokriging,48,2
4082,7,0.003397203150232089,0.07946744877649202,cokriging,48,2
4082,8,0.01637383051899718,0.04398258939570013,cokriging,48,2
4082,9,0.03199473654936938,1.5850378502696487,cokriging,48,2
4082,10,0.00863491750005302,0.5593646187162337,cokriging,48,2
4352,1,0.0051609058101784715,1.3213079593350194,cokriging,48,2
4352,2,0.00837596319390014,1.9062147374724947,cokriging,48,2
4352,3,0.010877387758326149,3.566619505940523,cokriging,48,2
4352,4,0.011883569804652971,3.6074525167726645,cokriging,48,2
4352,5,0.02470526014512037,3.8201099072250386,cokriging,48,2
4352,6,0.027322928651515255,5.280080593516597,cokriging,48,2
4352,7,0.01431287633939094,4.644704242639852,cokriging,48,2
4352,8,0.03754194178617318,7.873619529935275,cokriging,48,2
4352,9,0.03705929546469319,6.867508755457553,cokriging,48,2
4352,10,0.01984826326757177,5.205883332765883,cokriging,48,2
4470,1,0.0007724316212661033,0.5495036323478395,cokriging,48,2
4470,2,0.0034630579903027732,2.8682130606921197,cokriging,48,2
4470,3,0.002948632116634159,0.7770980564400849,cokriging,48,2
4470,4,0.008481989421791413,1.6119697590043878,cokriging,48,2
4470,5,0.02481443481838058,4.331061728727524,cokriging,48,2
4470,6,0.02577974490627812,1.4622786402631784,cokriging,48,2
4470,7,0.01339745657272247,8.532373697676807,cokriging,48,2
4470,8,0.006960940025129945,1.1878408719914435,cokriging,48,2
4470,9,0.01546996923240017,7.910670275499404,cokriging,48,2
4470,10,0.027332746940402594,3.9892347373495975,cokriging,48,2
5873,1,0.004184871566982932,1.2717015665588682,cokriging,48,2
5873,2,0.005013290158442162,2.2161079019684102,cokriging,48,2
5873,3,0.002793422394413151,0.21399900825957774,cokriging,48,2
5873,4,0.004181984109363255,0.1077597119996822,cokriging,48,2
5873,5,0.012151251695047017,0.636858457506381,cokriging,48,2
5873,6,0.014263518600322787,0.2406777947359957,cokriging,48,2
5873,7,0.006877777463975364,5.0078294930211324,cokriging,48,2
5873,8,0.15187469965855435,0.8884922874236455,cokriging,48,2
5873,9,0.15113548169476293,0.35642650941851783,cokriging,48,2
5873,10,0.07397275895569269,0.6033230122268155,cokriging,48,2
6148,1,0.000505448407919583,1.0679440245649456,cokriging,48,2
6148,2,0.0013937999369328224,1.0518504647041615,cokriging,48,2
6148,3,0.00119622623824811,2.71373953196754,cokriging,48,2
6148,4,0.0010069594415718507,1.1354468161067883,cokriging,48,2
6148,5,0.04854712622808834,0.20274828771169015,cokriging,48,2
6148,6,0.03357748619368656,3.942295126006653,cokriging,48,2
6148,7,0.0030843964342063624,0.8332015881171565,cokriging,48,2
6148,8,0.0038191316748779113,3.1404397752969775,cokriging,48,2
6148,10,0.0029318224024873604,1.1531635825952868,cokriging,48,2
7862,1,0.0136425795154075,0.6242488349548475,cokriging,48,2
7862,2,0.014180678586088137,5.172024953483992,cokriging,48,2
7862,3,0.01323512470224137,0.3678339281142546,cokriging,48,2
7862,4,0.01577744565609878,1.7560191544421855,cokriging,48,2
7862,5,0.033773868140565856,10.389393971692101,cokriging,48,2
7862,6,0.013462486325626286,0.9072645183227901,cokriging,48,2
7862,7,0.02099766337426771,1.3675165179043187,cokriging,48,2
7862,8,0.03888101553908872,1.092679423753143,cokriging,48,2
7862,9,0.04409778547766947,14.35450283643415,cokriging,48,2
7862,10,0.057918771429916985,3.1481936459737834,cokriging,48,2
8539,1,0.0016631753911292265,2.002620451866389,cokriging,48,2
8539,2,0.0025548781287395056,3.2070579733749143,cokriging,48,2
8539,3,0.0023399265874141533,1.5866232027793687,cokriging,48,2
8539,4,0.0028976012083965887,2.35650696591384,cokriging,48,2
8539,5,0.011673943150580563,3.4903104146844486,cokriging,48,2
8539,8,0.025088429178882262,0.430642879832135,cokriging,48,2
8539,9,0.023310029874828338,2.5593541673097597,cokriging,48,2
8539,10,0.013814860692114824,1.4604075286006089,cokriging,48,2
9311,1,0.0038565913509318395,2.0707786209660166,cokriging,48,2
9311,2,0.0017484567318391423,2.7407908318807297,cokriging,48,2
9311,3,0.0012931671687304975,2.214870092565988,cokriging,48,2
9311,6,0.016439567469825365,1.8435944129742894,cokriging,48,2
9311,7,0.006860460815396205,1.5520574193956411,cokriging,48,2
9311,8,0.0198680615380226,0.6615152006818068,cokriging,48,2
9311,9,0.021868966992229854,1.7533054976947595,cokriging,48,2
9311,10,0.05039271231753261,3.5812943751087127,cokriging,48,2
9779,1,0.001280957154248996,3.2816914513393782,cokriging,48,2
9779,2,0.0014400710649854188,3.583787856347704,cokriging,48,2
9779,3,0.000842268839225818,3.398949800121479,cokriging,48,2
9779,4,0.0021200078781376005,3.5201189794392915,cokriging,48,2
9779,5,0.006830120332148386,3.1912973026044074,cokriging,48,2
9779,6,0.007094276699789923,4.304575470119205,cokriging,48,2
9779,7,0.0049004238208776325,2.256952108111547,cokriging,48,2
9779,8,0.007588831796434672,4.3712065851684265,cokriging,48,2
9779,9,0.005778130660860057,3.690204636672161,cokriging,48,2
9779,10,0.01129174272818678,4.377135407445036,cokriging,48,2
422,1,0.00689989431953434,2.832765090767974,neural_inr,48,2
422,2,0.008212996166651275,1.5319752469084338,neural_inr,48,2
422,3,0.005448563826222705,3.089817030893859,neural_inr,48,2
422,4,0.007517777972112408,1.5643647771101052,neural_inr,48,2
422,5,0.017803515529022734,0.4386586152007325,neural_inr,48,2
422,8,0.03335876339136485,2.063510167265452,neural_inr,48,2
422,9,0.03134804059227421,3.5896507467305327,neural_inr,48,2
422,10,0.01105938302910313,0.09168633871640808,neural_inr,48,2
1190,1,0.004883672623720755,1.0486638393948742,neural_inr,48,2
1190,2,0.006785699120532104,2.1268471103783884,neural_inr,48,2
1190,3,0.005514775469969943,1.6714093086690334,neural_inr,48,2
1190,4,0.007260809010603867,0.3541476130149803,neural_inr,48,2
1190,5,0.013347166231710936,3.800757226444601,neural_inr,48,2
1190,6,0.010184802872430869,0.8538023404705158,neural_inr,48,2
1190,7,0.008849374515881426,1.7686147278211173,neural_inr,48,2
1190,8,0.008720475162282967,0.5503461675910075,neural_inr,48,2
1190,9,0.011762553869644619,5.712967860706117,neural_inr,48,2
1190,10,0.010502756143664473,0.647002855229796,neural_inr,48,2
1826,1,0.0072135559802507,4.1633180280061985,neural_inr,48,2
1826,2,0.00976631529246937,5.896646983806241,neural_inr,48,2
1826,3,0.006790116430164239,2.993996760349952,neural_inr,48,2
1826,4,0.011348276723105713,4.8617926709481205,neural_inr,48,2
1826,5,0.018034736264876467,6.647953443255735,neural_inr,48,2
1826,6,0.014790757398759605,3.692820760050318,neural_inr,48,2
1826,7,0.019351717237661627,5.851096054242393,neural_inr,48,2
1826,8,0.016208871815271208,3.696825691798998,neural_inr,48,2
1826,9,0.026191781499462923,8.36784170807305,neural_inr,48,2
2209,1,0.0050605456657547,0.10502880324649354,neural_inr,48,2
2209,2,0.007017027536236469,0.5048397152926012,neural_inr,48,2
2209,3,0.005140179008530081,0.7272257963444477,neural_inr,48,2
2209,4,0.00753377182363417,1.7290505489902643,neural_inr,48,2
2209,5,0.013284083874768432,1.7355115975610336,neural_inr,48,2
2209,6,0.009990173693204598,2.5035814296620766,neural_inr,48,2
2209,7,0.13677134797173643,0.7926696002765243,neural_inr,48,2
2209,8,0.00928456772748099,2.280122516847851,neural_inr,48,2
2209,10,0.011599360716790633,3.3451912985578542,neural_inr,48,2
2802,1,0.006334658902371814,1.0197778016118875,neural_inr,48,2
2802,2,0.013308442235262384,2.0181239767934973,neural_inr,48,2
2802,3,0.008697265564891084,0.906291151875958,neural_inr,48,2
2802,4,0.017008722712686757,0.2787415860791684,neural_inr,48,2
2802,5,0.027858422263105618,5.443424659686154,neural_inr,48,2
2802,6,0.021654670411598773,1.868497345576474,neural_inr,48,2
2802,7,0.029447923147146907,3.6956850616637413,neural_inr,48,2
2802,8,0.02947624964829469,0.2659219468924943,neural_inr,48,2
2802,9,0.04304094871097842,8.315877768770964,neural_inr,48,2
3377,1,0.007690678358397206,3.3822433240884884,neural_inr,48,2
3377,2,0.02135517536687892,5.371442183965679,neural_inr,48,2
3377,3,0.019254475568503706,2.129701215977595,neural_inr,48,2
3377,4,0.028943245743781446,3.914315842210773,neural_inr,48,2
3377,5,0.034303609974472474,7.925276687061095,neural_inr,48,2
3377,6,0.030263752282438352,2.7526563186891133,neural_inr,48,2
3377,7,0.04257123384870064,6.121169293481831,neural_inr,48,2
3377,8,0.03748752722446658,2.42819766574123,neural_inr,48,2
3377,9,0.0547116628235827,12.520735819230765,neural_inr,48,2
3377,10,0.04790424922930957,5.289414648152825,neural_inr,48,2
3408,1,0.003090620757033386,1.381352988461683,neural_inr,48,2
3408,2,0.004267049532405477,2.991146833934277,neural_inr,48,2
3408,3,0.0029030863322956992,1.859840626033267,neural_inr,48,2
3408,4,0.00516261308340923,2.2647872258479276,neural_inr,48,2
3408,5,0.010241043217219628,6.4179640116821615,neural_inr,48,2
3408,6,0.005641999507038767,3.1399972967522967,neural_inr,48,2
3408,7,0.007847726985888471,3.8706985200072315,neural_inr,48,2
3408,8,0.006778313098141144,1.970804702474666,neural_inr,48,2
3408,9,0.01006170178975696,12.105660269633326,neural_inr,48,2
3408,10,0.1338482257032826,4.051628025178581,neural_inr,48,2
4082,1,0.003349366205366591,0.49532832125543913,neural_inr,48,2
4082,2,0.005049498225407508,0.17666111977772084,neural_inr,48,2
4082,3,0.0035888799669199284,0.5394801338288737,neural_inr,48,2
4082,4,0.005378887351379182,0.06420684544556422,neural_inr,48,2
4082,5,0.010337992153377072,0.7172587551015642,neural_inr,48,2
4082,6,0.006570555373821951,0.520551728827866,neural_inr,48,2
4082,7,0.007981791919394167,0.13693922229452227,neural_inr,48,2
4082,8,0.03328921856071081,0.11730036223562916,neural_inr,48,2
4082,9,0.035119283399032517,2.2721824645819884,neural_inr,48,2
4082,10,0.008987777957454339,1.1286654034022687,neural_inr,48,2
4352,1,0.011884373211003763,1.6706977045815679,neural_inr,48,2
4352,2,0.025435009255538033,5.115759843753348,neural_inr,48,2
4352,3,0.028359008680141233,4.655178166117486,neural_inr,48,2
4352,4,0.04100457925898778,5.426339382038277,neural_inr,48,2
4352,5,0.03581645177578246,9.223021443938514,neural_inr,48,2
4352,6,0.04013053187692561,7.452677330750411,neural_inr,48,2
4352,7,0.05821246055077186,9.017975135172085,neural_inr,48,2
4352,8,0.054945601997972694,8.485868801364855,neural_inr,48,2
4352,9,0.0708298862667338,13.40595541083841,neural_inr,48,2
4352,10,0.06798120338248109,9.701424408594551,neural_inr,48,2
4470,1,0.007147439850162456,2.5114132819475645,neural_inr,48,2
4470,2,0.006583005110367381,0.5435497365663255,neural_inr,48,2
4470,3,0.0057774544874730546,2.5318069728835186,neural_inr,48,2
4470,4,0.007971940596618952,2.0510707047627905,neural_inr,48,2
4470,5,0.029757866635275826,1.9463117925667077,neural_inr,48,2
4470,6,0.03171510205138897,3.5921020526219847,neural_inr,48,2
4470,7,0.012809273945214122,0.5498260698306603,neural_inr,48,2
4470,8,0.009423044347374537,2.4018355206345574,neural_inr,48,2
4470,9,0.015266358061822758,4.984538207222789,neural_inr,48,2
4470,10,0.016256740391354926,1.5287473382756835,neural_inr,48,2
5873,1,0.01104477243452348,0.5751049327938931,neural_inr,48,2
5873,2,0.022481408665863373,3.9511262486724235,neural_inr,48,2
5873,3,0.01644319453747203,0.8529808680130436,neural_inr,48,2
5873,4,0.030800064794441737,1.8385790694475572,neural_inr,48,2
5873,5,0.04501690814802915,8.955361770458342,neural_inr,48,2
5873,6,0.03429050904392981,2.0022518055188985,neural_inr,48,2
5873,7,0.04936506477843303,7.015630918822041,neural_inr,48,2
5873,8,0.15777775535273753,0.9213000313073136,neural_inr,48,2
5873,9,0.16693937870971284,13.557872527071583,neural_inr,48,2
5873,10,0.05613851287116247,4.104675642161562,neural_inr,48,2
6148,1,0.004361106990798758,2.6777409808479615,neural_inr,48,2
6148,2,0.006278742435847734,1.906019794460179,neural_inr,48,2
6148,3,0.004967783872414512,4.233426656138327,neural_inr,48,2
6148,4,0.006780965560970124,1.3871902880961742,neural_inr,48,2
6148,5,0.010486311042751164,2.565933379492636,neural_inr,48,2
6148,6,0.008195692759036345,3.7127092875372574,neural_inr,48,2
6148,7,0.008513017344091784,1.546675356686107,neural_inr,48,2
6148,8,0.008210616554266716,2.4561998067358477,neural_inr,48,2
6148,10,0.008791983348653297,0.23383431128415408,neural_inr,48,2
7862,1,0.029200322690757993,1.2642352335247447,neural_inr,48,2
7862,2,0.059991272357961485,7.262308502137173,neural_inr,48,2
7862,3,0.0403450551991319,1.136916738655868,neural_inr,48,2
7862,4,0.0620556018017032,2.904751014926801,neural_inr,48,2
7862,5,0.08450016683262446,11.339484590907078,neural_inr,48,2
7862,6,0.03337261356437032,2.825726082566366,neural_inr,48,2
7862,7,0.08744934176235787,7.342114409591442,neural_inr,48,2
7862,8,0.05170697349389631,0.8573264895144264,neural_inr,48,2
7862,9,0.10845941776366448,12.89086466338031,neural_inr,48,2
7862,10,0.08429245519654513,3.510343803805416,neural_inr,48,2
8539,1,0.006150809262444687,0.04341867776392007,neural_inr,48,2
8539,2,0.007336724263978631,1.2042169557671325,neural_inr,48,2
8539,3,0.004996204795169118,0.3556467961378855,neural_inr,48,2
8539,4,0.006827001430865454,1.151023230297435,neural_inr,48,2
8539,5,0.016353776449338157,2.842130926537043,neural_inr,48,2
8539,8,0.027286801127007477,0.7498519718034448,neural_inr,48,2
8539,9,0.02651107355031125,5.674206998872435,neural_inr,48,2
8539,10,0.010645683008857893,2.8769257828214374,neural_inr,48,2
9311,1,0.013205131092420207,2.3949087283299257,neural_inr,48,2
9311,2,0.03136538453413313,5.45384980852922,neural_inr,48,2
9311,3,0.022374840721951377,0.6802489208442959,neural_inr,48,2
9311,6,0.02902636573691262,1.2657280334127083,neural_inr,48,2
9311,7,0.05272024777491636,4.913039569749227,neural_inr,48,2
9311,8,0.03275708959903119,1.6240447511914389,neural_inr,48,2
9311,9,0.06421333256400996,3.755263838455174,neural_inr,48,2
9311,10,0.06298363234854634,2.2566662350276205,neural_inr,48,2
9779,1,0.003635422932349949,2.856318512254351,neural_inr,48,2
9779,2,0.007648263295030892,2.5949720061936565,neural_inr,48,2
9779,3,0.004721685938010323,2.658265666659606,neural_inr,48,2
9779,4,0.009884619504389881,3.30053193322651,neural_inr,48,2
9779,5,0.019873803142249197,3.4674267554366156,neural_inr,48,2
9779,6,0.012397703757694372,3.456945788891641,neural_inr,48,2
9779,7,0.018135637587187985,2.8945133877265024,neural_inr,48,2
9779,8,0.011831399586791084,3.322102850478112,neural_inr,48,2
9779,9,0.0224955457876005,5.614080332246907,neural_inr,48,2
9779,10,0.01913854571748796,4.626223098762517,neural_inr,48,2
422,1,0.0005257789833516431,1.4101812413803543,original_fixed_rbf,48,2
422,2,0.0017150237693077284,1.4959916863283185,original_fixed_rbf,48,2
422,3,0.001190599418299116,1.3758664114917138,original_fixed_rbf,48,2
422,4,0.0016924355717201681,1.390770112838559,original_fixed_rbf,48,2
422,5,0.01389163669831633,1.3851543998295222,original_fixed_rbf,48,2
422,8,0.025556835627516126,0.08661607570907065,original_fixed_rbf,48,2
422,9,0.02755976406000746,1.6070785961904097,original_fixed_rbf,48,2
422,10,0.011630150775141448,0.8003045900836361,original_fixed_rbf,48,2
1190,1,0.001654206614347649,0.42840983595992604,original_fixed_rbf,48,2
1190,2,0.0018882072738836077,0.8123868987278665,original_fixed_rbf,48,2
1190,3,0.0017309927276533041,0.06247349875044941,original_fixed_rbf,48,2
1190,4,0.0016754940391860514,0.47044409687111227,original_fixed_rbf,48,2
1190,5,0.003031898494718605,0.007380402891212782,original_fixed_rbf,48,2
1190,6,0.018093541566213102,0.35822776380797583,original_fixed_rbf,48,2
1190,7,0.0027253576775268023,0.9064831007731505,original_fixed_rbf,48,2
1190,8,0.0070235000539346625,0.6728947872298677,original_fixed_rbf,48,2
1190,9,0.010262565185658698,1.2507744366610674,original_fixed_rbf,48,2
1190,10,0.011713039340432317,1.6470586902014912,original_fixed_rbf,48,2
1826,1,0.00180700050258383,0.3687529157421359,original_fixed_rbf,48,2
1826,2,0.003882420798060791,0.13361847435948696,original_fixed_rbf,48,2
1826,3,0.0035672295428879485,1.8251132718403964,original_fixed_rbf,48,2
1826,4,0.0033186763136603377,0.17581774254150198,original_fixed_rbf,48,2
1826,5,0.008923198453648013,0.2937149383019435,original_fixed_rbf,48,2
1826,6,0.015115123809620356,2.872940295606696,original_fixed_rbf,48,2
1826,7,0.0058713496072696015,3.269181070088272,original_fixed_rbf,48,2
1826,8,0.006160904334460303,2.4580722236091064,original_fixed_rbf,48,2
1826,9,0.0044382333055402266,2.9842539498748524,original_fixed_rbf,48,2
2209,1,0.0012572631540205797,1.5346028564815333,original_fixed_rbf,48,2
2209,2,0.003035451402066516,0.7521987237920255,original_fixed_rbf,48,2
2209,3,0.002386453128428846,0.6105278523195955,original_fixed_rbf,48,2
2209,4,0.0031682487957747974,1.7208303017141067,original_fixed_rbf,48,2
2209,5,0.04201114326800139,0.4705671166586393,original_fixed_rbf,48,2
2209,6,0.05066341736263265,2.917852369854844,original_fixed_rbf,48,2
2209,7,0.1382964050118626,0.09577622623432641,original_fixed_rbf,48,2
2209,8,0.009887873458823962,1.727641579718078,original_fixed_rbf,48,2
2209,10,0.011981666667958319,1.795465484286913,original_fixed_rbf,48,2
2802,1,0.0023632329972134874,0.2946261197718505,original_fixed_rbf,48,2
2802,2,0.002845088963885509,3.8072094437726745,original_fixed_rbf,48,2
2802,3,0.0016423060057905996,0.6587670475894044,original_fixed_rbf,48,2
2802,4,0.008271160561283726,1.3447443754745085,original_fixed_rbf,48,2
2802,5,0.005760002725170272,6.912617979043647,original_fixed_rbf,48,2
2802,6,0.00979962641738298,0.6280197139389054,original_fixed_rbf,48,2
2802,7,0.004317545707419639,6.122193399210177,original_fixed_rbf,48,2
2802,8,0.016549916910369625,0.032696475749555476,original_fixed_rbf,48,2
2802,9,0.011623196950712298,6.762180646945647,original_fixed_rbf,48,2
3377,1,0.002359115985245517,0.06334841991553651,original_fixed_rbf,48,2
3377,2,0.005356345653298471,0.2688337922276201,original_fixed_rbf,48,2
3377,3,0.0029308530883568463,0.2995641777552589,original_fixed_rbf,48,2
3377,4,0.0013521181508777762,0.2851373418884197,original_fixed_rbf,48,2
3377,5,0.00824555451127859,0.12788725234991716,original_fixed_rbf,48,2
3377,6,0.02002664488038976,1.0037657716639448,original_fixed_rbf,48,2
3377,7,0.016721598877104612,1.2167738539041557,original_fixed_rbf,48,2
3377,8,0.014834298110680995,1.0725045503781405,original_fixed_rbf,48,2
3377,9,0.014178366486141472,0.9830857725889081,original_fixed_rbf,48,2
3377,10,0.02276515346847813,1.2257725764933782,original_fixed_rbf,48,2
3408,1,0.0005874972570156646,3.5239715618035303,original_fixed_rbf,48,2
3408,2,0.0011405051319722636,1.171951042580269,original_fixed_rbf,48,2
3408,3,0.0015592486918036452,0.903595371415853,original_fixed_rbf,48,2
3408,4,0.0021495123225806307,2.9206146038409595,original_fixed_rbf,48,2
3408,5,0.00687019797981385,0.7549127708173807,original_fixed_rbf,48,2
3408,6,0.008411991644522573,1.5526180184496585,original_fixed_rbf,48,2
3408,7,0.00669394251471148,1.7892731996598814,original_fixed_rbf,48,2
3408,8,0.011722597152599849,0.6377768114378926,original_fixed_rbf,48,2
3408,9,0.022676062677384385,0.33675028966534065,original_fixed_rbf,48,2
3408,10,0.13207441739082895,1.1826861383587204,original_fixed_rbf,48,2
4082,1,0.0010376245792369516,0.6344707748977911,original_fixed_rbf,48,2
4082,2,0.002484514399302182,0.7182065273282537,original_fixed_rbf,48,2
4082,3,0.0013997890846893385,0.06177887542132843,original_fixed_rbf,48,2
4082,4,0.002528491208505295,0.7207056705818395,original_fixed_rbf,48,2
4082,5,0.005644502368520113,0.18167663937471118,original_fixed_rbf,48,2
4082,6,0.020295584510656,1.542765828918395,original_fixed_rbf,48,2
4082,7,0.005795681167228663,0.46422139293365483,original_fixed_rbf,48,2
4082,8,0.014291136735144627,0.600285185095661,original_fixed_rbf,48,2
4082,9,0.030842172681102977,1.5913784647207485,original_fixed_rbf,48,2
4082,10,0.0073457508106060535,0.6413642274406147,original_fixed_rbf,48,2
4352,1,0.0056055260893550915,0.9874214424153627,original_fixed_rbf,48,2
4352,2,0.01317359638520044,0.7329557637665873,original_fixed_rbf,48,2
4352,3,0.015167908300018388,3.21125839319161,original_fixed_rbf,48,2
4352,4,0.01398824271297026,3.190753654981642,original_fixed_rbf,48,2
4352,5,0.022070259172530804,2.524441984433455,original_fixed_rbf,48,2
4352,6,0.026160396886473848,5.7260898471172705,original_fixed_rbf,48,2
4352,7,0.0229509501461807,3.875570508470999,original_fixed_rbf,48,2
4352,8,0.034870011760366505,8.38233039342531,original_fixed_rbf,48,2
4352,9,0.03731538726603588,6.49448429432693,original_fixed_rbf,48,2
4352,10,0.03444220404958513,4.760832423606678,original_fixed_rbf,48,2
4470,1,0.0013453001142159071,0.51090510930702,original_fixed_rbf,48,2
4470,2,0.004363913495191302,6.514036564097657,original_fixed_rbf,48,2
4470,3,0.005232171836483275,1.239804921766923,original_fixed_rbf,48,2
4470,4,0.010474489922152837,1.7755730951155422,original_fixed_rbf,48,2
4470,5,0.01791423442335255,13.91598068944981,original_fixed_rbf,48,2
4470,6,0.02404015263814897,1.8423592505151651,original_fixed_rbf,48,2
4470,7,0.013208037098102593,11.980438589384805,original_fixed_rbf,48,2
4470,8,0.007933761972021381,0.6797098659800919,original_fixed_rbf,48,2
4470,9,0.015146012945375879,5.741702972654245,original_fixed_rbf,48,2
4470,10,0.016442092348523646,4.516284096134492,original_fixed_rbf,48,2
5873,1,0.007034143298198556,1.5012558874380975,original_fixed_rbf,48,2
5873,2,0.0031112040309532883,5.436776429212706,original_fixed_rbf,48,2
5873,3,0.005223305495305137,0.7186836386770107,original_fixed_rbf,48,2
5873,4,0.005545330640702813,0.938113106041365,original_fixed_rbf,48,2
5873,5,0.006253379515501221,6.992999684227797,original_fixed_rbf,48,2
5873,6,0.014434591186133579,0.9981752054052185,original_fixed_rbf,48,2
5873,7,0.011518401137737524,3.120695987064297,original_fixed_rbf,48,2
5873,8,0.15461516358452143,0.8270267233668318,original_fixed_rbf,48,2
5873,9,0.15425631277285304,1.9392917839104244,original_fixed_rbf,48,2
5873,10,0.03470516262016108,0.7035923176257363,original_fixed_rbf,48,2
6148,1,0.0006864035520351125,1.210331171442948,original_fixed_rbf,48,2
6148,2,0.0011651180704385833,1.3933233313425477,original_fixed_rbf,48,2
6148,3,0.0014348411720092986,1.4336944742356683,original_fixed_rbf,48,2
6148,4,0.0013691837543057374,1.2754248009177567,original_fixed_rbf,48,2
6148,5,0.047521416352077246,0.46383903403697013,original_fixed_rbf,48,2
6148,6,0.04420147048011316,2.6904659914865205,original_fixed_rbf,48,2
6148,7,0.002880491498643905,0.016641290802792367,original_fixed_rbf,48,2
6148,8,0.004533337980327197,2.394824735247598,original_fixed_rbf,48,2
6148,10,0.003767991829119659,1.1860729856221783,original_fixed_rbf,48,2
7862,1,0.013043991775295945,0.8032758135495652,original_fixed_rbf,48,2
7862,2,0.0225619653244114,4.009972247303494,original_fixed_rbf,48,2
7862,3,0.019185682649264384,0.032151560967740606,original_fixed_rbf,48,2
7862,4,0.02553305921225516,1.2608861643411493,original_fixed_rbf,48,2
7862,5,0.03753041654871256,7.236858482331432,original_fixed_rbf,48,2
7862,6,0.012264077896735373,0.20825790210487494,original_fixed_rbf,48,2
7862,7,0.03468284950217066,3.391032549699931,original_fixed_rbf,48,2
7862,8,0.036317826028932576,1.1228443774685632,original_fixed_rbf,48,2
7862,9,0.04843314894650664,15.17004701943165,original_fixed_rbf,48,2
7862,10,0.05461000528630412,3.922482871314906,original_fixed_rbf,48,2
8539,1,0.0020807720724297777,1.8016778002804017,original_fixed_rbf,48,2
8539,2,0.0048995934282150995,1.4028524499785926,original_fixed_rbf,48,2
8539,3,0.004188684459062287,0.8141454033367392,original_fixed_rbf,48,2
8539,4,0.005055876933120998,1.709445530456707,original_fixed_rbf,48,2
8539,5,0.011145362098751131,0.304686282262023,original_fixed_rbf,48,2
8539,8,0.023420446444869972,0.9721869110497688,original_fixed_rbf,48,2
8539,9,0.021782204880583907,2.4870682599118137,original_fixed_rbf,48,2
8539,10,0.01669705907697795,1.6730804150665342,original_fixed_rbf,48,2
9311,1,0.005025389207169817,1.6874136237963553,original_fixed_rbf,48,2
9311,2,0.0044661431409450504,2.3647672247187597,original_fixed_rbf,48,2
9311,3,0.00345083355079975,0.7244924381140888,original_fixed_rbf,48,2
9311,6,0.016690554276596044,0.5423163125533689,original_fixed_rbf,48,2
9311,7,0.005565882685492868,0.37479110260682963,original_fixed_rbf,48,2
9311,8,0.017973761496113475,0.8066659837240605,original_fixed_rbf,48,2
9311,9,0.022129013388193293,1.0835709361811459,original_fixed_rbf,48,2
9311,10,0.036302943479895114,2.863803026062379,original_fixed_rbf,48,2
9779,1,0.0025133246961885607,2.733416368342288,original_fixed_rbf,48,2
9779,2,0.001904724074515991,1.9465578817381581,original_fixed_rbf,48,2
9779,3,0.0016563255960916864,4.325652498028065,original_fixed_rbf,48,2
9779,4,0.0030333550531642943,2.9993210211964665,original_fixed_rbf,48,2
9779,5,0.006210137823716963,0.05014979026986957,original_fixed_rbf,48,2
9779,6,0.010511075325532184,4.798616197467883,original_fixed_rbf,48,2
9779,7,0.00466713875854133,0.2529380986967088,original_fixed_rbf,48,2
9779,8,0.01042561109809489,4.369241969291018,original_fixed_rbf,48,2
9779,9,0.006475773284471173,3.3568205579019437,original_fixed_rbf,48,2
9779,10,0.008112406455129248,4.767460154093174,original_fixed_rbf,48,2
